round,class_id,donor,donor_class_count,baseline_la,injected_la,gain,positive,source_weight,selected
30,80,0,0,2.930523978339301,2.9384840859307184,-0.007960107591417298,False,0.0,False
30,82,0,0,0.542233545333147,0.5388521254062653,0.00338141992688179,True,0.0,False
30,84,0,0,4.786361515522003,4.782223343849182,0.004138171672821045,True,0.23561012525918912,True
30,85,0,0,1.3328005384121622,1.3335843469415392,-0.0007838085293769836,False,0.0,False
30,86,0,0,1.8033391498029232,1.8068605900209929,-0.0035214402180696602,False,0.0,False
30,87,0,0,2.840145497272412,2.8410605527460575,-0.0009150554736456762,False,0.0,False
30,88,0,0,1.653588096300761,1.650767703851064,0.0028203924496970068,True,0.0,False
30,89,0,0,2.916143274307251,2.9154698133468626,0.00067346096038845,True,0.0,False
30,90,0,0,0.28701086938381193,0.28659258633852003,0.00041828304529190063,True,0.0,False
30,91,0,0,2.7356017589569093,2.735805320739746,-0.0002035617828366476,False,0.0,False
30,92,0,0,2.3643285751342775,2.362266683578491,0.0020618915557863993,True,0.0,False
30,93,0,0,6.405880355834961,6.412376117706299,-0.006495761871337713,False,0.0,False
30,94,0,0,2.0026065826416017,2.003086918592453,-0.000480335950851174,False,0.0,False
30,95,0,0,2.105068397521973,2.1031773567199705,0.0018910408020023084,True,0.1559116534702735,True
30,96,0,0,1.9619434177875519,1.9640598930418491,-0.0021164752542972565,False,0.0,False
30,97,0,0,4.080716013908386,4.0925222635269165,-0.011806249618530273,False,0.0,False
30,98,0,0,3.6012109518051147,3.605782389640808,-0.004571437835693359,False,0.0,False
30,99,0,0,2.7509331703186035,2.7533122301101685,-0.0023790597915649414,False,0.0,False
30,80,1,0,2.930523978339301,2.932686699761285,-0.0021627214219837043,False,0.0,False
30,81,1,0,2.6560114754570856,2.6534753375583224,0.002536137898763169,True,0.0,False
30,82,1,0,0.542233545333147,0.5469882935285568,-0.004754748195409775,False,0.0,False
30,83,1,0,1.9452499151229858,1.9472509026527405,-0.0020009875297546387,False,0.0,False
30,84,1,0,4.786361515522003,4.789510205388069,-0.003148689866065979,False,0.0,False
30,85,1,0,1.3328005384121622,1.3315097902502333,0.0012907481619288674,True,0.0,False
30,87,1,0,2.840145497272412,2.8411624481280646,-0.0010169508556527873,False,0.0,False
30,88,1,0,1.653588096300761,1.6541738907496135,-0.0005857944488525391,False,0.0,False
30,89,1,0,2.916143274307251,2.913572669029236,0.0025706052780152255,True,0.3782114243219285,True
30,90,1,0,0.28701086938381193,0.28864903599023817,-0.001638166606426239,False,0.0,False
30,91,1,0,2.7356017589569093,2.734592151641846,0.0010096073150633877,True,0.0,False
30,92,1,0,2.3643285751342775,2.369016981124878,-0.004688405990600497,False,0.0,False
30,93,1,0,6.405880355834961,6.397855377197265,0.008024978637696023,True,0.3517613567484308,True
30,94,1,0,2.0026065826416017,2.003662109375,-0.0010555267333982599,False,0.0,False
30,95,1,0,2.105068397521973,2.10011739730835,0.004951000213623047,True,0.40819776538946634,True
30,96,1,0,1.9619434177875519,1.9609688445925713,0.0009745731949806213,True,0.0,False
30,97,1,0,4.080716013908386,4.083265483379364,-0.002549469470977783,False,0.0,False
30,98,1,0,3.6012109518051147,3.598806858062744,0.0024040937423706055,True,0.0,False
30,99,1,0,2.7509331703186035,2.7431437969207764,0.0077893733978271484,True,0.0,False
30,80,2,0,2.930523978339301,2.9306803809271917,-0.000156402587890625,False,0.0,False
30,81,2,0,2.6560114754570856,2.661035325792101,-0.00502385033501529,False,0.0,False
30,83,2,0,1.9452499151229858,1.9483574032783508,-0.0031074881553649902,False,0.0,False
30,84,2,0,4.786361515522003,4.782858029007912,0.0035034865140914917,True,0.0,False
30,85,2,0,1.3328005384121622,1.3324965664318629,0.00030397198029930017,True,0.0,False
30,86,2,0,1.8033391498029232,1.8042933716704803,-0.0009542218675571146,False,0.0,False
30,87,2,0,2.840145497272412,2.8394468824068704,0.0006986148655414581,True,0.0,False
30,88,2,0,1.653588096300761,1.656853457291921,-0.003265360991159927,False,0.0,False
30,89,2,0,2.916143274307251,2.927838110923767,-0.011694836616515936,False,0.0,False
30,90,2,0,0.28701086938381193,0.28642788529396057,0.0005829840898513572,True,0.0,False
30,92,2,0,2.3643285751342775,2.3701711654663087,-0.005842590332031161,False,0.0,False
30,93,2,0,6.405880355834961,6.400619983673096,0.00526037216186559,True,0.0,False
30,94,2,0,2.0026065826416017,2.006689119338989,-0.00408253669738734,False,0.0,False
30,96,2,0,1.9619434177875519,1.9640077576041222,-0.002064339816570282,False,0.0,False
30,97,2,0,4.080716013908386,4.0813484489917755,-0.0006324350833892822,False,0.0,False
30,98,2,0,3.6012109518051147,3.599195718765259,0.002015233039855957,True,0.0,False
30,99,2,0,2.7509331703186035,2.755420207977295,-0.004487037658691406,False,0.0,False
30,80,3,0,2.930523978339301,2.9327272839016385,-0.0022033055623373876,False,0.0,False
30,81,3,0,2.6560114754570856,2.657443788316515,-0.0014323128594293522,False,0.0,False
30,82,3,0,0.542233545333147,0.5465077310800552,-0.004274185746908188,False,0.0,False
30,83,3,0,1.9452499151229858,1.9471551179885864,-0.001905202865600586,False,0.0,False
30,84,3,0,4.786361515522003,4.783439725637436,0.0029217898845672607,True,0.0,False
30,85,3,0,1.3328005384121622,1.3341632283159666,-0.0013626899038043927,False,0.0,False
30,86,3,0,1.8033391498029232,1.8044325594258095,-0.0010934096228862877,False,0.0,False
30,87,3,0,2.840145497272412,2.838802137722572,0.0013433595498399953,True,0.0,False
30,88,3,0,1.653588096300761,1.6467317342758179,0.006856362024943108,True,0.0,False
30,89,3,0,2.916143274307251,2.921819472312927,-0.005676198005676092,False,0.0,False
30,91,3,0,2.7356017589569093,2.7347161293029787,0.0008856296539305752,True,0.0,False
30,92,3,0,2.3643285751342775,2.3682616710662843,-0.003933095932006747,False,0.0,False
30,93,3,0,6.405880355834961,6.400963497161865,0.004916858673095881,True,0.0,False
30,95,3,0,2.105068397521973,2.104798603057861,0.0002697944641116834,True,0.0,False
30,96,3,0,1.9619434177875519,1.9681022819131613,-0.006158864125609398,False,0.0,False
30,97,3,0,4.080716013908386,4.086701512336731,-0.0059854984283447266,False,0.0,False
30,98,3,0,3.6012109518051147,3.597924828529358,0.003286123275756836,True,0.0,False
30,99,3,0,2.7509331703186035,2.75062894821167,0.00030422210693359375,True,0.0,False
30,80,4,0,2.930523978339301,2.9314086172315807,-0.0008846388922796322,False,0.0,False
30,81,4,0,2.6560114754570856,2.65663210550944,-0.000620630052354354,False,0.0,False
30,82,4,0,0.542233545333147,0.5410357341170311,0.0011978112161159515,True,0.0,False
30,83,4,0,1.9452499151229858,1.9476765990257263,-0.0024266839027404785,False,0.0,False
30,84,4,0,4.786361515522003,4.784289568662643,0.002071946859359741,True,0.0,False
30,85,4,0,1.3328005384121622,1.3332876073462623,-0.00048706893410011,False,0.0,False
30,86,4,0,1.8033391498029232,1.804588481916913,-0.0012493321139896985,False,0.0,False
30,87,4,0,2.840145497272412,2.8413670721153417,-0.00122157484292984,False,0.0,False
30,88,4,0,1.653588096300761,1.6540546417236328,-0.00046654542287183354,False,0.0,False
30,89,4,0,2.916143274307251,2.9194400787353514,-0.0032968044281003195,False,0.0,False
30,90,4,0,0.28701086938381193,0.28709050863981245,-7.96392560005188e-05,False,0.0,False
30,91,4,0,2.7356017589569093,2.73066782951355,0.004933929443359464,True,0.3019255515644515,True
30,93,4,0,6.405880355834961,6.404643821716308,0.0012365341186528767,True,0.0,False
30,94,4,0,2.0026065826416017,2.001135063171387,0.0014715194702148438,True,0.0,False
30,95,4,0,2.105068397521973,2.1069779872894285,-0.0019095897674556994,False,0.0,False
30,96,4,0,1.9619434177875519,1.9649076852947474,-0.0029642675071954727,False,0.0,False
30,98,4,0,3.6012109518051147,3.5969493985176086,0.0042615532875061035,True,0.25375502207583867,True
30,99,4,0,2.7509331703186035,2.758175849914551,-0.007242679595947266,False,0.0,False
30,80,5,0,2.930523978339301,2.9370391103956432,-0.006515132056342132,False,0.0,False
30,81,5,0,2.6560114754570856,2.6534417470296225,0.0025697284274630583,True,0.0,False
30,82,5,0,0.542233545333147,0.5423852000385523,-0.0001516547054052353,False,0.0,False
30,83,5,0,1.9452499151229858,1.9424556493759155,0.0027942657470703125,True,0.3166947017138534,True
30,84,5,0,4.786361515522003,4.781787931919098,0.0045735836029052734,True,0.26040065293600617,True
30,85,5,0,1.3328005384121622,1.3310041661773409,0.0017963722348213196,True,0.3062407437447567,True
30,86,5,0,1.8033391498029232,1.812177297193557,-0.008838147390633821,False,0.0,False
30,87,5,0,2.840145497272412,2.8381351927916207,0.002010304480791092,True,0.0,False
30,88,5,0,1.653588096300761,1.654992898305257,-0.0014048020044961085,False,0.0,False
30,89,5,0,2.916143274307251,2.914887237548828,0.001256036758423118,True,0.0,False
30,90,5,0,0.28701086938381193,0.2864398375153542,0.0005710318684577498,True,0.0,False
30,91,5,0,2.7356017589569093,2.7439473152160643,-0.008345556259155007,False,0.0,False
30,92,5,0,2.3643285751342775,2.364488983154297,-0.0001604080200192648,False,0.0,False
30,93,5,0,6.405880355834961,6.410864448547363,-0.004984092712401633,False,0.0,False
30,94,5,0,2.0026065826416017,2.000700759887695,0.0019058227539066053,True,0.0,False
30,95,5,0,2.105068397521973,2.1033489227294924,0.0017194747924804688,True,0.0,False
30,96,5,0,1.9619434177875519,1.9633896946907043,-0.0014462769031524658,False,0.0,False
30,97,5,0,4.080716013908386,4.076453804969788,0.004262208938598633,True,0.0,False
30,98,5,0,3.6012109518051147,3.6041990518569946,-0.002988100051879883,False,0.0,False
30,99,5,0,2.7509331703186035,2.7604498863220215,-0.009516716003417969,False,0.0,False
30,80,6,0,2.930523978339301,2.932915210723877,-0.0023912323845758365,False,0.0,False
30,81,6,0,2.6560114754570856,2.6555853949652777,0.00042608049180792307,True,0.0,False
30,82,6,0,0.542233545333147,0.5458735842257738,-0.0036400388926267624,False,0.0,False
30,83,6,0,1.9452499151229858,1.9467385411262512,-0.0014886260032653809,False,0.0,False
30,85,6,0,1.3328005384121622,1.3333968328578132,-0.0005962944456510133,False,0.0,False
30,86,6,0,1.8033391498029232,1.8085017043298908,-0.0051625545269675666,False,0.0,False
30,87,6,0,2.840145497272412,2.842190866669019,-0.002045369396607377,False,0.0,False
30,88,6,0,1.653588096300761,1.6484864155451457,0.005101680755615234,True,0.0,False
30,89,6,0,2.916143274307251,2.9152800321578978,0.0008632421493532938,True,0.0,False
30,90,6,0,0.28701086938381193,0.28672234117984774,0.000288528203964189,True,0.0,False
30,91,6,0,2.7356017589569093,2.731209468841553,0.0043922901153563565,True,0.0,False
30,92,6,0,2.3643285751342775,2.367641830444336,-0.0033132553100583273,False,0.0,False
30,93,6,0,6.405880355834961,6.408007431030273,-0.002127075195311967,False,0.0,False
30,94,6,0,2.0026065826416017,2.0009450912475586,0.0016614913940431464,True,0.0,False
30,95,6,0,2.105068397521973,2.1039112329483034,0.0011571645736694336,True,0.0,False
30,96,6,0,1.9619434177875519,1.9701657965779305,-0.00822237879037857,False,0.0,False
30,97,6,0,4.080716013908386,4.094362854957581,-0.013646841049194336,False,0.0,False
30,98,6,0,3.6012109518051147,3.6045161485671997,-0.003305196762084961,False,0.0,False
30,99,6,0,2.7509331703186035,2.737924337387085,0.013008832931518555,True,0.40035954066845214,True
30,80,7,0,2.930523978339301,2.9394558800591364,-0.008931901719835267,False,0.0,False
30,81,7,0,2.6560114754570856,2.658270412021213,-0.002258936564127456,False,0.0,False
30,82,7,0,0.542233545333147,0.5406404696404934,0.001593075692653656,True,0.0,False
30,83,7,0,1.9452499151229858,1.9431788921356201,0.0020710229873657227,True,0.0,False
30,84,7,0,4.786361515522003,4.783071056008339,0.0032904595136642456,True,0.0,False
30,85,7,0,1.3328005384121622,1.335481664964131,-0.0026811265519688376,False,0.0,False
30,86,7,0,1.8033391498029232,1.8022147145654475,0.0011244352374757405,True,0.0,False
30,87,7,0,2.840145497272412,2.8426509040097394,-0.0025054067373275757,False,0.0,False
30,88,7,0,1.653588096300761,1.6552504301071167,-0.0016623338063557203,False,0.0,False
30,89,7,0,2.916143274307251,2.916475939750671,-0.0003326654434201437,False,0.0,False
30,90,7,0,0.28701086938381193,0.28703194856643677,-2.10791826248391e-05,False,0.0,False
30,91,7,0,2.7356017589569093,2.729617643356323,0.005984115600586204,True,0.3661903608621986,True
30,92,7,0,2.3643285751342775,2.365195941925049,-0.0008673667907714844,False,0.0,False
30,93,7,0,6.405880355834961,6.399941349029541,0.005939006805419922,True,0.2603263118732066,True
30,94,7,0,2.0026065826416017,2.0001195907592773,0.002486991882324485,True,0.0,False
30,95,7,0,2.105068397521973,2.1056540489196776,-0.0005856513977047229,False,0.0,False
30,96,7,0,1.9619434177875519,1.9596897345036268,0.0022536832839250565,True,0.0,False
30,97,7,0,4.080716013908386,4.080540359020233,0.00017565488815307617,True,0.0,False
30,98,7,0,3.6012109518051147,3.6017355918884277,-0.0005246400833129883,False,0.0,False
30,99,7,0,2.7509331703186035,2.7508726119995117,6.0558319091796875e-05,True,0.0,False
30,80,8,0,2.930523978339301,2.9316013124254017,-0.0010773340861005565,False,0.0,False
30,81,8,0,2.6560114754570856,2.6564517550998263,-0.0004402796427407374,False,0.0,False
30,82,8,0,0.542233545333147,0.5464393869042397,-0.004205841571092606,False,0.0,False
30,84,8,0,4.786361515522003,4.7906592935323715,-0.004297778010368347,False,0.0,False
30,85,8,0,1.3328005384121622,1.3332643934658595,-0.00046385505369728186,False,0.0,False
30,86,8,0,1.8033391498029232,1.803767385959093,-0.0004282361561698256,False,0.0,False
30,87,8,0,2.840145497272412,2.8420699536800385,-0.001924456407626618,False,0.0,False
30,88,8,0,1.653588096300761,1.657259186108907,-0.003671089808146011,False,0.0,False
30,89,8,0,2.916143274307251,2.915918207168579,0.000225067138671875,True,0.0,False
30,90,8,0,0.28701086938381193,0.2872875988483429,-0.0002767294645309448,False,0.0,False
30,91,8,0,2.7356017589569093,2.73392276763916,0.0016789913177492899,True,0.0,False
30,92,8,0,2.3643285751342775,2.3684792041778566,-0.0041506290435791016,False,0.0,False
30,93,8,0,6.405880355834961,6.404292297363281,0.0015880584716798651,True,0.0,False
30,94,8,0,2.0026065826416017,2.004231834411621,-0.0016252517700192648,False,0.0,False
30,95,8,0,2.105068397521973,2.1038887023925783,0.0011796951293945312,True,0.0,False
30,96,8,0,1.9619434177875519,1.9607246909290552,0.001218726858496666,True,0.0,False
30,97,8,0,4.080716013908386,4.084361910820007,-0.0036458969116210938,False,0.0,False
30,98,8,0,3.6012109518051147,3.6002719402313232,0.0009390115737915039,True,0.0,False
30,99,8,0,2.7509331703186035,2.7476532459259033,0.0032799243927001953,True,0.0,False
30,80,9,0,2.930523978339301,2.934477594163683,-0.0039536158243818065,False,0.0,False
30,81,9,0,2.6560114754570856,2.657161076863607,-0.0011496014065213167,False,0.0,False
30,82,9,0,0.542233545333147,0.5402078665792942,0.0020256787538528442,True,0.0,False
30,83,9,0,1.9452499151229858,1.9446974396705627,0.0005524754524230957,True,0.0,False
30,84,9,0,4.786361515522003,4.784160315990448,0.0022011995315551758,True,0.0,False
30,85,9,0,1.3328005384121622,1.333124577999115,-0.00032403958695281787,False,0.0,False
30,87,9,0,2.840145497272412,2.840534307062626,-0.0003888097902140508,False,0.0,False
30,88,9,0,1.653588096300761,1.6473458607991536,0.006242235501607407,True,0.0,False
30,90,9,0,0.28701086938381193,0.28615682274103166,0.0008540466427802706,True,0.0,False
30,91,9,0,2.7356017589569093,2.734531211853027,0.0010705471038821024,True,0.0,False
30,92,9,0,2.3643285751342775,2.363888740539551,0.00043983459472674014,True,0.0,False
30,93,9,0,6.405880355834961,6.405990791320801,-0.00011043548583966611,False,0.0,False
30,94,9,0,2.0026065826416017,2.0015705108642576,0.0010360717773441053,True,0.0,False
30,95,9,0,2.105068397521973,2.1049131393432616,0.00015525817871120395,True,0.0,False
30,96,9,0,1.9619434177875519,1.9631866682320833,-0.0012432504445314407,False,0.0,False
30,97,9,0,4.080716013908386,4.081263065338135,-0.0005470514297485352,False,0.0,False
30,98,9,0,3.6012109518051147,3.600876569747925,0.0003343820571899414,True,0.0,False
30,99,9,0,2.7509331703186035,2.7538912296295166,-0.002958059310913086,False,0.0,False
30,80,10,0,2.930523978339301,2.9272809558444552,0.003243022494845871,True,0.0,False
30,81,10,0,2.6560114754570856,2.6573579576280384,-0.0013464821709527897,False,0.0,False
30,82,10,0,0.542233545333147,0.5388217717409134,0.003411773592233658,True,0.31468544203456783,True
30,83,10,0,1.9452499151229858,1.9463130235671997,-0.0010631084442138672,False,0.0,False
30,84,10,0,4.786361515522003,4.786705195903778,-0.00034368038177490234,False,0.0,False
30,85,10,0,1.3328005384121622,1.334000798208373,-0.0012002597962108563,False,0.0,False
30,86,10,0,1.8033391498029232,1.7978810593485832,0.005458090454339981,True,0.3457138468550061,True
30,87,10,0,2.840145497272412,2.8389981475969157,0.0011473496754961232,True,0.0,False
30,88,10,0,1.653588096300761,1.6399400631586711,0.013648033142089844,True,0.2858150952816834,True
30,89,10,0,2.916143274307251,2.9229355812072755,-0.006792306900024414,False,0.0,False
30,90,10,0,0.28701086938381193,0.2871059164404869,-9.504705667495728e-05,False,0.0,False
30,91,10,0,2.7356017589569093,2.7378026962280275,-0.002200937271118253,False,0.0,False
30,92,10,0,2.3643285751342775,2.3616072654724123,0.0027213096618652344,True,0.0,False
30,93,10,0,6.405880355834961,6.400029182434082,0.0058511734008792615,True,0.0,False
30,94,10,0,2.0026065826416017,2.0073022842407227,-0.004695701599120916,False,0.0,False
30,95,10,0,2.105068397521973,2.1093130111694336,-0.00424461364746076,False,0.0,False
30,96,10,0,1.9619434177875519,1.961746932938695,0.00019648484885692596,True,0.0,False
30,97,10,0,4.080716013908386,4.0889517068862915,-0.008235692977905273,False,0.0,False
30,98,10,0,3.6012109518051147,3.5954732298851013,0.005737721920013428,True,0.34165377134825875,True
30,99,10,0,2.7509331703186035,2.7507405281066895,0.0001926422119140625,True,0.0,False
30,80,11,0,2.930523978339301,2.9276083840264215,0.002915594312879577,True,0.0,False
30,81,11,0,2.6560114754570856,2.653243170844184,0.002768304612901673,True,0.24205503567127104,True
30,82,11,0,0.542233545333147,0.547623373568058,-0.005389828234910965,False,0.0,False
30,83,11,0,1.9452499151229858,1.9459121823310852,-0.0006622672080993652,False,0.0,False
30,84,11,0,4.786361515522003,4.787755116820335,-0.0013936012983322144,False,0.0,False
30,85,11,0,1.3328005384121622,1.3320420820798193,0.0007584563323428384,True,0.0,False
30,86,11,0,1.8033391498029232,1.8058004723861814,-0.002461322583258152,False,0.0,False
30,87,11,0,2.840145497272412,2.8412251273790994,-0.0010796301066875458,False,0.0,False
30,88,11,0,1.653588096300761,1.66504967212677,-0.01146157582600904,False,0.0,False
30,89,11,0,2.916143274307251,2.9183706760406496,-0.0022274017333985263,False,0.0,False
30,90,11,0,0.28701086938381193,0.2884011626243591,-0.0013902932405471802,False,0.0,False
30,91,11,0,2.7356017589569093,2.7330995082855223,0.002502250671386985,True,0.0,False
30,92,11,0,2.3643285751342775,2.370312786102295,-0.005984210968017489,False,0.0,False
30,93,11,0,6.405880355834961,6.397030639648437,0.00884971618652397,True,0.3879123313783626,True
30,94,11,0,2.0026065826416017,2.0077272415161134,-0.00512065887451163,False,0.0,False
30,95,11,0,2.105068397521973,2.0997815132141113,0.005286884307861506,True,0.43589058114026014,True
30,96,11,0,1.9619434177875519,1.9607653934508562,0.001178024336695671,True,0.0,False
30,97,11,0,4.080716013908386,4.097463607788086,-0.016747593879699707,False,0.0,False
30,98,11,0,3.6012109518051147,3.6006047129631042,0.000606238842010498,True,0.0,False
30,99,11,0,2.7509331703186035,2.740262508392334,0.010670661926269531,True,0.32840004402538797,True
30,80,12,0,2.930523978339301,2.9303071763780384,0.00021680196126272477,True,0.0,False
30,81,12,0,2.6560114754570856,2.6526299582587347,0.003381517198350892,True,0.2956731214676173,True
30,82,12,0,0.542233545333147,0.5437004044651985,-0.001466859132051468,False,0.0,False
30,83,12,0,1.9452499151229858,1.9468541145324707,-0.0016041994094848633,False,0.0,False
30,84,12,0,4.786361515522003,4.787152707576752,-0.0007911920547485352,False,0.0,False
30,86,12,0,1.8033391498029232,1.8031900466552802,0.00014910314764304822,True,0.0,False
30,87,12,0,2.840145497272412,2.8410160653293133,-0.000870568056901444,False,0.0,False
30,88,12,0,1.653588096300761,1.6574797630310059,-0.0038916667302448804,False,0.0,False
30,89,12,0,2.916143274307251,2.9196249723434446,-0.003481698036193581,False,0.0,False
30,91,12,0,2.7356017589569093,2.733688735961914,0.0019130229949952948,True,0.0,False
30,92,12,0,2.3643285751342775,2.3668551445007324,-0.0025265693664549005,False,0.0,False
30,93,12,0,6.405880355834961,6.40540771484375,0.0004726409912114704,True,0.0,False
30,94,12,0,2.0026065826416017,2.0029766082763674,-0.000370025634765625,False,0.0,False
30,95,12,0,2.105068397521973,2.104059028625488,0.0010093688964847303,True,0.0,False
30,96,12,0,1.9619434177875519,1.9584894832223654,0.0034539345651865005,True,0.36539936406945106,True
30,97,12,0,4.080716013908386,4.082375884056091,-0.0016598701477050781,False,0.0,False
30,98,12,0,3.6012109518051147,3.5993154048919678,0.0018955469131469727,True,0.0,False
30,99,12,0,2.7509331703186035,2.753631114959717,-0.0026979446411132812,False,0.0,False
30,80,13,0,2.930523978339301,2.9358639187282987,-0.005339940388997544,False,0.0,False
30,81,13,0,2.6560114754570856,2.6550283432006836,0.0009831322564020084,True,0.0,False
30,82,13,0,0.542233545333147,0.5420548617839813,0.0001786835491657257,True,0.0,False
30,83,13,0,1.9452499151229858,1.9471075534820557,-0.0018576383590698242,False,0.0,False
30,84,13,0,4.786361515522003,4.7833419144153595,0.0030196011066436768,True,0.0,False
30,85,13,0,1.3328005384121622,1.3327425015824181,5.803682974403479e-05,True,0.0,False
30,86,13,0,1.8033391498029232,1.803270937342729,6.821246019428351e-05,True,0.0,False
30,88,13,0,1.653588096300761,1.6606286366780598,-0.007040540377298843,False,0.0,False
30,89,13,0,2.916143274307251,2.913896369934082,0.0022469043731692118,True,0.33058552806972963,True
30,90,13,0,0.28701086938381193,0.2869368180632591,7.405132055282593e-05,True,0.0,False
30,91,13,0,2.7356017589569093,2.7373135566711424,-0.001711797714233132,False,0.0,False
30,92,13,0,2.3643285751342775,2.3634978771209716,0.0008306980133059305,True,0.0,False
30,93,13,0,6.405880355834961,6.402089023590088,0.003791332244873047,True,0.0,False
30,94,13,0,2.0026065826416017,2.0031162917613985,-0.0005097091197967529,False,0.0,False
30,95,13,0,2.105068397521973,2.1037511467933654,0.0013172507286074442,True,0.0,False
30,96,13,0,1.9619434177875519,1.9636085610836744,-0.001665143296122551,False,0.0,False
30,97,13,0,4.080716013908386,4.076443612575531,0.004272401332855225,True,0.0,False
30,98,13,0,3.6012109518051147,3.600088953971863,0.0011219978332519531,True,0.0,False
30,99,13,0,2.7509331703186035,2.758148193359375,-0.007215023040771484,False,0.0,False
30,80,14,0,2.930523978339301,2.9252621862623425,0.005261792076958649,True,0.4057351096730516,True
30,81,14,0,2.6560114754570856,2.650724622938368,0.005286852518717744,True,0.46227184286111167,True
30,82,14,0,0.542233545333147,0.5413839742541313,0.0008495710790157318,True,0.0,False
30,83,14,0,1.9452499151229858,1.9463102221488953,-0.0010603070259094238,False,0.0,False
30,84,14,0,4.786361515522003,4.787814140319824,-0.001452624797821045,False,0.0,False
30,86,14,0,1.8033391498029232,1.8008855735617024,0.0024535762412207784,True,0.0,False
30,87,14,0,2.840145497272412,2.8417201104263463,-0.0015746131539344788,False,0.0,False
30,88,14,0,1.653588096300761,1.6364049911499023,0.017183105150858635,True,0.3598460514271453,True
30,89,14,0,2.916143274307251,2.9151217222213743,0.0010215520858767313,True,0.0,False
30,90,14,0,0.28701086938381193,0.2874875575304031,-0.0004766881465911865,False,0.0,False
30,91,14,0,2.7356017589569093,2.73414808511734,0.0014536738395691806,True,0.0,False
30,92,14,0,2.3643285751342775,2.362133502960205,0.0021950721740724433,True,0.0,False
30,93,14,0,6.405880355834961,6.411013793945313,-0.005133438110351385,False,0.0,False
30,94,14,0,2.0026065826416017,2.0023956298828125,0.00021095275878924014,True,0.0,False
30,95,14,0,2.105068397521973,2.103647804260254,0.0014205932617188388,True,0.0,False
30,97,14,0,4.080716013908386,4.08851021528244,-0.007794201374053955,False,0.0,False
30,98,14,0,3.6012109518051147,3.59977525472641,0.001435697078704834,True,0.0,False
30,99,14,0,2.7509331703186035,2.7432162761688232,0.0077168941497802734,True,0.0,False
30,80,15,0,2.930523978339301,2.9372852643330893,-0.006761285993788224,False,0.0,False
30,81,15,0,2.6560114754570856,2.658969243367513,-0.0029577679104275667,False,0.0,False
30,82,15,0,0.542233545333147,0.5419733747839928,0.0002601705491542816,True,0.0,False
30,83,15,0,1.9452499151229858,1.9489224553108215,-0.0036725401878356934,False,0.0,False
30,85,15,0,1.3328005384121622,1.3332772169794356,-0.0004766785672734031,False,0.0,False
30,86,15,0,1.8033391498029232,1.8034563341311045,-0.00011718432818130786,False,0.0,False
30,87,15,0,2.840145497272412,2.8412856298188367,-0.0011401325464248657,False,0.0,False
30,89,15,0,2.916143274307251,2.918005681037903,-0.0018624067306518555,False,0.0,False
30,90,15,0,0.28701086938381193,0.28691570162773133,9.516775608059413e-05,True,0.0,False
30,91,15,0,2.7356017589569093,2.734035301208496,0.0015664577484133524,True,0.0,False
30,92,15,0,2.3643285751342775,2.363181972503662,0.0011466026306155008,True,0.0,False
30,93,15,0,6.405880355834961,6.4050596237182615,0.0008207321166997517,True,0.0,False
30,94,15,0,2.0026065826416017,2.0026151657104494,-8.58306884765625e-06,False,0.0,False
30,95,15,0,2.105068397521973,2.1056838035583496,-0.0006154060363767755,False,0.0,False
30,96,15,0,1.9619434177875519,1.9603917710483074,0.001551646739244461,True,0.0,False
30,97,15,0,4.080716013908386,4.079558849334717,0.0011571645736694336,True,0.0,False
30,98,15,0,3.6012109518051147,3.5996410846710205,0.0015698671340942383,True,0.0,False
30,99,15,0,2.7509331703186035,2.756216049194336,-0.005282878875732422,False,0.0,False
30,80,16,0,2.930523978339301,2.9269138442145453,0.0036101341247558594,True,0.2783762915027393,True
30,81,16,0,2.6560114754570856,2.6600792143079968,-0.004067738850911162,False,0.0,False
30,82,16,0,0.542233545333147,0.5382941253483295,0.003939419984817505,True,0.36335298511719255,True
30,83,16,0,1.9452499151229858,1.9468752145767212,-0.0016252994537353516,False,0.0,False
30,84,16,0,4.786361515522003,4.77750962972641,0.008851885795593262,True,0.5039892218048048,True
30,85,16,0,1.3328005384121622,1.3315887727907725,0.0012117656213896932,True,0.0,False
30,86,16,0,1.8033391498029232,1.806673169867801,-0.0033340200648777074,False,0.0,False
30,87,16,0,2.840145497272412,2.838456836839517,0.0016886604328947286,True,0.0,False
30,88,16,0,1.653588096300761,1.6521546443303425,0.0014334519704184423,True,0.0,False
30,89,16,0,2.916143274307251,2.924922060966492,-0.008778786659240811,False,0.0,False
30,90,16,0,0.28701086938381193,0.2877916470170021,-0.0007807776331901772,False,0.0,False
30,91,16,0,2.7356017589569093,2.737829065322876,-0.002227306365966797,False,0.0,False
30,92,16,0,2.3643285751342775,2.3606698989868162,0.0036586761474612928,True,0.38338696460335975,True
30,94,16,0,2.0026065826416017,2.0052464962005616,-0.002639913558959872,False,0.0,False
30,95,16,0,2.105068397521973,2.104262351989746,0.0008060455322267401,True,0.0,False
30,96,16,0,1.9619434177875519,1.9589067175984383,0.003036700189113617,True,0.32125921815539155,True
30,97,16,0,4.080716013908386,4.075495719909668,0.005220293998718262,True,0.1546458923012542,True
30,98,16,0,3.6012109518051147,3.5972383618354797,0.00397258996963501,True,0.0,False
30,99,16,0,2.7509331703186035,2.7644102573394775,-0.013477087020874023,False,0.0,False
30,81,17,0,2.6560114754570856,2.658153851826986,-0.002142376369900223,False,0.0,False
30,82,17,0,0.542233545333147,0.5458031315356493,-0.0035695862025022507,False,0.0,False
30,83,17,0,1.9452499151229858,1.9453086853027344,-5.8770179748535156e-05,False,0.0,False
30,84,17,0,4.786361515522003,4.786222130060196,0.00013938546180725098,True,0.0,False
30,85,17,0,1.3328005384121622,1.3310496807098389,0.0017508577023233052,True,0.0,False
30,86,17,0,1.8033391498029232,1.8036527267125035,-0.00031357690958033757,False,0.0,False
30,87,17,0,2.840145497272412,2.8410566498835883,-0.000911152611176469,False,0.0,False
30,88,17,0,1.653588096300761,1.649264891942342,0.004323204358418931,True,0.0,False
30,89,17,0,2.916143274307251,2.9169390916824343,-0.0007958173751831943,False,0.0,False
30,90,17,0,0.28701086938381193,0.2867320030927658,0.0002788662910461204,True,0.0,False
30,91,17,0,2.7356017589569093,2.7301782608032226,0.005423498153686701,True,0.33188408757334986,True
30,92,17,0,2.3643285751342775,2.3660950660705566,-0.0017664909362791192,False,0.0,False
30,93,17,0,6.405880355834961,6.409800815582275,-0.00392045974731392,False,0.0,False
30,94,17,0,2.0026065826416017,2.001306343078613,0.0013002395629886365,True,0.0,False
30,95,17,0,2.105068397521973,2.1047413825988768,0.0003270149230960584,True,0.0,False
30,96,17,0,1.9619434177875519,1.9644951056689024,-0.0025516878813505173,False,0.0,False
30,97,17,0,4.080716013908386,4.080257058143616,0.0004589557647705078,True,0.0,False
30,98,17,0,3.6012109518051147,3.6013566851615906,-0.00014573335647583008,False,0.0,False
30,99,17,0,2.7509331703186035,2.7467780113220215,0.004155158996582031,True,0.0,False
30,80,18,0,2.930523978339301,2.9264273643493652,0.004096613989935882,True,0.3158885988242091,True
30,81,18,0,2.6560114754570856,2.653980255126953,0.002031220330132477,True,0.0,False
30,82,18,0,0.542233545333147,0.5422721840441227,-3.863871097564697e-05,False,0.0,False
30,83,18,0,1.9452499151229858,1.94234299659729,0.0029069185256958008,True,0.32946247019165165,True
30,84,18,0,4.786361515522003,4.78495754301548,0.0014039725065231323,True,0.0,False
30,85,18,0,1.3328005384121622,1.330514774790832,0.0022857636213302612,True,0.3896708810412638,True
30,86,18,0,1.8033391498029232,1.8020675389894418,0.001271610813481372,True,0.0,False
30,87,18,0,2.840145497272412,2.8380409305294356,0.0021045667429762105,True,0.2667993090506077,True
30,88,18,0,1.653588096300761,1.6485665241877239,0.005021572113037109,True,0.0,False
30,89,18,0,2.916143274307251,2.916204404830933,-6.113052368172944e-05,False,0.0,False
30,90,18,0,0.28701086938381193,0.2873184740543365,-0.00030760467052459717,False,0.0,False
30,91,18,0,2.7356017589569093,2.738042974472046,-0.002441215515136541,False,0.0,False
30,92,18,0,2.3643285751342775,2.36136417388916,0.0029644012451175428,True,0.3106349809126031,True
30,93,18,0,6.405880355834961,6.406918716430664,-0.0010383605957029474,False,0.0,False
30,94,18,0,2.0026065826416017,2.0039501190185547,-0.0013435363769529474,False,0.0,False
30,95,18,0,2.105068397521973,2.1048736572265625,0.00019474029541033389,True,0.0,False
30,96,18,0,1.9619434177875519,1.9619439244270325,-5.066394805908203e-07,False,0.0,False
30,97,18,0,4.080716013908386,4.084741175174713,-0.004025161266326904,False,0.0,False
30,98,18,0,3.6012109518051147,3.6020283102989197,-0.0008173584938049316,False,0.0,False
30,99,18,0,2.7509331703186035,2.742119789123535,0.00881338119506836,True,0.2712404153061599,True
30,80,19,0,2.930523978339301,2.9274988174438477,0.0030251608954534603,True,0.0,False
30,81,19,0,2.6560114754570856,2.6546192169189453,0.0013922585381402897,True,0.0,False
30,82,19,0,0.542233545333147,0.5425568260252476,-0.0003232806921005249,False,0.0,False
30,83,19,0,1.9452499151229858,1.9421278834342957,0.0031220316886901855,True,0.353842828094495,True
30,84,19,0,4.786361515522003,4.786938846111298,-0.0005773305892944336,False,0.0,False
30,85,19,0,1.3328005384121622,1.3335340054971832,-0.0007334670850209779,False,0.0,False
30,86,19,0,1.8033391498029232,1.8027235326091093,0.0006156171938138666,True,0.0,False
30,87,19,0,2.840145497272412,2.838571442912022,0.0015740543603897095,True,0.0,False
30,88,19,0,1.653588096300761,1.6472456455230713,0.00634245077768969,True,0.0,False
30,89,19,0,2.916143274307251,2.9222256660461428,-0.00608239173889169,False,0.0,False
30,90,19,0,0.28701086938381193,0.2886141434311867,-0.0016032740473747586,False,0.0,False
30,91,19,0,2.7356017589569093,2.7338104248046875,0.0017913341522217685,True,0.0,False
30,92,19,0,2.3643285751342775,2.363247013092041,0.001081562042236417,True,0.0,False
30,93,19,0,6.405880355834961,6.407201957702637,-0.0013216018676756036,False,0.0,False
30,94,19,0,2.0026065826416017,2.0029132843017576,-0.00030670166015589473,False,0.0,False
30,95,19,0,2.105068397521973,2.104324531555176,0.000743865966796875,True,0.0,False
30,96,19,0,1.9619434177875519,1.9612699933350086,0.0006734244525432587,True,0.0,False
30,97,19,0,4.080716013908386,4.084760427474976,-0.0040444135665893555,False,0.0,False
30,98,19,0,3.6012109518051147,3.598661780357361,0.0025491714477539062,True,0.0,False
30,99,19,0,2.7509331703186035,2.746478319168091,0.004454851150512695,True,0.0,False
30,80,20,0,2.930523978339301,2.9294666714138455,0.0010573069254555811,True,0.0,False
30,83,20,0,1.9452499151229858,1.946082592010498,-0.000832676887512207,False,0.0,False
30,84,20,0,4.786361515522003,4.787873685359955,-0.0015121698379516602,False,0.0,False
30,85,20,0,1.3328005384121622,1.3324059545993805,0.0003945838127816792,True,0.0,False
30,86,20,0,1.8033391498029232,1.8058540785152997,-0.002514928712376463,False,0.0,False
30,88,20,0,1.653588096300761,1.6495146950085957,0.0040734012921652685,True,0.0,False
30,89,20,0,2.916143274307251,2.922691059112549,-0.00654778480529794,False,0.0,False
30,90,20,0,0.28701086938381193,0.28671387434005735,0.00029699504375457764,True,0.0,False
30,91,20,0,2.7356017589569093,2.7329272270202636,0.0026745319366456854,True,0.0,False
30,92,20,0,2.3643285751342775,2.3692317634820936,-0.004903188347816112,False,0.0,False
30,93,20,0,6.405880355834961,6.407639980316162,-0.0017596244812008166,False,0.0,False
30,94,20,0,2.0026065826416017,1.9998260617256165,0.0027805209159852406,True,0.0,False
30,95,20,0,2.105068397521973,2.1058116912841798,-0.0007432937622069424,False,0.0,False
30,96,20,0,1.9619434177875519,1.9652468301355839,-0.0033034123480319977,False,0.0,False
30,97,20,0,4.080716013908386,4.06606525182724,0.01465076208114624,True,0.4340139033335158,True
30,98,20,0,3.6012109518051147,3.5979034900665283,0.0033074617385864258,True,0.0,False
30,99,20,0,2.7509331703186035,2.7591118812561035,-0.0081787109375,False,0.0,False
30,80,21,0,2.930523978339301,2.9314136505126953,-0.0008896721733941959,False,0.0,False
30,81,21,0,2.6560114754570856,2.663102149963379,-0.007090674506293304,False,0.0,False
30,83,21,0,1.9452499151229858,1.950288712978363,-0.005038797855377197,False,0.0,False
30,84,21,0,4.786361515522003,4.786049529910088,0.0003119856119155884,True,0.0,False
30,85,21,0,1.3328005384121622,1.3310582361051015,0.001742302307060628,True,0.0,False
30,86,21,0,1.8033391498029232,1.7994316003418394,0.003907549461083848,True,0.24750303558881925,True
30,87,21,0,2.840145497272412,2.836800222595533,0.003345274676878951,True,0.4240858482414439,True
30,88,21,0,1.653588096300761,1.6526852697134018,0.0009028265873591845,True,0.0,False
30,89,21,0,2.916143274307251,2.9152501583099366,0.0008931159973144531,True,0.0,False
30,90,21,0,0.28701086938381193,0.285748715698719,0.001262153685092915,True,0.2736430790205269,True
30,91,21,0,2.7356017589569093,2.7415964126586916,-0.005994653701782315,False,0.0,False
30,92,21,0,2.3643285751342775,2.3634329795837403,0.0008955955505371982,True,0.0,False
30,93,21,0,6.405880355834961,6.405947875976563,-6.752014160138486e-05,False,0.0,False
30,94,21,0,2.0026065826416017,2.0076699256896973,-0.0050633430480955255,False,0.0,False
30,95,21,0,2.105068397521973,2.107349967956543,-0.0022815704345702237,False,0.0,False
30,96,21,0,1.9619434177875519,1.9607016891241074,0.001241728663444519,True,0.0,False
30,97,21,0,4.080716013908386,4.080182373523712,0.0005336403846740723,True,0.0,False
30,98,21,0,3.6012109518051147,3.5993802547454834,0.0018306970596313477,True,0.0,False
30,99,21,0,2.7509331703186035,2.750160336494446,0.0007728338241577148,True,0.0,False
30,80,22,0,2.930523978339301,2.929747369554308,0.0007766087849931935,True,0.0,False
30,81,22,0,2.6560114754570856,2.653657701280382,0.0023537741767034603,True,0.0,False
30,82,22,0,0.542233545333147,0.5387428849935532,0.0034906603395938873,True,0.3219615728482396,True
30,83,22,0,1.9452499151229858,1.9441426396369934,0.0011072754859924316,True,0.0,False
30,84,22,0,4.786361515522003,4.787821128964424,-0.0014596134424209595,False,0.0,False
30,85,22,0,1.3328005384121622,1.333510272204876,-0.0007097337927137737,False,0.0,False
30,86,22,0,1.8033391498029232,1.803386772650161,-4.762284723769383e-05,False,0.0,False
30,87,22,0,2.840145497272412,2.8406245385607085,-0.0004790412882966777,False,0.0,False
30,88,22,0,1.653588096300761,1.6500651439030964,0.003522952397664536,True,0.0,False
30,89,22,0,2.916143274307251,2.9213189840316773,-0.0051757097244262695,False,0.0,False
30,90,22,0,0.28701086938381193,0.2876217633485794,-0.0006108939647674894,False,0.0,False
30,91,22,0,2.7356017589569093,2.7360138416290285,-0.00041208267211922944,False,0.0,False
30,92,22,0,2.3643285751342775,2.361594486236572,0.0027340888977054334,True,0.0,False
30,93,22,0,6.405880355834961,6.404791927337646,0.0010884284973151637,True,0.0,False
30,94,22,0,2.0026065826416017,2.006424331665039,-0.0038177490234372335,False,0.0,False
30,95,22,0,2.105068397521973,2.1049073219299315,0.0001610755920413709,True,0.0,False
30,96,22,0,1.9619434177875519,1.9589815605431795,0.002961857244372368,True,0.3133414177751574,True
30,97,22,0,4.080716013908386,4.08121520280838,-0.0004991888999938965,False,0.0,False
30,98,22,0,3.6012109518051147,3.5972597002983093,0.00395125150680542,True,0.0,False
30,99,22,0,2.7509331703186035,2.7441608905792236,0.006772279739379883,True,0.0,False
30,80,23,0,2.930523978339301,2.9366452958848743,-0.006121317545573213,False,0.0,False
30,81,23,0,2.6560114754570856,2.655039575364855,0.0009719000922308041,True,0.0,False
30,82,23,0,0.542233545333147,0.5401574540883303,0.00207609124481678,True,0.0,False
30,83,23,0,1.9452499151229858,1.9441291093826294,0.0011208057403564453,True,0.0,False
30,84,23,0,4.786361515522003,4.782893821597099,0.0034676939249038696,True,0.0,False
30,85,23,0,1.3328005384121622,1.3329279465334756,-0.0001274081213133993,False,0.0,False
30,86,23,0,1.8033391498029232,1.8052883015812509,-0.0019491517783276624,False,0.0,False
30,87,23,0,2.840145497272412,2.839326354364554,0.0008191429078578949,True,0.0,False
30,88,23,0,1.653588096300761,1.6474392811457317,0.006148815155029297,True,0.0,False
30,89,23,0,2.916143274307251,2.9183489799499513,-0.002205705642700284,False,0.0,False
30,90,23,0,0.28701086938381193,0.28549689054489136,0.001513978838920571,True,0.3282404004736151,True
30,91,23,0,2.7356017589569093,2.7339027404785154,0.0016990184783938211,True,0.0,False
30,92,23,0,2.3643285751342775,2.363215446472168,0.0011131286621095526,True,0.0,False
30,93,23,0,6.405880355834961,6.408110332489014,-0.0022299766540525567,False,0.0,False
30,94,23,0,2.0026065826416017,1.9978927612304687,0.004713821411133079,True,0.3588187467332631,True
30,95,23,0,2.105068397521973,2.1042174339294433,0.0008509635925295633,True,0.0,False
30,96,23,0,1.9619434177875519,1.966380424797535,-0.004437007009983063,False,0.0,False
30,97,23,0,4.080716013908386,4.086639881134033,-0.005923867225646973,False,0.0,False
30,98,23,0,3.6012109518051147,3.6019407510757446,-0.0007297992706298828,False,0.0,False
30,99,23,0,2.7509331703186035,2.7532832622528076,-0.0023500919342041016,False,0.0,False
30,80,24,0,2.930523978339301,2.9309506946139865,-0.0004267162746853792,False,0.0,False
30,81,24,0,2.6560114754570856,2.658831066555447,-0.002819591098361496,False,0.0,False
30,82,24,0,0.542233545333147,0.5446546245366335,-0.0024210792034864426,False,0.0,False
30,83,24,0,1.9452499151229858,1.943781316280365,0.0014685988426208496,True,0.0,False
30,84,24,0,4.786361515522003,4.788762032985687,-0.002400517463684082,False,0.0,False
30,85,24,0,1.3328005384121622,1.3335382065602712,-0.0007376681481090497,False,0.0,False
30,86,24,0,1.8033391498029232,1.8005046410086964,0.0028345087942267533,True,0.0,False
30,87,24,0,2.840145497272412,2.8388738930225372,0.0012716042498746027,True,0.0,False
30,88,24,0,1.653588096300761,1.6366679668426514,0.016920129458109612,True,0.3543388532911713,True
30,89,24,0,2.916143274307251,2.9141640424728394,0.001979231834411621,True,0.29120304760834187,True
30,90,24,0,0.28701086938381193,0.28699494153261185,1.5927851200081555e-05,True,0.0,False
30,91,24,0,2.7356017589569093,2.736397647857666,-0.0007958889007566583,False,0.0,False
30,92,24,0,2.3643285751342775,2.3693843841552735,-0.005055809020996005,False,0.0,False
30,93,24,0,6.405880355834961,6.400650501251221,0.00522985458374059,True,0.0,False
30,94,24,0,2.0026065826416017,2.0028444290161134,-0.00023784637451162993,False,0.0,False
30,95,24,0,2.105068397521973,2.110037612915039,-0.004969215393066051,False,0.0,False
30,96,24,0,1.9619434177875519,1.9610426723957062,0.0009007453918457031,True,0.0,False
30,97,24,0,4.080716013908386,4.079141795635223,0.0015742182731628418,True,0.0,False
30,99,24,0,2.7509331703186035,2.7516098022460938,-0.0006766319274902344,False,0.0,False
30,81,25,0,2.6560114754570856,2.6629903581407337,-0.006978882683648102,False,0.0,False
30,82,25,0,0.542233545333147,0.5426530223339796,-0.0004194770008325577,False,0.0,False
30,83,25,0,1.9452499151229858,1.947607696056366,-0.002357780933380127,False,0.0,False
30,84,25,0,4.786361515522003,4.788163989782333,-0.0018024742603302002,False,0.0,False
30,85,25,0,1.3328005384121622,1.3336028733423777,-0.0008023349302155314,False,0.0,False
30,86,25,0,1.8033391498029232,1.7969169047261988,0.006422245076724398,True,0.40678311755617463,True
30,87,25,0,2.840145497272412,2.837707137068113,0.002438360204298995,True,0.30911484270794837,True
30,88,25,0,1.653588096300761,1.6465591589609783,0.007028937339782715,True,0.0,False
30,90,25,0,0.28701086938381193,0.2851745933294296,0.001836276054382302,True,0.398116520505858,True
30,91,25,0,2.7356017589569093,2.7330636501312258,0.002538108825683505,True,0.0,False
30,92,25,0,2.3643285751342775,2.364091682434082,0.00023689270019566777,True,0.0,False
30,93,25,0,6.405880355834961,6.408244800567627,-0.002364444732665838,False,0.0,False
30,94,25,0,2.0026065826416017,1.9984006881713867,0.004205894470215021,True,0.3201550612695262,True
30,95,25,0,2.105068397521973,2.111426591873169,-0.006358194351196111,False,0.0,False
30,96,25,0,1.9619434177875519,1.9608458243310452,0.0010975934565067291,True,0.0,False
30,97,25,0,4.080716013908386,4.066830635070801,0.01388537883758545,True,0.41134020436523,True
30,98,25,0,3.6012109518051147,3.5944162607192993,0.00679469108581543,True,0.40459120657590253,True
30,81,26,0,2.6560114754570856,2.655972480773926,3.899468315982091e-05,True,0.0,False
30,82,26,0,0.542233545333147,0.5431494619697332,-0.0009159166365861893,False,0.0,False
30,83,26,0,1.9452499151229858,1.9457453489303589,-0.0004954338073730469,False,0.0,False
30,84,26,0,4.786361515522003,4.787132695317268,-0.0007711797952651978,False,0.0,False
30,85,26,0,1.3328005384121622,1.3310167917183466,0.0017837466938155355,True,0.3040883752139795,True
30,86,26,0,1.8033391498029232,1.8016602260592793,0.0016789237436438675,True,0.0,False
30,87,26,0,2.840145497272412,2.8409971495469413,-0.0008516522745294353,False,0.0,False
30,89,26,0,2.916143274307251,2.9160305500030517,0.00011272430419939639,True,0.0,False
30,90,26,0,0.28701086938381193,0.2865196168422699,0.000491252541542031,True,0.0,False
30,92,26,0,2.3643285751342775,2.3614086151123046,0.0029199600219729227,True,0.30597805448403714,True
30,93,26,0,6.405880355834961,6.405421447753906,0.00045890808105486514,True,0.0,False
30,94,26,0,2.0026065826416017,1.9983892440795898,0.004217338562011896,True,0.3210261919972107,True
30,95,26,0,2.105068397521973,2.105784797668457,-0.0007164001464841085,False,0.0,False
30,96,26,0,1.9619434177875519,1.9617208875715733,0.00022253021597862244,True,0.0,False
30,97,26,0,4.080716013908386,4.077499866485596,0.0032161474227905273,True,0.0,False
30,98,26,0,3.6012109518051147,3.599847137928009,0.0013638138771057129,True,0.0,False
30,99,26,0,2.7509331703186035,2.756494700908661,-0.005561530590057373,False,0.0,False
40,80,0,0,3.051195091671414,3.0594962967766657,-0.008301205105251785,False,0.0,False
40,82,0,0,0.5816215379163623,0.5763061195611954,0.005315418355166912,True,0.365194937654887,True
40,84,0,0,4.694470077753067,4.690448082983494,0.004021994769573212,True,0.0,False
40,85,0,0,1.3125060993645872,1.313411989382335,-0.000905890017747879,False,0.0,False
40,86,0,0,1.8340740871083523,1.838191849312612,-0.004117762204259634,False,0.0,False
40,87,0,0,2.8316342743734517,2.833131997535626,-0.0014977231621742249,False,0.0,False
40,88,0,0,1.2944496075312297,1.2919063369433086,0.0025432705879211426,True,0.0,False
40,89,0,0,3.0777362108230593,3.0753360271453856,0.002400183677673695,True,0.0,False
40,90,0,0,0.26769787818193436,0.2673263601958752,0.00037151798605916664,True,0.0,False
40,91,0,0,2.6490681648254393,2.648956632614136,0.00011153221130344448,True,0.0,False
40,92,0,0,2.425900173187256,2.422465181350708,0.0034349918365479404,True,0.0,False
40,93,0,0,6.313412761688232,6.321156120300293,-0.007743358612060547,False,0.0,False
40,94,0,0,2.016713333129883,2.0179862678050995,-0.0012729346752164972,False,0.0,False
40,95,0,0,2.0979898452758787,2.095364284515381,0.0026255607604976916,True,0.0,False
40,96,0,0,1.9819680731743574,1.983712987974286,-0.0017449147999286652,False,0.0,False
40,97,0,0,4.203096866607666,4.218104362487793,-0.015007495880126953,False,0.0,False
40,98,0,0,3.4602545499801636,3.465490937232971,-0.005236387252807617,False,0.0,False
40,99,0,0,2.822350025177002,2.826190769672394,-0.0038407444953918457,False,0.0,False
40,80,1,0,3.051195091671414,3.0543055534362793,-0.003110461764865402,False,0.0,False
40,81,1,0,2.677106645372179,2.6735323799981012,0.0035742653740777897,True,0.0,False
40,82,1,0,0.5816215379163623,0.587991451844573,-0.006369913928210735,False,0.0,False
40,83,1,0,2.025846242904663,2.0291002988815308,-0.0032540559768676758,False,0.0,False
40,84,1,0,4.694470077753067,4.697758838534355,-0.003288760781288147,False,0.0,False
40,85,1,0,1.3125060993645872,1.310929330864123,0.0015767685004641763,True,0.0,False
40,87,1,0,2.8316342743734517,2.833349863688151,-0.001715589314699173,False,0.0,False
40,88,1,0,1.2944496075312297,1.2966690063476562,-0.002219398816426521,False,0.0,False
40,89,1,0,3.0777362108230593,3.075034523010254,0.0027016878128054422,True,0.0,False
40,90,1,0,0.26769787818193436,0.2700570963323116,-0.0023592181503772625,False,0.0,False
40,91,1,0,2.6490681648254393,2.6483458518981933,0.0007223129272460049,True,0.0,False
40,92,1,0,2.425900173187256,2.433039999008179,-0.007139825820922763,False,0.0,False
40,93,1,0,6.313412761688232,6.303678798675537,0.009733963012695135,True,0.34000000000000435,True
40,94,1,0,2.016713333129883,2.0186866760253905,-0.001973342895507546,False,0.0,False
40,95,1,0,2.0979898452758787,2.0921177864074707,0.0058720588684080255,True,0.43238555367514,True
40,96,1,0,1.9819680731743574,1.9806048143655062,0.001363258808851242,True,0.0,False
40,97,1,0,4.203096866607666,4.206692457199097,-0.003595590591430664,False,0.0,False
40,98,1,0,3.4602545499801636,3.457985520362854,0.0022690296173095703,True,0.0,False
40,99,1,0,2.822350025177002,2.813823938369751,0.008526086807250977,True,0.26274181342620145,True
40,80,2,0,3.051195091671414,3.0513395733303494,-0.00014448165893554688,False,0.0,False
40,81,2,0,2.677106645372179,2.6826966603597007,-0.005590014987521652,False,0.0,False
40,83,2,0,2.025846242904663,2.0288054049015045,-0.0029591619968414307,False,0.0,False
40,84,2,0,4.694470077753067,4.690441660583019,0.00402841717004776,True,0.23386545291440253,True
40,85,2,0,1.3125060993645872,1.312584521515029,-7.842215044173706e-05,False,0.0,False
40,86,2,0,1.8340740871083523,1.8354176042734511,-0.0013435171650988398,False,0.0,False
40,87,2,0,2.8316342743734517,2.830397459367911,0.0012368150055408478,True,0.0,False
40,88,2,0,1.2944496075312297,1.2992332031329472,-0.004783595601717483,False,0.0,False
40,89,2,0,3.0777362108230593,3.0913504362106323,-0.013614225387573065,False,0.0,False
40,90,2,0,0.26769787818193436,0.26732958778738974,0.00036829039454461254,True,0.0,False
40,92,2,0,2.425900173187256,2.431594181060791,-0.005694007873534801,False,0.0,False
40,93,2,0,6.313412761688232,6.306985187530517,0.006427574157714666,True,0.22451032644903474,True
40,94,2,0,2.016713333129883,2.0233391761779784,-0.006625843048095437,False,0.0,False
40,96,2,0,1.9819680731743574,1.9829505495727062,-0.0009824763983488083,False,0.0,False
40,97,2,0,4.203096866607666,4.203683853149414,-0.0005869865417480469,False,0.0,False
40,98,2,0,3.4602545499801636,3.4585726261138916,0.0016819238662719727,True,0.0,False
40,99,2,0,2.822350025177002,2.8273439407348633,-0.004993915557861328,False,0.0,False
40,80,3,0,3.051195091671414,3.053629610273573,-0.0024345186021590415,False,0.0,False
40,81,3,0,2.677106645372179,2.6789559258355036,-0.001849280463324554,False,0.0,False
40,82,3,0,0.5816215379163623,0.5858867168426514,-0.004265178926289082,False,0.0,False
40,83,3,0,2.025846242904663,2.0284445881843567,-0.0025983452796936035,False,0.0,False
40,84,3,0,4.694470077753067,4.69154754281044,0.002922534942626953,True,0.0,False
40,85,3,0,1.3125060993645872,1.3145708037274224,-0.0020647043628352346,False,0.0,False
40,86,3,0,1.8340740871083523,1.8350028154174132,-0.0009287283090608778,False,0.0,False
40,87,3,0,2.8316342743734517,2.8299528683225312,0.0016814060509204865,True,0.0,False
40,88,3,0,1.2944496075312297,1.2907906572024028,0.0036589503288269043,True,0.0,False
40,89,3,0,3.0777362108230593,3.085503268241882,-0.007767057418822887,False,0.0,False
40,91,3,0,2.6490681648254393,2.6485924243927004,0.00047574043273890254,True,0.0,False
40,92,3,0,2.425900173187256,2.42989559173584,-0.003995418548583984,False,0.0,False
40,93,3,0,6.313412761688232,6.307801246643066,0.00561151504516566,True,0.0,False
40,95,3,0,2.0979898452758787,2.098249053955078,-0.0002592086791994852,False,0.0,False
40,96,3,0,1.9819680731743574,1.9895408134907484,-0.007572740316390991,False,0.0,False
40,97,3,0,4.203096866607666,4.209004998207092,-0.0059081315994262695,False,0.0,False
40,98,3,0,3.4602545499801636,3.4567856192588806,0.003468930721282959,True,0.0,False
40,99,3,0,2.822350025177002,2.8228437900543213,-0.0004937648773193359,False,0.0,False
40,80,4,0,3.051195091671414,3.0514635509914823,-0.0002684593200683594,False,0.0,False
40,81,4,0,2.677106645372179,2.6777477264404297,-0.0006410810682506707,False,0.0,False
40,82,4,0,0.5816215379163623,0.579823037609458,0.001798500306904316,True,0.0,False
40,83,4,0,2.025846242904663,2.028583288192749,-0.0027370452880859375,False,0.0,False
40,84,4,0,4.694470077753067,4.691759526729584,0.0027105510234832764,True,0.0,False
40,85,4,0,1.3125060993645872,1.3131841852196626,-0.0006780858550754498,False,0.0,False
40,86,4,0,1.8340740871083523,1.8362049092538655,-0.0021308221455131893,False,0.0,False
40,87,4,0,2.8316342743734517,2.83281717573603,-0.0011829013625783702,False,0.0,False
40,88,4,0,1.2944496075312297,1.2957149744033813,-0.0012653668721516187,False,0.0,False
40,89,4,0,3.0777362108230593,3.080760288238525,-0.0030240774154659533,False,0.0,False
40,90,4,0,0.26769787818193436,0.26751657128334044,0.0001813068985939137,True,0.0,False
40,91,4,0,2.6490681648254393,2.643818235397339,0.0052499294281003195,True,0.32305949806484907,True
40,93,4,0,6.313412761688232,6.313568019866944,-0.00015525817871164804,False,0.0,False
40,94,4,0,2.016713333129883,2.014549446105957,0.0021638870239257812,True,0.0,False
40,95,4,0,2.0979898452758787,2.100454092025757,-0.0024642467498781073,False,0.0,False
40,96,4,0,1.9819680731743574,1.9851552229374647,-0.0031871497631073,False,0.0,False
40,98,4,0,3.4602545499801636,3.458161234855652,0.0020933151245117188,True,0.0,False
40,99,4,0,2.822350025177002,2.8313465118408203,-0.00899648666381836,False,0.0,False
40,80,5,0,3.051195091671414,3.0580149756537542,-0.006819883982340347,False,0.0,False
40,81,5,0,2.677106645372179,2.673474735683865,0.00363190968831395,True,0.23221544715447442,True
40,82,5,0,0.5816215379163623,0.5811930662021041,0.00042847171425819397,True,0.0,False
40,83,5,0,2.025846242904663,2.0219942927360535,0.003851950168609619,True,0.33801630846962955,True
40,84,5,0,4.694470077753067,4.6901160180568695,0.00435405969619751,True,0.2527702816973904,True
40,85,5,0,1.3125060993645872,1.3104881165283067,0.0020179828362805186,True,0.31493358748035055,True
40,86,5,0,1.8340740871083523,1.8450343462505512,-0.010960259142198892,False,0.0,False
40,87,5,0,2.8316342743734517,2.8295962189634642,0.0020380554099874715,True,0.0,False
40,88,5,0,1.2944496075312297,1.2966827948888142,-0.0022331873575844874,False,0.0,False
40,89,5,0,3.0777362108230593,3.0747202157974245,0.0030159950256347656,True,0.2778943298572607,True
40,90,5,0,0.26769787818193436,0.2670976735651493,0.0006002046167850605,True,0.0,False
40,91,5,0,2.6490681648254393,2.6590178489685057,-0.009949684143066406,False,0.0,False
40,92,5,0,2.425900173187256,2.426012325286865,-0.00011215209960901973,False,0.0,False
40,93,5,0,6.313412761688232,6.319603729248047,-0.006190967559814631,False,0.0,False
40,94,5,0,2.016713333129883,2.0155174255371096,0.0011959075927734375,True,0.0,False
40,95,5,0,2.0979898452758787,2.0948841094970705,0.0031057357788082385,True,0.22868900233841818,True
40,96,5,0,1.9819680731743574,1.983503708615899,-0.0015356354415416718,False,0.0,False
40,97,5,0,4.203096866607666,4.199547171592712,0.0035496950149536133,True,0.0,False
40,98,5,0,3.4602545499801636,3.4636301398277283,-0.0033755898475646973,False,0.0,False
40,99,5,0,2.822350025177002,2.832864761352539,-0.01051473617553711,False,0.0,False
40,80,6,0,3.051195091671414,3.053638140360514,-0.00244304868910028,False,0.0,False
40,81,6,0,2.677106645372179,2.676202244228787,0.0009044011433920751,True,0.0,False
40,82,6,0,0.5816215379163623,0.5862225145101547,-0.0046009765937924385,False,0.0,False
40,83,6,0,2.025846242904663,2.0277782678604126,-0.0019320249557495117,False,0.0,False
40,85,6,0,1.3125060993645872,1.312290289572307,0.00021580979228019714,True,0.0,False
40,86,6,0,1.8340740871083523,1.8401474169721561,-0.0060733298638038224,False,0.0,False
40,87,6,0,2.8316342743734517,2.834408630927404,-0.0027743565539521953,False,0.0,False
40,88,6,0,1.2944496075312297,1.2905678947766621,0.0038817127545676122,True,0.0,False
40,89,6,0,3.0777362108230593,3.075236940383911,0.0024992704391482157,True,0.0,False
40,90,6,0,0.26769787818193436,0.2678075283765793,-0.00010965019464492798,False,0.0,False
40,91,6,0,2.6490681648254393,2.6435256958007813,0.005542469024657937,True,0.34106120580631766,True
40,92,6,0,2.425900173187256,2.4299880027770997,-0.004087829589843661,False,0.0,False
40,93,6,0,6.313412761688232,6.3163196563720705,-0.0029068946838384235,False,0.0,False
40,94,6,0,2.016713333129883,2.0146617889404297,0.0020515441894533026,True,0.0,False
40,95,6,0,2.0979898452758787,2.0968026638031008,0.001187181472777965,True,0.0,False
40,96,6,0,1.9819680731743574,1.9919747728854418,-0.010006699711084366,False,0.0,False
40,97,6,0,4.203096866607666,4.219902276992798,-0.016805410385131836,False,0.0,False
40,98,6,0,3.4602545499801636,3.464943766593933,-0.004689216613769531,False,0.0,False
40,99,6,0,2.822350025177002,2.8087844848632812,0.013565540313720703,True,0.41803874892547777,True
40,80,7,0,3.051195091671414,3.0623071988423667,-0.01111210717095279,False,0.0,False
40,81,7,0,2.677106645372179,2.678563117980957,-0.0014564726087780144,False,0.0,False
40,82,7,0,0.5816215379163623,0.5797853004187346,0.0018362374976277351,True,0.0,False
40,83,7,0,2.025846242904663,2.0228684544563293,0.0029777884483337402,True,0.0,False
40,84,7,0,4.694470077753067,4.692344292998314,0.002125784754753113,True,0.0,False
40,85,7,0,1.3125060993645872,1.3157866692968778,-0.0032805699322906445,False,0.0,False
40,86,7,0,1.8340740871083523,1.8318551179420735,0.002218969166278839,True,0.0,False
40,87,7,0,2.8316342743734517,2.8344256890316806,-0.0027914146582288524,False,0.0,False
40,88,7,0,1.2944496075312297,1.3000620603561401,-0.005612452824910408,False,0.0,False
40,89,7,0,3.0777362108230593,3.076644229888916,0.0010919809341434217,True,0.0,False
40,90,7,0,0.26769787818193436,0.2679149344563484,-0.0002170562744140403,False,0.0,False
40,91,7,0,2.6490681648254393,2.644383430480957,0.004684734344482244,True,0.0,False
40,92,7,0,2.425900173187256,2.426162910461426,-0.0002627372741699219,False,0.0,False
40,93,7,0,6.313412761688232,6.307793521881104,0.005619239807128196,True,0.0,False
40,94,7,0,2.016713333129883,2.0133970260620115,0.003316307067871449,True,0.0,False
40,95,7,0,2.0979898452758787,2.099084758758545,-0.0010949134826661044,False,0.0,False
40,96,7,0,1.9819680731743574,1.979200568050146,0.0027675051242113113,True,0.0,False
40,97,7,0,4.203096866607666,4.202731728553772,0.00036513805389404297,True,0.0,False
40,98,7,0,3.4602545499801636,3.46136075258255,-0.0011062026023864746,False,0.0,False
40,99,7,0,2.822350025177002,2.8223509788513184,-9.5367431640625e-07,False,0.0,False
40,80,8,0,3.051195091671414,3.052764468722873,-0.0015693770514593197,False,0.0,False
40,81,8,0,2.677106645372179,2.6774993472629123,-0.00039270189073326023,False,0.0,False
40,82,8,0,0.5816215379163623,0.5864742286503315,-0.004852690733969212,False,0.0,False
40,84,8,0,4.694470077753067,4.699001990258694,-0.0045319125056266785,False,0.0,False
40,85,8,0,1.3125060993645872,1.3125321077448981,-2.600838031097119e-05,False,0.0,False
40,86,8,0,1.8340740871083523,1.8340369021919156,3.718491643667221e-05,True,0.0,False
40,87,8,0,2.8316342743734517,2.8339545192817845,-0.0023202449083328247,False,0.0,False
40,88,8,0,1.2944496075312297,1.3005429307619731,-0.006093323230743408,False,0.0,False
40,89,8,0,3.0777362108230593,3.077174186706543,0.0005620241165162909,True,0.0,False
40,90,8,0,0.26769787818193436,0.2680040135979652,-0.0003061354160308616,False,0.0,False
40,91,8,0,2.6490681648254393,2.6471349716186525,0.001933193206786754,True,0.0,False
40,92,8,0,2.425900173187256,2.4304628372192383,-0.004562664031982244,False,0.0,False
40,93,8,0,6.313412761688232,6.312234592437744,0.0011781692504877483,True,0.0,False
40,94,8,0,2.016713333129883,2.018218994140625,-0.0015056610107420099,False,0.0,False
40,95,8,0,2.0979898452758787,2.0971285820007326,0.0008612632751461291,True,0.0,False
40,96,8,0,1.9819680731743574,1.9798732083290815,0.002094864845275879,True,0.0,False
40,97,8,0,4.203096866607666,4.2063833475112915,-0.0032864809036254883,False,0.0,False
40,98,8,0,3.4602545499801636,3.45973402261734,0.0005205273628234863,True,0.0,False
40,99,8,0,2.822350025177002,2.8193793296813965,0.0029706954956054688,True,0.0,False
40,80,9,0,3.051195091671414,3.05574369430542,-0.004548602634006027,False,0.0,False
40,81,9,0,2.677106645372179,2.679367701212565,-0.0022610558403859393,False,0.0,False
40,82,9,0,0.5816215379163623,0.5787977632135153,0.002823774702847004,True,0.0,False
40,83,9,0,2.025846242904663,2.0254091024398804,0.00043714046478271484,True,0.0,False
40,84,9,0,4.694470077753067,4.69223827123642,0.002231806516647339,True,0.0,False
40,85,9,0,1.3125060993645872,1.3127984127828054,-0.0002923134182182263,False,0.0,False
40,87,9,0,2.8316342743734517,2.832220466186603,-0.0005861918131513377,False,0.0,False
40,88,9,0,1.2944496075312297,1.2894649505615234,0.0049846569697062915,True,0.0,False
40,90,9,0,0.26769787818193436,0.2665947064757347,0.0011031717061996682,True,0.24605872829695902,True
40,91,9,0,2.6490681648254393,2.6480311870574953,0.0010369777679439807,True,0.0,False
40,92,9,0,2.425900173187256,2.4249393463134767,0.0009608268737792969,True,0.0,False
40,93,9,0,6.313412761688232,6.314145851135254,-0.000733089447021662,False,0.0,False
40,94,9,0,2.016713333129883,2.01485538482666,0.0018579483032228339,True,0.0,False
40,95,9,0,2.0979898452758787,2.0987855911254885,-0.0007957458496097303,False,0.0,False
40,96,9,0,1.9819680731743574,1.9835279397666454,-0.0015598665922880173,False,0.0,False
40,97,9,0,4.203096866607666,4.2029091119766235,0.00018775463104248047,True,0.0,False
40,98,9,0,3.4602545499801636,3.460004448890686,0.00025010108947753906,True,0.0,False
40,99,9,0,2.822350025177002,2.827739715576172,-0.005389690399169922,False,0.0,False
40,80,10,0,3.051195091671414,3.048531903160943,0.002663188510470871,True,0.0,False
40,81,10,0,2.677106645372179,2.6781753963894315,-0.0010687510172524561,False,0.0,False
40,82,10,0,0.5816215379163623,0.5773538704961538,0.004267667420208454,True,0.29320938321624895,True
40,83,10,0,2.025846242904663,2.0269131660461426,-0.0010669231414794922,False,0.0,False
40,84,10,0,4.694470077753067,4.697128899395466,-0.0026588216423988342,False,0.0,False
40,85,10,0,1.3125060993645872,1.313982325473002,-0.001476226108414913,False,0.0,False
40,86,10,0,1.8340740871083523,1.827824957136597,0.006249129971755307,True,0.330461962871215,True
40,87,10,0,2.8316342743734517,2.831162432829539,0.0004718415439128876,True,0.0,False
40,88,10,0,1.2944496075312297,1.2829152743021648,0.011534333229064941,True,0.296502746474016,True
40,89,10,0,3.0777362108230593,3.083610439300537,-0.005874228477477761,False,0.0,False
40,90,10,0,0.26769787818193436,0.26788506135344503,-0.0001871831715106742,False,0.0,False
40,91,10,0,2.6490681648254393,2.652570343017578,-0.0035021781921389383,False,0.0,False
40,92,10,0,2.425900173187256,2.4220027923583984,0.0038973808288575995,True,0.3072752973729004,True
40,93,10,0,6.313412761688232,6.3080041885375975,0.005408573150634588,True,0.0,False
40,94,10,0,2.016713333129883,2.0226802825927734,-0.005966949462890447,False,0.0,False
40,95,10,0,2.0979898452758787,2.101633071899414,-0.003643226623535334,False,0.0,False
40,96,10,0,1.9819680731743574,1.9809948615729809,0.0009732116013765335,True,0.0,False
40,97,10,0,4.203096866607666,4.210485935211182,-0.007389068603515625,False,0.0,False
40,98,10,0,3.4602545499801636,3.455368995666504,0.004885554313659668,True,0.30848265194368235,True
40,99,10,0,2.822350025177002,2.8234903812408447,-0.0011403560638427734,False,0.0,False
40,80,11,0,3.051195091671414,3.052174939049615,-0.0009798473782010042,False,0.0,False
40,81,11,0,2.677106645372179,2.6778673595852323,-0.0007607142130532374,False,0.0,False
40,82,11,0,0.5816215379163623,0.5885387370362878,-0.006917199119925499,False,0.0,False
40,83,11,0,2.025846242904663,2.030022144317627,-0.004175901412963867,False,0.0,False
40,84,11,0,4.694470077753067,4.693432241678238,0.0010378360748291016,True,0.0,False
40,85,11,0,1.3125060993645872,1.312822848558426,-0.0003167491938387279,False,0.0,False
40,86,11,0,1.8340740871083523,1.8356832277162798,-0.001609140607927495,False,0.0,False
40,87,11,0,2.8316342743734517,2.8302635898192725,0.0013706845541792134,True,0.0,False
40,88,11,0,1.2944496075312297,1.304267168045044,-0.009817560513814216,False,0.0,False
40,89,11,0,3.0777362108230593,3.084719657897949,-0.006983447074889959,False,0.0,False
40,90,11,0,0.26769787818193436,0.26977565735578535,-0.002077779173850991,False,0.0,False
40,91,11,0,2.6490681648254393,2.647183895111084,0.0018842697143552911,True,0.0,False
40,92,11,0,2.425900173187256,2.4323238372802733,-0.006423664093017312,False,0.0,False
40,93,11,0,6.313412761688232,6.300944995880127,0.012467765808104936,True,0.4354896735509609,True
40,94,11,0,2.016713333129883,2.023523712158203,-0.006810379028320046,False,0.0,False
40,95,11,0,2.0979898452758787,2.0933870315551757,0.004602813720703036,True,0.33892544398644187,True
40,96,11,0,1.9819680731743574,1.9819477442651987,2.0328909158706665e-05,True,0.0,False
40,97,11,0,4.203096866607666,4.213595628738403,-0.010498762130737305,False,0.0,False
40,98,11,0,3.4602545499801636,3.4567854404449463,0.003469109535217285,True,0.21904579104050703,True
40,99,11,0,2.822350025177002,2.8160529136657715,0.006297111511230469,True,0.0,False
40,80,12,0,3.051195091671414,3.051935460832384,-0.0007403691609702001,False,0.0,False
40,81,12,0,2.677106645372179,2.671293364630805,0.005813280741373994,True,0.3716869918699271,True
40,82,12,0,0.5816215379163623,0.5841423571109772,-0.0025208191946148872,False,0.0,False
40,83,12,0,2.025846242904663,2.0282047986984253,-0.002358555793762207,False,0.0,False
40,84,12,0,4.694470077753067,4.695013672113419,-0.0005435943603515625,False,0.0,False
40,86,12,0,1.8340740871083523,1.835028183579977,-0.0009540964716248101,False,0.0,False
40,87,12,0,2.8316342743734517,2.8335405625402927,-0.0019062881668410192,False,0.0,False
40,88,12,0,1.2944496075312297,1.298869530359904,-0.004419922828674316,False,0.0,False
40,89,12,0,3.0777362108230593,3.0802876710891725,-0.0025514602661131924,False,0.0,False
40,91,12,0,2.6490681648254393,2.6478239059448243,0.001244258880614968,True,0.0,False
40,92,12,0,2.425900173187256,2.4287817001342775,-0.0028815269470214844,False,0.0,False
40,93,12,0,6.313412761688232,6.315229701995849,-0.0018169403076173651,False,0.0,False
40,94,12,0,2.016713333129883,2.016887664794922,-0.00017433166503888486,False,0.0,False
40,95,12,0,2.0979898452758787,2.095800018310547,0.002189826965331765,True,0.0,False
40,96,12,0,1.9819680731743574,1.9768396820873022,0.005128391087055206,True,0.4134326991082007,True
40,97,12,0,4.203096866607666,4.206737399101257,-0.0036405324935913086,False,0.0,False
40,98,12,0,3.4602545499801636,3.459522247314453,0.0007323026657104492,True,0.0,False
40,99,12,0,2.822350025177002,2.8278868198394775,-0.005536794662475586,False,0.0,False
40,80,13,0,3.051195091671414,3.055139276716444,-0.003944185045030135,False,0.0,False
40,81,13,0,2.677106645372179,2.674685796101888,0.002420849270290848,True,0.0,False
40,82,13,0,0.5816215379163623,0.579635975882411,0.0019855620339512825,True,0.0,False
40,83,13,0,2.025846242904663,2.027390241622925,-0.0015439987182617188,False,0.0,False
40,84,13,0,4.694470077753067,4.690979085862637,0.0034909918904304504,True,0.0,False
40,85,13,0,1.3125060993645872,1.3128526040485926,-0.0003465046840054331,False,0.0,False
40,86,13,0,1.8340740871083523,1.8337524088897876,0.0003216782185646583,True,0.0,False
40,88,13,0,1.2944496075312297,1.3035225868225098,-0.009072979291280037,False,0.0,False
40,89,13,0,3.0777362108230593,3.072759175300598,0.004977035522461204,True,0.45858495767878255,True
40,90,13,0,0.26769787818193436,0.26735387593507765,0.00034400224685671166,True,0.0,False
40,91,13,0,2.6490681648254393,2.6512430191040037,-0.002174854278564453,False,0.0,False
40,92,13,0,2.425900173187256,2.4226107597351074,0.003289413452148615,True,0.0,False
40,93,13,0,6.313412761688232,6.310035610198975,0.003377151489257102,True,0.0,False
40,94,13,0,2.016713333129883,2.0158632814884188,0.0008500516414642334,True,0.0,False
40,95,13,0,2.0979898452758787,2.0981252551078797,-0.00013540983200099888,False,0.0,False
40,96,13,0,1.9819680731743574,1.982602771371603,-0.0006346981972455978,False,0.0,False
40,97,13,0,4.203096866607666,4.198402404785156,0.004694461822509766,True,0.0,False
40,98,13,0,3.4602545499801636,3.460288166999817,-3.361701965332031e-05,False,0.0,False
40,99,13,0,2.822350025177002,2.831331729888916,-0.008981704711914062,False,0.0,False
40,80,14,0,3.051195091671414,3.046089119381375,0.0051059722900390625,True,0.3461550894912751,True
40,81,14,0,2.677106645372179,2.670911577012804,0.006195068359375,True,0.3960975609755985,True
40,82,14,0,0.5816215379163623,0.5816676784306765,-4.614051431417465e-05,False,0.0,False
40,83,14,0,2.025846242904663,2.0266292691230774,-0.0007830262184143066,False,0.0,False
40,84,14,0,4.694470077753067,4.696239463984966,-0.0017693862318992615,False,0.0,False
40,86,14,0,1.8340740871083523,1.8318940086423285,0.0021800784660237493,True,0.0,False
40,87,14,0,2.8316342743734517,2.8344093275566897,-0.0027750531832380076,False,0.0,False
40,88,14,0,1.2944496075312297,1.280888319015503,0.0135612885157268,True,0.348607865819869,True
40,89,14,0,3.0777362108230593,3.075802707672119,0.0019335031509402079,True,0.0,False
40,90,14,0,0.26769787818193436,0.26846577376127245,-0.0007678955793380959,False,0.0,False
40,91,14,0,2.6490681648254393,2.647114372253418,0.001953792572021218,True,0.0,False
40,92,14,0,2.425900173187256,2.4250625133514405,0.0008376598358155185,True,0.0,False
40,93,14,0,6.313412761688232,6.319911193847656,-0.006498432159424361,False,0.0,False
40,94,14,0,2.016713333129883,2.0162118911743163,0.0005014419555666727,True,0.0,False
40,95,14,0,2.0979898452758787,2.096713829040527,0.0012760162353515625,True,0.0,False
40,97,14,0,4.203096866607666,4.210858792066574,-0.007761925458908081,False,0.0,False
40,98,14,0,3.4602545499801636,3.4601585268974304,9.60230827331543e-05,True,0.0,False
40,99,14,0,2.822350025177002,2.8154067993164062,0.006943225860595703,True,0.0,False
40,80,15,0,3.051195091671414,3.0584869384765625,-0.007291846805148605,False,0.0,False
40,81,15,0,2.677106645372179,2.6801615820990667,-0.0030549367268877248,False,0.0,False
40,82,15,0,0.5816215379163623,0.5801595002412796,0.0014620376750826836,True,0.0,False
40,83,15,0,2.025846242904663,2.03057324886322,-0.004727005958557129,False,0.0,False
40,85,15,0,1.3125060993645872,1.3124558925628662,5.020680172096448e-05,True,0.0,False
40,86,15,0,1.8340740871083523,1.833793630623924,0.0002804564844283153,True,0.0,False
40,87,15,0,2.8316342743734517,2.833084968229135,-0.0014506938556833049,False,0.0,False
40,89,15,0,3.0777362108230593,3.077852463722229,-0.00011625289916983306,False,0.0,False
40,90,15,0,0.26769787818193436,0.2675236664712429,0.00017421171069142982,True,0.0,False
40,91,15,0,2.6490681648254393,2.6466564178466796,0.002411746978759677,True,0.0,False
40,92,15,0,2.425900173187256,2.4230409622192384,0.002859210968017667,True,0.0,False
40,93,15,0,6.313412761688232,6.31194314956665,0.0014696121215820312,True,0.0,False
40,94,15,0,2.016713333129883,2.0161523818969727,0.0005609512329103339,True,0.0,False
40,95,15,0,2.0979898452758787,2.098515176773071,-0.0005253314971924716,False,0.0,False
40,96,15,0,1.9819680731743574,1.9786181189119816,0.0033499542623758316,True,0.27006143039265296,True
40,97,15,0,4.203096866607666,4.202010154724121,0.0010867118835449219,True,0.0,False
40,98,15,0,3.4602545499801636,3.4593923091888428,0.0008622407913208008,True,0.0,False
40,99,15,0,2.822350025177002,2.8291821479797363,-0.006832122802734375,False,0.0,False
40,80,16,0,3.051195091671414,3.045910941229926,0.005284150441487778,True,0.3582345271491023,True
40,81,16,0,2.677106645372179,2.68196603986952,-0.004859394497341185,False,0.0,False
40,82,16,0,0.5816215379163623,0.5766496071591973,0.004971930757164955,True,0.34159567912886407,True
40,83,16,0,2.025846242904663,2.0267829298973083,-0.0009366869926452637,False,0.0,False
40,84,16,0,4.694470077753067,4.685627192258835,0.008842885494232178,True,0.5133642653882071,True
40,85,16,0,1.3125060993645872,1.3113969841173716,0.0011091152472155752,True,0.0,False
40,86,16,0,1.8340740871083523,1.8386713954220926,-0.004597308313740278,False,0.0,False
40,87,16,0,2.8316342743734517,2.8290929148594537,0.0025413595139980316,True,0.2781190554427309,True
40,88,16,0,1.2944496075312297,1.294813871383667,-0.0003642638524372632,False,0.0,False
40,89,16,0,3.0777362108230593,3.0862034797668456,-0.008467268943786355,False,0.0,False
40,90,16,0,0.26769787818193436,0.2684700906276703,-0.0007722124457359425,False,0.0,False
40,91,16,0,2.6490681648254393,2.6512170791625977,-0.0021489143371584696,False,0.0,False
40,92,16,0,2.425900173187256,2.420974349975586,0.004925823211670011,True,0.388359223446968,True
40,94,16,0,2.016713333129883,2.0200493335723877,-0.003336000442504705,False,0.0,False
40,95,16,0,2.0979898452758787,2.0967967987060545,0.0011930465698242188,True,0.0,False
40,96,16,0,1.9819680731743574,1.9780420027673244,0.003926070407032967,True,0.31650587049914636,True
40,97,16,0,4.203096866607666,4.194564580917358,0.008532285690307617,True,0.1897087998812564,True
40,98,16,0,3.4602545499801636,3.457620084285736,0.0026344656944274902,True,0.0,False
40,99,16,0,2.822350025177002,2.8367056846618652,-0.014355659484863281,False,0.0,False
40,81,17,0,2.677106645372179,2.68069150712755,-0.0035848617553710938,False,0.0,False
40,82,17,0,0.5816215379163623,0.5844930000603199,-0.002871462143957615,False,0.0,False
40,83,17,0,2.025846242904663,2.0271480083465576,-0.0013017654418945312,False,0.0,False
40,84,17,0,4.694470077753067,4.693888381123543,0.000581696629524231,True,0.0,False
40,85,17,0,1.3125060993645872,1.3104242661169596,0.0020818332476275625,True,0.3248983100469132,True
40,86,17,0,1.8340740871083523,1.834456309077463,-0.000382221969110752,False,0.0,False
40,87,17,0,2.8316342743734517,2.8325150882204375,-0.0008808138469857951,False,0.0,False
40,88,17,0,1.2944496075312297,1.2935850222905476,0.0008645852406821142,True,0.0,False
40,89,17,0,3.0777362108230593,3.0799463033676147,-0.0022100925445553976,False,0.0,False
40,90,17,0,0.26769787818193436,0.26716722548007965,0.0005306527018547058,True,0.0,False
40,91,17,0,2.6490681648254393,2.64360990524292,0.005458259582519442,True,0.33587929612883327,True
40,92,17,0,2.425900173187256,2.426869297027588,-0.0009691238403317648,False,0.0,False
40,93,17,0,6.313412761688232,6.318925571441651,-0.005512809753418502,False,0.0,False
40,94,17,0,2.016713333129883,2.014754295349121,0.0019590377807618964,True,0.0,False
40,95,17,0,2.0979898452758787,2.0982832431793215,-0.0002933979034427381,False,0.0,False
40,96,17,0,1.9819680731743574,1.9836407471448183,-0.0016726739704608917,False,0.0,False
40,97,17,0,4.203096866607666,4.2006659507751465,0.0024309158325195312,True,0.0,False
40,98,17,0,3.4602545499801636,3.4612852931022644,-0.00103074312210083,False,0.0,False
40,99,17,0,2.822350025177002,2.820598840713501,0.0017511844635009766,True,0.0,False
40,80,18,0,3.051195091671414,3.0468346807691784,0.00436041090223549,True,0.29561038335962264,True
40,81,18,0,2.677106645372179,2.674648390875922,0.0024582544962568065,True,0.0,False
40,82,18,0,0.5816215379163623,0.5821972424164414,-0.000575704500079155,False,0.0,False
40,83,18,0,2.025846242904663,2.022025227546692,0.0038210153579711914,True,0.33530171714899915,True
40,84,18,0,4.694470077753067,4.693190425634384,0.0012796521186828613,True,0.0,False
40,85,18,0,1.3125060993645872,1.3101982697844505,0.0023078295801366444,True,0.3601681024727362,True
40,86,18,0,1.8340740871083523,1.8328351067113025,0.001238980397049838,True,0.0,False
40,87,18,0,2.8316342743734517,2.8307648450136185,0.0008694293598332514,True,0.0,False
40,88,18,0,1.2944496075312297,1.2910341421763103,0.0034154653549194336,True,0.0,False
40,89,18,0,3.0777362108230593,3.0772364139556885,0.0004997968673707831,True,0.0,False
40,90,18,0,0.26769787818193436,0.2682870805263519,-0.0005892023444175609,False,0.0,False
40,91,18,0,2.6490681648254393,2.651905584335327,-0.0028374195098876953,False,0.0,False
40,92,18,0,2.425900173187256,2.4239102363586427,0.00198993682861337,True,0.0,False
40,93,18,0,6.313412761688232,6.31430950164795,-0.0008967399597175074,False,0.0,False
40,94,18,0,2.016713333129883,2.0191389083862306,-0.0024255752563475674,False,0.0,False
40,95,18,0,2.0979898452758787,2.097917366027832,7.2479248046875e-05,True,0.0,False
40,96,18,0,1.9819680731743574,1.9819929115474224,-2.4838373064994812e-05,False,0.0,False
40,97,18,0,4.203096866607666,4.2071250677108765,-0.004028201103210449,False,0.0,False
40,98,18,0,3.4602545499801636,3.461383819580078,-0.0011292695999145508,False,0.0,False
40,99,18,0,2.822350025177002,2.8119912147521973,0.010358810424804688,True,0.3192194376483208,True
40,80,19,0,3.051195091671414,3.04823637008667,0.002958721584743973,True,0.0,False
40,81,19,0,2.677106645372179,2.6750851737128363,0.002021471659342744,True,0.0,False
40,82,19,0,0.5816215379163623,0.5816075969487429,1.3940967619419098e-05,True,0.0,False
40,83,19,0,2.025846242904663,2.0221234560012817,0.0037227869033813477,True,0.3266819743813713,True
40,84,19,0,4.694470077753067,4.695285253226757,-0.000815175473690033,False,0.0,False
40,85,19,0,1.3125060993645872,1.3137333249407155,-0.0012272255761283102,False,0.0,False
40,86,19,0,1.8340740871083523,1.833553490228951,0.0005205968794013138,True,0.0,False
40,87,19,0,2.8316342743734517,2.8303467681010566,0.0012875062723951558,True,0.0,False
40,88,19,0,1.2944496075312297,1.2899024486541748,0.004547158877054924,True,0.0,False
40,89,19,0,3.0777362108230593,3.084599328041077,-0.006863117218017578,False,0.0,False
40,90,19,0,0.26769787818193436,0.269634373486042,-0.001936495304107666,False,0.0,False
40,91,19,0,2.6490681648254393,2.647269916534424,0.0017982482910152697,True,0.0,False
40,92,19,0,2.425900173187256,2.4247122764587403,0.0011878967285157138,True,0.0,False
40,93,19,0,6.313412761688232,6.3157045364379885,-0.0022917747497563923,False,0.0,False
40,94,19,0,2.016713333129883,2.017612838745117,-0.0008995056152341085,False,0.0,False
40,95,19,0,2.0979898452758787,2.0970324516296386,0.0009573936462401456,True,0.0,False
40,96,19,0,1.9819680731743574,1.9808950163424015,0.0010730568319559097,True,0.0,False
40,97,19,0,4.203096866607666,4.2071534395217896,-0.004056572914123535,False,0.0,False
40,98,19,0,3.4602545499801636,3.4583293199539185,0.0019252300262451172,True,0.0,False
40,99,19,0,2.822350025177002,2.817121982574463,0.0052280426025390625,True,0.0,False
40,80,20,0,3.051195091671414,3.049575169881185,0.001619921790228851,True,0.0,False
40,83,20,0,2.025846242904663,2.025991201400757,-0.00014495849609375,False,0.0,False
40,84,20,0,4.694470077753067,4.696331277489662,-0.0018611997365951538,False,0.0,False
40,85,20,0,1.3125060993645872,1.3123562250818526,0.0001498742827346078,True,0.0,False
40,86,20,0,1.8340740871083523,1.8371614935541791,-0.0030874064458268347,False,0.0,False
40,88,20,0,1.2944496075312297,1.2913471857706706,0.003102421760559082,True,0.0,False
40,89,20,0,3.0777362108230593,3.085317063331604,-0.007580852508544567,False,0.0,False
40,90,20,0,0.26769787818193436,0.26726665869355204,0.0004312194883823173,True,0.0,False
40,91,20,0,2.6490681648254393,2.6456353187561037,0.0034328460693355822,True,0.0,False
40,92,20,0,2.425900173187256,2.430866304039955,-0.0049661308526989245,False,0.0,False
40,93,20,0,6.313412761688232,6.315621757507325,-0.0022089958190925074,False,0.0,False
40,94,20,0,2.016713333129883,2.0143712162971497,0.002342116832733332,True,0.0,False
40,95,20,0,2.0979898452758787,2.099821090698242,-0.0018312454223634589,False,0.0,False
40,96,20,0,1.9819680731743574,1.984906893223524,-0.0029388200491666794,False,0.0,False
40,97,20,0,4.203096866607666,4.183806002140045,0.01929086446762085,True,0.4289175116324992,True
40,98,20,0,3.4602545499801636,3.457901895046234,0.0023526549339294434,True,0.0,False
40,99,20,0,2.822350025177002,2.8314952850341797,-0.009145259857177734,False,0.0,False
40,80,21,0,3.051195091671414,3.051436530219184,-0.00024143854777003426,False,0.0,False
40,81,21,0,2.677106645372179,2.6852539910210504,-0.008147345648871429,False,0.0,False
40,83,21,0,2.025846242904663,2.0316919684410095,-0.0058457255363464355,False,0.0,False
40,84,21,0,4.694470077753067,4.694144859910011,0.0003252178430557251,True,0.0,False
40,85,21,0,1.3125060993645872,1.310980030468532,0.0015260688960552216,True,0.0,False
40,86,21,0,1.8340740871083523,1.8302456542982586,0.003828432810093707,True,0.20245240967339997,True
40,87,21,0,2.8316342743734517,2.8281185080607734,0.003515766312678359,True,0.3847553251138459,True
40,88,21,0,1.2944496075312297,1.2949775929252307,-0.0005279853940010071,False,0.0,False
40,89,21,0,3.0777362108230593,3.0762699842453003,0.0014662265777589667,True,0.0,False
40,90,21,0,0.26769787818193436,0.26673935651779174,0.0009585216641426197,True,0.0,False
40,91,21,0,2.6490681648254393,2.654023456573486,-0.004955291748046875,False,0.0,False
40,92,21,0,2.425900173187256,2.4250760078430176,0.0008241653442384589,True,0.0,False
40,93,21,0,6.313412761688232,6.313239574432373,0.00017318725585901973,True,0.0,False
40,94,21,0,2.016713333129883,2.0224937915802004,-0.005780458450317383,False,0.0,False
40,95,21,0,2.0979898452758787,2.1004284858703612,-0.0024386405944825107,False,0.0,False
40,96,21,0,1.9819680731743574,1.9811491128057241,0.0008189603686332703,True,0.0,False
40,97,21,0,4.203096866607666,4.201048851013184,0.002048015594482422,True,0.0,False
40,98,21,0,3.4602545499801636,3.4586362838745117,0.0016182661056518555,True,0.0,False
40,99,21,0,2.822350025177002,2.8231033086776733,-0.0007532835006713867,False,0.0,False
40,80,22,0,3.051195091671414,3.0505336125691733,0.0006614791022405697,True,0.0,False
40,81,22,0,2.677106645372179,2.6747882631089954,0.0023183822631835938,True,0.0,False
40,82,22,0,0.5816215379163623,0.5787006868049502,0.0029208511114120483,True,0.0,False
40,83,22,0,2.025846242904663,2.0246261954307556,0.0012200474739074707,True,0.0,False
40,84,22,0,4.694470077753067,4.696091845631599,-0.0016217678785324097,False,0.0,False
40,85,22,0,1.3125060993645872,1.3136707874281066,-0.0011646880635194368,False,0.0,False
40,86,22,0,1.8340740871083523,1.8355477525453483,-0.0014736654369960078,False,0.0,False
40,87,22,0,2.8316342743734517,2.8329698108136654,-0.0013355364402136694,False,0.0,False
40,88,22,0,1.2944496075312297,1.2938013871510823,0.0006482203801474462,True,0.0,False
40,89,22,0,3.0777362108230593,3.0845058441162108,-0.0067696332931515,False,0.0,False
40,90,22,0,0.26769787818193436,0.26865849196910857,-0.0009606137871742138,False,0.0,False
40,91,22,0,2.6490681648254393,2.6499643325805664,-0.0008961677551271308,False,0.0,False
40,92,22,0,2.425900173187256,2.4235706329345703,0.0023295402526857245,True,0.0,False
40,93,22,0,6.313412761688232,6.312741470336914,0.0006712913513178265,True,0.0,False
40,94,22,0,2.016713333129883,2.021409034729004,-0.004695701599120916,False,0.0,False
40,95,22,0,2.0979898452758787,2.097348117828369,0.0006417274475096768,True,0.0,False
40,96,22,0,1.9819680731743574,1.9798732940107584,0.0020947791635990143,True,0.0,False
40,97,22,0,4.203096866607666,4.204139232635498,-0.0010423660278320312,False,0.0,False
40,98,22,0,3.4602545499801636,3.457400321960449,0.0028542280197143555,True,0.0,False
40,99,22,0,2.822350025177002,2.815000295639038,0.007349729537963867,True,0.0,False
40,80,23,0,3.051195091671414,3.058690865834554,-0.00749577416314029,False,0.0,False
40,81,23,0,2.677106645372179,2.6762332916259766,0.0008733537462024543,True,0.0,False
40,82,23,0,0.5816215379163623,0.5778559325262904,0.003765605390071869,True,0.0,False
40,83,23,0,2.025846242904663,2.0244314670562744,0.0014147758483886719,True,0.0,False
40,84,23,0,4.694470077753067,4.690606772899628,0.003863304853439331,True,0.0,False
40,85,23,0,1.3125060993645872,1.3128687781947,-0.0003626788301127615,False,0.0,False
40,86,23,0,1.8340740871083523,1.8363588522853596,-0.002284765177007264,False,0.0,False
40,87,23,0,2.8316342743734517,2.830997511744499,0.0006367626289525141,True,0.0,False
40,88,23,0,1.2944496075312297,1.2922159830729167,0.0022336244583129883,True,0.0,False
40,89,23,0,3.0777362108230593,3.0793099403381348,-0.001573729515075506,False,0.0,False
40,90,23,0,0.26769787818193436,0.26616647019982337,0.0015314079821109883,True,0.3415753852862504,True
40,91,23,0,2.6490681648254393,2.6469863414764405,0.002081823348998757,True,0.0,False
40,92,23,0,2.425900173187256,2.423269176483154,0.002630996704101829,True,0.0,False
40,93,23,0,6.313412761688232,6.3162007331848145,-0.0027879714965823865,False,0.0,False
40,94,23,0,2.016713333129883,2.0118650436401366,0.00484828948974636,True,0.32159462554007756,True
40,95,23,0,2.0979898452758787,2.097297191619873,0.0006926536560056817,True,0.0,False
40,96,23,0,1.9819680731743574,1.9870639704167843,-0.005095897242426872,False,0.0,False
40,97,23,0,4.203096866607666,4.208983898162842,-0.005887031555175781,False,0.0,False
40,98,23,0,3.4602545499801636,3.461243152618408,-0.000988602638244629,False,0.0,False
40,99,23,0,2.822350025177002,2.826550006866455,-0.004199981689453125,False,0.0,False
40,80,24,0,3.051195091671414,3.051548480987549,-0.0003533893161349333,False,0.0,False
40,81,24,0,2.677106645372179,2.6803321838378906,-0.003225538465711608,False,0.0,False
40,82,24,0,0.5816215379163623,0.5851230649277568,-0.0035015270113945007,False,0.0,False
40,83,24,0,2.025846242904663,2.0245251059532166,0.0013211369514465332,True,0.0,False
40,84,24,0,4.694470077753067,4.697517365217209,-0.0030472874641418457,False,0.0,False
40,85,24,0,1.3125060993645872,1.3135786349219936,-0.0010725355574063844,False,0.0,False
40,86,24,0,1.8340740871083523,1.8305878558063082,0.0034862313020440627,True,0.0,False
40,87,24,0,2.8316342743734517,2.8302903324365616,0.0013439419368901362,True,0.0,False
40,88,24,0,1.2944496075312297,1.2806439598401387,0.01380564769109105,True,0.354889387706115,True
40,89,24,0,3.0777362108230593,3.0748762130737304,0.0028599977493288797,True,0.26352071246395675,True
40,90,24,0,0.26769787818193436,0.267926786839962,-0.00022890865802766003,False,0.0,False
40,91,24,0,2.6490681648254393,2.6496203422546385,-0.0005521774291992188,False,0.0,False
40,92,24,0,2.425900173187256,2.4320672035217283,-0.006167030334472301,False,0.0,False
40,93,24,0,6.313412761688232,6.307489204406738,0.005923557281493963,True,0.0,False
40,94,24,0,2.016713333129883,2.017192840576172,-0.00047950744628888486,False,0.0,False
40,95,24,0,2.0979898452758787,2.1039953231811523,-0.006005477905273615,False,0.0,False
40,96,24,0,1.9819680731743574,1.9800836499780416,0.0018844231963157654,True,0.0,False
40,97,24,0,4.203096866607666,4.200078845024109,0.003018021583557129,True,0.0,False
40,99,24,0,2.822350025177002,2.823969602584839,-0.001619577407836914,False,0.0,False
40,81,25,0,2.677106645372179,2.6851374308268228,-0.008030785454643752,False,0.0,False
40,82,25,0,0.5816215379163623,0.5815387507900596,8.278712630271912e-05,True,0.0,False
40,83,25,0,2.025846242904663,2.0281630158424377,-0.002316772937774658,False,0.0,False
40,84,25,0,4.694470077753067,4.697518900036812,-0.003048822283744812,False,0.0,False
40,85,25,0,1.3125060993645872,1.3137183168104716,-0.0012122174458844004,False,0.0,False
40,86,25,0,1.8340740871083523,1.8252413646717156,0.008832722436636686,True,0.467085627455385,True
40,87,25,0,2.8316342743734517,2.828553732484579,0.0030805418888726344,True,0.3371256194434232,True
40,88,25,0,1.2944496075312297,1.287769377231598,0.006680230299631829,True,0.0,False
40,90,25,0,0.26769787818193436,0.2658490903675556,0.0018487878143787495,True,0.41236588641679056,True
40,91,25,0,2.6490681648254393,2.6476622104644774,0.001405954360961914,True,0.0,False
40,92,25,0,2.425900173187256,2.424118995666504,0.0017811775207521308,True,0.0,False
40,93,25,0,6.313412761688232,6.31674633026123,-0.003333568572998047,False,0.0,False
40,94,25,0,2.016713333129883,2.0118267059326174,0.004886627197265625,True,0.32413762564759957,True
40,95,25,0,2.0979898452758787,2.1044073581695555,-0.006417512893676758,False,0.0,False
40,96,25,0,1.9819680731743574,1.9798396937549114,0.0021283794194459915,True,0.0,False
40,97,25,0,4.203096866607666,4.185944318771362,0.01715254783630371,True,0.3813736884862444,True
40,98,25,0,3.4602545499801636,3.452771842479706,0.007482707500457764,True,0.4724715570158107,True
40,81,26,0,2.677106645372179,2.677009688483344,9.695688883493148e-05,True,0.0,False
40,82,26,0,0.5816215379163623,0.5815480584278703,7.347948849201202e-05,True,0.0,False
40,83,26,0,2.025846242904663,2.026287078857422,-0.00044083595275878906,False,0.0,False
40,84,26,0,4.694470077753067,4.695786342024803,-0.001316264271736145,False,0.0,False
40,85,26,0,1.3125060993645872,1.3109325213091714,0.001573578055415803,True,0.0,False
40,86,26,0,1.8340740871083523,1.8308677655378622,0.003206321570490056,True,0.0,False
40,87,26,0,2.8316342743734517,2.8320806796352067,-0.0004464052617549896,False,0.0,False
40,89,26,0,3.0777362108230593,3.0767406463623046,0.000995564460754661,True,0.0,False
40,90,26,0,0.26769787818193436,0.2669927813112736,0.0007050968706607819,True,0.0,False
40,92,26,0,2.425900173187256,2.4220396995544435,0.0038604736328125,True,0.3043654791801316,True
40,93,26,0,6.313412761688232,6.312855339050293,0.0005574226379394531,True,0.0,False
40,94,26,0,2.016713333129883,2.011372470855713,0.005340862274170188,True,0.35426774881232287,True
40,95,26,0,2.0979898452758787,2.099242115020752,-0.0012522697448731357,False,0.0,False
40,96,26,0,1.9819680731743574,1.9806580822914839,0.0013099908828735352,True,0.0,False
40,97,26,0,4.203096866607666,4.200263142585754,0.002833724021911621,True,0.0,False
40,98,26,0,3.4602545499801636,3.4598122239112854,0.00044232606887817383,True,0.0,False
40,99,26,0,2.822350025177002,2.829647421836853,-0.007297396659851074,False,0.0,False
50,80,0,0,3.151764498816596,3.1609136793348522,-0.009149180518256195,False,0.0,False
50,82,0,0,0.5736735351383686,0.5674326121807098,0.006240922957658768,True,0.3462963958228256,True
50,84,0,0,4.6443930715322495,4.640565946698189,0.003827124834060669,True,0.0,False
50,85,0,0,1.300022184316601,1.3005666775362832,-0.0005444932196820851,False,0.0,False
50,86,0,0,1.8368912394424635,1.8416096827547466,-0.004718443312283105,False,0.0,False
50,87,0,0,2.8312794752418995,2.8329130367686353,-0.0016335615267357717,False,0.0,False
50,88,0,0,1.1250958442687988,1.1237792770067851,0.0013165672620136792,True,0.0,False
50,89,0,0,3.196625304222107,3.1917036533355714,0.004921650886535733,True,0.2909643181834175,True
50,90,0,0,0.2551880069077015,0.2546622440218925,0.0005257628858089669,True,0.0,False
50,91,0,0,2.599055767059326,2.5994553089141847,-0.0003995418548585761,False,0.0,False
50,92,0,0,2.4485355377197267,2.4444600105285645,0.004075527191162109,True,0.0,False
50,93,0,0,6.249181270599365,6.257909297943115,-0.00872802734375,False,0.0,False
50,94,0,0,2.0409440994262695,2.042223584651947,-0.0012794852256776679,False,0.0,False
50,95,0,0,2.1187292098999024,2.1149248123168944,0.00380439758300799,True,0.23305349621139423,True
50,96,0,0,1.9578411933034658,1.9588275961577892,-0.0009864028543233871,False,0.0,False
50,97,0,0,4.27439272403717,4.291075229644775,-0.01668250560760498,False,0.0,False
50,98,0,0,3.389186143875122,3.395200729370117,-0.006014585494995117,False,0.0,False
50,99,0,0,2.9756739139556885,2.979653835296631,-0.003979921340942383,False,0.0,False
50,80,1,0,3.151764498816596,3.1556732389662,-0.003908740149603851,False,0.0,False
50,81,1,0,2.7152359220716686,2.7105387581719294,0.004697163899739287,True,0.26344002947713024,True
50,82,1,0,0.5736735351383686,0.5806833626702428,-0.00700982753187418,False,0.0,False
50,83,1,0,2.0929529666900635,2.0962542295455933,-0.003301262855529785,False,0.0,False
50,84,1,0,4.6443930715322495,4.647350884974003,-0.0029578134417533875,False,0.0,False
50,85,1,0,1.300022184316601,1.298435349549566,0.001586834767035139,True,0.0,False
50,87,1,0,2.8312794752418995,2.8333499742050967,-0.0020704989631972204,False,0.0,False
50,88,1,0,1.1250958442687988,1.128584583600362,-0.00348873933156324,False,0.0,False
50,89,1,0,3.196625304222107,3.193482828140259,0.0031424760818481445,True,0.0,False
50,90,1,0,0.2551880069077015,0.2577464535832405,-0.0025584466755390056,False,0.0,False
50,91,1,0,2.599055767059326,2.598412609100342,0.0006431579589842862,True,0.0,False
50,92,1,0,2.4485355377197267,2.45725154876709,-0.008716011047363192,False,0.0,False
50,93,1,0,6.249181270599365,6.239221096038818,0.009960174560546875,True,0.35743987624448104,True
50,94,1,0,2.0409440994262695,2.0434076309204103,-0.0024635314941408026,False,0.0,False
50,95,1,0,2.1187292098999024,2.1123707771301268,0.006358432769775657,True,0.38951107372160365,True
50,96,1,0,1.9578411933034658,1.9565451107919216,0.0012960825115442276,True,0.0,False
50,97,1,0,4.27439272403717,4.278811573982239,-0.004418849945068359,False,0.0,False
50,98,1,0,3.389186143875122,3.387356698513031,0.0018294453620910645,True,0.0,False
50,99,1,0,2.9756739139556885,2.9659066200256348,0.009767293930053711,True,0.0,False
50,80,2,0,3.151764498816596,3.1520236333211265,-0.00025913450453041165,False,0.0,False
50,81,2,0,2.7152359220716686,2.7212226655748157,-0.005986743503147096,False,0.0,False
50,83,2,0,2.0929529666900635,2.0957013964653015,-0.002748429775238037,False,0.0,False
50,84,2,0,4.6443930715322495,4.641064889729023,0.003328181803226471,True,0.0,False
50,85,2,0,1.300022184316601,1.300502220434802,-0.0004800361182009105,False,0.0,False
50,86,2,0,1.8368912394424635,1.8384636541429376,-0.0015724147004740896,False,0.0,False
50,87,2,0,2.8312794752418995,2.830374267573158,0.0009052076687416921,True,0.0,False
50,88,2,0,1.1250958442687988,1.1311661054690678,-0.006070261200268989,False,0.0,False
50,89,2,0,3.196625304222107,3.2111822605133056,-0.014556956291198464,False,0.0,False
50,90,2,0,0.2551880069077015,0.25507470071315763,0.0001133061945438607,True,0.0,False
50,92,2,0,2.4485355377197267,2.454811954498291,-0.0062764167785642755,False,0.0,False
50,93,2,0,6.249181270599365,6.242438125610351,0.0067431449890138495,True,0.24199062935292212,True
50,94,2,0,2.0409440994262695,2.048269271850586,-0.007325172424316406,False,0.0,False
50,96,2,0,1.9578411933034658,1.9593755286186934,-0.0015343353152275085,False,0.0,False
50,97,2,0,4.27439272403717,4.275246113538742,-0.0008533895015716553,False,0.0,False
50,98,2,0,3.389186143875122,3.3877357840538025,0.00145035982131958,True,0.0,False
50,99,2,0,2.9756739139556885,2.9806222915649414,-0.00494837760925293,False,0.0,False
50,80,3,0,3.151764498816596,3.155016793145074,-0.003252294328477845,False,0.0,False
50,81,3,0,2.7152359220716686,2.718330913119846,-0.0030949910481772314,False,0.0,False
50,82,3,0,0.5736735351383686,0.5782633582130075,-0.0045898230746388435,False,0.0,False
50,83,3,0,2.0929529666900635,2.09581458568573,-0.002861618995666504,False,0.0,False
50,84,3,0,4.6443930715322495,4.641735814511776,0.0026572570204734802,True,0.0,False
50,85,3,0,1.300022184316601,1.3018760015921933,-0.0018538172755921956,False,0.0,False
50,86,3,0,1.8368912394424635,1.8376807640971882,-0.0007895246547247048,False,0.0,False
50,87,3,0,2.8312794752418995,2.8294938784092665,0.0017855968326330185,True,0.0,False
50,88,3,0,1.1250958442687988,1.121429681777954,0.0036661624908447266,True,0.0,False
50,89,3,0,3.196625304222107,3.2059276342391967,-0.009302330017089577,False,0.0,False
50,91,3,0,2.599055767059326,2.5998849868774414,-0.0008292198181152344,False,0.0,False
50,92,3,0,2.4485355377197267,2.452965259552002,-0.004429721832275302,False,0.0,False
50,93,3,0,6.249181270599365,6.244235420227051,0.004945850372314098,True,0.0,False
50,95,3,0,2.1187292098999024,2.118913459777832,-0.00018424987792942105,False,0.0,False
50,96,3,0,1.9578411933034658,1.9665441997349262,-0.00870300643146038,False,0.0,False
50,97,3,0,4.27439272403717,4.281712055206299,-0.007319331169128418,False,0.0,False
50,98,3,0,3.389186143875122,3.386108934879303,0.003077208995819092,True,0.0,False
50,99,3,0,2.9756739139556885,2.9759535789489746,-0.0002796649932861328,False,0.0,False
50,80,4,0,3.151764498816596,3.152433713277181,-0.0006692144605850991,False,0.0,False
50,81,4,0,2.7152359220716686,2.715794245402018,-0.0005583233303494417,False,0.0,False
50,82,4,0,0.5736735351383686,0.571609603241086,0.0020639318972826004,True,0.0,False
50,83,4,0,2.0929529666900635,2.09573632478714,-0.002783358097076416,False,0.0,False
50,84,4,0,4.6443930715322495,4.64140947163105,0.002983599901199341,True,0.0,False
50,85,4,0,1.300022184316601,1.3010030191923891,-0.0009808348757880392,False,0.0,False
50,86,4,0,1.8368912394424635,1.8397069318619157,-0.0028156924194522315,False,0.0,False
50,87,4,0,2.8312794752418995,2.832627195864916,-0.0013477206230163574,False,0.0,False
50,88,4,0,1.1250958442687988,1.1269146005312602,-0.0018187562624614184,False,0.0,False
50,89,4,0,3.196625304222107,3.198297381401062,-0.0016720771789549005,False,0.0,False
50,90,4,0,0.2551880069077015,0.2548742167651653,0.00031379014253618553,True,0.0,False
50,91,4,0,2.599055767059326,2.592952823638916,0.006102943420410067,True,0.3611267081060763,True
50,93,4,0,6.249181270599365,6.249787521362305,-0.0006062507629396308,False,0.0,False
50,94,4,0,2.0409440994262695,2.0380575180053713,0.00288658142089826,True,0.0,False
50,95,4,0,2.1187292098999024,2.1213218688964846,-0.00259265899658212,False,0.0,False
50,96,4,0,1.9578411933034658,1.960994502529502,-0.0031533092260360718,False,0.0,False
50,98,4,0,3.389186143875122,3.388184905052185,0.0010012388229370117,True,0.0,False
50,99,4,0,2.9756739139556885,2.986238121986389,-0.010564208030700684,False,0.0,False
50,80,5,0,3.151764498816596,3.1582152578565807,-0.00645075903998471,False,0.0,False
50,81,5,0,2.7152359220716686,2.711006588406033,0.004229333665635604,True,0.0,False
50,82,5,0,0.5736735351383686,0.5740310354158282,-0.00035750027745962143,False,0.0,False
50,83,5,0,2.0929529666900635,2.0882387161254883,0.004714250564575195,True,0.35006063610370985,True
50,84,5,0,4.6443930715322495,4.641271933913231,0.0031211376190185547,True,0.0,False
50,85,5,0,1.300022184316601,1.297966256737709,0.0020559275788920583,True,0.2918118447817452,True
50,86,5,0,1.8368912394424635,1.8495482534968428,-0.012657014054379356,False,0.0,False
50,87,5,0,2.8312794752418995,2.8296351420382657,0.0016443332036337743,True,0.0,False
50,88,5,0,1.1250958442687988,1.1281145016352336,-0.003018657366434807,False,0.0,False
50,89,5,0,3.196625304222107,3.1916233777999876,0.005001926422119496,True,0.29571014778743054,True
50,90,5,0,0.2551880069077015,0.25463555529713633,0.0005524516105651633,True,0.0,False
50,91,5,0,2.599055767059326,2.6084304332733153,-0.00937466621398908,False,0.0,False
50,92,5,0,2.4485355377197267,2.449674606323242,-0.0011390686035155362,False,0.0,False
50,93,5,0,6.249181270599365,6.255924987792969,-0.006743717193603338,False,0.0,False
50,94,5,0,2.0409440994262695,2.039092445373535,0.0018516540527344638,True,0.0,False
50,95,5,0,2.1187292098999024,2.1155322074890135,0.0031970024108889383,True,0.0,False
50,96,5,0,1.9578411933034658,1.9597688857465982,-0.0019276924431324005,False,0.0,False
50,97,5,0,4.27439272403717,4.2706581354141235,0.003734588623046875,True,0.0,False
50,98,5,0,3.389186143875122,3.392996311187744,-0.0038101673126220703,False,0.0,False
50,99,5,0,2.9756739139556885,2.985976219177246,-0.010302305221557617,False,0.0,False
50,80,6,0,3.151764498816596,3.154987547132704,-0.003223048316107757,False,0.0,False
50,81,6,0,2.7152359220716686,2.713235855102539,0.002000066969129577,True,0.0,False
50,82,6,0,0.5736735351383686,0.5775003340095282,-0.0038267988711595535,False,0.0,False
50,83,6,0,2.0929529666900635,2.0951104760169983,-0.0021575093269348145,False,0.0,False
50,85,6,0,1.300022184316601,1.299893347280366,0.00012883703623511877,True,0.0,False
50,86,6,0,1.8368912394424635,1.8426941025869124,-0.005802863144448889,False,0.0,False
50,87,6,0,2.8312794752418995,2.8339603108664355,-0.0026808356245360265,False,0.0,False
50,88,6,0,1.1250958442687988,1.1220322847366333,0.0030635595321655273,True,0.0,False
50,89,6,0,3.196625304222107,3.1941343545913696,0.0024909496307374823,True,0.0,False
50,90,6,0,0.2551880069077015,0.2552416600286961,-5.3653120994590076e-05,False,0.0,False
50,91,6,0,2.599055767059326,2.5935507297515867,0.0055050373077394354,True,0.3257470803836325,True
50,92,6,0,2.4485355377197267,2.452260875701904,-0.0037253379821775567,False,0.0,False
50,93,6,0,6.249181270599365,6.252456092834473,-0.003274822235107777,False,0.0,False
50,94,6,0,2.0409440994262695,2.0395687103271483,0.0013753890991212714,True,0.0,False
50,95,6,0,2.1187292098999024,2.1171714782714846,0.00155773162841788,True,0.0,False
50,96,6,0,1.9578411933034658,1.967806801199913,-0.009965607896447182,False,0.0,False
50,97,6,0,4.27439272403717,4.292387247085571,-0.01799452304840088,False,0.0,False
50,98,6,0,3.389186143875122,3.3942103385925293,-0.0050241947174072266,False,0.0,False
50,99,6,0,2.9756739139556885,2.962575912475586,0.013098001480102539,True,0.3148234107540931,True
50,80,7,0,3.151764498816596,3.1624520089891224,-0.010687510172526338,False,0.0,False
50,81,7,0,2.7152359220716686,2.7162437438964844,-0.0010078218248157356,False,0.0,False
50,82,7,0,0.5736735351383686,0.5720726316794753,0.001600903458893299,True,0.0,False
50,83,7,0,2.0929529666900635,2.0893704891204834,0.003582477569580078,True,0.0,False
50,84,7,0,4.6443930715322495,4.64259023219347,0.0018028393387794495,True,0.0,False
50,85,7,0,1.300022184316601,1.3038159071334772,-0.003793722816876066,False,0.0,False
50,86,7,0,1.8368912394424635,1.8343886008619197,0.002502638580543781,True,0.0,False
50,87,7,0,2.8312794752418995,2.83521481603384,-0.003935340791940689,False,0.0,False
50,88,7,0,1.1250958442687988,1.1291298866271973,-0.0040340423583984375,False,0.0,False
50,89,7,0,3.196625304222107,3.1957976102828978,0.0008276939392093396,True,0.0,False
50,90,7,0,0.2551880069077015,0.2558962970972061,-0.0007082901895046345,False,0.0,False
50,91,7,0,2.599055767059326,2.5945607662200927,0.004495000839233487,True,0.0,False
50,92,7,0,2.4485355377197267,2.449047565460205,-0.0005120277404784268,False,0.0,False
50,93,7,0,6.249181270599365,6.243190479278565,0.005990791320800604,True,0.0,False
50,94,7,0,2.0409440994262695,2.0383769989013674,0.002567100524902166,True,0.0,False
50,95,7,0,2.1187292098999024,2.1191888809204102,-0.0004596710205078125,False,0.0,False
50,96,7,0,1.9578411933034658,1.954884596168995,0.0029565971344709396,True,0.0,False
50,97,7,0,4.27439272403717,4.2747907638549805,-0.0003980398178100586,False,0.0,False
50,98,7,0,3.389186143875122,3.389887809753418,-0.0007016658782958984,False,0.0,False
50,99,7,0,2.9756739139556885,2.974785089492798,0.000888824462890625,True,0.0,False
50,80,8,0,3.151764498816596,3.1530573632982044,-0.001292864481608369,False,0.0,False
50,81,8,0,2.7152359220716686,2.7154214647081165,-0.00018554263644787738,False,0.0,False
50,82,8,0,0.5736735351383686,0.5793839003890753,-0.005710365250706673,False,0.0,False
50,84,8,0,4.6443930715322495,4.649142891168594,-0.00474981963634491,False,0.0,False
50,85,8,0,1.300022184316601,1.2997331597975321,0.0002890245190689811,True,0.0,False
50,86,8,0,1.8368912394424635,1.8368506664410233,4.0573001440114e-05,True,0.0,False
50,87,8,0,2.8312794752418995,2.833699472869436,-0.0024199976275363078,False,0.0,False
50,88,8,0,1.1250958442687988,1.1326249440511067,-0.007529099782307869,False,0.0,False
50,89,8,0,3.196625304222107,3.1960747957229616,0.0005505084991455078,True,0.0,False
50,90,8,0,0.2551880069077015,0.25553492829203606,-0.0003469213843345642,False,0.0,False
50,91,8,0,2.599055767059326,2.5972049713134764,0.001850795745849787,True,0.0,False
50,92,8,0,2.4485355377197267,2.454050064086914,-0.005514526367187411,False,0.0,False
50,93,8,0,6.249181270599365,6.247637557983398,0.0015437126159669745,True,0.0,False
50,94,8,0,2.0409440994262695,2.0426908493041993,-0.0017467498779297763,False,0.0,False
50,95,8,0,2.1187292098999024,2.117864418029785,0.000864791870117454,True,0.0,False
50,96,8,0,1.9578411933034658,1.9550200067460537,0.0028211865574121475,True,0.0,False
50,97,8,0,4.27439272403717,4.2771477699279785,-0.0027550458908081055,False,0.0,False
50,98,8,0,3.389186143875122,3.3889564275741577,0.00022971630096435547,True,0.0,False
50,99,8,0,2.9756739139556885,2.9714218378067017,0.004252076148986816,True,0.0,False
50,80,9,0,3.151764498816596,3.1567267841762967,-0.004962285359700669,False,0.0,False
50,81,9,0,2.7152359220716686,2.718057950337728,-0.002822028266059373,False,0.0,False
50,82,9,0,0.5736735351383686,0.5703942310065031,0.0032793041318655014,True,0.0,False
50,83,9,0,2.0929529666900635,2.0929312109947205,2.1755695343017578e-05,True,0.0,False
50,84,9,0,4.6443930715322495,4.64224498718977,0.002148084342479706,True,0.0,False
50,85,9,0,1.300022184316601,1.300273158188377,-0.0002509738717759724,False,0.0,False
50,87,9,0,2.8312794752418995,2.831739074240128,-0.0004595989982285609,False,0.0,False
50,88,9,0,1.1250958442687988,1.1210907101631165,0.004005134105682373,True,0.0,False
50,90,9,0,0.2551880069077015,0.2540616519749165,0.001126354932785012,True,0.2501738412376851,True
50,91,9,0,2.599055767059326,2.598448371887207,0.0006073951721190518,True,0.0,False
50,92,9,0,2.4485355377197267,2.4471253395080566,0.0014101982116700995,True,0.0,False
50,93,9,0,6.249181270599365,6.250044631958008,-0.0008633613586424005,False,0.0,False
50,94,9,0,2.0409440994262695,2.038544273376465,0.0023998260498045987,True,0.0,False
50,95,9,0,2.1187292098999024,2.119500494003296,-0.0007712841033935547,False,0.0,False
50,96,9,0,1.9578411933034658,1.9592714961618185,-0.0014303028583526611,False,0.0,False
50,97,9,0,4.27439272403717,4.2743918895721436,8.344650268554688e-07,False,0.0,False
50,98,9,0,3.389186143875122,3.3889545798301697,0.00023156404495239258,True,0.0,False
50,99,9,0,2.9756739139556885,2.9822843074798584,-0.006610393524169922,False,0.0,False
50,80,10,0,3.151764498816596,3.149485323164198,0.002279175652398102,True,0.0,False
50,81,10,0,2.7152359220716686,2.716822730170356,-0.0015868080986871647,False,0.0,False
50,82,10,0,0.5736735351383686,0.568479367531836,0.005194167606532574,True,0.28821402437511884,True
50,83,10,0,2.0929529666900635,2.0936819911003113,-0.0007290244102478027,False,0.0,False
50,84,10,0,4.6443930715322495,4.648089684545994,-0.0036966130137443542,False,0.0,False
50,85,10,0,1.300022184316601,1.3015491834708623,-0.0015269991542612438,False,0.0,False
50,86,10,0,1.8368912394424635,1.8307141792029142,0.006177060239549226,True,0.3181287059126487,True
50,87,10,0,2.8312794752418995,2.8311172177394233,0.00016225750247622628,True,0.0,False
50,88,10,0,1.1250958442687988,1.115782876809438,0.009312967459360832,True,0.2837726002766687,True
50,89,10,0,3.196625304222107,3.2025212049484253,-0.005895900726318182,False,0.0,False
50,90,10,0,0.2551880069077015,0.25532889664173125,-0.0001408897340297588,False,0.0,False
50,91,10,0,2.599055767059326,2.603742742538452,-0.004686975479125888,False,0.0,False
50,92,10,0,2.4485355377197267,2.443973445892334,0.004562091827392756,True,0.3013506192438126,True
50,93,10,0,6.249181270599365,6.243949604034424,0.005231666564941229,True,0.0,False
50,94,10,0,2.0409440994262695,2.0475658416748046,-0.006621742248535067,False,0.0,False
50,95,10,0,2.1187292098999024,2.122702121734619,-0.003972911834716708,False,0.0,False
50,96,10,0,1.9578411933034658,1.9561871122568846,0.0016540810465812683,True,0.0,False
50,97,10,0,4.27439272403717,4.281819701194763,-0.0074269771575927734,False,0.0,False
50,98,10,0,3.389186143875122,3.385044813156128,0.004141330718994141,True,0.28995305164319246,True
50,99,10,0,2.9756739139556885,2.977198600769043,-0.0015246868133544922,False,0.0,False
50,80,11,0,3.151764498816596,3.143634213341607,0.008130285474988952,True,0.44446311008900496,True
50,81,11,0,2.7152359220716686,2.715831438700358,-0.0005955166286892855,False,0.0,False
50,82,11,0,0.5736735351383686,0.575644800439477,-0.0019712653011083603,False,0.0,False
50,83,11,0,2.0929529666900635,2.097430646419525,-0.00447767972946167,False,0.0,False
50,84,11,0,4.6443930715322495,4.637979432940483,0.006413638591766357,True,0.32264803895956407,True
50,85,11,0,1.300022184316601,1.299333915646587,0.0006882686700140361,True,0.0,False
50,86,11,0,1.8368912394424635,1.8406733562504607,-0.0037821168079972267,False,0.0,False
50,87,11,0,2.8312794752418995,2.830191424737374,0.0010880505045256506,True,0.0,False
50,88,11,0,1.1250958442687988,1.1352033217748005,-0.010107477506001716,False,0.0,False
50,89,11,0,3.196625304222107,3.2181174993515014,-0.021492195129394265,False,0.0,False
50,90,11,0,0.2551880069077015,0.25849794000387194,-0.0033099330961704476,False,0.0,False
50,91,11,0,2.599055767059326,2.6007500648498536,-0.0016942977905274326,False,0.0,False
50,92,11,0,2.4485355377197267,2.450535774230957,-0.00200023651123038,False,0.0,False
50,93,11,0,6.249181270599365,6.238019275665283,0.011161994934082209,True,0.40056949440259687,True
50,94,11,0,2.0409440994262695,2.0533884048461912,-0.012444305419921697,False,0.0,False
50,95,11,0,2.1187292098999024,2.112567901611328,0.006161308288574308,True,0.37743543006700214,True
50,96,11,0,1.9578411933034658,1.9544377140700817,0.0034034792333841324,True,0.0,False
50,97,11,0,4.27439272403717,4.296751260757446,-0.02235853672027588,False,0.0,False
50,98,11,0,3.389186143875122,3.3855870962142944,0.0035990476608276367,True,0.25198539384454877,True
50,99,11,0,2.9756739139556885,2.9593448638916016,0.016329050064086914,True,0.39248485682030476,True
50,80,12,0,3.151764498816596,3.1525102191501193,-0.0007457203335232698,False,0.0,False
50,81,12,0,2.7152359220716686,2.7087415059407554,0.006494416130913283,True,0.36423876481284956,True
50,82,12,0,0.5736735351383686,0.5761082479730248,-0.0024347128346562386,False,0.0,False
50,83,12,0,2.0929529666900635,2.0948365926742554,-0.0018836259841918945,False,0.0,False
50,84,12,0,4.6443930715322495,4.644780196249485,-0.0003871247172355652,False,0.0,False
50,86,12,0,1.8368912394424635,1.8376793467572756,-0.0007881073148121587,False,0.0,False
50,87,12,0,2.8312794752418995,2.8333986457437277,-0.0021191705018281937,False,0.0,False
50,88,12,0,1.1250958442687988,1.1297452847162883,-0.004649440447489495,False,0.0,False
50,89,12,0,3.196625304222107,3.199982237815857,-0.00335693359375,False,0.0,False
50,91,12,0,2.599055767059326,2.5981635093688964,0.0008922576904297763,True,0.0,False
50,92,12,0,2.4485355377197267,2.4515480041503905,-0.003012466430663885,False,0.0,False
50,93,12,0,6.249181270599365,6.251186752319336,-0.0020054817199710584,False,0.0,False
50,94,12,0,2.0409440994262695,2.0410345077514647,-9.040832519513486e-05,False,0.0,False
50,95,12,0,2.1187292098999024,2.117153263092041,0.0015759468078613281,True,0.0,False
50,96,12,0,1.9578411933034658,1.9531828258186579,0.004658367484807968,True,0.3552442641493407,True
50,97,12,0,4.27439272403717,4.2778542041778564,-0.003461480140686035,False,0.0,False
50,98,12,0,3.389186143875122,3.388216733932495,0.0009694099426269531,True,0.0,False
50,99,12,0,2.9756739139556885,2.98228120803833,-0.0066072940826416016,False,0.0,False
50,80,13,0,3.151764498816596,3.155704392327203,-0.003939893510606751,False,0.0,False
50,81,13,0,2.7152359220716686,2.7129747602674694,0.0022611618041992188,True,0.0,False
50,82,13,0,0.5736735351383686,0.5709577081725001,0.002715826965868473,True,0.0,False
50,83,13,0,2.0929529666900635,2.095153510570526,-0.0022005438804626465,False,0.0,False
50,84,13,0,4.6443930715322495,4.640935555100441,0.0034575164318084717,True,0.0,False
50,85,13,0,1.300022184316601,1.3003882244229317,-0.0003660401063305674,False,0.0,False
50,86,13,0,1.8368912394424635,1.8368339400206293,5.7299421834189346e-05,True,0.0,False
50,88,13,0,1.1250958442687988,1.134946842988332,-0.00985099871953321,False,0.0,False
50,89,13,0,3.196625304222107,3.189633917808533,0.006991386413574219,True,0.41332553402915195,True
50,90,13,0,0.2551880069077015,0.25459450408816336,0.0005935028195381276,True,0.0,False
50,91,13,0,2.599055767059326,2.6024585723876954,-0.0034028053283692294,False,0.0,False
50,92,13,0,2.4485355377197267,2.444976806640625,0.0035587310791016513,True,0.0,False
50,93,13,0,6.249181270599365,6.245604801177978,0.0035764694213868964,True,0.0,False
50,94,13,0,2.0409440994262695,2.039552944898605,0.0013911545276643622,True,0.0,False
50,95,13,0,2.1187292098999024,2.1197033643722536,-0.000974154472351163,False,0.0,False
50,96,13,0,1.9578411933034658,1.9588768519461155,-0.0010356586426496506,False,0.0,False
50,97,13,0,4.27439272403717,4.269163250923157,0.005229473114013672,True,0.0,False
50,98,13,0,3.389186143875122,3.3903461694717407,-0.0011600255966186523,False,0.0,False
50,99,13,0,2.9756739139556885,2.9869754314422607,-0.011301517486572266,False,0.0,False
50,80,14,0,3.151764498816596,3.1464525858561196,0.005311912960476395,True,0.2903894779830766,True
50,81,14,0,2.7152359220716686,2.7085973951551647,0.006638526916503906,True,0.37232120571002014,True
50,82,14,0,0.5736735351383686,0.5744902649894357,-0.0008167298510670662,False,0.0,False
50,83,14,0,2.0929529666900635,2.0939247608184814,-0.0009717941284179688,False,0.0,False
50,84,14,0,4.6443930715322495,4.646455988287926,-0.0020629167556762695,False,0.0,False
50,86,14,0,1.8368912394424635,1.8347383073664136,0.0021529320760498294,True,0.0,False
50,87,14,0,2.8312794752418995,2.834740485996008,-0.003461010754108429,False,0.0,False
50,88,14,0,1.1250958442687988,1.1141352653503418,0.010960578918457031,True,0.33397646816664117,True
50,89,14,0,3.196625304222107,3.193251872062683,0.0033734321594240946,True,0.0,False
50,90,14,0,0.2551880069077015,0.25575941279530523,-0.0005714058876037376,False,0.0,False
50,91,14,0,2.599055767059326,2.5973809003829955,0.0016748666763306552,True,0.0,False
50,92,14,0,2.4485355377197267,2.448195219039917,0.00034031867980965913,True,0.0,False
50,93,14,0,6.249181270599365,6.256771278381348,-0.0075900077819825995,False,0.0,False
50,94,14,0,2.0409440994262695,2.039617919921875,0.00132617950439462,True,0.0,False
50,95,14,0,2.1187292098999024,2.117626762390137,0.001102447509765625,True,0.0,False
50,97,14,0,4.27439272403717,4.282149106264114,-0.00775638222694397,False,0.0,False
50,98,14,0,3.389186143875122,3.3899567127227783,-0.00077056884765625,False,0.0,False
50,99,14,0,2.9756739139556885,2.969451427459717,0.00622248649597168,True,0.0,False
50,80,15,0,3.151764498816596,3.160877651638455,-0.009113152821858872,False,0.0,False
50,81,15,0,2.7152359220716686,2.7186622619628906,-0.0034263398912219856,False,0.0,False
50,82,15,0,0.5736735351383686,0.5718564875423908,0.0018170475959777832,True,0.0,False
50,83,15,0,2.0929529666900635,2.097897171974182,-0.004944205284118652,False,0.0,False
50,85,15,0,1.300022184316601,1.299821404474122,0.00020077984247901526,True,0.0,False
50,86,15,0,1.8368912394424635,1.8364909488175596,0.00040029062490387624,True,0.0,False
50,87,15,0,2.8312794752418995,2.833015019694964,-0.0017355444530644526,False,0.0,False
50,89,15,0,3.196625304222107,3.1965650796890257,6.022453308140996e-05,True,0.0,False
50,90,15,0,0.2551880069077015,0.255031943321228,0.00015606358647346497,True,0.0,False
50,91,15,0,2.599055767059326,2.596801424026489,0.002254343032837003,True,0.0,False
50,92,15,0,2.4485355377197267,2.445341396331787,0.0031941413879397196,True,0.0,False
50,93,15,0,6.249181270599365,6.248309707641601,0.0008715629577640271,True,0.0,False
50,94,15,0,2.0409440994262695,2.040144348144531,0.0007997512817383701,True,0.0,False
50,95,15,0,2.1187292098999024,2.119135284423828,-0.0004060745239256036,False,0.0,False
50,96,15,0,1.9578411933034658,1.954347936436534,0.0034932568669319153,True,0.26639363880692546,True
50,97,15,0,4.27439272403717,4.272292256355286,0.0021004676818847656,True,0.0,False
50,98,15,0,3.389186143875122,3.389007806777954,0.00017833709716796875,True,0.0,False
50,99,15,0,2.9756739139556885,2.9829154014587402,-0.007241487503051758,False,0.0,False
50,80,16,0,3.151764498816596,3.14691432317098,0.004850175645616073,True,0.2651474119279184,True
50,81,16,0,2.7152359220716686,2.7197032504611545,-0.004467328389485825,False,0.0,False
50,82,16,0,0.5736735351383686,0.5670867143198848,0.0065868208184838295,True,0.3654895798020555,True
50,83,16,0,2.0929529666900635,2.0937402844429016,-0.0007873177528381348,False,0.0,False
50,84,16,0,4.6443930715322495,4.634953774511814,0.009439297020435333,True,0.47485847997580205,True
50,85,16,0,1.300022184316601,1.2991090353046144,0.0009131490119866914,True,0.0,False
50,86,16,0,1.8368912394424635,1.8425577767193317,-0.005666537276868278,False,0.0,False
50,87,16,0,2.8312794752418995,2.8278586796174445,0.003420795624454964,True,0.3644552873623176,True
50,88,16,0,1.1250958442687988,1.1249654690424602,0.0001303752263386304,True,0.0,False
50,89,16,0,3.196625304222107,3.204095721244812,-0.0074704170227049005,False,0.0,False
50,90,16,0,0.2551880069077015,0.25590548738837243,-0.0007174804806709401,False,0.0,False
50,91,16,0,2.599055767059326,2.6031389236450195,-0.004083156585693359,False,0.0,False
50,92,16,0,2.4485355377197267,2.442959499359131,0.005576038360595614,True,0.36832722278916974,True
50,94,16,0,2.0409440994262695,2.0454727172851563,-0.004528617858886808,False,0.0,False
50,95,16,0,2.1187292098999024,2.116964244842529,0.0017649650573732245,True,0.0,False
50,96,16,0,1.9578411933034658,1.9528796784579754,0.004961514845490456,True,0.37836209704373386,True
50,97,16,0,4.27439272403717,4.267196893692017,0.007195830345153809,True,0.15594068038528558,True
50,98,16,0,3.389186143875122,3.3879074454307556,0.001278698444366455,True,0.0,False
50,99,16,0,2.9756739139556885,2.9892737865448,-0.013599872589111328,False,0.0,False
50,81,17,0,2.7152359220716686,2.718865394592285,-0.003629472520616517,False,0.0,False
50,82,17,0,0.5736735351383686,0.5776612646877766,-0.003987729549407959,False,0.0,False
50,83,17,0,2.0929529666900635,2.0944122076034546,-0.0014592409133911133,False,0.0,False
50,84,17,0,4.6443930715322495,4.644436575472355,-4.350394010543823e-05,False,0.0,False
50,85,17,0,1.300022184316601,1.297331499201911,0.0026906851146901722,True,0.38190731770214004,True
50,86,17,0,1.8368912394424635,1.8378046894046878,-0.0009134499622243109,False,0.0,False
50,87,17,0,2.8312794752418995,2.831972699612379,-0.0006932243704795837,False,0.0,False
50,88,17,0,1.1250958442687988,1.1252544323603313,-0.00015858809153246334,False,0.0,False
50,89,17,0,3.196625304222107,3.199216198921204,-0.0025908946990966797,False,0.0,False
50,90,17,0,0.2551880069077015,0.2549173153936863,0.00027069151401520886,True,0.0,False
50,91,17,0,2.599055767059326,2.5937640190124513,0.005291748046874822,True,0.31312621151029124,True
50,92,17,0,2.4485355377197267,2.449454116821289,-0.0009185791015622335,False,0.0,False
50,93,17,0,6.249181270599365,6.256487655639648,-0.0073063850402830255,False,0.0,False
50,94,17,0,2.0409440994262695,2.039181137084961,0.0017629623413086826,True,0.0,False
50,95,17,0,2.1187292098999024,2.1193108558654785,-0.0005816459655760831,False,0.0,False
50,96,17,0,1.9578411933034658,1.9590924996882677,-0.0012513063848018646,False,0.0,False
50,97,17,0,4.27439272403717,4.269744038581848,0.004648685455322266,True,0.0,False
50,98,17,0,3.389186143875122,3.3909416794776917,-0.00175553560256958,False,0.0,False
50,99,17,0,2.9756739139556885,2.9714536666870117,0.004220247268676758,True,0.0,False
50,80,18,0,3.151764498816596,3.1471643447875977,0.004600154028998382,True,0.0,False
50,81,18,0,2.7152359220716686,2.712127685546875,0.0031082365247936394,True,0.0,False
50,82,18,0,0.5736735351383686,0.5744569739326835,-0.0007834387943148613,False,0.0,False
50,83,18,0,2.0929529666900635,2.0884549617767334,0.004498004913330078,True,0.33400313360302386,True
50,84,18,0,4.6443930715322495,4.643328405916691,0.0010646656155586243,True,0.0,False
50,85,18,0,1.300022184316601,1.297723409320627,0.0022987749959741954,True,0.32628083751611475,True
50,86,18,0,1.8368912394424635,1.835433886319931,0.0014573531225323677,True,0.0,False
50,87,18,0,2.8312794752418995,2.8310387283563614,0.0002407468855381012,True,0.0,False
50,88,18,0,1.1250958442687988,1.1221497654914856,0.0029460787773132324,True,0.0,False
50,89,18,0,3.196625304222107,3.1958966970443727,0.000728607177734375,True,0.0,False
50,90,18,0,0.2551880069077015,0.2560010068118572,-0.0008129999041557312,False,0.0,False
50,91,18,0,2.599055767059326,2.6019429206848144,-0.0028871536254881924,False,0.0,False
50,92,18,0,2.4485355377197267,2.4473172187805177,0.0012183189392089844,True,0.0,False
50,93,18,0,6.249181270599365,6.2494072914123535,-0.00022602081298828125,False,0.0,False
50,94,18,0,2.0409440994262695,2.0440689086914063,-0.0031248092651368076,False,0.0,False
50,95,18,0,2.1187292098999024,2.118001937866211,0.0007272720336914951,True,0.0,False
50,96,18,0,1.9578411933034658,1.9577321335673332,0.00010905973613262177,True,0.0,False
50,97,18,0,4.27439272403717,4.279410719871521,-0.005017995834350586,False,0.0,False
50,98,18,0,3.389186143875122,3.3900949358940125,-0.0009087920188903809,False,0.0,False
50,99,18,0,2.9756739139556885,2.963496685028076,0.012177228927612305,True,0.29269173242560215,True
50,80,19,0,3.151764498816596,3.1490947935316296,0.0026697052849664615,True,0.0,False
50,81,19,0,2.7152359220716686,2.712582376268175,0.002653545803493529,True,0.0,False
50,82,19,0,0.5736735351383686,0.573541147634387,0.00013238750398159027,True,0.0,False
50,83,19,0,2.0929529666900635,2.0886982679367065,0.004254698753356934,True,0.3159362302932663,True
50,84,19,0,4.6443930715322495,4.645637661218643,-0.0012445896863937378,False,0.0,False
50,85,19,0,1.300022184316601,1.3014752785009998,-0.0014530941843986511,False,0.0,False
50,86,19,0,1.8368912394424635,1.836185797849404,0.0007054415930594082,True,0.0,False
50,87,19,0,2.8312794752418995,2.830380802974105,0.0008986722677946091,True,0.0,False
50,88,19,0,1.1250958442687988,1.1210521459579468,0.004043698310852051,True,0.0,False
50,89,19,0,3.196625304222107,3.203764295578003,-0.007138991355895907,False,0.0,False
50,90,19,0,0.2551880069077015,0.257342941313982,-0.0021549344062805065,False,0.0,False
50,91,19,0,2.599055767059326,2.5975693225860597,0.0014864444732665127,True,0.0,False
50,92,19,0,2.4485355377197267,2.4474717140197755,0.0010638236999511719,True,0.0,False
50,93,19,0,6.249181270599365,6.251664066314698,-0.0024827957153323865,False,0.0,False
50,94,19,0,2.0409440994262695,2.0424270629882812,-0.0014829635620117188,False,0.0,False
50,95,19,0,2.1187292098999024,2.1169052124023438,0.0018239974975586826,True,0.0,False
50,96,19,0,1.9578411933034658,1.9564346671104431,0.001406526193022728,True,0.0,False
50,97,19,0,4.27439272403717,4.279151201248169,-0.004758477210998535,False,0.0,False
50,98,19,0,3.389186143875122,3.3875851035118103,0.0016010403633117676,True,0.0,False
50,99,19,0,2.9756739139556885,2.969485282897949,0.006188631057739258,True,0.0,False
50,80,20,0,3.151764498816596,3.1509751743740506,0.0007893244425454249,True,0.0,False
50,83,20,0,2.0929529666900635,2.093102991580963,-0.0001500248908996582,False,0.0,False
50,84,20,0,4.6443930715322495,4.64608720690012,-0.0016941353678703308,False,0.0,False
50,85,20,0,1.300022184316601,1.2999661479677473,5.603634885376074e-05,True,0.0,False
50,86,20,0,1.8368912394424635,1.8399188634939492,-0.003027624051485711,False,0.0,False
50,88,20,0,1.1250958442687988,1.1223402221997578,0.0027556220690410083,True,0.0,False
50,89,20,0,3.196625304222107,3.204897952079773,-0.008272647857666016,False,0.0,False
50,90,20,0,0.2551880069077015,0.25483792796731,0.0003500789403915183,True,0.0,False
50,91,20,0,2.599055767059326,2.5965922355651854,0.0024635314941408026,True,0.0,False
50,92,20,0,2.4485355377197267,2.453997257351875,-0.005461719632148476,False,0.0,False
50,93,20,0,6.249181270599365,6.251312351226806,-0.002131080627441051,False,0.0,False
50,94,20,0,2.0409440994262695,2.0388029336929323,0.0021411657333372247,True,0.0,False
50,95,20,0,2.1187292098999024,2.120578384399414,-0.0018491744995117188,False,0.0,False
50,96,20,0,1.9578411933034658,1.96102786809206,-0.003186674788594246,False,0.0,False
50,97,20,0,4.27439272403717,4.254758059978485,0.019634664058685303,True,0.4255023708987198,True
50,98,20,0,3.389186143875122,3.3874467611312866,0.0017393827438354492,True,0.0,False
50,99,20,0,2.9756739139556885,2.9843673706054688,-0.008693456649780273,False,0.0,False
50,80,21,0,3.151764498816596,3.1513282457987466,0.0004362530178494417,True,0.0,False
50,81,21,0,2.7152359220716686,2.72501097785102,-0.009775055779351227,False,0.0,False
50,83,21,0,2.0929529666900635,2.0995335578918457,-0.0065805912017822266,False,0.0,False
50,84,21,0,4.6443930715322495,4.6435385793447495,0.0008544921875,True,0.0,False
50,85,21,0,1.300022184316601,1.2981193496712617,0.0019028346453393574,True,0.0,False
50,86,21,0,1.8368912394424635,1.8341676917459284,0.0027235476965350447,True,0.0,False
50,87,21,0,2.8312794752418995,2.8275235133866468,0.003755961855252732,True,0.4001642622236871,True
50,88,21,0,1.1250958442687988,1.1262354751427968,-0.0011396308739979322,False,0.0,False
50,89,21,0,3.196625304222107,3.1972747325897215,-0.0006494283676143908,False,0.0,False
50,90,21,0,0.2551880069077015,0.2542478680610657,0.0009401388466357963,True,0.0,False
50,91,21,0,2.599055767059326,2.6049307346343995,-0.005874967575073331,False,0.0,False
50,92,21,0,2.4485355377197267,2.4481069564819338,0.00042858123779287993,True,0.0,False
50,93,21,0,6.249181270599365,6.249518394470215,-0.0003371238708496094,False,0.0,False
50,94,21,0,2.0409440994262695,2.0472530841827394,-0.006308984756469904,False,0.0,False
50,95,21,0,2.1187292098999024,2.1223302841186524,-0.00360107421875,False,0.0,False
50,96,21,0,1.9578411933034658,1.9574726093560457,0.00036858394742012024,True,0.0,False
50,97,21,0,4.27439272403717,4.271280765533447,0.0031119585037231445,True,0.0,False
50,98,21,0,3.389186143875122,3.3880791664123535,0.0011069774627685547,True,0.0,False
50,99,21,0,2.9756739139556885,2.976511597633362,-0.0008376836776733398,False,0.0,False
50,80,22,0,3.151764498816596,3.1512698067559137,0.0004946920606823113,True,0.0,False
50,81,22,0,2.7152359220716686,2.7129261228773327,0.0023097991943359375,True,0.0,False
50,82,22,0,0.5736735351383686,0.5704647982493043,0.003208736889064312,True,0.0,False
50,83,22,0,2.0929529666900635,2.091261386871338,0.001691579818725586,True,0.0,False
50,84,22,0,4.6443930715322495,4.646364390850067,-0.001971319317817688,False,0.0,False
50,85,22,0,1.300022184316601,1.3011495423104082,-0.0011273579938071432,False,0.0,False
50,86,22,0,1.8368912394424635,1.83936010254547,-0.0024688631030065356,False,0.0,False
50,87,22,0,2.8312794752418995,2.833374949172139,-0.0020954739302396774,False,0.0,False
50,88,22,0,1.1250958442687988,1.1256872812906902,-0.0005914370218913501,False,0.0,False
50,89,22,0,3.196625304222107,3.2038253784179687,-0.00720007419586155,False,0.0,False
50,90,22,0,0.2551880069077015,0.2559370085597038,-0.0007490016520023124,False,0.0,False
50,91,22,0,2.599055767059326,2.599657678604126,-0.0006019115447997159,False,0.0,False
50,92,22,0,2.4485355377197267,2.4461942672729493,0.0023412704467773438,True,0.0,False
50,93,22,0,6.249181270599365,6.24949951171875,-0.00031824111938494326,False,0.0,False
50,94,22,0,2.0409440994262695,2.0450902938842774,-0.004146194458007901,False,0.0,False
50,95,22,0,2.1187292098999024,2.119317150115967,-0.0005879402160644531,False,0.0,False
50,96,22,0,1.9578411933034658,1.9560646917670965,0.0017765015363693237,True,0.0,False
50,97,22,0,4.27439272403717,4.274385690689087,7.033348083496094e-06,True,0.0,False
50,98,22,0,3.389186143875122,3.3875823616981506,0.0016037821769714355,True,0.0,False
50,99,22,0,2.9756739139556885,2.971482276916504,0.00419163703918457,True,0.0,False
50,80,23,0,3.151764498816596,3.1587524943881564,-0.006987995571560379,False,0.0,False
50,81,23,0,2.7152359220716686,2.7146322462293835,0.0006036758422851562,True,0.0,False
50,82,23,0,0.5736735351383686,0.5689601199701428,0.004713415168225765,True,0.0,False
50,83,23,0,2.0929529666900635,2.0912429094314575,0.001710057258605957,True,0.0,False
50,84,23,0,4.6443930715322495,4.6403678804636,0.004025191068649292,True,0.20249348106463388,True
50,85,23,0,1.300022184316601,1.3002731863941466,-0.0002510020775454702,False,0.0,False
50,86,23,0,1.8368912394424635,1.8393928167144102,-0.0025015772719467755,False,0.0,False
50,87,23,0,2.8312794752418995,2.8306799170871577,0.000599558154741775,True,0.0,False
50,88,23,0,1.1250958442687988,1.1253183086713154,-0.00022246440251660893,False,0.0,False
50,89,23,0,3.196625304222107,3.1975412607192992,-0.0009159564971921164,False,0.0,False
50,90,23,0,0.2551880069077015,0.25365700870752333,0.0015309982001781575,True,0.34004885095989407,True
50,91,23,0,2.599055767059326,2.597104787826538,0.001950979232788086,True,0.0,False
50,92,23,0,2.4485355377197267,2.444602870941162,0.003932666778564631,True,0.0,False
50,93,23,0,6.249181270599365,6.252415657043457,-0.003234386444091797,False,0.0,False
50,94,23,0,2.0409440994262695,2.0358346939086913,0.005109405517578214,True,0.295871679962009,True
50,95,23,0,2.1187292098999024,2.1189888954162597,-0.00025968551635724424,False,0.0,False
50,96,23,0,1.9578411933034658,1.9626325648277998,-0.004791371524333954,False,0.0,False
50,97,23,0,4.27439272403717,4.27864396572113,-0.004251241683959961,False,0.0,False
50,98,23,0,3.389186143875122,3.3903905153274536,-0.001204371452331543,False,0.0,False
50,99,23,0,2.9756739139556885,2.9805564880371094,-0.0048825740814208984,False,0.0,False
50,80,24,0,3.151764498816596,3.1516608132256403,0.00010368559095574881,True,0.0,False
50,81,24,0,2.7152359220716686,2.718391948276096,-0.0031560262044272314,False,0.0,False
50,82,24,0,0.5736735351383686,0.5771494936197996,-0.0034759584814310074,False,0.0,False
50,83,24,0,2.0929529666900635,2.0918074250221252,0.0011455416679382324,True,0.0,False
50,84,24,0,4.6443930715322495,4.647259071469307,-0.002865999937057495,False,0.0,False
50,85,24,0,1.300022184316601,1.301011458571468,-0.0009892742548669453,False,0.0,False
50,86,24,0,1.8368912394424635,1.832896966221077,0.003994273221386457,True,0.20571160417790416,True
50,87,24,0,2.8312794752418995,2.829070182517171,0.0022092927247285843,True,0.2353804504139953,True
50,88,24,0,1.1250958442687988,1.112550973892212,0.012544870376586914,True,0.38225093155669015,True
50,89,24,0,3.196625304222107,3.1939724922180175,0.002652812004089622,True,0.0,False
50,90,24,0,0.2551880069077015,0.2554661899805069,-0.00027818307280541577,False,0.0,False
50,91,24,0,2.599055767059326,2.599887180328369,-0.0008314132690427911,False,0.0,False
50,92,24,0,2.4485355377197267,2.4547612190246584,-0.0062256813049317294,False,0.0,False
50,93,24,0,6.249181270599365,6.244128894805908,0.005052375793456854,True,0.0,False
50,94,24,0,2.0409440994262695,2.0417200088500977,-0.0007759094238282138,False,0.0,False
50,95,24,0,2.1187292098999024,2.1251331329345704,-0.006403923034667969,False,0.0,False
50,96,24,0,1.9578411933034658,1.9563795030117035,0.001461690291762352,True,0.0,False
50,97,24,0,4.27439272403717,4.270632386207581,0.0037603378295898438,True,0.0,False
50,99,24,0,2.9756739139556885,2.975945472717285,-0.0002715587615966797,False,0.0,False
50,81,25,0,2.7152359220716686,2.7244916492038302,-0.009255727132161606,False,0.0,False
50,82,25,0,0.5736735351383686,0.5752114690840244,-0.0015379339456558228,False,0.0,False
50,83,25,0,2.0929529666900635,2.0954217314720154,-0.0024687647819519043,False,0.0,False
50,84,25,0,4.6443930715322495,4.648687146604061,-0.004294075071811676,False,0.0,False
50,85,25,0,1.300022184316601,1.3011580152170998,-0.0011358309004987355,False,0.0,False
50,86,25,0,1.8368912394424635,1.827645713862564,0.00924552557989955,True,0.4761596899094471,True
50,87,25,0,2.8312794752418995,2.829081485668818,0.0021979895730814825,True,0.0,False
50,88,25,0,1.1250958442687988,1.1201483209927876,0.004947523276011223,True,0.0,False
50,90,25,0,0.2551880069077015,0.25334307104349135,0.0018449358642101399,True,0.40977730780242083,True
50,91,25,0,2.599055767059326,2.5971603393554688,0.0018954277038574219,True,0.0,False
50,92,25,0,2.4485355377197267,2.446941375732422,0.0015941619873047763,True,0.0,False
50,93,25,0,6.249181270599365,6.253546237945557,-0.004364967346191406,False,0.0,False
50,94,25,0,2.0409440994262695,2.0352649688720703,0.005679130554199219,True,0.32886289647859734,True
50,95,25,0,2.1187292098999024,2.1261226654052736,-0.007393455505371183,False,0.0,False
50,96,25,0,1.9578411933034658,1.9564357697963715,0.0014054235070943832,True,0.0,False
50,97,25,0,4.27439272403717,4.255078554153442,0.019314169883728027,True,0.41855694871599464,True
50,98,25,0,3.389186143875122,3.382643759250641,0.006542384624481201,True,0.4580615545122587,True
50,81,26,0,2.7152359220716686,2.7153267330593533,-9.081098768470852e-05,False,0.0,False
50,82,26,0,0.5736735351383686,0.5720074316486716,0.0016661034896969795,True,0.0,False
50,83,26,0,2.0929529666900635,2.0933870673179626,-0.0004341006278991699,False,0.0,False
50,84,26,0,4.6443930715322495,4.645914517343044,-0.0015214458107948303,False,0.0,False
50,85,26,0,1.300022184316601,1.2986586455787932,0.0013635387378079233,True,0.0,False
50,86,26,0,1.8368912394424635,1.8332733502611518,0.003617889181311673,True,0.0,False
50,87,26,0,2.8312794752418995,2.8318909301112094,-0.0006114548693099131,False,0.0,False
50,89,26,0,3.196625304222107,3.194813442230225,0.0018118619918823242,True,0.0,False
50,90,26,0,0.2551880069077015,0.254323473572731,0.0008645333349704964,True,0.0,False
50,92,26,0,2.4485355377197267,2.4435348510742188,0.005000686645507901,True,0.33032215796701764,True
50,93,26,0,6.249181270599365,6.2485908508300785,0.0005904197692867541,True,0.0,False
50,94,26,0,2.0409440994262695,2.03446364402771,0.00648045539855957,True,0.3752654235593936,True
50,95,26,0,2.1187292098999024,2.1203065872192384,-0.0015773773193359375,False,0.0,False
50,96,26,0,1.9578411933034658,1.9565701335668564,0.001271059736609459,True,0.0,False
50,97,26,0,4.27439272403717,4.272159099578857,0.0022336244583129883,True,0.0,False
50,98,26,0,3.389186143875122,3.3893627524375916,-0.00017660856246948242,False,0.0,False
50,99,26,0,2.9756739139556885,2.9848875999450684,-0.009213685989379883,False,0.0,False
60,80,0,0,3.239804744720459,3.248109976450602,-0.008305231730143081,False,0.0,False
60,82,0,0,0.5662671867758036,0.5596439391374588,0.006623247638344765,True,0.391458894123882,True
60,84,0,0,4.636132143437862,4.632499009370804,0.0036331340670585632,True,0.2240557953521027,True
60,85,0,0,1.2894325006221021,1.2898661664554052,-0.0004336658333030652,False,0.0,False
60,86,0,0,1.8190293309411831,1.8240720445423253,-0.005042713601142168,False,0.0,False
60,87,0,0,2.8447551329930625,2.84649363035957,-0.001738497366507552,False,0.0,False
60,88,0,0,1.0597093900044758,1.0582057237625122,0.0015036662419636304,True,0.0,False
60,89,0,0,3.2540337800979615,3.249408173561096,0.004625606536865501,True,0.0,False
60,90,0,0,0.24536863192915917,0.2449614115059376,0.0004072204232215826,True,0.0,False
60,91,0,0,2.5850452899932863,2.5856583595275877,-0.0006130695343014025,False,0.0,False
60,92,0,0,2.462510013580322,2.457795286178589,0.0047147274017333984,True,0.3150842083459473,True
60,93,0,0,6.198284053802491,6.206744861602783,-0.008460807800292791,False,0.0,False
60,94,0,0,2.053299331665039,2.0544699907302855,-0.0011706590652464932,False,0.0,False
60,95,0,0,2.137774848937988,2.133381748199463,0.004393100738525391,True,0.2660763485764828,True
60,96,0,0,1.9222923815250397,1.923095591366291,-0.0008032098412513733,False,0.0,False
60,97,0,0,4.307183861732483,4.32567024230957,-0.018486380577087402,False,0.0,False
60,98,0,0,3.361611247062683,3.3676175475120544,-0.006006300449371338,False,0.0,False
60,99,0,0,3.1183300018310547,3.122593581676483,-0.004263579845428467,False,0.0,False
60,80,1,0,3.239804744720459,3.244045787387424,-0.004241042666965011,False,0.0,False
60,81,1,0,2.746758884853787,2.741264237297906,0.005494647555881027,True,0.0,False
60,82,1,0,0.5662671867758036,0.5737197957932949,-0.007452609017491341,False,0.0,False
60,83,1,0,2.1476547718048096,2.150515556335449,-0.0028607845306396484,False,0.0,False
60,84,1,0,4.636132143437862,4.638782128691673,-0.0026499852538108826,False,0.0,False
60,85,1,0,1.2894325006221021,1.287711544760636,0.0017209558614661447,True,0.0,False
60,87,1,0,2.8447551329930625,2.847076437125603,-0.0023213041325407247,False,0.0,False
60,88,1,0,1.0597093900044758,1.0642875234285991,-0.004578133424123276,False,0.0,False
60,89,1,0,3.2540337800979615,3.2507320642471313,0.003301715850830167,True,0.0,False
60,90,1,0,0.24536863192915917,0.24799579456448556,-0.002627162635326391,False,0.0,False
60,91,1,0,2.5850452899932863,2.5845343112945556,0.0005109786987307352,True,0.0,False
60,92,1,0,2.462510013580322,2.4721271991729736,-0.009617185592651456,False,0.0,False
60,93,1,0,6.198284053802491,6.187972736358643,0.010311317443847834,True,0.4238815098245209,True
60,94,1,0,2.053299331665039,2.055980110168457,-0.0026807785034179688,False,0.0,False
60,95,1,0,2.137774848937988,2.131556510925293,0.006218338012695224,True,0.3766252519826493,True
60,96,1,0,1.9222923815250397,1.9208720549941063,0.0014203265309333801,True,0.0,False
60,97,1,0,4.307183861732483,4.311919212341309,-0.004735350608825684,False,0.0,False
60,98,1,0,3.361611247062683,3.3600854873657227,0.0015257596969604492,True,0.0,False
60,99,1,0,3.1183300018310547,3.1081490516662598,0.010180950164794922,True,0.0,False
60,80,2,0,3.239804744720459,3.23973724577162,6.749894883917307e-05,True,0.0,False
60,81,2,0,2.746758884853787,2.7531310187445746,-0.006372133890787612,False,0.0,False
60,83,2,0,2.1476547718048096,2.1505733728408813,-0.0029186010360717773,False,0.0,False
60,84,2,0,4.636132143437862,4.633546061813831,0.002586081624031067,True,0.0,False
60,85,2,0,1.2894325006221021,1.2899018744272845,-0.0004693738051824159,False,0.0,False
60,86,2,0,1.8190293309411831,1.8199275199856078,-0.0008981890444246243,False,0.0,False
60,87,2,0,2.8447551329930625,2.843745349595944,0.0010097833971185466,True,0.0,False
60,88,2,0,1.0597093900044758,1.0661757563551266,-0.006466366350650787,False,0.0,False
60,89,2,0,3.2540337800979615,3.268661856651306,-0.014628076553344638,False,0.0,False
60,90,2,0,0.24536863192915917,0.24532772451639176,4.090741276741028e-05,True,0.0,False
60,92,2,0,2.462510013580322,2.4694533348083496,-0.006943321228027433,False,0.0,False
60,93,2,0,6.198284053802491,6.191352081298828,0.006931972503662287,True,0.28496212893412265,True
60,94,2,0,2.053299331665039,2.0607573986053467,-0.007458066940307706,False,0.0,False
60,96,2,0,1.9222923815250397,1.9234031792730093,-0.0011107977479696274,False,0.0,False
60,97,2,0,4.307183861732483,4.3068210035562515,0.0003628581762313843,True,0.0,False
60,98,2,0,3.361611247062683,3.3601632118225098,0.0014480352401733398,True,0.0,False
60,99,2,0,3.1183300018310547,3.122349739074707,-0.004019737243652344,False,0.0,False
60,80,3,0,3.239804744720459,3.242464065551758,-0.002659320831298828,False,0.0,False
60,81,3,0,2.746758884853787,2.749676810370551,-0.002917925516764175,False,0.0,False
60,82,3,0,0.5662671867758036,0.5713494047522545,-0.00508221797645092,False,0.0,False
60,83,3,0,2.1476547718048096,2.150220274925232,-0.0025655031204223633,False,0.0,False
60,84,3,0,4.636132143437862,4.633894361555576,0.0022377818822860718,True,0.0,False
60,85,3,0,1.2894325006221021,1.2907629146107606,-0.0013304139886585187,False,0.0,False
60,86,3,0,1.8190293309411831,1.8194982294392372,-0.00046889849805409334,False,0.0,False
60,87,3,0,2.8447551329930625,2.8424226120114326,0.0023325209816298376,True,0.22470081614004725,True
60,88,3,0,1.0597093900044758,1.057750125726064,0.0019592642784118652,True,0.0,False
60,89,3,0,3.2540337800979615,3.2639610290527346,-0.009927248954773038,False,0.0,False
60,91,3,0,2.5850452899932863,2.586780309677124,-0.001735019683837713,False,0.0,False
60,92,3,0,2.462510013580322,2.4663503646850584,-0.0038403511047362393,False,0.0,False
60,93,3,0,6.198284053802491,6.19511833190918,0.003165721893310547,True,0.0,False
60,95,3,0,2.137774848937988,2.138631057739258,-0.0008562088012697977,False,0.0,False
60,96,3,0,1.9222923815250397,1.9310983028262854,-0.00880592130124569,False,0.0,False
60,97,3,0,4.307183861732483,4.313537836074829,-0.006353974342346191,False,0.0,False
60,98,3,0,3.361611247062683,3.358676552772522,0.002934694290161133,True,0.20572431370910457,True
60,99,3,0,3.1183300018310547,3.116821050643921,0.001508951187133789,True,0.0,False
60,80,4,0,3.239804744720459,3.239230685763889,0.0005740589565701448,True,0.0,False
60,81,4,0,2.746758884853787,2.7480054431491427,-0.001246558295355804,False,0.0,False
60,82,4,0,0.5662671867758036,0.564372705295682,0.0018944814801216125,True,0.0,False
60,83,4,0,2.1476547718048096,2.150247573852539,-0.002592802047729492,False,0.0,False
60,84,4,0,4.636132143437862,4.6330935806035995,0.003038562834262848,True,0.0,False
60,85,4,0,1.2894325006221021,1.2902742736041546,-0.0008417729820524578,False,0.0,False
60,86,4,0,1.8190293309411831,1.822348175969507,-0.0033188450283239135,False,0.0,False
60,87,4,0,2.8447551329930625,2.845732788244883,-0.000977655251820586,False,0.0,False
60,88,4,0,1.0597093900044758,1.0610521634419758,-0.0013427734375,False,0.0,False
60,89,4,0,3.2540337800979615,3.2557255268096923,-0.0016917467117307794,False,0.0,False
60,90,4,0,0.24536863192915917,0.2449719324707985,0.0003966994583606831,True,0.0,False
60,91,4,0,2.5850452899932863,2.5787966728210447,0.006248617172241566,True,0.38601891755751117,True
60,93,4,0,6.198284053802491,6.199750995635986,-0.0014669418334953832,False,0.0,False
60,94,4,0,2.053299331665039,2.050202178955078,0.0030971527099610263,True,0.0,False
60,95,4,0,2.137774848937988,2.1406901836395265,-0.0029153347015382636,False,0.0,False
60,96,4,0,1.9222923815250397,1.9257462806999683,-0.003453899174928665,False,0.0,False
60,98,4,0,3.361611247062683,3.3608824610710144,0.0007287859916687012,True,0.0,False
60,99,4,0,3.1183300018310547,3.128928303718567,-0.010598301887512207,False,0.0,False
60,80,5,0,3.239804744720459,3.245888868967692,-0.006084124247232925,False,0.0,False
60,81,5,0,2.746758884853787,2.7432278527153864,0.0035310321384005583,True,0.0,False
60,82,5,0,0.5662671867758036,0.5668068863451481,-0.0005396995693445206,False,0.0,False
60,83,5,0,2.1476547718048096,2.14327073097229,0.004384040832519531,True,0.32520095147983413,True
60,84,5,0,4.636132143437862,4.632743261754513,0.0033888816833496094,True,0.0,False
60,85,5,0,1.2894325006221021,1.2873105087450571,0.002121991877044982,True,0.0,False
60,86,5,0,1.8190293309411831,1.8320292778579252,-0.012999946916742111,False,0.0,False
60,87,5,0,2.8447551329930625,2.8431589640676975,0.0015961689253649602,True,0.0,False
60,88,5,0,1.0597093900044758,1.0627655188242595,-0.0030561288197836767,False,0.0,False
60,89,5,0,3.2540337800979615,3.248972773551941,0.005061006546020597,True,0.30469412742454216,True
60,90,5,0,0.24536863192915917,0.2447818100452423,0.0005868218839168715,True,0.0,False
60,91,5,0,2.5850452899932863,2.593882989883423,-0.008837699890136719,False,0.0,False
60,92,5,0,2.462510013580322,2.4639354705810548,-0.0014254570007325995,False,0.0,False
60,93,5,0,6.198284053802491,6.204521560668946,-0.006237506866455078,False,0.0,False
60,94,5,0,2.053299331665039,2.0515060424804688,0.0017932891845702237,True,0.0,False
60,95,5,0,2.137774848937988,2.1352123260498046,0.0025625228881835938,True,0.0,False
60,96,5,0,1.9222923815250397,1.9243209771811962,-0.00202859565615654,False,0.0,False
60,97,5,0,4.307183861732483,4.303771257400513,0.003412604331970215,True,0.0,False
60,98,5,0,3.361611247062683,3.3653602600097656,-0.0037490129470825195,False,0.0,False
60,99,5,0,3.1183300018310547,3.128110647201538,-0.009780645370483398,False,0.0,False
60,80,6,0,3.239804744720459,3.2419937451680503,-0.002189000447591294,False,0.0,False
60,81,6,0,2.746758884853787,2.7444288465711804,0.0023300382826065835,True,0.0,False
60,82,6,0,0.5662671867758036,0.5716046318411827,-0.005337445065379143,False,0.0,False
60,83,6,0,2.1476547718048096,2.149368643760681,-0.001713871955871582,False,0.0,False
60,85,6,0,1.2894325006221021,1.288551505122866,0.000880995499236148,True,0.0,False
60,86,6,0,1.8190293309411831,1.824507899648909,-0.005478568707725895,False,0.0,False
60,87,6,0,2.8447551329930625,2.847422707825899,-0.002667574832836639,False,0.0,False
60,88,6,0,1.0597093900044758,1.0571890672047932,0.002520322799682617,True,0.0,False
60,89,6,0,3.2540337800979615,3.2493081092834473,0.004725670814514249,True,0.2845054896157379,True
60,90,6,0,0.24536863192915917,0.24540332779288293,-3.4695863723760434e-05,False,0.0,False
60,91,6,0,2.5850452899932863,2.5784833908081053,0.006561899185181019,True,0.40537244493671265,True
60,92,6,0,2.462510013580322,2.467682933807373,-0.005172920227050959,False,0.0,False
60,93,6,0,6.198284053802491,6.20154972076416,-0.0032656669616697442,False,0.0,False
60,94,6,0,2.053299331665039,2.0518142700195314,0.001485061645507546,True,0.0,False
60,95,6,0,2.137774848937988,2.1362916469573974,0.0014832019805908203,True,0.0,False
60,96,6,0,1.9222923815250397,1.9316458608955145,-0.009353479370474815,False,0.0,False
60,97,6,0,4.307183861732483,4.325408458709717,-0.018224596977233887,False,0.0,False
60,98,6,0,3.361611247062683,3.367299795150757,-0.0056885480880737305,False,0.0,False
60,99,6,0,3.1183300018310547,3.1043076515197754,0.014022350311279297,True,0.3151267708266358,True
60,80,7,0,3.239804744720459,3.2512911690606012,-0.011486424340142243,False,0.0,False
60,81,7,0,2.746758884853787,2.747560289171007,-0.0008014043172202001,False,0.0,False
60,82,7,0,0.5662671867758036,0.5626922398805618,0.0035749468952417374,True,0.0,False
60,83,7,0,2.1476547718048096,2.143351137638092,0.004303634166717529,True,0.0,False
60,84,7,0,4.636132143437862,4.633920423686504,0.0022117197513580322,True,0.0,False
60,85,7,0,1.2894325006221021,1.2935704780476434,-0.004137977425541228,False,0.0,False
60,86,7,0,1.8190293309411831,1.8167622980794735,0.0022670328617095947,True,0.0,False
60,87,7,0,2.8447551329930625,2.847759038209915,-0.003003905216852676,False,0.0,False
60,88,7,0,1.0597093900044758,1.0639941096305847,-0.004284719626108879,False,0.0,False
60,89,7,0,3.2540337800979615,3.2528570890426636,0.0011766910552979404,True,0.0,False
60,90,7,0,0.24536863192915917,0.24587044790387153,-0.0005018159747123552,False,0.0,False
60,91,7,0,2.5850452899932863,2.581668472290039,0.003376817703247159,True,0.2086086375057762,True
60,92,7,0,2.462510013580322,2.461487293243408,0.0010227203369139737,True,0.0,False
60,93,7,0,6.198284053802491,6.191743183135986,0.006540870666504439,True,0.0,False
60,94,7,0,2.053299331665039,2.050960922241211,0.002338409423828125,True,0.0,False
60,95,7,0,2.137774848937988,2.137546443939209,0.00022840499877929688,True,0.0,False
60,96,7,0,1.9222923815250397,1.9190219724550843,0.003270409069955349,True,0.27531816542838206,True
60,97,7,0,4.307183861732483,4.307507038116455,-0.00032317638397216797,False,0.0,False
60,98,7,0,3.361611247062683,3.3619850277900696,-0.0003737807273864746,False,0.0,False
60,99,7,0,3.1183300018310547,3.1180195808410645,0.0003104209899902344,True,0.0,False
60,80,8,0,3.239804744720459,3.2402556207444935,-0.00045087602403448557,False,0.0,False
60,81,8,0,2.746758884853787,2.7464058134290905,0.00035307142469642727,True,0.0,False
60,82,8,0,0.5662671867758036,0.5717047248035669,-0.005437538027763367,False,0.0,False
60,84,8,0,4.636132143437862,4.640526600182056,-0.004394456744194031,False,0.0,False
60,85,8,0,1.2894325006221021,1.289010927081108,0.00042157354099403577,True,0.0,False
60,86,8,0,1.8190293309411831,1.8187888651154935,0.0002404658256895953,True,0.0,False
60,87,8,0,2.8447551329930625,2.846922734131416,-0.0021676011383533478,False,0.0,False
60,88,8,0,1.0597093900044758,1.0682615041732788,-0.008552114168802971,False,0.0,False
60,89,8,0,3.2540337800979615,3.253344988822937,0.0006887912750244141,True,0.0,False
60,90,8,0,0.24536863192915917,0.24572535678744317,-0.00035672485828400213,False,0.0,False
60,91,8,0,2.5850452899932863,2.582955265045166,0.0020900249481203836,True,0.0,False
60,92,8,0,2.462510013580322,2.4680420398712157,-0.005532026290893555,False,0.0,False
60,93,8,0,6.198284053802491,6.197314929962158,0.0009691238403322089,True,0.0,False
60,94,8,0,2.053299331665039,2.055198097229004,-0.0018987655639648438,False,0.0,False
60,95,8,0,2.137774848937988,2.136708068847656,0.00106678009033212,True,0.0,False
60,96,8,0,1.9222923815250397,1.9194557555019855,0.002836626023054123,True,0.0,False
60,97,8,0,4.307183861732483,4.309691667556763,-0.002507805824279785,False,0.0,False
60,98,8,0,3.361611247062683,3.3614221811294556,0.00018906593322753906,True,0.0,False
60,99,8,0,3.1183300018310547,3.113667130470276,0.004662871360778809,True,0.0,False
60,80,9,0,3.239804744720459,3.244581487443712,-0.004776742723253236,False,0.0,False
60,81,9,0,2.746758884853787,2.7501608530680337,-0.0034019682142467644,False,0.0,False
60,82,9,0,0.5662671867758036,0.5627517588436604,0.0035154279321432114,True,0.0,False
60,83,9,0,2.1476547718048096,2.1478230953216553,-0.00016832351684570312,False,0.0,False
60,84,9,0,4.636132143437862,4.634131766855717,0.002000376582145691,True,0.0,False
60,85,9,0,1.2894325006221021,1.2895273177751474,-9.481715304526794e-05,False,0.0,False
60,87,9,0,2.8447551329930625,2.8450655471533537,-0.00031041416029120583,False,0.0,False
60,88,9,0,1.0597093900044758,1.0560222864151,0.00368710358937574,True,0.0,False
60,90,9,0,0.24536863192915917,0.2440990500152111,0.0012695819139480757,True,0.2701287880361135,True
60,91,9,0,2.5850452899932863,2.584627866744995,0.00041742324829119326,True,0.0,False
60,92,9,0,2.462510013580322,2.460580825805664,0.0019291877746581143,True,0.0,False
60,93,9,0,6.198284053802491,6.199241065979004,-0.0009570121765136719,False,0.0,False
60,94,9,0,2.053299331665039,2.0502492904663088,0.0030500411987302023,True,0.0,False
60,95,9,0,2.137774848937988,2.139018201828003,-0.0012433528900146484,False,0.0,False
60,96,9,0,1.9222923815250397,1.9239824134856462,-0.001690031960606575,False,0.0,False
60,97,9,0,4.307183861732483,4.306850552558899,0.0003333091735839844,True,0.0,False
60,98,9,0,3.361611247062683,3.3613945841789246,0.00021666288375854492,True,0.0,False
60,99,9,0,3.1183300018310547,3.1257004737854004,-0.007370471954345703,False,0.0,False
60,80,10,0,3.239804744720459,3.2362961769104004,0.0035085678100585938,True,0.0,False
60,81,10,0,2.746758884853787,2.749384562174479,-0.002625677320692077,False,0.0,False
60,82,10,0,0.5662671867758036,0.5614061476662755,0.004861039109528065,True,0.28730572945696997,True
60,83,10,0,2.1476547718048096,2.148108184337616,-0.0004534125328063965,False,0.0,False
60,84,10,0,4.636132143437862,4.639887191355228,-0.003755047917366028,False,0.0,False
60,85,10,0,1.2894325006221021,1.2911568129701274,-0.0017243123480252809,False,0.0,False
60,86,10,0,1.8190293309411831,1.8127243336556214,0.006304997285561775,True,0.2941407028246298,True
60,87,10,0,2.8447551329930625,2.844556575641036,0.00019855735202645164,True,0.0,False
60,88,10,0,1.0597093900044758,1.0518263578414917,0.007883032162984138,True,0.2611816454142165,True
60,89,10,0,3.2540337800979615,3.2619024753570556,-0.00786869525909406,False,0.0,False
60,90,10,0,0.24536863192915917,0.2459544360637665,-0.0005858041346073206,False,0.0,False
60,91,10,0,2.5850452899932863,2.589502716064453,-0.004457426071166726,False,0.0,False
60,92,10,0,2.462510013580322,2.4575313568115233,0.004978656768798828,True,0.3327225506285751,True
60,93,10,0,6.198284053802491,6.193413829803466,0.004870223999024148,True,0.0,False
60,94,10,0,2.053299331665039,2.059971237182617,-0.006671905517578125,False,0.0,False
60,95,10,0,2.137774848937988,2.1416204452514647,-0.0038455963134764737,False,0.0,False
60,96,10,0,1.9222923815250397,1.9203963913023472,0.0018959902226924896,True,0.0,False
60,97,10,0,4.307183861732483,4.314820766448975,-0.007636904716491699,False,0.0,False
60,98,10,0,3.361611247062683,3.35755318403244,0.00405806303024292,True,0.2844733213554506,True
60,99,10,0,3.1183300018310547,3.118912935256958,-0.0005829334259033203,False,0.0,False
60,80,11,0,3.239804744720459,3.220459991031223,0.01934475368923616,True,0.6198644555813622,True
60,81,11,0,2.746758884853787,2.7410383224487305,0.005720562405056473,True,0.2862126369140422,True
60,82,11,0,0.5662671867758036,0.5726750930771232,-0.006407906301319599,False,0.0,False
60,83,11,0,2.1476547718048096,2.150796890258789,-0.003142118453979492,False,0.0,False
60,84,11,0,4.636132143437862,4.635210506618023,0.0009216368198394775,True,0.0,False
60,85,11,0,1.2894325006221021,1.2848479146403926,0.004584585981709521,True,0.49142785167679204,True
60,86,11,0,1.8190293309411831,1.8222800567080932,-0.003250725766910101,False,0.0,False
60,87,11,0,2.8447551329930625,2.8447244012107453,3.073178231716156e-05,True,0.0,False
60,88,11,0,1.0597093900044758,1.0848217209180195,-0.0251123309135437,False,0.0,False
60,89,11,0,3.2540337800979615,3.258217287063599,-0.004183506965637296,False,0.0,False
60,90,11,0,0.24536863192915917,0.2478810578584671,-0.002512425929307921,False,0.0,False
60,91,11,0,2.5850452899932863,2.584669494628906,0.00037579536438014927,True,0.0,False
60,92,11,0,2.462510013580322,2.469843292236328,-0.007333278656005859,False,0.0,False
60,93,11,0,6.198284053802491,6.191201400756836,0.0070826530456544745,True,0.29115636124135647,True
60,94,11,0,2.053299331665039,2.0624696731567385,-0.009170341491699485,False,0.0,False
60,95,11,0,2.137774848937988,2.1318756103515626,0.005899238586425604,True,0.3572983994408679,True
60,96,11,0,1.9222923815250397,1.919687582179904,0.0026047993451356888,True,0.0,False
60,97,11,0,4.307183861732483,4.330156326293945,-0.022972464561462402,False,0.0,False
60,98,11,0,3.361611247062683,3.3628302812576294,-0.001219034194946289,False,0.0,False
60,99,11,0,3.1183300018310547,3.101151943206787,0.017178058624267578,True,0.38604556462847467,True
60,80,12,0,3.239804744720459,3.240916464063856,-0.001111719343397155,False,0.0,False
60,81,12,0,2.746758884853787,2.7392734951443143,0.007485389709472656,True,0.374510926615135,True
60,82,12,0,0.5662671867758036,0.568486568517983,-0.0022193817421793938,False,0.0,False
60,83,12,0,2.1476547718048096,2.149057924747467,-0.0014031529426574707,False,0.0,False
60,84,12,0,4.636132143437862,4.6368686854839325,-0.0007365420460700989,False,0.0,False
60,86,12,0,1.8190293309411831,1.820046956917005,-0.0010176259758218897,False,0.0,False
60,87,12,0,2.8447551329930625,2.8476919885724783,-0.002936855579415809,False,0.0,False
60,88,12,0,1.0597093900044758,1.0643196900685628,-0.004610300064086914,False,0.0,False
60,89,12,0,3.2540337800979615,3.2565087556838987,-0.0024749755859372335,False,0.0,False
60,91,12,0,2.5850452899932863,2.584132766723633,0.0009125232696534091,True,0.0,False
60,92,12,0,2.462510013580322,2.465926170349121,-0.003416156768798917,False,0.0,False
60,93,12,0,6.198284053802491,6.200490188598633,-0.0022061347961424005,False,0.0,False
60,94,12,0,2.053299331665039,2.053726005554199,-0.00042667388916006743,False,0.0,False
60,95,12,0,2.137774848937988,2.1355597972869873,0.0022150516510008877,True,0.0,False
60,96,12,0,1.9222923815250397,1.9177202731370926,0.0045721083879470825,True,0.3849012360788537,True
60,97,12,0,4.307183861732483,4.311665296554565,-0.0044814348220825195,False,0.0,False
60,98,12,0,3.361611247062683,3.3608914017677307,0.0007198452949523926,True,0.0,False
60,99,12,0,3.1183300018310547,3.123827815055847,-0.0054978132247924805,False,0.0,False
60,80,13,0,3.239804744720459,3.244482411278619,-0.004677666558159821,False,0.0,False
60,81,13,0,2.746758884853787,2.742918438381619,0.0038404464721679688,True,0.0,False
60,82,13,0,0.5662671867758036,0.5635314658284187,0.0027357209473848343,True,0.0,False
60,83,13,0,2.1476547718048096,2.1496353149414062,-0.0019805431365966797,False,0.0,False
60,84,13,0,4.636132143437862,4.631936877965927,0.004195265471935272,True,0.25872250367812266,True
60,85,13,0,1.2894325006221021,1.290144475975207,-0.0007119753531048545,False,0.0,False
60,86,13,0,1.8190293309411831,1.8184862032399647,0.0005431277012184488,True,0.0,False
60,88,13,0,1.0597093900044758,1.0700761477152507,-0.010366757710774888,False,0.0,False
60,89,13,0,3.2540337800979615,3.2472103357315065,0.006823444366454989,True,0.41080038295972,True
60,90,13,0,0.24536863192915917,0.24502948969602584,0.0003391422331333327,True,0.0,False
60,91,13,0,2.5850452899932863,2.590422201156616,-0.005376911163329723,False,0.0,False
60,92,13,0,2.462510013580322,2.459375095367432,0.0031349182128903585,True,0.0,False
60,93,13,0,6.198284053802491,6.19366340637207,0.004620647430420455,True,0.0,False
60,94,13,0,2.053299331665039,2.0528650522232055,0.0004342794418334961,True,0.0,False
60,95,13,0,2.137774848937988,2.137513267993927,0.0002615809440613681,True,0.0,False
60,96,13,0,1.9222923815250397,1.9224436655640602,-0.00015128403902053833,False,0.0,False
60,97,13,0,4.307183861732483,4.301547646522522,0.0056362152099609375,True,0.0,False
60,98,13,0,3.361611247062683,3.3626548051834106,-0.001043558120727539,False,0.0,False
60,99,13,0,3.1183300018310547,3.1290042400360107,-0.010674238204956055,False,0.0,False
60,80,14,0,3.239804744720459,3.2347310384114585,0.005073706309000503,True,0.16257690583872728,True
60,81,14,0,2.746758884853787,2.739977730645074,0.006781154208713058,True,0.3392764364708228,True
60,82,14,0,0.5662671867758036,0.5677572153508663,-0.0014900285750627518,False,0.0,False
60,83,14,0,2.1476547718048096,2.1482121348381042,-0.0005573630332946777,False,0.0,False
60,84,14,0,4.636132143437862,4.638421215116978,-0.0022890716791152954,False,0.0,False
60,86,14,0,1.8190293309411831,1.8169727468463992,0.002056584094783931,True,0.0,False
60,87,14,0,2.8447551329930625,2.8488979215423265,-0.004142788549263976,False,0.0,False
60,88,14,0,1.0597093900044758,1.0491453011830647,0.010564088821411133,True,0.3500107628171354,True
60,89,14,0,3.2540337800979615,3.249431037902832,0.004602742195129572,True,0.0,False
60,90,14,0,0.24536863192915917,0.2457947127521038,-0.00042608082294462446,False,0.0,False
60,91,14,0,2.5850452899932863,2.5820998191833495,0.00294547080993679,True,0.0,False
60,92,14,0,2.462510013580322,2.4629086017608643,-0.0003985881805421698,False,0.0,False
60,93,14,0,6.198284053802491,6.206865215301514,-0.008581161499023438,False,0.0,False
60,94,14,0,2.053299331665039,2.0512363433837892,0.0020629882812497335,True,0.0,False
60,95,14,0,2.137774848937988,2.137670135498047,0.00010471343994122861,True,0.0,False
60,97,14,0,4.307183861732483,4.315189301967621,-0.00800544023513794,False,0.0,False
60,98,14,0,3.361611247062683,3.3631484508514404,-0.0015372037887573242,False,0.0,False
60,99,14,0,3.1183300018310547,3.112030029296875,0.0062999725341796875,True,0.0,False
60,80,15,0,3.239804744720459,3.2481325467427573,-0.008327802022298325,False,0.0,False
60,81,15,0,2.746758884853787,2.7505337397257485,-0.003774854871961608,False,0.0,False
60,82,15,0,0.5662671867758036,0.564591346308589,0.0016758404672145844,True,0.0,False
60,83,15,0,2.1476547718048096,2.152740776538849,-0.005086004734039307,False,0.0,False
60,85,15,0,1.2894325006221021,1.2888376691511698,0.000594831470932311,True,0.0,False
60,86,15,0,1.8190293309411831,1.8186252757108636,0.00040405523031949997,True,0.0,False
60,87,15,0,2.8447551329930625,2.846679357190927,-0.0019242241978645325,False,0.0,False
60,89,15,0,3.2540337800979615,3.2531970262527468,0.0008367538452147549,True,0.0,False
60,90,15,0,0.24536863192915917,0.24523219093680382,0.00013644099235535223,True,0.0,False
60,91,15,0,2.5850452899932863,2.583200740814209,0.0018445491790775037,True,0.0,False
60,92,15,0,2.462510013580322,2.459075927734375,0.003434085845947177,True,0.0,False
60,93,15,0,6.198284053802491,6.197348499298096,0.0009355545043945312,True,0.0,False
60,94,15,0,2.053299331665039,2.052236557006836,0.0010627746582030362,True,0.0,False
60,95,15,0,2.137774848937988,2.1386435508728026,-0.0008687019348143643,False,0.0,False
60,96,15,0,1.9222923815250397,1.9197680093348026,0.0025243721902370453,True,0.0,False
60,97,15,0,4.307183861732483,4.305524110794067,0.0016597509384155273,True,0.0,False
60,98,15,0,3.361611247062683,3.361843228340149,-0.0002319812774658203,False,0.0,False
60,99,15,0,3.1183300018310547,3.1248059272766113,-0.006475925445556641,False,0.0,False
60,80,16,0,3.239804744720459,3.2330151663886175,0.0067895783318414615,True,0.21755863857991053,True
60,81,16,0,2.746758884853787,2.750658141242133,-0.003899256388346206,False,0.0,False
60,82,16,0,0.5662671867758036,0.5608320785686374,0.005435108207166195,True,0.321235376419148,True
60,83,16,0,2.1476547718048096,2.1486058235168457,-0.0009510517120361328,False,0.0,False
60,84,16,0,4.636132143437862,4.627745233476162,0.00838690996170044,True,0.5172217009697746,True
60,85,16,0,1.2894325006221021,1.2881380702768053,0.0012944303452968597,True,0.0,False
60,86,16,0,1.8190293309411831,1.8248715061428291,-0.005842175201645983,False,0.0,False
60,87,16,0,2.8447551329930625,2.8415893533577523,0.003165779635310173,True,0.30497186236527757,True
60,88,16,0,1.0597093900044758,1.0603603919347127,-0.0006510019302368164,False,0.0,False
60,89,16,0,3.2540337800979615,3.260662293434143,-0.006628513336181641,False,0.0,False
60,90,16,0,0.24536863192915917,0.24645417481660842,-0.0010855428874492479,False,0.0,False
60,91,16,0,2.5850452899932863,2.589834976196289,-0.004789686203002574,False,0.0,False
60,92,16,0,2.462510013580322,2.4581015586853026,0.00440845489501962,True,0.0,False
60,94,16,0,2.053299331665039,2.0571907997131347,-0.003891468048095703,False,0.0,False
60,95,16,0,2.137774848937988,2.135809803009033,0.001965045928955078,True,0.0,False
60,96,16,0,1.9222923815250397,1.9182562455534935,0.004036135971546173,True,0.3397805984927642,True
60,97,16,0,4.307183861732483,4.2997589111328125,0.00742495059967041,True,0.14919259701950152,True
60,98,16,0,3.361611247062683,3.3607019782066345,0.000909268856048584,True,0.0,False
60,99,16,0,3.1183300018310547,3.1305456161499023,-0.012215614318847656,False,0.0,False
60,81,17,0,2.746758884853787,2.752494070265028,-0.005735185411241073,False,0.0,False
60,82,17,0,0.5662671867758036,0.5696459226310253,-0.0033787358552217484,False,0.0,False
60,83,17,0,2.1476547718048096,2.149172782897949,-0.0015180110931396484,False,0.0,False
60,84,17,0,4.636132143437862,4.635170139372349,0.0009620040655136108,True,0.0,False
60,85,17,0,1.2894325006221021,1.2868464695555824,0.0025860310665197783,True,0.2772000997384236,True
60,86,17,0,1.8190293309411831,1.8191827989316411,-0.00015346799045801163,False,0.0,False
60,87,17,0,2.8447551329930625,2.8450921004017196,-0.000336967408657074,False,0.0,False
60,88,17,0,1.0597093900044758,1.0619844595591228,-0.002275069554646958,False,0.0,False
60,89,17,0,3.2540337800979615,3.256670022010803,-0.0026362419128416192,False,0.0,False
60,90,17,0,0.24536863192915917,0.24425972402095794,0.0011089079082012288,True,0.0,False
60,91,17,0,2.5850452899932863,2.582068681716919,0.002976608276367365,True,0.0,False
60,92,17,0,2.462510013580322,2.462871265411377,-0.00036125183105495395,False,0.0,False
60,93,17,0,6.198284053802491,6.204953384399414,-0.0066693305969236505,False,0.0,False
60,94,17,0,2.053299331665039,2.0489885330200197,0.004310798645019265,True,0.0,False
60,95,17,0,2.137774848937988,2.13884859085083,-0.001073741912841708,False,0.0,False
60,96,17,0,1.9222923815250397,1.9251658655703068,-0.002873484045267105,False,0.0,False
60,97,17,0,4.307183861732483,4.3032708168029785,0.0039130449295043945,True,0.0,False
60,98,17,0,3.361611247062683,3.3633928894996643,-0.0017816424369812012,False,0.0,False
60,99,17,0,3.1183300018310547,3.1168575286865234,0.00147247314453125,True,0.0,False
60,80,18,0,3.239804744720459,3.235660129123264,0.004144615597195145,True,0.0,False
60,81,18,0,2.746758884853787,2.743744214375814,0.0030146704779729916,True,0.0,False
60,82,18,0,0.5662671867758036,0.5673129362985492,-0.0010457495227456093,False,0.0,False
60,83,18,0,2.1476547718048096,2.142948091030121,0.004706680774688721,True,0.3491338526974807,True
60,84,18,0,4.636132143437862,4.635297678411007,0.0008344650268554688,True,0.0,False
60,85,18,0,1.2894325006221021,1.2872740046254225,0.0021584959966796102,True,0.2313720485847844,True
60,86,18,0,1.8190293309411831,1.817699943336525,0.001329387604658061,True,0.0,False
60,87,18,0,2.8447551329930625,2.844644139210383,0.00011099378267953597,True,0.0,False
60,88,18,0,1.0597093900044758,1.0574085712432861,0.0023008187611897046,True,0.0,False
60,89,18,0,3.2540337800979615,3.253565049171448,0.0004687309265136719,True,0.0,False
60,90,18,0,0.24536863192915917,0.24626943841576576,-0.0009008064866065923,False,0.0,False
60,91,18,0,2.5850452899932863,2.587681293487549,-0.0026360034942625177,False,0.0,False
60,92,18,0,2.462510013580322,2.4624985694885253,1.1444091796875e-05,True,0.0,False
60,93,18,0,6.198284053802491,6.198292064666748,-8.010864257279593e-06,False,0.0,False
60,94,18,0,2.053299331665039,2.0573888778686524,-0.004089546203613459,False,0.0,False
60,95,18,0,2.137774848937988,2.1367944717407226,0.000980377197265625,True,0.0,False
60,96,18,0,1.9222923815250397,1.9218964576721191,0.0003959238529205322,True,0.0,False
60,97,18,0,4.307183861732483,4.31140673160553,-0.004222869873046875,False,0.0,False
60,98,18,0,3.361611247062683,3.362440288066864,-0.0008290410041809082,False,0.0,False
60,99,18,0,3.1183300018310547,3.1050329208374023,0.013297080993652344,True,0.2988276645448895,True
60,80,19,0,3.239804744720459,3.2371157010396323,0.002689043680826675,True,0.0,False
60,81,19,0,2.746758884853787,2.7434568405151367,0.003302044338650223,True,0.0,False
60,82,19,0,0.5662671867758036,0.5664292573928833,-0.0001620706170797348,False,0.0,False
60,83,19,0,2.1476547718048096,2.1432644724845886,0.004390299320220947,True,0.3256651958226852,True
60,84,19,0,4.636132143437862,4.63761144131422,-0.0014792978763580322,False,0.0,False
60,85,19,0,1.2894325006221021,1.2909923563046115,-0.0015598556825093812,False,0.0,False
60,86,19,0,1.8190293309411831,1.8179418600962631,0.0010874708449200021,True,0.0,False
60,87,19,0,2.8447551329930625,2.8441876731812954,0.0005674598117670904,True,0.0,False
60,88,19,0,1.0597093900044758,1.0562536319096882,0.0034557580947875977,True,0.0,False
60,89,19,0,3.2540337800979615,3.2613037109375,-0.007269930839538308,False,0.0,False
60,90,19,0,0.24536863192915917,0.24757313430309297,-0.0022045023739337977,False,0.0,False
60,91,19,0,2.5850452899932863,2.5845909118652344,0.00045437812805193545,True,0.0,False
60,92,19,0,2.462510013580322,2.461787796020508,0.0007222175598142755,True,0.0,False
60,93,19,0,6.198284053802491,6.200030517578125,-0.001746463775634588,False,0.0,False
60,94,19,0,2.053299331665039,2.0555208206176756,-0.00222148895263663,False,0.0,False
60,95,19,0,2.137774848937988,2.135504722595215,0.0022701263427733487,True,0.0,False
60,96,19,0,1.9222923815250397,1.920949313789606,0.0013430677354335785,True,0.0,False
60,97,19,0,4.307183861732483,4.312544941902161,-0.005361080169677734,False,0.0,False
60,98,19,0,3.361611247062683,3.3602413535118103,0.0013698935508728027,True,0.0,False
60,99,19,0,3.1183300018310547,3.111360549926758,0.006969451904296875,True,0.0,False
60,80,20,0,3.239804744720459,3.238496568467882,0.0013081762525768426,True,0.0,False
60,83,20,0,2.1476547718048096,2.1477214694023132,-6.669759750366211e-05,False,0.0,False
60,84,20,0,4.636132143437862,4.63754577934742,-0.0014136359095573425,False,0.0,False
60,85,20,0,1.2894325006221021,1.2895158997603826,-8.339913828048218e-05,False,0.0,False
60,86,20,0,1.8190293309411831,1.8229244308147048,-0.003895099873521657,False,0.0,False
60,88,20,0,1.0597093900044758,1.0574502348899841,0.0022591551144917066,True,0.0,False
60,89,20,0,3.2540337800979615,3.260670614242554,-0.006636834144592374,False,0.0,False
60,90,20,0,0.24536863192915917,0.24515727832913398,0.00021135360002519366,True,0.0,False
60,91,20,0,2.5850452899932863,2.5819859981536863,0.0030592918395999646,True,0.0,False
60,92,20,0,2.462510013580322,2.4677824139595033,-0.005272400379181086,False,0.0,False
60,93,20,0,6.198284053802491,6.200833129882812,-0.0025490760803217327,False,0.0,False
60,94,20,0,2.053299331665039,2.051532429456711,0.0017669022083279806,True,0.0,False
60,95,20,0,2.137774848937988,2.1393144607543944,-0.0015396118164061612,False,0.0,False
60,96,20,0,1.9222923815250397,1.9251375887542963,-0.00284520722925663,False,0.0,False
60,97,20,0,4.307183861732483,4.286664664745331,0.0205191969871521,True,0.41230069428392463,True
60,98,20,0,3.361611247062683,3.3607807755470276,0.0008304715156555176,True,0.0,False
60,99,20,0,3.1183300018310547,3.1263175010681152,-0.007987499237060547,False,0.0,False
60,80,21,0,3.239804744720459,3.2389487160576715,0.0008560286627874447,True,0.0,False
60,81,21,0,2.746758884853787,2.7568030887179904,-0.01004420386420346,False,0.0,False
60,83,21,0,2.1476547718048096,2.1541102528572083,-0.006455481052398682,False,0.0,False
60,84,21,0,4.636132143437862,4.635057523846626,0.0010746195912361145,True,0.0,False
60,85,21,0,1.2894325006221021,1.2878151094274861,0.0016173911946160135,True,0.0,False
60,86,21,0,1.8190293309411831,1.8153181948832102,0.003711136057972908,True,0.0,False
60,87,21,0,2.8447551329930625,2.839872870594263,0.0048822623987994085,True,0.47032732149467515,True
60,88,21,0,1.0597093900044758,1.0614726195732753,-0.0017632295687994848,False,0.0,False
60,89,21,0,3.2540337800979615,3.2562275648117067,-0.002193784713745206,False,0.0,False
60,90,21,0,0.24536863192915917,0.24438642710447311,0.000982204824686056,True,0.0,False
60,91,21,0,2.5850452899932863,2.5913315773010255,-0.006286287307739169,False,0.0,False
60,92,21,0,2.462510013580322,2.460077095031738,0.002432918548584073,True,0.0,False
60,93,21,0,6.198284053802491,6.198610782623291,-0.000326728820800426,False,0.0,False
60,94,21,0,2.053299331665039,2.0599501609802244,-0.006650829315185458,False,0.0,False
60,95,21,0,2.137774848937988,2.1415335655212404,-0.0037587165832522196,False,0.0,False
60,96,21,0,1.9222923815250397,1.921566629782319,0.0007257517427206039,True,0.0,False
60,97,21,0,4.307183861732483,4.3044233322143555,0.0027605295181274414,True,0.0,False
60,98,21,0,3.361611247062683,3.3599594831466675,0.001651763916015625,True,0.0,False
60,99,21,0,3.1183300018310547,3.1184427738189697,-0.00011277198791503906,False,0.0,False
60,80,22,0,3.239804744720459,3.240750206841363,-0.0009454621209039615,False,0.0,False
60,81,22,0,2.746758884853787,2.7447486453586154,0.0020102394951715397,True,0.0,False
60,82,22,0,0.5662671867758036,0.5631696656346321,0.0030975211411714554,True,0.0,False
60,83,22,0,2.1476547718048096,2.145572066307068,0.0020827054977416992,True,0.0,False
60,84,22,0,4.636132143437862,4.6377396285533905,-0.0016074851155281067,False,0.0,False
60,85,22,0,1.2894325006221021,1.2909341246954031,-0.0015016240733010111,False,0.0,False
60,86,22,0,1.8190293309411831,1.8216884618492,-0.002659130908016838,False,0.0,False
60,87,22,0,2.8447551329930625,2.8474970596532025,-0.0027419266601400594,False,0.0,False
60,88,22,0,1.0597093900044758,1.060883601506551,-0.0011742115020751953,False,0.0,False
60,89,22,0,3.2540337800979615,3.2618408679962156,-0.007807087898254128,False,0.0,False
60,90,22,0,0.24536863192915917,0.2462494857609272,-0.0008808538317680303,False,0.0,False
60,91,22,0,2.5850452899932863,2.5867310523986817,-0.001685762405395419,False,0.0,False
60,92,22,0,2.462510013580322,2.4604398727416994,0.0020701408386227804,True,0.0,False
60,93,22,0,6.198284053802491,6.197832775115967,0.00045127868652361514,True,0.0,False
60,94,22,0,2.053299331665039,2.0576473236083985,-0.004347991943359553,False,0.0,False
60,95,22,0,2.137774848937988,2.1368072509765623,0.0009675979614258701,True,0.0,False
60,96,22,0,1.9222923815250397,1.9208635576069355,0.0014288239181041718,True,0.0,False
60,97,22,0,4.307183861732483,4.309298038482666,-0.0021141767501831055,False,0.0,False
60,98,22,0,3.361611247062683,3.3603090047836304,0.0013022422790527344,True,0.0,False
60,99,22,0,3.1183300018310547,3.1116273403167725,0.0067026615142822266,True,0.0,False
60,80,23,0,3.239804744720459,3.247251033782959,-0.0074462890625,False,0.0,False
60,81,23,0,2.746758884853787,2.7473104265001087,-0.0005515416463217626,False,0.0,False
60,82,23,0,0.5662671867758036,0.561883507296443,0.0043836794793605804,True,0.0,False
60,83,23,0,2.1476547718048096,2.1461734771728516,0.0014812946319580078,True,0.0,False
60,84,23,0,4.636132143437862,4.632838450372219,0.0032936930656433105,True,0.0,False
60,85,23,0,1.2894325006221021,1.289558267486947,-0.00012576686484488953,False,0.0,False
60,86,23,0,1.8190293309411831,1.820730410649308,-0.0017010797081249418,False,0.0,False
60,87,23,0,2.8447551329930625,2.843947642172376,0.0008074908206863185,True,0.0,False
60,88,23,0,1.0597093900044758,1.0622235536575317,-0.002514163653055901,False,0.0,False
60,89,23,0,3.2540337800979615,3.2546748161315917,-0.0006410360336301935,False,0.0,False
60,90,23,0,0.24536863192915917,0.24359013065695762,0.0017785012722015547,True,0.3784114974405194,True
60,91,23,0,2.5850452899932863,2.583823251724243,0.001222038269043324,True,0.0,False
60,92,23,0,2.462510013580322,2.4583380699157713,0.00417194366455087,True,0.0,False
60,93,23,0,6.198284053802491,6.200714111328125,-0.0024300575256344104,False,0.0,False
60,94,23,0,2.053299331665039,2.047563934326172,0.0057353973388671875,True,0.3213937393953239,True
60,95,23,0,2.137774848937988,2.1387845993041994,-0.001009750366211204,False,0.0,False
60,96,23,0,1.9222923815250397,1.9279791358858347,-0.005686754360795021,False,0.0,False
60,97,23,0,4.307183861732483,4.31092631816864,-0.0037424564361572266,False,0.0,False
60,98,23,0,3.361611247062683,3.3628569841384888,-0.001245737075805664,False,0.0,False
60,99,23,0,3.1183300018310547,3.1244118213653564,-0.006081819534301758,False,0.0,False
60,80,24,0,3.239804744720459,3.2392401695251465,0.0005645751953125,True,0.0,False
60,81,24,0,2.746758884853787,2.7498071458604603,-0.003048261006673325,False,0.0,False
60,82,24,0,0.5662671867758036,0.5700641227886081,-0.003796936012804508,False,0.0,False
60,83,24,0,2.1476547718048096,2.1466022729873657,0.0010524988174438477,True,0.0,False
60,84,24,0,4.636132143437862,4.63890478014946,-0.0027726367115974426,False,0.0,False
60,85,24,0,1.2894325006221021,1.2903478581990515,-0.0009153575769493827,False,0.0,False
60,86,24,0,1.8190293309411831,1.8143599733178104,0.004669357623372727,True,0.2178348492272226,True
60,87,24,0,2.8447551329930625,2.8425046981622777,0.0022504348307847977,True,0.0,False
60,88,24,0,1.0597093900044758,1.0479743282000225,0.011735061804453384,True,0.3888075917686481,True
60,89,24,0,3.2540337800979615,3.252395009994507,0.0016387701034545898,True,0.0,False
60,90,24,0,0.24536863192915917,0.24575719088315964,-0.000388558954000473,False,0.0,False
60,91,24,0,2.5850452899932863,2.5862276554107666,-0.0011823654174802911,False,0.0,False
60,92,24,0,2.462510013580322,2.46852502822876,-0.006015014648437678,False,0.0,False
60,93,24,0,6.198284053802491,6.193897914886475,0.004386138916015803,True,0.0,False
60,94,24,0,2.053299331665039,2.0546024322509764,-0.0013031005859374112,False,0.0,False
60,95,24,0,2.137774848937988,2.144622802734375,-0.006847953796386808,False,0.0,False
60,96,24,0,1.9222923815250397,1.9204909913241863,0.0018013902008533478,True,0.0,False
60,97,24,0,4.307183861732483,4.303632974624634,0.003550887107849121,True,0.0,False
60,99,24,0,3.1183300018310547,3.1172592639923096,0.0010707378387451172,True,0.0,False
60,81,25,0,2.746758884853787,2.7562695609198675,-0.009510676066080581,False,0.0,False
60,82,25,0,0.5662671867758036,0.5679811341688037,-0.0017139473930001259,False,0.0,False
60,83,25,0,2.1476547718048096,2.1506627798080444,-0.0030080080032348633,False,0.0,False
60,84,25,0,4.636132143437862,4.641494192183018,-0.0053620487451553345,False,0.0,False
60,85,25,0,1.2894325006221021,1.2907917776278086,-0.001359277005706483,False,0.0,False
60,86,25,0,1.8190293309411831,1.808568375384701,0.010460955556482077,True,0.4880244479481476,True
60,87,25,0,2.8447551329930625,2.842527481416861,0.002227651576201417,True,0.0,False
60,88,25,0,1.0597093900044758,1.0553059577941895,0.004403432210286384,True,0.0,False
60,90,25,0,0.24536863192915917,0.24371680170297622,0.0016518302261829543,True,0.3514597145233671,True
60,91,25,0,2.5850452899932863,2.584598350524902,0.00044693946838414433,True,0.0,False
60,92,25,0,2.462510013580322,2.460307788848877,0.002202224731445046,True,0.0,False
60,93,25,0,6.198284053802491,6.2025552749633786,-0.004271221160887961,False,0.0,False
60,94,25,0,2.053299331665039,2.0479595184326174,0.0053398132324216085,True,0.29922644257103553,True
60,95,25,0,2.137774848937988,2.1453034400939943,-0.007528591156006126,False,0.0,False
60,96,25,0,1.9222923815250397,1.920144321396947,0.002148060128092766,True,0.0,False
60,97,25,0,4.307183861732483,4.2853604555130005,0.021823406219482422,True,0.4385067086965739,True
60,98,25,0,3.361611247062683,3.354338824748993,0.0072724223136901855,True,0.5098023649354447,True
60,81,26,0,2.746758884853787,2.7474259270562067,-0.0006670422024197542,False,0.0,False
60,82,26,0,0.5662671867758036,0.5642689540982246,0.001998232677578926,True,0.0,False
60,83,26,0,2.1476547718048096,2.148290991783142,-0.0006362199783325195,False,0.0,False
60,84,26,0,4.636132143437862,4.63818721473217,-0.0020550712943077087,False,0.0,False
60,85,26,0,1.2894325006221021,1.288015477359295,0.0014170232628072377,True,0.0,False
60,86,26,0,1.8190293309411831,1.8151628036451126,0.00386652729607051,True,0.0,False
60,87,26,0,2.8447551329930625,2.84509547551473,-0.00034034252166748047,False,0.0,False
60,89,26,0,3.2540337800979615,3.251749277114868,0.0022845029830933505,True,0.0,False
60,90,26,0,0.24536863192915917,0.2444780468940735,0.0008905850350856837,True,0.0,False
60,92,26,0,2.462510013580322,2.4572400093078612,0.0052700042724609375,True,0.3521932410254776,True
60,93,26,0,6.198284053802491,6.198043441772461,0.00024061203003000742,True,0.0,False
60,94,26,0,2.053299331665039,2.0465291500091554,0.006770181655883611,True,0.37937981803364057,True
60,95,26,0,2.137774848937988,2.139963722229004,-0.0021888732910158026,False,0.0,False
60,96,26,0,1.9222923815250397,1.92138952575624,0.0009028557687997818,True,0.0,False
60,97,26,0,4.307183861732483,4.3045408725738525,0.002642989158630371,True,0.0,False
60,98,26,0,3.361611247062683,3.3617682456970215,-0.0001569986343383789,False,0.0,False
60,99,26,0,3.1183300018310547,3.1283209323883057,-0.009990930557250977,False,0.0,False
70,80,0,0,3.308696746826172,3.31630892223782,-0.00761217541164827,False,0.0,False
70,82,0,0,0.5574173787608743,0.5506235212087631,0.006793857552111149,True,0.40585869571506716,True
70,84,0,0,4.63425400853157,4.630376473069191,0.0038775354623794556,True,0.24078660455234616,True
70,85,0,0,1.2848151251673698,1.2853139340877533,-0.0004988089203834534,False,0.0,False
70,86,0,0,1.8016007861920766,1.8068346778329993,-0.005233891640922694,False,0.0,False
70,87,0,0,2.866618654380242,2.8685229488958917,-0.0019042945156497737,False,0.0,False
70,88,0,0,1.0198025306065877,1.0190604726473491,0.0007420579592385401,True,0.0,False
70,89,0,0,3.321345090866089,3.316136360168457,0.005208730697631836,True,0.2731004722724355,True
70,90,0,0,0.24184029251337053,0.24130896776914595,0.0005313247442245705,True,0.0,False
70,91,0,0,2.58906569480896,2.5896123886108398,-0.0005466938018798828,False,0.0,False
70,92,0,0,2.469246006011963,2.4644737243652344,0.0047722816467286044,True,0.32671302190447826,True
70,93,0,0,6.1627655029296875,6.17080078125,-0.008035278320312145,False,0.0,False
70,94,0,0,2.0662221908569336,2.0670602202415465,-0.0008380293846128595,False,0.0,False
70,95,0,0,2.154809856414795,2.150358867645264,0.0044509887695309835,True,0.27926569493309616,True
70,96,0,0,1.8940694201737642,1.8950120266526937,-0.0009426064789295197,False,0.0,False
70,97,0,0,4.308826327323914,4.327617645263672,-0.0187913179397583,False,0.0,False
70,98,0,0,3.347756087779999,3.3538690209388733,-0.006112933158874512,False,0.0,False
70,99,0,0,3.2242374420166016,3.228860557079315,-0.004623115062713623,False,0.0,False
70,80,1,0,3.308696746826172,3.3125267028808594,-0.0038299560546875,False,0.0,False
70,81,1,0,2.7751642862955728,2.7688188552856445,0.006345431009928237,True,0.29970421456706,True
70,82,1,0,0.5574173787608743,0.5654053492471576,-0.007987970486283302,False,0.0,False
70,83,1,0,2.1893873810768127,2.19233238697052,-0.0029450058937072754,False,0.0,False
70,84,1,0,4.63425400853157,4.636555023491383,-0.0023010149598121643,False,0.0,False
70,85,1,0,1.2848151251673698,1.28303027259452,0.001784852572849882,True,0.0,False
70,87,1,0,2.866618654380242,2.869034346193075,-0.0024156918128332983,False,0.0,False
70,88,1,0,1.0198025306065877,1.0250395933787029,-0.00523706277211522,False,0.0,False
70,89,1,0,3.321345090866089,3.3187893629074097,0.0025557279586791992,True,0.0,False
70,90,1,0,0.24184029251337053,0.24476920068264008,-0.0029289081692695507,False,0.0,False
70,91,1,0,2.58906569480896,2.5883962631225588,0.0006694316864011007,True,0.0,False
70,92,1,0,2.469246006011963,2.4799545288085936,-0.010708522796630593,False,0.0,False
70,93,1,0,6.1627655029296875,6.1521961212158205,0.01056938171386701,True,0.44471195322876,True
70,94,1,0,2.0662221908569336,2.0696664810180665,-0.0034442901611329013,False,0.0,False
70,95,1,0,2.154809856414795,2.1481910705566407,0.006618785858154119,True,0.41527847586223676,True
70,96,1,0,1.8940694201737642,1.8926914483308792,0.0013779718428850174,True,0.0,False
70,97,1,0,4.308826327323914,4.3143534660339355,-0.005527138710021973,False,0.0,False
70,98,1,0,3.347756087779999,3.3463048934936523,0.0014511942863464355,True,0.0,False
70,99,1,0,3.2242374420166016,3.213517665863037,0.010719776153564453,True,0.2891316789597896,True
70,80,2,0,3.308696746826172,3.308076646592882,0.0006201002332897332,True,0.0,False
70,81,2,0,2.7751642862955728,2.781440099080404,-0.006275812784831025,False,0.0,False
70,83,2,0,2.1893873810768127,2.1919674277305603,-0.0025800466537475586,False,0.0,False
70,84,2,0,4.63425400853157,4.631701461970806,0.0025525465607643127,True,0.0,False
70,85,2,0,1.2848151251673698,1.285165660083294,-0.00035053491592407227,False,0.0,False
70,86,2,0,1.8016007861920766,1.8022557411875044,-0.0006549549954277811,False,0.0,False
70,87,2,0,2.866618654380242,2.8655956195046506,0.0010230348755913,True,0.0,False
70,88,2,0,1.0198025306065877,1.026882076015075,-0.00707954540848732,False,0.0,False
70,89,2,0,3.321345090866089,3.336057019233704,-0.014711928367614924,False,0.0,False
70,90,2,0,0.24184029251337053,0.2417670100927353,7.328242063522894e-05,True,0.0,False
70,92,2,0,2.469246006011963,2.475638675689697,-0.0063926696777341085,False,0.0,False
70,93,2,0,6.1627655029296875,6.156786632537842,0.0059788703918455255,True,0.0,False
70,94,2,0,2.0662221908569336,2.0736809730529786,-0.007458782196045011,False,0.0,False
70,96,2,0,1.8940694201737642,1.8946355879306793,-0.0005661677569150925,False,0.0,False
70,97,2,0,4.308826327323914,4.3077215403318405,0.001104786992073059,True,0.0,False
70,98,2,0,3.347756087779999,3.346317410469055,0.0014386773109436035,True,0.0,False
70,99,2,0,3.2242374420166016,3.2280185222625732,-0.0037810802459716797,False,0.0,False
70,80,3,0,3.308696746826172,3.311872217390272,-0.00317547056410028,False,0.0,False
70,81,3,0,2.7751642862955728,2.778040991889106,-0.0028767055935330355,False,0.0,False
70,82,3,0,0.5574173787608743,0.5610565021634102,-0.0036391234025359154,False,0.0,False
70,83,3,0,2.1893873810768127,2.1917630434036255,-0.002375662326812744,False,0.0,False
70,84,3,0,4.63425400853157,4.631406158208847,0.0028478503227233887,True,0.0,False
70,85,3,0,1.2848151251673698,1.2868509170200144,-0.002035791852644575,False,0.0,False
70,86,3,0,1.8016007861920766,1.802573308614748,-0.000972522422671318,False,0.0,False
70,87,3,0,2.866618654380242,2.864491985489925,0.002126668890316985,True,0.24303886135507363,True
70,88,3,0,1.0198025306065877,1.0180040995279949,0.0017984310785927882,True,0.0,False
70,89,3,0,3.321345090866089,3.332772731781006,-0.011427640914916992,False,0.0,False
70,91,3,0,2.58906569480896,2.5905453681945803,-0.0014796733856203836,False,0.0,False
70,92,3,0,2.469246006011963,2.4723638534545898,-0.0031178474426267755,False,0.0,False
70,93,3,0,6.1627655029296875,6.159427452087402,0.003338050842285334,True,0.0,False
70,95,3,0,2.154809856414795,2.1553263664245605,-0.0005165100097657138,False,0.0,False
70,96,3,0,1.8940694201737642,1.9036321062594652,-0.009562686085700989,False,0.0,False
70,97,3,0,4.308826327323914,4.316233038902283,-0.007406711578369141,False,0.0,False
70,98,3,0,3.347756087779999,3.3448418974876404,0.0029141902923583984,True,0.2172813609638383,True
70,99,3,0,3.2242374420166016,3.2229866981506348,0.0012507438659667969,True,0.0,False
70,80,4,0,3.308696746826172,3.308084805806478,0.0006119410196938624,True,0.0,False
70,81,4,0,2.7751642862955728,2.776686668395996,-0.0015223821004233251,False,0.0,False
70,82,4,0,0.5574173787608743,0.5555534958839417,0.001863882876932621,True,0.0,False
70,83,4,0,2.1893873810768127,2.1920714378356934,-0.0026840567588806152,False,0.0,False
70,84,4,0,4.63425400853157,4.63098968565464,0.003264322876930237,True,0.0,False
70,85,4,0,1.2848151251673698,1.2857070240591253,-0.0008918988917554493,False,0.0,False
70,86,4,0,1.8016007861920766,1.8050670673671578,-0.0034662811750811873,False,0.0,False
70,87,4,0,2.866618654380242,2.8674816228449345,-0.0008629684646925817,False,0.0,False
70,88,4,0,1.0198025306065877,1.021374265352885,-0.0015717347462973486,False,0.0,False
70,89,4,0,3.321345090866089,3.3227347135543823,-0.001389622688293457,False,0.0,False
70,90,4,0,0.24184029251337053,0.2413451135158539,0.0004951789975166376,True,0.0,False
70,91,4,0,2.58906569480896,2.58338041305542,0.005685281753539773,True,0.3752821013204007,True
70,93,4,0,6.1627655029296875,6.163684463500976,-0.0009189605712887072,False,0.0,False
70,94,4,0,2.0662221908569336,2.0629016876220705,0.0033205032348631036,True,0.0,False
70,95,4,0,2.154809856414795,2.1577169418334963,-0.0029070854187014383,False,0.0,False
70,96,4,0,1.8940694201737642,1.8977042231708765,-0.003634802997112274,False,0.0,False
70,98,4,0,3.347756087779999,3.347206711769104,0.0005493760108947754,True,0.0,False
70,99,4,0,3.2242374420166016,3.2353742122650146,-0.011136770248413086,False,0.0,False
70,80,5,0,3.308696746826172,3.314467271169027,-0.005770524342854966,False,0.0,False
70,81,5,0,2.7751642862955728,2.7717433505588107,0.003420935736762054,True,0.0,False
70,82,5,0,0.5574173787608743,0.5583359645679593,-0.0009185858070850372,False,0.0,False
70,83,5,0,2.1893873810768127,2.184889316558838,0.0044980645179748535,True,0.3274694183962612,True
70,84,5,0,4.63425400853157,4.631625771522522,0.002628237009048462,True,0.0,False
70,85,5,0,1.2848151251673698,1.2827213262873036,0.002093798880066222,True,0.289600794145372,True
70,86,5,0,1.8016007861920766,1.8145683290702956,-0.012967542878218996,False,0.0,False
70,87,5,0,2.866618654380242,2.8657771684229374,0.0008414859573044886,True,0.0,False
70,88,5,0,1.0198025306065877,1.0231770277023315,-0.003374497095743889,False,0.0,False
70,89,5,0,3.321345090866089,3.3156517505645753,0.005693340301513583,True,0.29850917918600944,True
70,90,5,0,0.24184029251337053,0.2414523646235466,0.0003879278898239191,True,0.0,False
70,91,5,0,2.58906569480896,2.5962889194488525,-0.007223224639892667,False,0.0,False
70,92,5,0,2.469246006011963,2.4710402488708496,-0.00179424285888663,False,0.0,False
70,93,5,0,6.1627655029296875,6.168027305603028,-0.005261802673340199,False,0.0,False
70,94,5,0,2.0662221908569336,2.0643390655517577,0.00188312530517587,True,0.0,False
70,95,5,0,2.154809856414795,2.1521644592285156,0.002645397186279208,True,0.0,False
70,96,5,0,1.8940694201737642,1.8958025053143501,-0.0017330851405858994,False,0.0,False
70,97,5,0,4.308826327323914,4.3058741092681885,0.0029522180557250977,True,0.0,False
70,98,5,0,3.347756087779999,3.3516061305999756,-0.0038500428199768066,False,0.0,False
70,99,5,0,3.2242374420166016,3.2330384254455566,-0.008800983428955078,False,0.0,False
70,80,6,0,3.308696746826172,3.311078919304742,-0.002382172478569977,False,0.0,False
70,81,6,0,2.7751642862955728,2.771890746222602,0.003273540072970871,True,0.0,False
70,82,6,0,0.5574173787608743,0.5620606057345867,-0.004643226973712444,False,0.0,False
70,83,6,0,2.1893873810768127,2.190450668334961,-0.0010632872581481934,False,0.0,False
70,85,6,0,1.2848151251673698,1.2840595447591372,0.0007555804082326478,True,0.0,False
70,86,6,0,1.8016007861920766,1.8066761819645762,-0.005075395772499602,False,0.0,False
70,87,6,0,2.866618654380242,2.8691195050875344,-0.0025008507072925568,False,0.0,False
70,88,6,0,1.0198025306065877,1.017165720462799,0.0026368101437885816,True,0.0,False
70,89,6,0,3.321345090866089,3.316929483413696,0.004415607452392667,True,0.0,False
70,90,6,0,0.24184029251337053,0.24171990975737573,0.00012038275599479675,True,0.0,False
70,91,6,0,2.58906569480896,2.5833603858947756,0.005705308914184304,True,0.376604082403481,True
70,92,6,0,2.469246006011963,2.473969650268555,-0.004723644256591886,False,0.0,False
70,93,6,0,6.1627655029296875,6.166441249847412,-0.0036757469177244317,False,0.0,False
70,94,6,0,2.0662221908569336,2.0650917053222657,0.00113048553466788,True,0.0,False
70,95,6,0,2.154809856414795,2.1532382488250734,0.0015716075897214132,True,0.0,False
70,96,6,0,1.8940694201737642,1.9028351996093988,-0.008765779435634613,False,0.0,False
70,97,6,0,4.308826327323914,4.327433466911316,-0.018607139587402344,False,0.0,False
70,98,6,0,3.347756087779999,3.353551745414734,-0.005795657634735107,False,0.0,False
70,99,6,0,3.2242374420166016,3.210487127304077,0.013750314712524414,True,0.37087076466011176,True
70,80,7,0,3.308696746826172,3.318991184234619,-0.010294437408447266,False,0.0,False
70,81,7,0,2.7751642862955728,2.775334252251519,-0.00016996595594642727,False,0.0,False
70,82,7,0,0.5574173787608743,0.5561050809919834,0.0013122977688908577,True,0.0,False
70,83,7,0,2.1893873810768127,2.185562252998352,0.0038251280784606934,True,0.0,False
70,84,7,0,4.63425400853157,4.632854573428631,0.0013994351029396057,True,0.0,False
70,85,7,0,1.2848151251673698,1.2890026239412171,-0.004187498773847276,False,0.0,False
70,86,7,0,1.8016007861920766,1.7998949674490308,0.0017058187430458727,True,0.0,False
70,87,7,0,2.866618654380242,2.8709384643783173,-0.004319809998075463,False,0.0,False
70,88,7,0,1.0198025306065877,1.025280197461446,-0.0054776668548583984,False,0.0,False
70,89,7,0,3.321345090866089,3.3199377775192263,0.0014073133468626153,True,0.0,False
70,90,7,0,0.24184029251337053,0.24240464270114898,-0.0005643501877784507,False,0.0,False
70,91,7,0,2.58906569480896,2.585315799713135,0.0037498950958250177,True,0.0,False
70,92,7,0,2.469246006011963,2.470114994049072,-0.0008689880371091085,False,0.0,False
70,93,7,0,6.1627655029296875,6.157217693328858,0.0055478096008299005,True,0.0,False
70,94,7,0,2.0662221908569336,2.0632225036621095,0.00299968719482413,True,0.0,False
70,95,7,0,2.154809856414795,2.1555288314819334,-0.0007189750671385831,False,0.0,False
70,96,7,0,1.8940694201737642,1.891643799841404,0.0024256203323602676,True,0.0,False
70,97,7,0,4.308826327323914,4.31000828742981,-0.001181960105895996,False,0.0,False
70,98,7,0,3.347756087779999,3.3482455611228943,-0.0004894733428955078,False,0.0,False
70,99,7,0,3.2242374420166016,3.224735975265503,-0.0004985332489013672,False,0.0,False
70,80,8,0,3.308696746826172,3.309196260240343,-0.0004995134141712043,False,0.0,False
70,81,8,0,2.7751642862955728,2.774346775478787,0.0008175108167858269,True,0.0,False
70,82,8,0,0.5574173787608743,0.5634890934452415,-0.00607171468436718,False,0.0,False
70,84,8,0,4.63425400853157,4.638425797224045,-0.004171788692474365,False,0.0,False
70,85,8,0,1.2848151251673698,1.2840068499956812,0.0008082751716886882,True,0.0,False
70,86,8,0,1.8016007861920766,1.801605467484998,-4.681292921304703e-06,False,0.0,False
70,87,8,0,2.866618654380242,2.8685028981417418,-0.0018842437614998708,False,0.0,False
70,88,8,0,1.0198025306065877,1.0281217694282532,-0.00831923882166552,False,0.0,False
70,89,8,0,3.321345090866089,3.320438599586487,0.000906491279601962,True,0.0,False
70,90,8,0,0.24184029251337053,0.24225656688213348,-0.00041627436876295887,False,0.0,False
70,91,8,0,2.58906569480896,2.587327814102173,0.0017378807067869317,True,0.0,False
70,92,8,0,2.469246006011963,2.4757096767425537,-0.0064636707305907315,False,0.0,False
70,93,8,0,6.1627655029296875,6.161715412139893,0.0010500907897945666,True,0.0,False
70,94,8,0,2.0662221908569336,2.0685619354248046,-0.002339744567871005,False,0.0,False
70,95,8,0,2.154809856414795,2.1536272048950194,0.0011826515197754794,True,0.0,False
70,96,8,0,1.8940694201737642,1.8908304627984762,0.0032389573752880096,True,0.2707004500356725,True
70,97,8,0,4.308826327323914,4.3112311363220215,-0.00240480899810791,False,0.0,False
70,98,8,0,3.347756087779999,3.3476721048355103,8.398294448852539e-05,True,0.0,False
70,99,8,0,3.2242374420166016,3.2183984518051147,0.005838990211486816,True,0.0,False
70,80,9,0,3.308696746826172,3.3130785624186196,-0.004381815592447769,False,0.0,False
70,81,9,0,2.7751642862955728,2.7787724600897894,-0.003608173794216629,False,0.0,False
70,82,9,0,0.5574173787608743,0.5539087997749448,0.003508578985929489,True,0.0,False
70,83,9,0,2.1893873810768127,2.1899101734161377,-0.0005227923393249512,False,0.0,False
70,84,9,0,4.63425400853157,4.632211431860924,0.0020425766706466675,True,0.0,False
70,85,9,0,1.2848151251673698,1.2846530143703734,0.00016211079699646191,True,0.0,False
70,87,9,0,2.866618654380242,2.8669451543440423,-0.00032649996380040847,False,0.0,False
70,88,9,0,1.0198025306065877,1.0166598558425903,0.003142674763997322,True,0.0,False
70,90,9,0,0.24184029251337053,0.24048611596226693,0.001354176551103592,True,0.27764767741056345,True
70,91,9,0,2.58906569480896,2.588761234283447,0.0003044605255126953,True,0.0,False
70,92,9,0,2.469246006011963,2.4671107292175294,0.0021352767944335938,True,0.0,False
70,93,9,0,6.1627655029296875,6.164082717895508,-0.0013172149658204901,False,0.0,False
70,94,9,0,2.0662221908569336,2.0624805450439454,0.0037416458129881924,True,0.0,False
70,95,9,0,2.154809856414795,2.1564287185668944,-0.0016188621520996094,False,0.0,False
70,96,9,0,1.8940694201737642,1.8959032073616982,-0.0018337871879339218,False,0.0,False
70,97,9,0,4.308826327323914,4.308449149131775,0.0003771781921386719,True,0.0,False
70,98,9,0,3.347756087779999,3.347716808319092,3.927946090698242e-05,True,0.0,False
70,99,9,0,3.2242374420166016,3.2329797744750977,-0.008742332458496094,False,0.0,False
70,80,10,0,3.308696746826172,3.305835829840766,0.0028609169854059147,True,0.0,False
70,81,10,0,2.7751642862955728,2.7777560551961265,-0.0025917689005536815,False,0.0,False
70,82,10,0,0.5574173787608743,0.5530004603788257,0.004416918382048607,True,0.2638625729002957,True
70,83,10,0,2.1893873810768127,2.1896735429763794,-0.0002861618995666504,False,0.0,False
70,84,10,0,4.63425400853157,4.638711661100388,-0.004457652568817139,False,0.0,False
70,85,10,0,1.2848151251673698,1.286514070949384,-0.0016989457820142384,False,0.0,False
70,86,10,0,1.8016007861920766,1.7952845131845347,0.006316273007541895,True,0.3006988181472289,True
70,87,10,0,2.866618654380242,2.866893378396829,-0.00027472401658723555,False,0.0,False
70,88,10,0,1.0198025306065877,1.0124489863713582,0.007353544235229492,True,0.2578057575755472,True
70,89,10,0,3.321345090866089,3.3288820505142214,-0.007536959648132502,False,0.0,False
70,90,10,0,0.24184029251337053,0.24281613230705262,-0.0009758397936820984,False,0.0,False
70,91,10,0,2.58906569480896,2.5940195083618165,-0.004953813552856623,False,0.0,False
70,92,10,0,2.469246006011963,2.4651468276977537,0.004099178314209251,True,0.0,False
70,93,10,0,6.1627655029296875,6.156488990783691,0.006276512145996449,True,0.264087346968273,True
70,94,10,0,2.0662221908569336,2.0735506057739257,-0.007328414916992099,False,0.0,False
70,95,10,0,2.154809856414795,2.157913398742676,-0.003103542327881126,False,0.0,False
70,96,10,0,1.8940694201737642,1.8913720417767763,0.002697378396987915,True,0.0,False
70,97,10,0,4.308826327323914,4.316000580787659,-0.007174253463745117,False,0.0,False
70,98,10,0,3.347756087779999,3.343933403491974,0.0038226842880249023,True,0.2850184652715128,True
70,99,10,0,3.2242374420166016,3.2228550910949707,0.0013823509216308594,True,0.0,False
70,80,11,0,3.308696746826172,3.302537282307943,0.006159464518229019,True,0.397801851864513,True
70,81,11,0,2.7751642862955728,2.7708035575018988,0.004360728793673996,True,0.0,False
70,82,11,0,0.5574173787608743,0.5621178168803453,-0.004700438119471073,False,0.0,False
70,83,11,0,2.1893873810768127,2.1925570964813232,-0.003169715404510498,False,0.0,False
70,84,11,0,4.63425400853157,4.6320158168673515,0.0022381916642189026,True,0.0,False
70,85,11,0,1.2848151251673698,1.2828803855393613,0.0019347396280084972,True,0.0,False
70,86,11,0,1.8016007861920766,1.804658266116998,-0.003057479924921447,False,0.0,False
70,87,11,0,2.866618654380242,2.8664949076871076,0.00012374669313430786,True,0.0,False
70,88,11,0,1.0198025306065877,1.030973196029663,-0.011170665423075432,False,0.0,False
70,89,11,0,3.321345090866089,3.3237542390823362,-0.002409148216247381,False,0.0,False
70,90,11,0,0.24184029251337053,0.24359312281012535,-0.001752830296754826,False,0.0,False
70,91,11,0,2.58906569480896,2.585306930541992,0.0037587642669678623,True,0.24811381627611834,True
70,92,11,0,2.469246006011963,2.476527214050293,-0.007281208038329989,False,0.0,False
70,93,11,0,6.1627655029296875,6.155844593048096,0.006920909881591442,True,0.29120069980296703,True
70,94,11,0,2.0662221908569336,2.073385810852051,-0.007163619995117276,False,0.0,False
70,95,11,0,2.154809856414795,2.1499414443969727,0.004868412017822177,True,0.3054558292046671,True
70,96,11,0,1.8940694201737642,1.8925900403410196,0.0014793798327445984,True,0.0,False
70,97,11,0,4.308826327323914,4.327453017234802,-0.018626689910888672,False,0.0,False
70,98,11,0,3.347756087779999,3.348183512687683,-0.00042742490768432617,False,0.0,False
70,99,11,0,3.2242374420166016,3.2139053344726562,0.010332107543945312,True,0.0,False
70,80,12,0,3.308696746826172,3.3093853526645236,-0.0006886058383517302,False,0.0,False
70,81,12,0,2.7751642862955728,2.766601986355252,0.008562299940320983,True,0.4044102558969444,True
70,82,12,0,0.5574173787608743,0.5604869714006782,-0.0030695926398038864,False,0.0,False
70,83,12,0,2.1893873810768127,2.1898865699768066,-0.0004991888999938965,False,0.0,False
70,84,12,0,4.63425400853157,4.634780988097191,-0.0005269795656204224,False,0.0,False
70,86,12,0,1.8016007861920766,1.8037438312146281,-0.0021430450225514708,False,0.0,False
70,87,12,0,2.866618654380242,2.869823159649968,-0.0032045052697262655,False,0.0,False
70,88,12,0,1.0198025306065877,1.024649182955424,-0.004846652348836411,False,0.0,False
70,89,12,0,3.321345090866089,3.3233334541320803,-0.0019883632659913886,False,0.0,False
70,91,12,0,2.58906569480896,2.58804931640625,0.001016378402709961,True,0.0,False
70,92,12,0,2.469246006011963,2.473048973083496,-0.0038029670715329367,False,0.0,False
70,93,12,0,6.1627655029296875,6.163925552368164,-0.0011600494384769178,False,0.0,False
70,94,12,0,2.0662221908569336,2.0670682907104494,-0.0008460998535158026,False,0.0,False
70,95,12,0,2.154809856414795,2.1511823654174806,0.0036274909973141867,True,0.0,False
70,96,12,0,1.8940694201737642,1.8893048707395792,0.004764549434185028,True,0.39820396708258915,True
70,97,12,0,4.308826327323914,4.314894676208496,-0.0060683488845825195,False,0.0,False
70,98,12,0,3.347756087779999,3.3469372987747192,0.000818789005279541,True,0.0,False
70,99,12,0,3.2242374420166016,3.228052020072937,-0.0038145780563354492,False,0.0,False
70,80,13,0,3.308696746826172,3.312321080101861,-0.003624333275689118,False,0.0,False
70,81,13,0,2.7751642862955728,2.772450659010145,0.0027136272854275667,True,0.0,False
70,82,13,0,0.5574173787608743,0.5546707445755601,0.0027466341853141785,True,0.0,False
70,83,13,0,2.1893873810768127,2.191356658935547,-0.001969277858734131,False,0.0,False
70,84,13,0,4.63425400853157,4.630372010171413,0.003881998360157013,True,0.2410637408964875,True
70,85,13,0,1.2848151251673698,1.2854737910841192,-0.0006586659167493458,False,0.0,False
70,86,13,0,1.8016007861920766,1.8006715696704174,0.0009292165216592263,True,0.0,False
70,88,13,0,1.0198025306065877,1.031795859336853,-0.011993328730265373,False,0.0,False
70,89,13,0,3.321345090866089,3.31317458152771,0.008170509338378817,True,0.42839034854155505,True
70,90,13,0,0.24184029251337053,0.24127143137156964,0.0005688611418008804,True,0.0,False
70,91,13,0,2.58906569480896,2.5927660942077635,-0.003700399398803622,False,0.0,False
70,92,13,0,2.469246006011963,2.465717601776123,0.00352840423584011,True,0.0,False
70,93,13,0,6.1627655029296875,6.1580122947692875,0.004753208160400035,True,0.0,False
70,94,13,0,2.0662221908569336,2.063498705625534,0.002723485231399536,True,0.0,False
70,95,13,0,2.154809856414795,2.1567793011665346,-0.0019694447517397684,False,0.0,False
70,96,13,0,1.8940694201737642,1.8951701633632183,-0.0011007431894540787,False,0.0,False
70,97,13,0,4.308826327323914,4.301680564880371,0.0071457624435424805,True,0.14517558730927585,True
70,98,13,0,3.347756087779999,3.349587321281433,-0.0018312335014343262,False,0.0,False
70,99,13,0,3.2242374420166016,3.2366862297058105,-0.012448787689208984,False,0.0,False
70,80,14,0,3.308696746826172,3.3037316534254284,0.00496509340074347,True,0.32066478240935076,True
70,81,14,0,2.7751642862955728,2.7688997056749134,0.006264580620659377,True,0.29588552953599556,True
70,82,14,0,0.5574173787608743,0.559108279645443,-0.0016909008845686913,False,0.0,False
70,83,14,0,2.1893873810768127,2.190207779407501,-0.0008203983306884766,False,0.0,False
70,84,14,0,4.63425400853157,4.636365741491318,-0.0021117329597473145,False,0.0,False
70,86,14,0,1.8016007861920766,1.7997544456406362,0.0018463405514403952,True,0.0,False
70,87,14,0,2.866618654380242,2.8708910395701728,-0.004272385189930894,False,0.0,False
70,88,14,0,1.0198025306065877,1.0100265741348267,0.009775956471760994,True,0.3427323999974907,True
70,89,14,0,3.321345090866089,3.316507077217102,0.004838013648986728,True,0.0,False
70,90,14,0,0.24184029251337053,0.24214533120393752,-0.00030503869056699995,False,0.0,False
70,91,14,0,2.58906569480896,2.5859809637069704,0.0030847311019894796,True,0.0,False
70,92,14,0,2.469246006011963,2.4699333190917967,-0.0006873130798337179,False,0.0,False
70,93,14,0,6.1627655029296875,6.17105188369751,-0.008286380767822621,False,0.0,False
70,94,14,0,2.0662221908569336,2.0639801025390625,0.0022420883178710938,True,0.0,False
70,95,14,0,2.154809856414795,2.15563907623291,-0.0008292198181152344,False,0.0,False
70,97,14,0,4.308826327323914,4.316674470901489,-0.007848143577575684,False,0.0,False
70,98,14,0,3.347756087779999,3.349650502204895,-0.0018944144248962402,False,0.0,False
70,99,14,0,3.2242374420166016,3.218478202819824,0.005759239196777344,True,0.0,False
70,80,15,0,3.308696746826172,3.3169880972968206,-0.008291350470648773,False,0.0,False
70,81,15,0,2.7751642862955728,2.7790840996636286,-0.003919813368055802,False,0.0,False
70,82,15,0,0.5574173787608743,0.5559136429801583,0.0015037357807159424,True,0.0,False
70,83,15,0,2.1893873810768127,2.1946789026260376,-0.0052915215492248535,False,0.0,False
70,85,15,0,1.2848151251673698,1.2840312783207213,0.0007838468466485615,True,0.0,False
70,86,15,0,1.8016007861920766,1.8012734944266933,0.0003272917653833751,True,0.0,False
70,87,15,0,2.866618654380242,2.8686174551645913,-0.0019988007843494415,False,0.0,False
70,89,15,0,3.321345090866089,3.320959186553955,0.00038590431213370024,True,0.0,False
70,90,15,0,0.24184029251337053,0.2417595148086548,8.077770471573431e-05,True,0.0,False
70,91,15,0,2.58906569480896,2.5878719329833983,0.0011937618255615234,True,0.0,False
70,92,15,0,2.469246006011963,2.4660964012145996,0.00314960479736337,True,0.0,False
70,93,15,0,6.1627655029296875,6.161885929107666,0.0008795738220213067,True,0.0,False
70,94,15,0,2.0662221908569336,2.0650964736938477,0.0011257171630858487,True,0.0,False
70,95,15,0,2.154809856414795,2.1553784370422364,-0.0005685806274415839,False,0.0,False
70,96,15,0,1.8940694201737642,1.8924061115831137,0.0016633085906505585,True,0.0,False
70,97,15,0,4.308826327323914,4.30666708946228,0.0021592378616333008,True,0.0,False
70,98,15,0,3.347756087779999,3.347922205924988,-0.00016611814498901367,False,0.0,False
70,99,15,0,3.2242374420166016,3.2296693325042725,-0.0054318904876708984,False,0.0,False
70,80,16,0,3.308696746826172,3.3043375545077853,0.004359192318386551,True,0.28153336572613624,True
70,81,16,0,2.7751642862955728,2.7795422871907554,-0.004378000895182588,False,0.0,False
70,82,16,0,0.5574173787608743,0.5518886893987656,0.005528689362108707,True,0.33027873138463715,True
70,83,16,0,2.1893873810768127,2.1903473138809204,-0.000959932804107666,False,0.0,False
70,84,16,0,4.63425400853157,4.625909924507141,0.008344084024429321,True,0.5181496545511663,True
70,85,16,0,1.2848151251673698,1.2839360082788127,0.0008791168885571299,True,0.0,False
70,86,16,0,1.8016007861920766,1.8088794155711574,-0.007278629379080748,False,0.0,False
70,87,16,0,2.866618654380242,2.864514242236813,0.0021044121434288243,True,0.2404953274529247,True
70,88,16,0,1.0198025306065877,1.0203226804733276,-0.0005201498667399829,False,0.0,False
70,89,16,0,3.321345090866089,3.3281868934631347,-0.00684180259704581,False,0.0,False
70,90,16,0,0.24184029251337053,0.24307818710803986,-0.001237894594669331,False,0.0,False
70,91,16,0,2.58906569480896,2.593842315673828,-0.004776620864868075,False,0.0,False
70,92,16,0,2.469246006011963,2.467029666900635,0.002216339111328125,True,0.0,False
70,94,16,0,2.0662221908569336,2.070606517791748,-0.0043843269348142755,False,0.0,False
70,95,16,0,2.154809856414795,2.1525171279907225,0.0022927284240723544,True,0.0,False
70,96,16,0,1.8940694201737642,1.8901078291237354,0.003961591050028801,True,0.33109558288173835,True
70,97,16,0,4.308826327323914,4.301897168159485,0.006929159164428711,True,0.0,False
70,98,16,0,3.347756087779999,3.3472171425819397,0.000538945198059082,True,0.0,False
70,99,16,0,3.2242374420166016,3.235175609588623,-0.010938167572021484,False,0.0,False
70,81,17,0,2.7751642862955728,2.7813196182250977,-0.006155331929524888,False,0.0,False
70,82,17,0,0.5574173787608743,0.5596925280988216,-0.0022751493379473686,False,0.0,False
70,83,17,0,2.1893873810768127,2.1924498677253723,-0.0030624866485595703,False,0.0,False
70,84,17,0,4.63425400853157,4.633018799126148,0.0012352094054222107,True,0.0,False
70,85,17,0,1.2848151251673698,1.2818428480199404,0.002972277147429425,True,0.41110625786965654,True
70,86,17,0,1.8016007861920766,1.8009758577682078,0.0006249284238688535,True,0.0,False
70,87,17,0,2.866618654380242,2.8658264192442098,0.0007922351360321045,True,0.0,False
70,88,17,0,1.0198025306065877,1.0215179721514385,-0.0017154415448508153,False,0.0,False
70,89,17,0,3.321345090866089,3.3252584457397463,-0.003913354873657404,False,0.0,False
70,90,17,0,0.24184029251337053,0.2405641905963421,0.0012761019170284271,True,0.0,False
70,91,17,0,2.58906569480896,2.5854352474212647,0.003630447387695135,True,0.0,False
70,92,17,0,2.469246006011963,2.4666860580444334,0.0025599479675295633,True,0.0,False
70,93,17,0,6.1627655029296875,6.171029567718506,-0.00826406478881836,False,0.0,False
70,94,17,0,2.0662221908569336,2.0621927261352537,0.004029464721679865,True,0.0,False
70,95,17,0,2.154809856414795,2.1578643321990967,-0.0030544757843018466,False,0.0,False
70,96,17,0,1.8940694201737642,1.8957537319511175,-0.0016843117773532867,False,0.0,False
70,97,17,0,4.308826327323914,4.3032450675964355,0.005581259727478027,True,0.0,False
70,98,17,0,3.347756087779999,3.3488645553588867,-0.0011084675788879395,False,0.0,False
70,99,17,0,3.2242374420166016,3.2209911346435547,0.003246307373046875,True,0.0,False
70,80,18,0,3.308696746826172,3.3049964904785156,0.00370025634765625,True,0.0,False
70,81,18,0,2.7751642862955728,2.772553973727756,0.0026103125678167416,True,0.0,False
70,82,18,0,0.5574173787608743,0.5588424988090992,-0.001425120048224926,False,0.0,False
70,83,18,0,2.1893873810768127,2.1847983598709106,0.0045890212059021,True,0.33409127399120847,True
70,84,18,0,4.63425400853157,4.633940525352955,0.00031348317861557007,True,0.0,False
70,85,18,0,1.2848151251673698,1.282651252512421,0.002163872654948884,True,0.29929294798497147,True
70,86,18,0,1.8016007861920766,1.79983608171876,0.0017647044733166695,True,0.0,False
70,87,18,0,2.866618654380242,2.866538278758526,8.037562171603341e-05,True,0.0,False
70,88,18,0,1.0198025306065877,1.0177094141642253,0.0020931164423623194,True,0.0,False
70,89,18,0,3.321345090866089,3.3210694074630736,0.00027568340301531435,True,0.0,False
70,90,18,0,0.24184029251337053,0.24250067695975303,-0.0006603844463825004,False,0.0,False
70,91,18,0,2.58906569480896,2.5913012504577635,-0.002235555648803622,False,0.0,False
70,92,18,0,2.469246006011963,2.46962890625,-0.0003829002380371094,False,0.0,False
70,93,18,0,6.1627655029296875,6.163388919830322,-0.0006234169006349433,False,0.0,False
70,94,18,0,2.0662221908569336,2.069283294677734,-0.0030611038208006036,False,0.0,False
70,95,18,0,2.154809856414795,2.1536867141723635,0.0011231422424313742,True,0.0,False
70,96,18,0,1.8940694201737642,1.8938882555812597,0.00018116459250450134,True,0.0,False
70,97,18,0,4.308826327323914,4.312198162078857,-0.0033718347549438477,False,0.0,False
70,98,18,0,3.347756087779999,3.3482853770256042,-0.0005292892456054688,False,0.0,False
70,99,18,0,3.2242374420166016,3.2116317749023438,0.012605667114257812,True,0.33999755638009865,True
70,80,19,0,3.308696746826172,3.3070302539401584,0.0016664928860135042,True,0.0,False
70,81,19,0,2.7751642862955728,2.7716023127237954,0.0035619735717773438,True,0.0,False
70,82,19,0,0.5574173787608743,0.5579514615237713,-0.0005340827628970146,False,0.0,False
70,83,19,0,2.1893873810768127,2.1847386360168457,0.004648745059967041,True,0.3384393076125303,True
70,84,19,0,4.63425400853157,4.636002771556377,-0.0017487630248069763,False,0.0,False
70,85,19,0,1.2848151251673698,1.2862393696393286,-0.0014242444719587688,False,0.0,False
70,86,19,0,1.8016007861920766,1.8005661549312728,0.001034631260803831,True,0.0,False
70,87,19,0,2.866618654380242,2.866382690767447,0.0002359636127948761,True,0.0,False
70,88,19,0,1.0198025306065877,1.0162188410758972,0.003583689530690437,True,0.0,False
70,89,19,0,3.321345090866089,3.32848482131958,-0.007139730453491033,False,0.0,False
70,90,19,0,0.24184029251337053,0.24410992488265038,-0.0022696323692798503,False,0.0,False
70,91,19,0,2.58906569480896,2.5887106895446776,0.00035500526428222656,True,0.0,False
70,92,19,0,2.469246006011963,2.468911552429199,0.0003344535827638495,True,0.0,False
70,93,19,0,6.1627655029296875,6.164356994628906,-0.0015914916992185724,False,0.0,False
70,94,19,0,2.0662221908569336,2.0688430786132814,-0.002620887756347834,False,0.0,False
70,95,19,0,2.154809856414795,2.1518936157226562,0.002916240692138583,True,0.0,False
70,96,19,0,1.8940694201737642,1.8925176821649075,0.0015517380088567734,True,0.0,False
70,97,19,0,4.308826327323914,4.315747261047363,-0.006920933723449707,False,0.0,False
70,98,19,0,3.347756087779999,3.346634864807129,0.001121222972869873,True,0.0,False
70,99,19,0,3.2242374420166016,3.2172017097473145,0.007035732269287109,True,0.0,False
70,80,20,0,3.308696746826172,3.3072367774115667,0.0014599694146051334,True,0.0,False
70,83,20,0,2.1893873810768127,2.1897988319396973,-0.0004114508628845215,False,0.0,False
70,84,20,0,4.63425400853157,4.635064519941807,-0.0008105114102363586,False,0.0,False
70,85,20,0,1.2848151251673698,1.2849971566881453,-0.0001820315207754497,False,0.0,False
70,86,20,0,1.8016007861920766,1.8055490761596178,-0.003948289967541152,False,0.0,False
70,88,20,0,1.0198025306065877,1.0172703862190247,0.0025321443875629956,True,0.0,False
70,89,20,0,3.321345090866089,3.3284048318862913,-0.007059741020202459,False,0.0,False
70,90,20,0,0.24184029251337053,0.24135544747114182,0.0004848450422287043,True,0.0,False
70,91,20,0,2.58906569480896,2.585774803161621,0.003290891647338867,True,0.0,False
70,92,20,0,2.469246006011963,2.4740286856889724,-0.004782679677009405,False,0.0,False
70,93,20,0,6.1627655029296875,6.165516567230225,-0.002751064300537287,False,0.0,False
70,94,20,0,2.0662221908569336,2.0635617673397064,0.002660423517227173,True,0.0,False
70,95,20,0,2.154809856414795,2.1574315071105956,-0.0026216506958007812,False,0.0,False
70,96,20,0,1.8940694201737642,1.8976912591606379,-0.0036218389868736267,False,0.0,False
70,97,20,0,4.308826327323914,4.28778350353241,0.021042823791503906,True,0.4275127149430855,True
70,98,20,0,3.347756087779999,3.346840798854828,0.0009152889251708984,True,0.0,False
70,99,20,0,3.2242374420166016,3.232856273651123,-0.008618831634521484,False,0.0,False
70,80,21,0,3.308696746826172,3.308113945855035,0.0005828009711370541,True,0.0,False
70,81,21,0,2.7751642862955728,2.7852342393663196,-0.010069953070746873,False,0.0,False
70,83,21,0,2.1893873810768127,2.195945084095001,-0.0065577030181884766,False,0.0,False
70,84,21,0,4.63425400853157,4.633877009153366,0.0003769993782043457,True,0.0,False
70,85,21,0,1.2848151251673698,1.2828332068664687,0.0019819183009011088,True,0.0,False
70,86,21,0,1.8016007861920766,1.7990661329988922,0.0025346531931844662,True,0.0,False
70,87,21,0,2.866618654380242,2.8620994109660387,0.004519243414203178,True,0.5164658111920016,True
70,88,21,0,1.0198025306065877,1.0215977889796097,-0.0017952583730220795,False,0.0,False
70,89,21,0,3.321345090866089,3.323490023612976,-0.002144932746887207,False,0.0,False
70,90,21,0,0.24184029251337053,0.24136460274457933,0.00047568976879119873,True,0.0,False
70,91,21,0,2.58906569480896,2.5945104598999023,-0.005444765090942383,False,0.0,False
70,92,21,0,2.469246006011963,2.470052623748779,-0.0008066177368162286,False,0.0,False
70,93,21,0,6.1627655029296875,6.1628241539001465,-5.8650970458984375e-05,False,0.0,False
70,94,21,0,2.0662221908569336,2.071984958648682,-0.0057627677917482245,False,0.0,False
70,95,21,0,2.154809856414795,2.1579520225524904,-0.003142166137695579,False,0.0,False
70,96,21,0,1.8940694201737642,1.8946240097284317,-0.0005545895546674728,False,0.0,False
70,97,21,0,4.308826327323914,4.304779410362244,0.004046916961669922,True,0.0,False
70,98,21,0,3.347756087779999,3.346853792667389,0.0009022951126098633,True,0.0,False
70,99,21,0,3.2242374420166016,3.22324275970459,0.0009946823120117188,True,0.0,False
70,80,22,0,3.308696746826172,3.3101598421732583,-0.0014630953470864405,False,0.0,False
70,81,22,0,2.7751642862955728,2.773203002081977,0.001961284213595871,True,0.0,False
70,82,22,0,0.5574173787608743,0.5550781665369868,0.0023392122238874435,True,0.0,False
70,83,22,0,2.1893873810768127,2.186748445034027,0.0026389360427856445,True,0.0,False
70,84,22,0,4.63425400853157,4.635879598557949,-0.0016255900263786316,False,0.0,False
70,85,22,0,1.2848151251673698,1.2862552691783224,-0.0014401440109526042,False,0.0,False
70,86,22,0,1.8016007861920766,1.8038077375053294,-0.0022069513132527696,False,0.0,False
70,87,22,0,2.866618654380242,2.8695237456510463,-0.002905091270804405,False,0.0,False
70,88,22,0,1.0198025306065877,1.0216591159502666,-0.0018565853436789403,False,0.0,False
70,89,22,0,3.321345090866089,3.3299346446990965,-0.008589553833007635,False,0.0,False
70,90,22,0,0.24184029251337053,0.24278771206736566,-0.0009474195539951324,False,0.0,False
70,91,22,0,2.58906569480896,2.591470193862915,-0.0024044990539553446,False,0.0,False
70,92,22,0,2.469246006011963,2.4677474021911623,0.0014986038208006924,True,0.0,False
70,93,22,0,6.1627655029296875,6.16297550201416,-0.00020999908447283389,False,0.0,False
70,94,22,0,2.0662221908569336,2.070880889892578,-0.004658699035644531,False,0.0,False
70,95,22,0,2.154809856414795,2.1540937423706055,0.0007161140441893643,True,0.0,False
70,96,22,0,1.8940694201737642,1.8922185208648443,0.0018508993089199066,True,0.0,False
70,97,22,0,4.308826327323914,4.309926509857178,-0.0011001825332641602,False,0.0,False
70,98,22,0,3.347756087779999,3.346607983112335,0.0011481046676635742,True,0.0,False
70,99,22,0,3.2242374420166016,3.2161431312561035,0.008094310760498047,True,0.0,False
70,80,23,0,3.308696746826172,3.3159612549675836,-0.007264508141411774,False,0.0,False
70,81,23,0,2.7751642862955728,2.774825202094184,0.00033908420138883955,True,0.0,False
70,82,23,0,0.5574173787608743,0.553341724909842,0.004075653851032257,True,0.0,False
70,83,23,0,2.1893873810768127,2.1873605251312256,0.002026855945587158,True,0.0,False
70,84,23,0,4.63425400853157,4.631357617676258,0.0028963908553123474,True,0.0,False
70,85,23,0,1.2848151251673698,1.2847574081804072,5.77169869626637e-05,True,0.0,False
70,86,23,0,1.8016007861920766,1.8034336875591959,-0.0018329013671192218,False,0.0,False
70,87,23,0,2.866618654380242,2.865760788321495,0.0008578660587468256,True,0.0,False
70,88,23,0,1.0198025306065877,1.022325038909912,-0.0025225083033244555,False,0.0,False
70,89,23,0,3.321345090866089,3.32106614112854,0.0002789497375488281,True,0.0,False
70,90,23,0,0.24184029251337053,0.2400497555732727,0.0017905369400978144,True,0.3671149248086081,True
70,91,23,0,2.58906569480896,2.587637710571289,0.0014279842376709873,True,0.0,False
70,92,23,0,2.469246006011963,2.4649041175842283,0.0043418884277346415,True,0.2972480658113891,True
70,93,23,0,6.1627655029296875,6.166199016571045,-0.0034335136413572442,False,0.0,False
70,94,23,0,2.0662221908569336,2.0607452392578125,0.005476951599121094,True,0.2925389328161365,True
70,95,23,0,2.154809856414795,2.1552350997924803,-0.00042524337768545806,False,0.0,False
70,96,23,0,1.8940694201737642,1.899522664025426,-0.005453243851661682,False,0.0,False
70,97,23,0,4.308826327323914,4.313093543052673,-0.004267215728759766,False,0.0,False
70,98,23,0,3.347756087779999,3.3491203784942627,-0.001364290714263916,False,0.0,False
70,99,23,0,3.2242374420166016,3.2309982776641846,-0.006760835647583008,False,0.0,False
70,80,24,0,3.308696746826172,3.3079581790500217,0.000738567776150223,True,0.0,False
70,81,24,0,2.7751642862955728,2.7775167889065213,-0.002352502610948548,False,0.0,False
70,82,24,0,0.5574173787608743,0.561419140547514,-0.00400176178663969,False,0.0,False
70,83,24,0,2.1893873810768127,2.1883256435394287,0.0010617375373840332,True,0.0,False
70,84,24,0,4.63425400853157,4.636926919221878,-0.002672910690307617,False,0.0,False
70,85,24,0,1.2848151251673698,1.285919756761619,-0.001104631594249117,False,0.0,False
70,86,24,0,1.8016007861920766,1.7970758553461306,0.0045249308459460735,True,0.21541838928578008,True
70,87,24,0,2.866618654380242,2.8645690282185874,0.002049626161654494,True,0.0,False
70,88,24,0,1.0198025306065877,1.0084084471066792,0.011394083499908447,True,0.39946184242696214,True
70,89,24,0,3.321345090866089,3.319331097602844,0.0020139932632448065,True,0.0,False
70,90,24,0,0.24184029251337053,0.24233199506998063,-0.0004917025566101019,False,0.0,False
70,91,24,0,2.58906569480896,2.5892561435699464,-0.00019044876098650576,False,0.0,False
70,92,24,0,2.469246006011963,2.4756413459777833,-0.0063953399658203125,False,0.0,False
70,93,24,0,6.1627655029296875,6.158838844299316,0.003926658630371449,True,0.0,False
70,94,24,0,2.0662221908569336,2.0676433563232424,-0.0014211654663087714,False,0.0,False
70,95,24,0,2.154809856414795,2.161530876159668,-0.006721019744873047,False,0.0,False
70,96,24,0,1.8940694201737642,1.8923988230526447,0.0016705971211194992,True,0.0,False
70,97,24,0,4.308826327323914,4.30590558052063,0.0029207468032836914,True,0.0,False
70,99,24,0,3.2242374420166016,3.221946954727173,0.002290487289428711,True,0.0,False
70,81,25,0,2.7751642862955728,2.7854589886135526,-0.010294702317979798,False,0.0,False
70,82,25,0,0.5574173787608743,0.5590988369658589,-0.001681458204984665,False,0.0,False
70,83,25,0,2.1893873810768127,2.1926717162132263,-0.0032843351364135742,False,0.0,False
70,84,25,0,4.63425400853157,4.640097737312317,-0.00584372878074646,False,0.0,False
70,85,25,0,1.2848151251673698,1.2859539155449187,-0.0011387903775488262,False,0.0,False
70,86,25,0,1.8016007861920766,1.791436676335122,0.010164109856954706,True,0.48388279256699107,True
70,87,25,0,2.866618654380242,2.865178799877564,0.0014398545026779175,True,0.0,False
70,88,25,0,1.0198025306065877,1.0150731007258098,0.004729429880777847,True,0.0,False
70,90,25,0,0.24184029251337053,0.24010768607258798,0.001732606440782547,True,0.35523739778082847,True
70,91,25,0,2.58906569480896,2.5886825561523437,0.00038313865661621094,True,0.0,False
70,92,25,0,2.469246006011963,2.4659408569335937,0.0033051490783693183,True,0.0,False
70,93,25,0,6.1627655029296875,6.168826770782471,-0.006061267852783381,False,0.0,False
70,94,25,0,2.0662221908569336,2.060280609130859,0.005941581726074396,True,0.3173560959831357,True
70,95,25,0,2.154809856414795,2.1628252029418946,-0.008015346527099787,False,0.0,False
70,96,25,0,1.8940694201737642,1.8929190319031477,0.0011503882706165314,True,0.0,False
70,97,25,0,4.308826327323914,4.287793397903442,0.02103292942047119,True,0.42731169774763866,True
70,98,25,0,3.347756087779999,3.341080904006958,0.0066751837730407715,True,0.49770017376464887,True
70,81,26,0,2.7751642862955728,2.7760711246066623,-0.0009068383110895084,False,0.0,False
70,82,26,0,0.5574173787608743,0.5553514109924436,0.00206596776843071,True,0.0,False
70,83,26,0,2.1893873810768127,2.1901503801345825,-0.0007629990577697754,False,0.0,False
70,84,26,0,4.63425400853157,4.636720471084118,-0.002466462552547455,False,0.0,False
70,85,26,0,1.2848151251673698,1.2835878431797028,0.0012272819876670837,True,0.0,False
70,86,26,0,1.8016007861920766,1.797333575918206,0.004267210273870559,True,0.0,False
70,87,26,0,2.866618654380242,2.867134286711613,-0.0005156323313713074,False,0.0,False
70,89,26,0,3.321345090866089,3.318277883529663,0.003067207336425959,True,0.0,False
70,90,26,0,0.24184029251337053,0.24098991602659225,0.0008503764867782704,True,0.0,False
70,92,26,0,2.469246006011963,2.4637532234191895,0.005492782592773526,True,0.37603891228413266,True
70,93,26,0,6.1627655029296875,6.162325286865235,0.00044021606445276973,True,0.0,False
70,94,26,0,2.0662221908569336,2.058918595314026,0.007303595542907715,True,0.3901049712007278,True
70,95,26,0,2.154809856414795,2.157220554351807,-0.002410697937011985,False,0.0,False
70,96,26,0,1.8940694201737642,1.894176471978426,-0.0001070518046617508,False,0.0,False
70,97,26,0,4.308826327323914,4.306544184684753,0.0022821426391601562,True,0.0,False
70,98,26,0,3.347756087779999,3.3479228019714355,-0.00016671419143676758,False,0.0,False
70,99,26,0,3.2242374420166016,3.2351070642471313,-0.010869622230529785,False,0.0,False
80,80,0,0,3.3578175438774958,3.3653792805141873,-0.007561736636691574,False,0.0,False
80,82,0,0,0.5473367171362042,0.5412112474441528,0.006125469692051411,True,0.3454479228763285,True
80,84,0,0,4.639695659279823,4.6360634714365005,0.003632187843322754,True,0.0,False
80,85,0,0,1.2817968502640724,1.282260273184095,-0.0004634229200226603,False,0.0,False
80,86,0,0,1.787634679448924,1.792661371507815,-0.005026692058891058,False,0.0,False
80,87,0,0,2.8844171979775033,2.8865700451036296,-0.0021528471261262894,False,0.0,False
80,88,0,0,1.0074408451716106,1.006580909093221,0.0008599360783896337,True,0.0,False
80,89,0,0,3.354967212677002,3.348190259933472,0.006776952743530185,True,0.30456636318536157,True
80,90,0,0,0.23834354504942895,0.23774268254637718,0.0006008625030517745,True,0.0,False
80,91,0,0,2.5892070293426515,2.588852643966675,0.0003543853759766513,True,0.0,False
80,92,0,0,2.48727970123291,2.4830259799957277,0.004253721237182262,True,0.0,False
80,93,0,0,6.144275283813476,6.151293182373047,-0.007017898559571023,False,0.0,False
80,94,0,0,2.076255989074707,2.0766874670982363,-0.00043147802352905273,False,0.0,False
80,95,0,0,2.175668144226074,2.1711706161499023,0.004497528076171875,True,0.2524909117191988,True
80,96,0,0,1.872792974114418,1.873123737052083,-0.00033076293766498566,False,0.0,False
80,97,0,0,4.304302334785461,4.323261499404907,-0.0189591646194458,False,0.0,False
80,98,0,0,3.3508963584899902,3.3571671843528748,-0.0062708258628845215,False,0.0,False
80,99,0,0,3.315737009048462,3.3205682039260864,-0.004831194877624512,False,0.0,False
80,80,1,0,3.3578175438774958,3.361585776011149,-0.003768232133653182,False,0.0,False
80,81,1,0,2.791642189025879,2.784648153516981,0.006994035508897767,True,0.3418550208208247,True
80,82,1,0,0.5473367171362042,0.5553923416882753,-0.008055624552071095,False,0.0,False
80,83,1,0,2.2195847034454346,2.2218644618988037,-0.0022797584533691406,False,0.0,False
80,84,1,0,4.639695659279823,4.6418027356266975,-0.002107076346874237,False,0.0,False
80,85,1,0,1.2817968502640724,1.2802921219595842,0.0015047283044882231,True,0.0,False
80,87,1,0,2.8844171979775033,2.8867181688547134,-0.002300970877210151,False,0.0,False
80,88,1,0,1.0074408451716106,1.013024667898814,-0.005583822727203369,False,0.0,False
80,89,1,0,3.354967212677002,3.35337290763855,0.0015943050384521484,True,0.0,False
80,90,1,0,0.23834354504942895,0.24145198836922646,-0.0031084433197975103,False,0.0,False
80,91,1,0,2.5892070293426515,2.5883562088012697,0.0008508205413817471,True,0.0,False
80,92,1,0,2.48727970123291,2.498680591583252,-0.011400890350341975,False,0.0,False
80,93,1,0,6.144275283813476,6.133978939056396,0.010296344757080078,True,0.33631651413299557,True
80,94,1,0,2.076255989074707,2.0804012298583983,-0.004145240783691051,False,0.0,False
80,95,1,0,2.175668144226074,2.1687241554260255,0.0069439888000486505,True,0.3898350456957072,True
80,96,1,0,1.872792974114418,1.871308233588934,0.001484740525484085,True,0.0,False
80,97,1,0,4.304302334785461,4.310237646102905,-0.005935311317443848,False,0.0,False
80,98,1,0,3.3508963584899902,3.3495174646377563,0.0013788938522338867,True,0.0,False
80,99,1,0,3.315737009048462,3.303988218307495,0.011748790740966797,True,0.29533958238438857,True
80,80,2,0,3.3578175438774958,3.3563757472568088,0.001441796620686997,True,0.0,False
80,81,2,0,2.791642189025879,2.798229535420736,-0.006587346394856919,False,0.0,False
80,83,2,0,2.2195847034454346,2.222213327884674,-0.002628624439239502,False,0.0,False
80,84,2,0,4.639695659279823,4.637284055352211,0.0024116039276123047,True,0.0,False
80,85,2,0,1.2817968502640724,1.282159585505724,-0.00036273524165153503,False,0.0,False
80,86,2,0,1.787634679448924,1.7880423753522336,-0.0004076959033096905,False,0.0,False
80,87,2,0,2.8844171979775033,2.8831268697977066,0.0012903281797966848,True,0.0,False
80,88,2,0,1.0074408451716106,1.0143226012587547,-0.006881756087144142,False,0.0,False
80,89,2,0,3.354967212677002,3.370807933807373,-0.015840721130370827,False,0.0,False
80,90,2,0,0.23834354504942895,0.23836584016680717,-2.229511737822376e-05,False,0.0,False
80,92,2,0,2.48727970123291,2.493629550933838,-0.006349849700928001,False,0.0,False
80,93,2,0,6.144275283813476,6.138301086425781,0.00597419738769478,True,0.195139273943829,True
80,94,2,0,2.076255989074707,2.0843241691589354,-0.00806818008422816,False,0.0,False
80,96,2,0,1.872792974114418,1.8734703548252583,-0.0006773807108402252,False,0.0,False
80,97,2,0,4.304302334785461,4.303749918937683,0.0005524158477783203,True,0.0,False
80,98,2,0,3.3508963584899902,3.3492557406425476,0.001640617847442627,True,0.0,False
80,99,2,0,3.315737009048462,3.3172504901885986,-0.0015134811401367188,False,0.0,False
80,80,3,0,3.3578175438774958,3.360512786441379,-0.0026952425638833155,False,0.0,False
80,81,3,0,2.791642189025879,2.7950955496893988,-0.0034533606635198666,False,0.0,False
80,82,3,0,0.5473367171362042,0.55096092261374,-0.0036242054775357246,False,0.0,False
80,83,3,0,2.2195847034454346,2.2221606373786926,-0.0025759339332580566,False,0.0,False
80,84,3,0,4.639695659279823,4.63717470318079,0.0025209560990333557,True,0.0,False
80,85,3,0,1.2817968502640724,1.2838039994239807,-0.0020071491599082947,False,0.0,False
80,86,3,0,1.787634679448924,1.7876467664193894,-1.2086970465396973e-05,False,0.0,False
80,87,3,0,2.8844171979775033,2.881836690629522,0.002580507347981431,True,0.24106213086220785,True
80,88,3,0,1.0074408451716106,1.0048913757006328,0.002549469470977783,True,0.0,False
80,89,3,0,3.354967212677002,3.3677797317504883,-0.01281251907348624,False,0.0,False
80,91,3,0,2.5892070293426515,2.5911886215209963,-0.0019815921783448154,False,0.0,False
80,92,3,0,2.48727970123291,2.4902070999145507,-0.002927398681640714,False,0.0,False
80,93,3,0,6.144275283813476,6.1415740013122555,0.002701282501220703,True,0.0,False
80,95,3,0,2.175668144226074,2.1759425163269044,-0.00027437210083025576,False,0.0,False
80,96,3,0,1.872792974114418,1.8818896599113941,-0.00909668579697609,False,0.0,False
80,97,3,0,4.304302334785461,4.311463117599487,-0.007160782814025879,False,0.0,False
80,98,3,0,3.3508963584899902,3.3477808237075806,0.003115534782409668,True,0.22649865236118455,True
80,99,3,0,3.315737009048462,3.3141233921051025,0.001613616943359375,True,0.0,False
80,80,4,0,3.3578175438774958,3.356876744164361,0.0009407997131347656,True,0.0,False
80,81,4,0,2.791642189025879,2.793391545613607,-0.0017493565877280126,False,0.0,False
80,82,4,0,0.5473367171362042,0.545406399294734,0.0019303178414702415,True,0.0,False
80,83,4,0,2.2195847034454346,2.222456693649292,-0.002871990203857422,False,0.0,False
80,84,4,0,4.639695659279823,4.6363650262355804,0.003330633044242859,True,0.0,False
80,85,4,0,1.2817968502640724,1.2826352720814092,-0.0008384218173367319,False,0.0,False
80,86,4,0,1.787634679448924,1.79142283528511,-0.00378815583618608,False,0.0,False
80,87,4,0,2.8844171979775033,2.885343083490928,-0.0009258855134248734,False,0.0,False
80,88,4,0,1.0074408451716106,1.0086817542711894,-0.0012409090995788574,False,0.0,False
80,89,4,0,3.354967212677002,3.355630612373352,-0.0006633996963500977,False,0.0,False
80,90,4,0,0.23834354504942895,0.23787006065249444,0.0004734843969345093,True,0.0,False
80,91,4,0,2.5892070293426515,2.5832305908203126,0.005976438522338867,True,0.3684697927384876,True
80,93,4,0,6.144275283813476,6.144796466827392,-0.0005211830139160156,False,0.0,False
80,94,4,0,2.076255989074707,2.072829246520996,0.003426742553711115,True,0.0,False
80,95,4,0,2.175668144226074,2.178810214996338,-0.0031420707702638495,False,0.0,False
80,96,4,0,1.872792974114418,1.8764320686459541,-0.0036390945315361023,False,0.0,False
80,98,4,0,3.3508963584899902,3.350465416908264,0.0004309415817260742,True,0.0,False
80,99,4,0,3.315737009048462,3.3274755477905273,-0.01173853874206543,False,0.0,False
80,80,5,0,3.3578175438774958,3.3633203506469727,-0.005502806769476898,False,0.0,False
80,81,5,0,2.791642189025879,2.7879051632351346,0.0037370257907443083,True,0.0,False
80,82,5,0,0.5473367171362042,0.5485995430499315,-0.0012628259137272835,False,0.0,False
80,83,5,0,2.2195847034454346,2.214909315109253,0.004675388336181641,True,0.33022223906170406,True
80,84,5,0,4.639695659279823,4.637451171875,0.0022444874048233032,True,0.0,False
80,85,5,0,1.2817968502640724,1.2795840517750807,0.0022127984889916963,True,0.3127154501530585,True
80,86,5,0,1.787634679448924,1.801393580756017,-0.013758901307093119,False,0.0,False
80,87,5,0,2.8844171979775033,2.8837993101527295,0.0006178878247737885,True,0.0,False
80,88,5,0,1.0074408451716106,1.0112429857254028,-0.0038021405537922437,False,0.0,False
80,89,5,0,3.354967212677002,3.3485504388809204,0.006416773796081632,True,0.2883793841297581,True
80,90,5,0,0.23834354504942895,0.23788233920931817,0.0004612058401107788,True,0.0,False
80,91,5,0,2.5892070293426515,2.5961654663085936,-0.006958436965942116,False,0.0,False
80,92,5,0,2.48727970123291,2.4894775390625,-0.0021978378295899326,False,0.0,False
80,93,5,0,6.144275283813476,6.14940824508667,-0.00513296127319407,False,0.0,False
80,94,5,0,2.076255989074707,2.0740312576293944,0.0022247314453127665,True,0.0,False
80,95,5,0,2.175668144226074,2.1734033584594727,0.002264785766601385,True,0.0,False
80,96,5,0,1.872792974114418,1.874740483239293,-0.0019475091248750687,False,0.0,False
80,97,5,0,4.304302334785461,4.301648139953613,0.0026541948318481445,True,0.0,False
80,98,5,0,3.3508963584899902,3.3549915552139282,-0.004095196723937988,False,0.0,False
80,99,5,0,3.315737009048462,3.324061393737793,-0.008324384689331055,False,0.0,False
80,80,6,0,3.3578175438774958,3.3598607381184897,-0.002043194240993973,False,0.0,False
80,81,6,0,2.791642189025879,2.7879547542995877,0.0036874347262911833,True,0.0,False
80,82,6,0,0.5473367171362042,0.5529674580320716,-0.005630740895867348,False,0.0,False
80,83,6,0,2.2195847034454346,2.220224618911743,-0.0006399154663085938,False,0.0,False
80,85,6,0,1.2817968502640724,1.280885168484279,0.000911681779793394,True,0.0,False
80,86,6,0,1.787634679448924,1.7923738224032735,-0.004739142954349518,False,0.0,False
80,87,6,0,2.8844171979775033,2.886255425090591,-0.001838227113087676,False,0.0,False
80,88,6,0,1.0074408451716106,1.0053979953130086,0.002042849858602036,True,0.0,False
80,89,6,0,3.354967212677002,3.3495065212249755,0.005460691452026545,True,0.0,False
80,90,6,0,0.23834354504942895,0.23828309625387192,6.0448795557027646e-05,True,0.0,False
80,91,6,0,2.5892070293426515,2.5827645301818847,0.006442499160766779,True,0.3972041746288403,True
80,92,6,0,2.48727970123291,2.4929290771484376,-0.00564937591552761,False,0.0,False
80,93,6,0,6.144275283813476,6.1476655960083,-0.0033903121948242188,False,0.0,False
80,94,6,0,2.076255989074707,2.0751352310180664,0.0011207580566408026,True,0.0,False
80,95,6,0,2.175668144226074,2.1741946220397947,0.0014735221862793857,True,0.0,False
80,96,6,0,1.872792974114418,1.8813992645591497,-0.008606290444731712,False,0.0,False
80,97,6,0,4.304302334785461,4.322468280792236,-0.018165946006774902,False,0.0,False
80,98,6,0,3.3508963584899902,3.3568961024284363,-0.005999743938446045,False,0.0,False
80,99,6,0,3.315737009048462,3.3020994663238525,0.013637542724609375,True,0.3428187855105123,True
80,80,7,0,3.3578175438774958,3.368489053514269,-0.010671509636773102,False,0.0,False
80,81,7,0,2.791642189025879,2.7916045718722873,3.7617153591629204e-05,True,0.0,False
80,82,7,0,0.5473367171362042,0.5462368382140994,0.0010998789221048355,True,0.0,False
80,83,7,0,2.2195847034454346,2.2156639099121094,0.003920793533325195,True,0.0,False
80,84,7,0,4.639695659279823,4.638592578470707,0.0011030808091163635,True,0.0,False
80,85,7,0,1.2817968502640724,1.285744612770421,-0.003947762506348651,False,0.0,False
80,86,7,0,1.787634679448924,1.7859576258010097,0.0016770536479142617,True,0.0,False
80,87,7,0,2.8844171979775033,2.8885483611375093,-0.004131163160006057,False,0.0,False
80,88,7,0,1.0074408451716106,1.0141364733378093,-0.0066956281661987305,False,0.0,False
80,89,7,0,3.354967212677002,3.352930116653442,0.0020370960235598368,True,0.0,False
80,90,7,0,0.23834354504942895,0.2388981468975544,-0.0005546018481254467,False,0.0,False
80,91,7,0,2.5892070293426515,2.5863061904907227,0.002900838851928711,True,0.0,False
80,92,7,0,2.48727970123291,2.4894920349121095,-0.002212333679199485,False,0.0,False
80,93,7,0,6.144275283813476,6.13910140991211,0.005173873901366477,True,0.0,False
80,94,7,0,2.076255989074707,2.073975944519043,0.002280044555664329,True,0.0,False
80,95,7,0,2.175668144226074,2.176207256317139,-0.0005391120910647196,False,0.0,False
80,96,7,0,1.872792974114418,1.8693967927247286,0.0033961813896894455,True,0.0,False
80,97,7,0,4.304302334785461,4.305332183837891,-0.0010298490524291992,False,0.0,False
80,98,7,0,3.3508963584899902,3.351767838001251,-0.0008714795112609863,False,0.0,False
80,99,7,0,3.315737009048462,3.3163602352142334,-0.0006232261657714844,False,0.0,False
80,80,8,0,3.3578175438774958,3.3583813773261175,-0.0005638334486217644,False,0.0,False
80,81,8,0,2.791642189025879,2.790881792704264,0.0007603963216147314,True,0.0,False
80,82,8,0,0.5473367171362042,0.5537975197657943,-0.0064608026295900345,False,0.0,False
80,84,8,0,4.639695659279823,4.644327066838741,-0.004631407558917999,False,0.0,False
80,85,8,0,1.2817968502640724,1.2808482513896056,0.000948598874466855,True,0.0,False
80,86,8,0,1.787634679448924,1.787229398332004,0.0004052811169199533,True,0.0,False
80,87,8,0,2.8844171979775033,2.8861160607387624,-0.001698862761259079,False,0.0,False
80,88,8,0,1.0074408451716106,1.0155471563339233,-0.008106311162312752,False,0.0,False
80,89,8,0,3.354967212677002,3.35376513004303,0.0012020826339722568,True,0.0,False
80,90,8,0,0.23834354504942895,0.2387559488415718,-0.00041240379214285694,False,0.0,False
80,91,8,0,2.5892070293426515,2.587199020385742,0.002008008956909446,True,0.0,False
80,92,8,0,2.48727970123291,2.49397759437561,-0.006697893142700195,False,0.0,False
80,93,8,0,6.144275283813476,6.1439845085144045,0.0002907752990717327,True,0.0,False
80,94,8,0,2.076255989074707,2.078194808959961,-0.0019388198852539062,False,0.0,False
80,95,8,0,2.175668144226074,2.1743699073791505,0.0012982368469236505,True,0.0,False
80,96,8,0,1.872792974114418,1.8701757546514273,0.002617219462990761,True,0.0,False
80,97,8,0,4.304302334785461,4.306186199188232,-0.001883864402770996,False,0.0,False
80,98,8,0,3.3508963584899902,3.3506579995155334,0.0002383589744567871,True,0.0,False
80,99,8,0,3.315737009048462,3.3097739815711975,0.005963027477264404,True,0.0,False
80,80,9,0,3.3578175438774958,3.3619183434380426,-0.004100799560546875,False,0.0,False
80,81,9,0,2.791642189025879,2.7954896291097007,-0.0038474400838217626,False,0.0,False
80,82,9,0,0.5473367171362042,0.5438423892483115,0.003494327887892723,True,0.0,False
80,83,9,0,2.2195847034454346,2.21998131275177,-0.0003966093063354492,False,0.0,False
80,84,9,0,4.639695659279823,4.637786477804184,0.0019091814756393433,True,0.0,False
80,85,9,0,1.2817968502640724,1.281839226505586,-4.2376241513597535e-05,False,0.0,False
80,87,9,0,2.8844171979775033,2.884526894738277,-0.00010969676077365875,False,0.0,False
80,88,9,0,1.0074408451716106,1.004173994064331,0.0032668511072795337,True,0.0,False
80,90,9,0,0.23834354504942895,0.23701143637299538,0.0013321086764335743,True,0.0,False
80,91,9,0,2.5892070293426515,2.588978576660156,0.00022845268249538364,True,0.0,False
80,92,9,0,2.48727970123291,2.485050678253174,0.0022290229797361505,True,0.0,False
80,93,9,0,6.144275283813476,6.145168972015381,-0.0008936882019048298,False,0.0,False
80,94,9,0,2.076255989074707,2.0726650238037108,0.003590965270996449,True,0.0,False
80,95,9,0,2.175668144226074,2.1774535179138184,-0.0017853736877442294,False,0.0,False
80,96,9,0,1.872792974114418,1.874697919934988,-0.001904945820569992,False,0.0,False
80,97,9,0,4.304302334785461,4.303765416145325,0.0005369186401367188,True,0.0,False
80,98,9,0,3.3508963584899902,3.3504741191864014,0.0004222393035888672,True,0.0,False
80,99,9,0,3.315737009048462,3.3240151405334473,-0.008278131484985352,False,0.0,False
80,80,10,0,3.3578175438774958,3.3553468916151257,0.0024706522623700877,True,0.0,False
80,81,10,0,2.791642189025879,2.7947014702690973,-0.0030592812432184147,False,0.0,False
80,82,10,0,0.5473367171362042,0.5421545039862394,0.005182213149964809,True,0.2922526530301399,True
80,83,10,0,2.2195847034454346,2.219715714454651,-0.0001310110092163086,False,0.0,False
80,84,10,0,4.639695659279823,4.643884941935539,-0.004189282655715942,False,0.0,False
80,85,10,0,1.2817968502640724,1.2837352880409785,-0.0019384377769060546,False,0.0,False
80,86,10,0,1.787634679448924,1.7816068763578576,0.006027803091066319,True,0.2890828954724163,True
80,87,10,0,2.8844171979775033,2.8846600304047265,-0.0002428324272232274,False,0.0,False
80,88,10,0,1.0074408451716106,0.9990903735160828,0.008350471655527825,True,0.30115620687332706,True
80,89,10,0,3.354967212677002,3.363835906982422,-0.008868694305419922,False,0.0,False
80,90,10,0,0.23834354504942895,0.23936033621430397,-0.0010167911648750194,False,0.0,False
80,91,10,0,2.5892070293426515,2.594820022583008,-0.0056129932403563565,False,0.0,False
80,92,10,0,2.48727970123291,2.481799507141113,0.005480194091796786,True,0.3435732478744962,True
80,93,10,0,6.144275283813476,6.1391980171203615,0.0050772666931147015,True,0.0,False
80,94,10,0,2.076255989074707,2.082667350769043,-0.00641136169433576,False,0.0,False
80,95,10,0,2.175668144226074,2.178244781494141,-0.0025766372680666727,False,0.0,False
80,96,10,0,1.872792974114418,1.8709851186722517,0.0018078554421663284,True,0.0,False
80,97,10,0,4.304302334785461,4.3125505447387695,-0.008248209953308105,False,0.0,False
80,98,10,0,3.3508963584899902,3.346870183944702,0.004026174545288086,True,0.2927019508263496,True
80,99,10,0,3.315737009048462,3.3151984214782715,0.0005385875701904297,True,0.0,False
80,80,11,0,3.3578175438774958,3.358381006452772,-0.0005634625752763966,False,0.0,False
80,81,11,0,2.791642189025879,2.7872356838650174,0.004406505160861496,True,0.0,False
80,82,11,0,0.5473367171362042,0.5477769812569022,-0.00044026412069797516,False,0.0,False
80,83,11,0,2.2195847034454346,2.222959876060486,-0.0033751726150512695,False,0.0,False
80,84,11,0,4.639695659279823,4.635584183037281,0.004111476242542267,True,0.224325640537829,True
80,85,11,0,1.2817968502640724,1.2836606710084848,-0.001863820744412381,False,0.0,False
80,86,11,0,1.787634679448924,1.7912088087759912,-0.0035741293270672436,False,0.0,False
80,87,11,0,2.8844171979775033,2.8849456440657377,-0.0005284460882344355,False,0.0,False
80,88,11,0,1.0074408451716106,1.018584628899892,-0.011143783728281509,False,0.0,False
80,89,11,0,3.354967212677002,3.358024501800537,-0.0030572891235349786,False,0.0,False
80,90,11,0,0.23834354504942895,0.24020531997084618,-0.0018617749214172308,False,0.0,False
80,91,11,0,2.5892070293426515,2.5893521308898926,-0.00014510154724112212,False,0.0,False
80,92,11,0,2.48727970123291,2.4955328941345214,-0.008253192901611417,False,0.0,False
80,93,11,0,6.144275283813476,6.129930782318115,0.01434450149536115,True,0.46854421192317547,True
80,94,11,0,2.076255989074707,2.0861724853515624,-0.009916496276855202,False,0.0,False
80,95,11,0,2.175668144226074,2.1692970275878904,0.006371116638183683,True,0.35767404258509394,True
80,96,11,0,1.872792974114418,1.8697794489562511,0.0030135251581668854,True,0.0,False
80,97,11,0,4.304302334785461,4.320913076400757,-0.01661074161529541,False,0.0,False
80,98,11,0,3.3508963584899902,3.349963665008545,0.0009326934814453125,True,0.0,False
80,99,11,0,3.315737009048462,3.3062422275543213,0.009494781494140625,True,0.0,False
80,80,12,0,3.3578175438774958,3.358544561598036,-0.0007270177205400685,False,0.0,False
80,81,12,0,2.791642189025879,2.7840724521213107,0.007569736904568192,True,0.36999419917545484,True
80,82,12,0,0.5473367171362042,0.5508647374808788,-0.0035280203446745872,False,0.0,False
80,83,12,0,2.2195847034454346,2.220077872276306,-0.000493168830871582,False,0.0,False
80,84,12,0,4.639695659279823,4.640061914920807,-0.00036625564098358154,False,0.0,False
80,86,12,0,1.787634679448924,1.789716505645109,-0.0020818261961850215,False,0.0,False
80,87,12,0,2.8844171979775033,2.8871232022841773,-0.0027060043066740036,False,0.0,False
80,88,12,0,1.0074408451716106,1.0118268728256226,-0.00438602765401197,False,0.0,False
80,89,12,0,3.354967212677002,3.357080817222595,-0.002113604545593173,False,0.0,False
80,91,12,0,2.5892070293426515,2.588819456100464,0.0003875732421874112,True,0.0,False
80,92,12,0,2.48727970123291,2.4913830757141113,-0.0041033744812013495,False,0.0,False
80,93,12,0,6.144275283813476,6.1461207389831545,-0.0018454551696782673,False,0.0,False
80,94,12,0,2.076255989074707,2.0770145416259767,-0.0007585525512694424,False,0.0,False
80,95,12,0,2.175668144226074,2.1724549770355224,0.003213167190551758,True,0.0,False
80,96,12,0,1.872792974114418,1.8686363156884909,0.004156658425927162,True,0.3552505335709111,True
80,97,12,0,4.304302334785461,4.309964179992676,-0.0056618452072143555,False,0.0,False
80,98,12,0,3.3508963584899902,3.3500688672065735,0.000827491283416748,True,0.0,False
80,99,12,0,3.315737009048462,3.319713592529297,-0.003976583480834961,False,0.0,False
80,80,13,0,3.3578175438774958,3.360535886552599,-0.0027183426751031803,False,0.0,False
80,81,13,0,2.791642189025879,2.7880336973402233,0.0036084916856555793,True,0.0,False
80,82,13,0,0.5473367171362042,0.5438495902344584,0.003487126901745796,True,0.0,False
80,83,13,0,2.2195847034454346,2.22114098072052,-0.0015562772750854492,False,0.0,False
80,84,13,0,4.639695659279823,4.635291077196598,0.00440458208322525,True,0.2403177444873177,True
80,85,13,0,1.2817968502640724,1.282569614372083,-0.0007727641080106373,False,0.0,False
80,86,13,0,1.787634679448924,1.7871154064445622,0.00051927300436172,True,0.0,False
80,88,13,0,1.0074408451716106,1.0180413126945496,-0.010600467522938972,False,0.0,False
80,89,13,0,3.354967212677002,3.3459097862243654,0.00905742645263663,True,0.4070542526848803,True
80,90,13,0,0.23834354504942895,0.2380470372736454,0.0002965077757835499,True,0.0,False
80,91,13,0,2.5892070293426515,2.5923320770263674,-0.003125047683715909,False,0.0,False
80,92,13,0,2.48727970123291,2.483308267593384,0.003971433639526012,True,0.0,False
80,93,13,0,6.144275283813476,6.139813327789307,0.004461956024169211,True,0.0,False
80,94,13,0,2.076255989074707,2.0743009090423583,0.0019550800323488993,True,0.0,False
80,95,13,0,2.175668144226074,2.1765695095062254,-0.0009013652801512784,False,0.0,False
80,96,13,0,1.872792974114418,1.8731966726481915,-0.00040369853377342224,False,0.0,False
80,97,13,0,4.304302334785461,4.2987446784973145,0.005557656288146973,True,0.0,False
80,98,13,0,3.3508963584899902,3.3528406620025635,-0.0019443035125732422,False,0.0,False
80,99,13,0,3.315737009048462,3.326667308807373,-0.010930299758911133,False,0.0,False
80,80,14,0,3.3578175438774958,3.352640946706136,0.005176597171359543,True,0.44836700885214464,True
80,81,14,0,2.791642189025879,2.7857468922932944,0.005895296732584487,True,0.28815078000372046,True
80,82,14,0,0.5473367171362042,0.5488866912201047,-0.0015499740839004517,False,0.0,False
80,83,14,0,2.2195847034454346,2.2203329205513,-0.0007482171058654785,False,0.0,False
80,84,14,0,4.639695659279823,4.641918294131756,-0.0022226348519325256,False,0.0,False
80,86,14,0,1.787634679448924,1.7856033074536495,0.002031371995274478,True,0.0,False
80,87,14,0,2.8844171979775033,2.8883225421110788,-0.0039053441335754613,False,0.0,False
80,88,14,0,1.0074408451716106,0.9983883102734884,0.009052534898122189,True,0.3264758189679259,True
80,89,14,0,3.354967212677002,3.3493397712707518,0.0056274414062502665,True,0.0,False
80,90,14,0,0.23834354504942895,0.23845371529459952,-0.00011017024517057106,False,0.0,False
80,91,14,0,2.5892070293426515,2.5854063510894774,0.0038006782531740946,True,0.23432603263267207,True
80,92,14,0,2.48727970123291,2.4876280784606934,-0.0003483772277834696,False,0.0,False
80,93,14,0,6.144275283813476,6.152607345581055,-0.008332061767578836,False,0.0,False
80,94,14,0,2.076255989074707,2.0734365463256834,0.0028194427490237928,True,0.0,False
80,95,14,0,2.175668144226074,2.1775893211364745,-0.0019211769104003906,False,0.0,False
80,97,14,0,4.304302334785461,4.311620131134987,-0.007317796349525452,False,0.0,False
80,98,14,0,3.3508963584899902,3.3530171513557434,-0.002120792865753174,False,0.0,False
80,99,14,0,3.315737009048462,3.3106884956359863,0.005048513412475586,True,0.0,False
80,80,15,0,3.3578175438774958,3.366675747765435,-0.008858203887939453,False,0.0,False
80,81,15,0,2.791642189025879,2.7956585354275174,-0.004016346401638504,False,0.0,False
80,82,15,0,0.5473367171362042,0.545618805103004,0.001717912033200264,True,0.0,False
80,83,15,0,2.2195847034454346,2.225292205810547,-0.005707502365112305,False,0.0,False
80,85,15,0,1.2817968502640724,1.2811346245663506,0.0006622256977217855,True,0.0,False
80,86,15,0,1.787634679448924,1.7875118109264545,0.0001228685224694548,True,0.0,False
80,87,15,0,2.8844171979775033,2.8864378655950227,-0.0020206676175194005,False,0.0,False
80,89,15,0,3.354967212677002,3.35424861907959,0.0007185935974121094,True,0.0,False
80,90,15,0,0.23834354504942895,0.2380300484597683,0.0003134965896606501,True,0.0,False
80,91,15,0,2.5892070293426515,2.588804244995117,0.0004027843475342685,True,0.0,False
80,92,15,0,2.48727970123291,2.483749008178711,0.0035306930541989523,True,0.0,False
80,93,15,0,6.144275283813476,6.143769073486328,0.0005062103271482599,True,0.0,False
80,94,15,0,2.076255989074707,2.0746742248535157,0.001581764221191495,True,0.0,False
80,95,15,0,2.175668144226074,2.1769556522369387,-0.0012875080108645243,False,0.0,False
80,96,15,0,1.872792974114418,1.871883848682046,0.0009091254323720932,True,0.0,False
80,97,15,0,4.304302334785461,4.302232623100281,0.002069711685180664,True,0.0,False
80,98,15,0,3.3508963584899902,3.3514227271080017,-0.0005263686180114746,False,0.0,False
80,99,15,0,3.315737009048462,3.3224635124206543,-0.006726503372192383,False,0.0,False
80,80,16,0,3.3578175438774958,3.355111757914225,0.002705785963270646,True,0.23435958387064462,True
80,81,16,0,2.791642189025879,2.7962592442830405,-0.004617055257161606,False,0.0,False
80,82,16,0,0.5473367171362042,0.5409124372527003,0.006424279883503914,True,0.3622994240935316,True
80,83,16,0,2.2195847034454346,2.220638632774353,-0.001053929328918457,False,0.0,False
80,84,16,0,4.639695659279823,4.62988355755806,0.00981210172176361,True,0.5353566149748533,True
80,85,16,0,1.2817968502640724,1.2814653302942003,0.0003315199698721294,True,0.0,False
80,86,16,0,1.787634679448924,1.7964388329003538,-0.00880415345142982,False,0.0,False
80,87,16,0,2.8844171979775033,2.8815232949952283,0.0028939029822749873,True,0.27033847431645697,True
80,88,16,0,1.0074408451716106,1.0080550909042358,-0.0006142457326252515,False,0.0,False
80,89,16,0,3.354967212677002,3.361498475074768,-0.0065312623977660245,False,0.0,False
80,90,16,0,0.23834354504942895,0.23989330753684043,-0.0015497624874114824,False,0.0,False
80,91,16,0,2.5892070293426515,2.5946316719055176,-0.005424642562866122,False,0.0,False
80,92,16,0,2.48727970123291,2.484130096435547,0.003149604797362926,True,0.0,False
80,94,16,0,2.076255989074707,2.0807800769805906,-0.004524087905883434,False,0.0,False
80,95,16,0,2.175668144226074,2.1721332550048826,0.003534889221191495,True,0.0,False
80,96,16,0,1.872792974114418,1.8687364421784878,0.004056531935930252,True,0.3466931816427091,True
80,97,16,0,4.304302334785461,4.294167518615723,0.01013481616973877,True,0.18968392705545584,True
80,98,16,0,3.3508963584899902,3.3505701422691345,0.0003262162208557129,True,0.0,False
80,99,16,0,3.315737009048462,3.3279974460601807,-0.01226043701171875,False,0.0,False
80,81,17,0,2.791642189025879,2.7987727059258356,-0.007130516899956696,False,0.0,False
80,82,17,0,0.5473367171362042,0.5499405059963465,-0.002603788860142231,False,0.0,False
80,83,17,0,2.2195847034454346,2.2223029732704163,-0.0027182698249816895,False,0.0,False
80,84,17,0,4.639695659279823,4.638452157378197,0.001243501901626587,True,0.0,False
80,85,17,0,1.2817968502640724,1.2790609470435552,0.0027359032205171996,True,0.38664126509282387,True
80,86,17,0,1.787634679448924,1.7872402677977723,0.00039441165115161603,True,0.0,False
80,87,17,0,2.8844171979775033,2.884195026010275,0.0002221719672284017,True,0.0,False
80,88,17,0,1.0074408451716106,1.0086077849070232,-0.0011669397354125977,False,0.0,False
80,89,17,0,3.354967212677002,3.358420729637146,-0.003453516960143954,False,0.0,False
80,90,17,0,0.23834354504942895,0.2370008945465088,0.0013426505029201508,True,0.2816355624959555,True
80,91,17,0,2.5892070293426515,2.586775875091553,0.002431154251098633,True,0.0,False
80,92,17,0,2.48727970123291,2.48518705368042,0.0020926475524900567,True,0.0,False
80,93,17,0,6.144275283813476,6.151190185546875,-0.006914901733399148,False,0.0,False
80,94,17,0,2.076255989074707,2.0715259552001952,0.004730033874511985,True,0.0,False
80,95,17,0,2.175668144226074,2.1783620357513427,-0.0026938915252685547,False,0.0,False
80,96,17,0,1.872792974114418,1.876375613734126,-0.0035826396197080612,False,0.0,False
80,97,17,0,4.304302334785461,4.297818899154663,0.00648343563079834,True,0.0,False
80,98,17,0,3.3508963584899902,3.3524115085601807,-0.0015151500701904297,False,0.0,False
80,99,17,0,3.315737009048462,3.3136239051818848,0.0021131038665771484,True,0.0,False
80,80,18,0,3.3578175438774958,3.3541544808281794,0.0036630630493164062,True,0.3172734072772107,True
80,81,18,0,2.791642189025879,2.788458824157715,0.0031833648681640625,True,0.0,False
80,82,18,0,0.5473367171362042,0.5487435627728701,-0.001406845636665821,False,0.0,False
80,83,18,0,2.2195847034454346,2.2146592140197754,0.00492548942565918,True,0.3478868555214556,True
80,84,18,0,4.639695659279823,4.639540120959282,0.00015553832054138184,True,0.0,False
80,85,18,0,1.2817968502640724,1.2796694753425462,0.0021273749215262594,True,0.3006432847541176,True
80,86,18,0,1.787634679448924,1.7862085437269084,0.0014261357220155535,True,0.0,False
80,87,18,0,2.8844171979775033,2.8846173901110888,-0.00020019213358546395,False,0.0,False
80,88,18,0,1.0074408451716106,1.0057655572891235,0.0016752878824870532,True,0.0,False
80,89,18,0,3.354967212677002,3.3538286209106447,0.001138591766357333,True,0.0,False
80,90,18,0,0.23834354504942895,0.23918459489941596,-0.0008410498499870078,False,0.0,False
80,91,18,0,2.5892070293426515,2.5911886215209963,-0.0019815921783448154,False,0.0,False
80,92,18,0,2.48727970123291,2.488449478149414,-0.001169776916503995,False,0.0,False
80,93,18,0,6.144275283813476,6.144020652770996,0.00025463104248046875,True,0.0,False
80,94,18,0,2.076255989074707,2.080064392089844,-0.00380840301513663,False,0.0,False
80,95,18,0,2.175668144226074,2.1744722366333007,0.0011959075927734375,True,0.0,False
80,96,18,0,1.872792974114418,1.8719756659120321,0.0008173082023859024,True,0.0,False
80,97,18,0,4.304302334785461,4.307986497879028,-0.0036841630935668945,False,0.0,False
80,98,18,0,3.3508963584899902,3.3515056371688843,-0.000609278678894043,False,0.0,False
80,99,18,0,3.315737009048462,3.301342725753784,0.014394283294677734,True,0.3618416321050991,True
80,80,19,0,3.3578175438774958,3.355460908677843,0.002356635199652679,True,0.0,False
80,81,19,0,2.791642189025879,2.7882395850287542,0.0034026039971246647,True,0.0,False
80,82,19,0,0.5473367171362042,0.5484088473021984,-0.0010721301659941673,False,0.0,False
80,83,19,0,2.2195847034454346,2.2150272727012634,0.004557430744171143,True,0.32189090541684034,True
80,84,19,0,4.639695659279823,4.641422249376774,-0.001726590096950531,False,0.0,False
80,85,19,0,1.2817968502640724,1.2833270664725984,-0.001530216208526003,False,0.0,False
80,86,19,0,1.787634679448924,1.7862883490909423,0.0013463303579817065,True,0.0,False
80,87,19,0,2.8844171979775033,2.884179704512159,0.00023749346534440718,True,0.0,False
80,88,19,0,1.0074408451716106,1.0042405128479004,0.0032003323237101977,True,0.0,False
80,89,19,0,3.354967212677002,3.362829399108887,-0.007862186431884854,False,0.0,False
80,90,19,0,0.23834354504942895,0.24069221839308738,-0.0023486733436584306,False,0.0,False
80,91,19,0,2.5892070293426515,2.589417839050293,-0.00021080970764142393,False,0.0,False
80,92,19,0,2.48727970123291,2.4874892234802246,-0.00020952224731463076,False,0.0,False
80,93,19,0,6.144275283813476,6.145530414581299,-0.0012551307678227985,False,0.0,False
80,94,19,0,2.076255989074707,2.079412078857422,-0.003156089782714755,False,0.0,False
80,95,19,0,2.175668144226074,2.1726040840148926,0.003064060211181552,True,0.0,False
80,96,19,0,1.872792974114418,1.8713980466127396,0.0013949275016784668,True,0.0,False
80,97,19,0,4.304302334785461,4.310931921005249,-0.006629586219787598,False,0.0,False
80,98,19,0,3.3508963584899902,3.3498661518096924,0.0010302066802978516,True,0.0,False
80,99,19,0,3.315737009048462,3.3081765174865723,0.0075604915618896484,True,0.0,False
80,80,20,0,3.3578175438774958,3.3564773665534124,0.0013401773240833137,True,0.0,False
80,83,20,0,2.2195847034454346,2.2204678058624268,-0.0008831024169921875,False,0.0,False
80,84,20,0,4.639695659279823,4.64009402692318,-0.00039836764335632324,False,0.0,False
80,85,20,0,1.2817968502640724,1.2820630967617035,-0.000266246497631073,False,0.0,False
80,86,20,0,1.787634679448924,1.7915764349911893,-0.0039417555422653905,False,0.0,False
80,88,20,0,1.0074408451716106,1.0046322047710419,0.0028086404005687182,True,0.0,False
80,89,20,0,3.354967212677002,3.361592435836792,-0.006625223159789861,False,0.0,False
80,90,20,0,0.23834354504942895,0.23793440237641333,0.0004091426730156167,True,0.0,False
80,91,20,0,2.5892070293426515,2.5859710216522216,0.003236007690429865,True,0.0,False
80,92,20,0,2.48727970123291,2.4919943153858184,-0.004714614152908414,False,0.0,False
80,93,20,0,6.144275283813476,6.145944118499756,-0.0016688346862796521,False,0.0,False
80,94,20,0,2.076255989074707,2.0740784764289857,0.0021775126457215244,True,0.0,False
80,95,20,0,2.175668144226074,2.1780564308166506,-0.0023882865905764383,False,0.0,False
80,96,20,0,1.872792974114418,1.8759923242032528,-0.0031993500888347626,False,0.0,False
80,97,20,0,4.304302334785461,4.283227384090424,0.021074950695037842,True,0.3944402486816814,True
80,98,20,0,3.3508963584899902,3.3499865531921387,0.0009098052978515625,True,0.0,False
80,99,20,0,3.315737009048462,3.3234121799468994,-0.0076751708984375,False,0.0,False
80,80,21,0,3.3578175438774958,3.357224782307943,0.000592761569552902,True,0.0,False
80,81,21,0,2.791642189025879,2.803527514139811,-0.011885325113932144,False,0.0,False
80,83,21,0,2.2195847034454346,2.226620316505432,-0.007035613059997559,False,0.0,False
80,84,21,0,4.639695659279823,4.638699673116207,0.0009959861636161804,True,0.0,False
80,85,21,0,1.2817968502640724,1.2800788847463471,0.001717965517725295,True,0.0,False
80,86,21,0,1.787634679448924,1.7846446566815888,0.0029900227673351765,True,0.0,False
80,87,21,0,2.8844171979775033,2.8791868686676025,0.00523032930990075,True,0.4885993948213352,True
80,88,21,0,1.0074408451716106,1.0093592032790184,-0.0019183581074078138,False,0.0,False
80,89,21,0,3.354967212677002,3.3609607934951784,-0.005993580818176358,False,0.0,False
80,90,21,0,0.23834354504942895,0.23749772235751151,0.0008458226919174361,True,0.0,False
80,91,21,0,2.5892070293426515,2.595847225189209,-0.006640195846557617,False,0.0,False
80,92,21,0,2.48727970123291,2.4863870620727537,0.00089263916015625,True,0.0,False
80,93,21,0,6.144275283813476,6.144784545898437,-0.0005092620849609375,False,0.0,False
80,94,21,0,2.076255989074707,2.0822190284729003,-0.005963039398193093,False,0.0,False
80,95,21,0,2.175668144226074,2.179970645904541,-0.004302501678466797,False,0.0,False
80,96,21,0,1.872792974114418,1.8734333422034979,-0.0006403680890798569,False,0.0,False
80,97,21,0,4.304302334785461,4.300387382507324,0.003914952278137207,True,0.0,False
80,98,21,0,3.3508963584899902,3.3490421772003174,0.0018541812896728516,True,0.0,False
80,99,21,0,3.315737009048462,3.314527988433838,0.0012090206146240234,True,0.0,False
80,80,22,0,3.3578175438774958,3.3584787050882974,-0.0006611612108016196,False,0.0,False
80,81,22,0,2.791642189025879,2.789078288608127,0.0025639004177517855,True,0.0,False
80,82,22,0,0.5473367171362042,0.5439474284648895,0.0033892886713147163,True,0.0,False
80,83,22,0,2.2195847034454346,2.216819107532501,0.0027655959129333496,True,0.0,False
80,84,22,0,4.639695659279823,4.641126915812492,-0.0014312565326690674,False,0.0,False
80,85,22,0,1.2817968502640724,1.2834924768124307,-0.0016956265483583088,False,0.0,False
80,86,22,0,1.787634679448924,1.7902431665653629,-0.0026084871164389067,False,0.0,False
80,87,22,0,2.8844171979775033,2.8877491131424904,-0.003331915164987098,False,0.0,False
80,88,22,0,1.0074408451716106,1.0095903078715007,-0.0021494626998901367,False,0.0,False
80,89,22,0,3.354967212677002,3.363137054443359,-0.008169841766357155,False,0.0,False
80,90,22,0,0.23834354504942895,0.23942963182926177,-0.0010860867798328233,False,0.0,False
80,91,22,0,2.5892070293426515,2.5921513557434084,-0.0029443264007569248,False,0.0,False
80,92,22,0,2.48727970123291,2.4855645179748533,0.0017151832580566406,True,0.0,False
80,93,22,0,6.144275283813476,6.144274806976318,4.76837158203125e-07,False,0.0,False
80,94,22,0,2.076255989074707,2.080696868896484,-0.0044408798217769885,False,0.0,False
80,95,22,0,2.175668144226074,2.1749568939208985,0.0007112503051756036,True,0.0,False
80,96,22,0,1.872792974114418,1.8693055249750614,0.003487449139356613,True,0.2980562847863798,True
80,97,22,0,4.304302334785461,4.305520415306091,-0.0012180805206298828,False,0.0,False
80,98,22,0,3.3508963584899902,3.3499228954315186,0.0009734630584716797,True,0.0,False
80,99,22,0,3.315737009048462,3.3079428672790527,0.00779414176940918,True,0.0,False
80,80,23,0,3.3578175438774958,3.3639842139350042,-0.006166670057508483,False,0.0,False
80,81,23,0,2.791642189025879,2.79270437028673,-0.0010621812608508918,False,0.0,False
80,82,23,0,0.5473367171362042,0.5433315234258771,0.0040051937103271484,True,0.0,False
80,83,23,0,2.2195847034454346,2.2180100679397583,0.0015746355056762695,True,0.0,False
80,84,23,0,4.639695659279823,4.637407764792442,0.0022878944873809814,True,0.0,False
80,85,23,0,1.2817968502640724,1.2819658826504434,-0.00016903238637100415,False,0.0,False
80,86,23,0,1.787634679448924,1.7882594244022454,-0.0006247449533214322,False,0.0,False
80,87,23,0,2.8844171979775033,2.8833024905373654,0.0011147074401378632,True,0.0,False
80,88,23,0,1.0074408451716106,1.0114898681640625,-0.004049022992451912,False,0.0,False
80,89,23,0,3.354967212677002,3.354804277420044,0.00016293525695809663,True,0.0,False
80,90,23,0,0.23834354504942895,0.23663555905222894,0.0017079859972000122,True,0.3582686603925909,True
80,91,23,0,2.5892070293426515,2.5872052669525147,0.0020017623901367188,True,0.0,False
80,92,23,0,2.48727970123291,2.482661247253418,0.00461845397949201,True,0.28954763413729867,True
80,93,23,0,6.144275283813476,6.146202564239502,-0.001927280426025746,False,0.0,False
80,94,23,0,2.076255989074707,2.0708826065063475,0.00537338256835973,True,0.2813120974586904,True
80,95,23,0,2.175668144226074,2.1767210006713866,-0.0010528564453125,False,0.0,False
80,96,23,0,1.872792974114418,1.8785020429641008,-0.005709068849682808,False,0.0,False
80,97,23,0,4.304302334785461,4.307142734527588,-0.002840399742126465,False,0.0,False
80,98,23,0,3.3508963584899902,3.3516284823417664,-0.000732123851776123,False,0.0,False
80,99,23,0,3.315737009048462,3.3216042518615723,-0.0058672428131103516,False,0.0,False
80,80,24,0,3.3578175438774958,3.3569011158413358,0.0009164280361599886,True,0.0,False
80,81,24,0,2.791642189025879,2.7939745585123696,-0.0023323694864907374,False,0.0,False
80,82,24,0,0.5473367171362042,0.5507349548861384,-0.0033982377499341965,False,0.0,False
80,83,24,0,2.2195847034454346,2.2187691926956177,0.0008155107498168945,True,0.0,False
80,84,24,0,4.639695659279823,4.641915023326874,-0.002219364047050476,False,0.0,False
80,85,24,0,1.2817968502640724,1.2831184810825758,-0.0013216308185033387,False,0.0,False
80,86,24,0,1.787634679448924,1.7830064386528517,0.004628240796072269,True,0.22196233520883807,True
80,87,24,0,2.8844171979775033,2.88223585113883,0.002181346838673104,True,0.0,False
80,88,24,0,1.0074408451716106,0.9971158107121786,0.010325034459432003,True,0.37236797415874706,True
80,89,24,0,3.354967212677002,3.3543652534484862,0.0006019592285158026,True,0.0,False
80,90,24,0,0.23834354504942895,0.2389061100780964,-0.0005625650286674444,False,0.0,False
80,91,24,0,2.5892070293426515,2.5897132396697997,-0.0005062103271482599,False,0.0,False
80,92,24,0,2.48727970123291,2.493433380126953,-0.006153678894043058,False,0.0,False
80,93,24,0,6.144275283813476,6.140393257141113,0.003882026672362926,True,0.0,False
80,94,24,0,2.076255989074707,2.0784215927124023,-0.002165603637695135,False,0.0,False
80,95,24,0,2.175668144226074,2.1821579933166504,-0.006489849090576261,False,0.0,False
80,96,24,0,1.872792974114418,1.8707247637212276,0.002068210393190384,True,0.0,False
80,97,24,0,4.304302334785461,4.301294803619385,0.00300753116607666,True,0.0,False
80,99,24,0,3.315737009048462,3.3123574256896973,0.0033795833587646484,True,0.0,False
80,81,25,0,2.791642189025879,2.8014683193630643,-0.00982613033718538,False,0.0,False
80,82,25,0,0.5473367171362042,0.5482170842587948,-0.0008803671225905418,False,0.0,False
80,83,25,0,2.2195847034454346,2.222903847694397,-0.0033191442489624023,False,0.0,False
80,84,25,0,4.639695659279823,4.645644441246986,-0.005948781967163086,False,0.0,False
80,85,25,0,1.2817968502640724,1.2831589068685259,-0.0013620566044534321,False,0.0,False
80,86,25,0,1.787634679448924,1.77743925413649,0.010195425312433892,True,0.48895476931874565,True
80,87,25,0,2.8844171979775033,2.883336540311575,0.0010806576659283529,True,0.0,False
80,88,25,0,1.0074408451716106,1.0025371511777241,0.00490369399388646,True,0.0,False
80,90,25,0,0.23834354504942895,0.23662684857845306,0.001716696470975887,True,0.3600957771114536,True
80,91,25,0,2.5892070293426515,2.5886843681335447,0.0005226612091067118,True,0.0,False
80,92,25,0,2.48727970123291,2.483282947540283,0.003996753692626864,True,0.0,False
80,93,25,0,6.144275283813476,6.151080322265625,-0.00680503845214897,False,0.0,False
80,94,25,0,2.076255989074707,2.070456314086914,0.005799674987793324,True,0.3036297368815263,True
80,95,25,0,2.175668144226074,2.1834455490112306,-0.007777404785156428,False,0.0,False
80,96,25,0,1.872792974114418,1.8718737941235304,0.0009191799908876419,True,0.0,False
80,97,25,0,4.304302334785461,4.2820820808410645,0.022220253944396973,True,0.41587582426286274,True
80,98,25,0,3.3508963584899902,3.344282865524292,0.006613492965698242,True,0.48079939681246586,True
80,81,26,0,2.791642189025879,2.7922306060791016,-0.0005884170532226562,False,0.0,False
80,82,26,0,0.5473367171362042,0.5450155828148127,0.0023211343213915825,True,0.0,False
80,83,26,0,2.2195847034454346,2.2203575372695923,-0.0007728338241577148,False,0.0,False
80,84,26,0,4.639695659279823,4.642323166131973,-0.0026275068521499634,False,0.0,False
80,85,26,0,1.2817968502640724,1.2806633114814758,0.0011335387825965881,True,0.0,False
80,86,26,0,1.787634679448924,1.7833980688426112,0.004236610606312752,True,0.0,False
80,87,26,0,2.8844171979775033,2.8852008966108165,-0.000783698633313179,False,0.0,False
80,89,26,0,3.354967212677002,3.3509939193725584,0.003973293304443626,True,0.0,False
80,90,26,0,0.23834354504942895,0.23743364661931993,0.000909898430109024,True,0.0,False
80,92,26,0,2.48727970123291,2.481427764892578,0.005851936340331765,True,0.3668791179882051,True
80,93,26,0,6.144275283813476,6.143578815460205,0.0006964683532713067,True,0.0,False
80,94,26,0,2.076255989074707,2.0683279037475586,0.007928085327148615,True,0.4150581656597833,True
80,95,26,0,2.175668144226074,2.1777328491210937,-0.0020647048950195312,False,0.0,False
80,96,26,0,1.872792974114418,1.873517207801342,-0.0007242336869239807,False,0.0,False
80,97,26,0,4.304302334785461,4.302801251411438,0.0015010833740234375,True,0.0,False
80,98,26,0,3.3508963584899902,3.351075530052185,-0.00017917156219482422,False,0.0,False
80,99,26,0,3.315737009048462,3.3280192613601685,-0.012282252311706543,False,0.0,False
90,80,0,0,3.392208947075738,3.4004204008314343,-0.008211453755696319,False,0.0,False
90,82,0,0,0.5421432899311185,0.5369377285242081,0.0052055614069104195,True,0.30038479515023003,True
90,84,0,0,4.653681218624115,4.650016114115715,0.0036651045083999634,True,0.213995990854136,True
90,85,0,0,1.2750694070543562,1.2757470607757568,-0.0006776537214006062,False,0.0,False
90,86,0,0,1.7734095732947546,1.7781988843344152,-0.0047893110396606264,False,0.0,False
90,87,0,0,2.902454216654102,2.90482704838117,-0.0023728317270679256,False,0.0,False
90,88,0,0,1.0063002506891887,1.0057953993479412,0.0005048513412475586,True,0.0,False
90,89,0,0,3.3936047077178957,3.3864414215087892,0.007163286209106445,True,0.2961928205896571,True
90,90,0,0,0.23799701258540154,0.23736922815442085,0.0006277844309806879,True,0.0,False
90,91,0,0,2.598639488220215,2.5983404159545898,0.0002990722656250888,True,0.0,False
90,92,0,0,2.5107540130615233,2.5070709228515624,0.0036830902099609375,True,0.0,False
90,93,0,0,6.121608257293701,6.128060150146484,-0.0064518928527830255,False,0.0,False
90,94,0,0,2.0857940673828126,2.0862383782863616,-0.0004443109035490167,False,0.0,False
90,95,0,0,2.1997623443603516,2.194869327545166,0.0048930168151857245,True,0.2734215126193783,True
90,96,0,0,1.8620287496596575,1.8623002152889967,-0.00027146562933921814,False,0.0,False
90,97,0,0,4.303144812583923,4.321813702583313,-0.01866888999938965,False,0.0,False
90,98,0,0,3.3604094982147217,3.3666083216667175,-0.00619882345199585,False,0.0,False
90,99,0,0,3.379647970199585,3.3843751549720764,-0.004727184772491455,False,0.0,False
90,80,1,0,3.392208947075738,3.396429803636339,-0.004220856560601227,False,0.0,False
90,81,1,0,2.8088538911607532,2.801483472188314,0.0073704189724392855,True,0.32164773016291204,True
90,82,1,0,0.5421432899311185,0.5503214029595256,-0.008178113028407097,False,0.0,False
90,83,1,0,2.2502079010009766,2.252485752105713,-0.002277851104736328,False,0.0,False
90,84,1,0,4.653681218624115,4.655575811862946,-0.0018945932388305664,False,0.0,False
90,85,1,0,1.2750694070543562,1.273623495229653,0.0014459118247032166,True,0.0,False
90,87,1,0,2.902454216654102,2.9045497371504703,-0.002095520496368408,False,0.0,False
90,88,1,0,1.0063002506891887,1.0124812126159668,-0.0061809619267780835,False,0.0,False
90,89,1,0,3.3936047077178957,3.39275176525116,0.0008529424667358398,True,0.0,False
90,90,1,0,0.23799701258540154,0.2414377860724926,-0.00344077348709107,False,0.0,False
90,91,1,0,2.598639488220215,2.598199462890625,0.00044002532958975493,True,0.0,False
90,92,1,0,2.5107540130615233,2.5227850914001464,-0.012031078338623047,False,0.0,False
90,93,1,0,6.121608257293701,6.110565090179444,0.011043167114257457,True,0.44463046015850427,True
90,94,1,0,2.0857940673828126,2.09079647064209,-0.005002403259277255,False,0.0,False
90,95,1,0,2.1997623443603516,2.192429542541504,0.007332801818847656,True,0.40975656548430495,True
90,96,1,0,1.8620287496596575,1.8602723311632872,0.0017564184963703156,True,0.0,False
90,97,1,0,4.303144812583923,4.309900164604187,-0.006755352020263672,False,0.0,False
90,98,1,0,3.3604094982147217,3.3589524030685425,0.0014570951461791992,True,0.0,False
90,99,1,0,3.379647970199585,3.367405414581299,0.012242555618286133,True,0.29081548856254497,True
90,80,2,0,3.392208947075738,3.3900789154900446,0.0021300315856933594,True,0.0,False
90,81,2,0,2.8088538911607532,2.8158223893907337,-0.006968498229980469,False,0.0,False
90,83,2,0,2.2502079010009766,2.252903312444687,-0.002695411443710327,False,0.0,False
90,84,2,0,4.653681218624115,4.652315691113472,0.0013655275106430054,True,0.0,False
90,85,2,0,1.2750694070543562,1.2753585534436362,-0.000289146389280015,False,0.0,False
90,86,2,0,1.7734095732947546,1.77364168056686,-0.0002321072721054307,False,0.0,False
90,87,2,0,2.902454216654102,2.901662244151036,0.0007919725030660629,True,0.0,False
90,88,2,0,1.0063002506891887,1.0128271244466305,-0.006526873757441765,False,0.0,False
90,89,2,0,3.3936047077178957,3.4091712474822997,-0.01556653976440403,False,0.0,False
90,90,2,0,0.23799701258540154,0.23814482763409614,-0.0001478150486945995,False,0.0,False
90,92,2,0,2.5107540130615233,2.517827033996582,-0.007073020935058683,False,0.0,False
90,93,2,0,6.121608257293701,6.116289710998535,0.005318546295166371,True,0.0,False
90,94,2,0,2.0857940673828126,2.0936862945556642,-0.007892227172851651,False,0.0,False
90,96,2,0,1.8620287496596575,1.8626329991966486,-0.0006042495369911194,False,0.0,False
90,97,2,0,4.303144812583923,4.302027016878128,0.001117795705795288,True,0.0,False
90,98,2,0,3.3604094982147217,3.3588391542434692,0.0015703439712524414,True,0.0,False
90,99,2,0,3.379647970199585,3.381744384765625,-0.002096414566040039,False,0.0,False
90,80,3,0,3.392208947075738,3.39475769466824,-0.002548747592502121,False,0.0,False
90,81,3,0,2.8088538911607532,2.8130580054389105,-0.004204114278157256,False,0.0,False
90,82,3,0,0.5421432899311185,0.5453661223873496,-0.0032228324562311172,False,0.0,False
90,83,3,0,2.2502079010009766,2.2527040243148804,-0.0024961233139038086,False,0.0,False
90,84,3,0,4.653681218624115,4.650936938822269,0.0027442798018455505,True,0.0,False
90,85,3,0,1.2750694070543562,1.2769969659192222,-0.0019275588648659525,False,0.0,False
90,86,3,0,1.7734095732947546,1.7732605542322355,0.00014901906251907349,True,0.0,False
90,87,3,0,2.902454216654102,2.8991606992979846,0.0032935173561172704,True,0.26866571435169007,True
90,88,3,0,1.0063002506891887,1.0049363772074382,0.0013638734817504883,True,0.0,False
90,89,3,0,3.3936047077178957,3.407173490524292,-0.013568782806396396,False,0.0,False
90,91,3,0,2.598639488220215,2.601204013824463,-0.0025645256042481357,False,0.0,False
90,92,3,0,2.5107540130615233,2.5134160995483397,-0.0026620864868163174,False,0.0,False
90,93,3,0,6.121608257293701,6.11941967010498,0.0021885871887210584,True,0.0,False
90,95,3,0,2.1997623443603516,2.2007238388061525,-0.0009614944458009589,False,0.0,False
90,96,3,0,1.8620287496596575,1.8704186975955963,-0.008389947935938835,False,0.0,False
90,97,3,0,4.303144812583923,4.3092851638793945,-0.006140351295471191,False,0.0,False
90,98,3,0,3.3604094982147217,3.3572280406951904,0.00318145751953125,True,0.23155912835618875,True
90,99,3,0,3.379647970199585,3.377108097076416,0.0025398731231689453,True,0.0,False
90,80,4,0,3.392208947075738,3.390023602379693,0.002185344696044922,True,0.0,False
90,81,4,0,2.8088538911607532,2.811025513543023,-0.0021716223822698666,False,0.0,False
90,82,4,0,0.5421432899311185,0.5402534054592252,0.0018898844718933105,True,0.0,False
90,83,4,0,2.2502079010009766,2.2532373666763306,-0.003029465675354004,False,0.0,False
90,84,4,0,4.653681218624115,4.650454089045525,0.003227129578590393,True,0.0,False
90,85,4,0,1.2750694070543562,1.275823115770306,-0.000753708715949708,False,0.0,False
90,86,4,0,1.7734095732947546,1.7770472901341106,-0.0036377168393559867,False,0.0,False
90,87,4,0,2.902454216654102,2.903085619211197,-0.0006314025570950399,False,0.0,False
90,88,4,0,1.0063002506891887,1.0069404641787212,-0.0006402134895324707,False,0.0,False
90,89,4,0,3.3936047077178957,3.3946825504302978,-0.0010778427124020773,False,0.0,False
90,90,4,0,0.23799701258540154,0.23740398585796357,0.0005930267274379675,True,0.0,False
90,91,4,0,2.598639488220215,2.5928573608398438,0.005782127380371094,True,0.3516275751877284,True
90,93,4,0,6.121608257293701,6.122714710235596,-0.0011064529418947089,False,0.0,False
90,94,4,0,2.0857940673828126,2.0820905685424806,0.0037034988403319424,True,0.0,False
90,95,4,0,2.1997623443603516,2.203574800491333,-0.0038124561309813565,False,0.0,False
90,96,4,0,1.8620287496596575,1.8659069035202265,-0.0038781538605690002,False,0.0,False
90,98,4,0,3.3604094982147217,3.3598694801330566,0.0005400180816650391,True,0.0,False
90,99,4,0,3.379647970199585,3.3916515111923218,-0.012003540992736816,False,0.0,False
90,80,5,0,3.392208947075738,3.396888097127279,-0.004679150051540848,False,0.0,False
90,81,5,0,2.8088538911607532,2.805501514010959,0.0033523771497940835,True,0.0,False
90,82,5,0,0.5421432899311185,0.5439097955822945,-0.0017665056511759758,False,0.0,False
90,83,5,0,2.2502079010009766,2.2457647919654846,0.004443109035491943,True,0.0,False
90,84,5,0,4.653681218624115,4.651819579303265,0.0018616393208503723,True,0.0,False
90,85,5,0,1.2750694070543562,1.272997756089483,0.002071650964873273,True,0.0,False
90,86,5,0,1.7734095732947546,1.7871592822484672,-0.013749708953712636,False,0.0,False
90,87,5,0,2.902454216654102,2.902080811560154,0.00037340509394789834,True,0.0,False
90,88,5,0,1.0063002506891887,1.0095415314038594,-0.003241280714670669,False,0.0,False
90,89,5,0,3.3936047077178957,3.3867191314697265,0.006885576248169212,True,0.28470986510879503,True
90,90,5,0,0.23799701258540154,0.2375081367790699,0.0004888758063316401,True,0.0,False
90,91,5,0,2.598639488220215,2.6040613651275635,-0.005421876907348633,False,0.0,False
90,92,5,0,2.5107540130615233,2.513347053527832,-0.0025930404663085938,False,0.0,False
90,93,5,0,6.121608257293701,6.126827144622803,-0.005218887329101918,False,0.0,False
90,94,5,0,2.0857940673828126,2.0831110000610353,0.002683067321777255,True,0.0,False
90,95,5,0,2.1997623443603516,2.198523998260498,0.0012383460998535156,True,0.0,False
90,96,5,0,1.8620287496596575,1.8638369999825954,-0.0018082503229379654,False,0.0,False
90,97,5,0,4.303144812583923,4.299505710601807,0.0036391019821166992,True,0.0,False
90,98,5,0,3.3604094982147217,3.3646064400672913,-0.00419694185256958,False,0.0,False
90,99,5,0,3.379647970199585,3.3885254859924316,-0.00887751579284668,False,0.0,False
90,80,6,0,3.392208947075738,3.3941274219089084,-0.0019184748331704249,False,0.0,False
90,81,6,0,2.8088538911607532,2.8036456637912326,0.005208227369520646,True,0.0,False
90,82,6,0,0.5421432899311185,0.5476154647767544,-0.005472174845635891,False,0.0,False
90,83,6,0,2.2502079010009766,2.2501806020736694,2.7298927307128906e-05,True,0.0,False
90,85,6,0,1.2750694070543562,1.2742496079632215,0.0008197990911347208,True,0.0,False
90,86,6,0,1.7734095732947546,1.7779400374607317,-0.004530464165977133,False,0.0,False
90,87,6,0,2.902454216654102,2.9044240123281875,-0.001969795674085617,False,0.0,False
90,88,6,0,1.0063002506891887,1.0041767458120983,0.002123504877090454,True,0.0,False
90,89,6,0,3.3936047077178957,3.387683963775635,0.005920743942260831,True,0.0,False
90,90,6,0,0.23799701258540154,0.23798809051513672,8.922070264816284e-06,True,0.0,False
90,91,6,0,2.598639488220215,2.5922937393188477,0.0063457489013671875,True,0.38590299938960004,True
90,92,6,0,2.5107540130615233,2.517520713806152,-0.006766700744628817,False,0.0,False
90,93,6,0,6.121608257293701,6.124893760681152,-0.0032855033874508166,False,0.0,False
90,94,6,0,2.0857940673828126,2.085801887512207,-7.820129394264796e-06,False,0.0,False
90,95,6,0,2.1997623443603516,2.197519397735596,0.0022429466247557706,True,0.0,False
90,96,6,0,1.8620287496596575,1.8695619702339172,-0.007533220574259758,False,0.0,False
90,97,6,0,4.303144812583923,4.322676658630371,-0.019531846046447754,False,0.0,False
90,98,6,0,3.3604094982147217,3.366624593734741,-0.006215095520019531,False,0.0,False
90,99,6,0,3.379647970199585,3.364211082458496,0.015436887741088867,True,0.36669517299186155,True
90,80,7,0,3.392208947075738,3.402790811326769,-0.010581864251030915,False,0.0,False
90,81,7,0,2.8088538911607532,2.807087050543891,0.0017668406168622752,True,0.0,False
90,82,7,0,0.5421432899311185,0.5416127843782306,0.0005305055528879166,True,0.0,False
90,83,7,0,2.2502079010009766,2.2453128695487976,0.004895031452178955,True,0.3443814971212433,True
90,84,7,0,4.653681218624115,4.653206802904606,0.00047441571950912476,True,0.0,False
90,85,7,0,1.2750694070543562,1.2792222914951188,-0.004152884440762561,False,0.0,False
90,86,7,0,1.7734095732947546,1.7714643890171178,0.0019451842776367911,True,0.0,False
90,87,7,0,2.902454216654102,2.9063022658228874,-0.003848049168785561,False,0.0,False
90,88,7,0,1.0063002506891887,1.0121223131815593,-0.0058220624923706055,False,0.0,False
90,89,7,0,3.3936047077178957,3.3915926933288576,0.002012014389038086,True,0.0,False
90,90,7,0,0.23799701258540154,0.23901161476969718,-0.0010146021842956376,False,0.0,False
90,91,7,0,2.598639488220215,2.5960230350494387,0.0026164531707761896,True,0.0,False
90,92,7,0,2.5107540130615233,2.5124556541442873,-0.0017016410827639383,False,0.0,False
90,93,7,0,6.121608257293701,6.116040229797363,0.005568027496337891,True,0.22418519997543185,True
90,94,7,0,2.0857940673828126,2.0844610214233397,0.0013330459594729227,True,0.0,False
90,95,7,0,2.1997623443603516,2.198205757141113,0.0015565872192384589,True,0.0,False
90,96,7,0,1.8620287496596575,1.858691142871976,0.0033376067876815796,True,0.2801735143695985,True
90,97,7,0,4.303144812583923,4.306151747703552,-0.0030069351196289062,False,0.0,False
90,98,7,0,3.3604094982147217,3.360779821872711,-0.00037032365798950195,False,0.0,False
90,99,7,0,3.379647970199585,3.378882884979248,0.0007650852203369141,True,0.0,False
90,80,8,0,3.392208947075738,3.3929382960001626,-0.0007293489244246665,False,0.0,False
90,81,8,0,2.8088538911607532,2.8078689575195312,0.0009849336412219856,True,0.0,False
90,82,8,0,0.5421432899311185,0.5491946041584015,-0.007051314227283001,False,0.0,False
90,84,8,0,4.653681218624115,4.658193752169609,-0.00451253354549408,False,0.0,False
90,85,8,0,1.2750694070543562,1.2739462384155817,0.0011231686387744855,True,0.0,False
90,86,8,0,1.7734095732947546,1.7735281150255884,-0.00011854173083380992,False,0.0,False
90,87,8,0,2.902454216654102,2.9041554077217975,-0.0017011910676956177,False,0.0,False
90,88,8,0,1.0063002506891887,1.0152024030685425,-0.008902152379353767,False,0.0,False
90,89,8,0,3.3936047077178957,3.391861391067505,0.001743316650390625,True,0.0,False
90,90,8,0,0.23799701258540154,0.23839984461665154,-0.00040283203124999445,False,0.0,False
90,91,8,0,2.598639488220215,2.5965139389038088,0.0021255493164060724,True,0.0,False
90,92,8,0,2.5107540130615233,2.518203020095825,-0.007449007034301847,False,0.0,False
90,93,8,0,6.121608257293701,6.121293449401856,0.00031480789184534785,True,0.0,False
90,94,8,0,2.0857940673828126,2.0879133224487303,-0.0021192550659177023,False,0.0,False
90,95,8,0,2.1997623443603516,2.1982412338256836,0.0015211105346679688,True,0.0,False
90,96,8,0,1.8620287496596575,1.8595358673483133,0.0024928823113441467,True,0.0,False
90,97,8,0,4.303144812583923,4.305512428283691,-0.0023676156997680664,False,0.0,False
90,98,8,0,3.3604094982147217,3.3603829741477966,2.6524066925048828e-05,True,0.0,False
90,99,8,0,3.379647970199585,3.3728891015052795,0.00675886869430542,True,0.0,False
90,80,9,0,3.392208947075738,3.396550284491645,-0.004341337415906921,False,0.0,False
90,81,9,0,2.8088538911607532,2.8121408886379666,-0.0032869974772133936,False,0.0,False
90,82,9,0,0.5421432899311185,0.538559808395803,0.0035834815353155136,True,0.0,False
90,83,9,0,2.2502079010009766,2.2506169080734253,-0.00040900707244873047,False,0.0,False
90,84,9,0,4.653681218624115,4.651842907071114,0.0018383115530014038,True,0.0,False
90,85,9,0,1.2750694070543562,1.2751583786947387,-8.897164038246252e-05,False,0.0,False
90,87,9,0,2.902454216654102,2.902713306248188,-0.0002590895940861593,False,0.0,False
90,88,9,0,1.0063002506891887,1.0028085509936016,0.003491699695587158,True,0.0,False
90,90,9,0,0.23799701258540154,0.2365618146955967,0.00143519788980484,True,0.2726228769469926,True
90,91,9,0,2.598639488220215,2.5979329109191895,0.0007065773010253018,True,0.0,False
90,92,9,0,2.5107540130615233,2.5080658912658693,0.0026881217956540304,True,0.0,False
90,93,9,0,6.121608257293701,6.122996616363525,-0.0013883590698240411,False,0.0,False
90,94,9,0,2.0857940673828126,2.082070541381836,0.0037235260009764737,True,0.0,False
90,95,9,0,2.1997623443603516,2.2010924339294435,-0.0013300895690919745,False,0.0,False
90,96,9,0,1.8620287496596575,1.8637400902807713,-0.0017113406211137772,False,0.0,False
90,97,9,0,4.303144812583923,4.3029749393463135,0.00016987323760986328,True,0.0,False
90,98,9,0,3.3604094982147217,3.3599626421928406,0.0004468560218811035,True,0.0,False
90,99,9,0,3.379647970199585,3.3882243633270264,-0.008576393127441406,False,0.0,False
90,80,10,0,3.392208947075738,3.3893957667880588,0.0028131802876791845,True,0.0,False
90,81,10,0,2.8088538911607532,2.8122354083591037,-0.0033815171983504477,False,0.0,False
90,82,10,0,0.5421432899311185,0.5369502352550626,0.005193054676055908,True,0.29966309935374125,True
90,83,10,0,2.2502079010009766,2.2502140402793884,-6.139278411865234e-06,False,0.0,False
90,84,10,0,4.653681218624115,4.657909564673901,-0.004228346049785614,False,0.0,False
90,85,10,0,1.2750694070543562,1.2769185581377573,-0.0018491510834011127,False,0.0,False
90,86,10,0,1.7734095732947546,1.7674385006539524,0.005971072640802211,True,0.2790170827453383,True
90,87,10,0,2.902454216654102,2.902612672497829,-0.00015845584372708998,False,0.0,False
90,88,10,0,1.0063002506891887,0.9985798199971517,0.007720430692036984,True,0.2822270093445724,True
90,89,10,0,3.3936047077178957,3.403074336051941,-0.00946962833404541,False,0.0,False
90,90,10,0,0.23799701258540154,0.23886990994215013,-0.0008728973567485865,False,0.0,False
90,91,10,0,2.598639488220215,2.6044404983520506,-0.00580101013183576,False,0.0,False
90,92,10,0,2.5107540130615233,2.506096363067627,0.0046576499938963956,True,0.0,False
90,93,10,0,6.121608257293701,6.116267490386963,0.005340766906738459,True,0.0,False
90,94,10,0,2.0857940673828126,2.0923267364501954,-0.0065326690673828125,False,0.0,False
90,95,10,0,2.1997623443603516,2.2022212028503416,-0.0024588584899900567,False,0.0,False
90,96,10,0,1.8620287496596575,1.859848352149129,0.0021803975105285645,True,0.0,False
90,97,10,0,4.303144812583923,4.311196684837341,-0.008051872253417969,False,0.0,False
90,98,10,0,3.3604094982147217,3.35655015707016,0.0038593411445617676,True,0.28089819398109384,True
90,99,10,0,3.379647970199585,3.378490447998047,0.001157522201538086,True,0.0,False
90,80,11,0,3.392208947075738,3.3864821328057184,0.005726814270019531,True,0.39854578169763955,True
90,81,11,0,2.8088538911607532,2.8042979770236545,0.004555914137098771,True,0.0,False
90,82,11,0,0.5421432899311185,0.5480808261781931,-0.005937536247074604,False,0.0,False
90,83,11,0,2.2502079010009766,2.253205418586731,-0.0029975175857543945,False,0.0,False
90,84,11,0,4.653681218624115,4.651290863752365,0.002390354871749878,True,0.0,False
90,85,11,0,1.2750694070543562,1.2728451676666737,0.0022242393876825695,True,0.30954731075944125,True
90,86,11,0,1.7734095732947546,1.777417765863772,-0.00400819256901741,False,0.0,False
90,87,11,0,2.902454216654102,2.902256532261769,0.0001976843923330307,True,0.0,False
90,88,11,0,1.0063002506891887,1.0172470808029175,-0.010946830113728767,False,0.0,False
90,89,11,0,3.3936047077178957,3.3967671632766723,-0.003162455558776589,False,0.0,False
90,90,11,0,0.23799701258540154,0.2401242509484291,-0.002127238363027556,False,0.0,False
90,91,11,0,2.598639488220215,2.5948573112487794,0.003782176971435458,True,0.0,False
90,92,11,0,2.5107540130615233,2.5193490982055664,-0.008595085144043058,False,0.0,False
90,93,11,0,6.121608257293701,6.113382720947266,0.008225536346435192,True,0.3311843398660639,True
90,94,11,0,2.0857940673828126,2.0926677703857424,-0.006873703002929776,False,0.0,False
90,95,11,0,2.1997623443603516,2.1940926551818847,0.005669689178466886,True,0.31682192189631675,True
90,96,11,0,1.8620287496596575,1.8605872001498938,0.0014415495097637177,True,0.0,False
90,97,11,0,4.303144812583923,4.319499254226685,-0.01635444164276123,False,0.0,False
90,98,11,0,3.3604094982147217,3.360367000102997,4.2498111724853516e-05,True,0.0,False
90,99,11,0,3.379647970199585,3.3692431449890137,0.010404825210571289,True,0.0,False
90,80,12,0,3.392208947075738,3.393156475490994,-0.000947528415256027,False,0.0,False
90,81,12,0,2.8088538911607532,2.8001360363430448,0.008717854817708481,True,0.38045031422110775,True
90,82,12,0,0.5421432899311185,0.5456895213574171,-0.0035462314262986183,False,0.0,False
90,83,12,0,2.2502079010009766,2.2502408623695374,-3.2961368560791016e-05,False,0.0,False
90,84,12,0,4.653681218624115,4.654263064265251,-0.0005818456411361694,False,0.0,False
90,86,12,0,1.7734095732947546,1.7755777752692146,-0.0021682019744599934,False,0.0,False
90,87,12,0,2.902454216654102,2.9057651460170746,-0.0033109293629727254,False,0.0,False
90,88,12,0,1.0063002506891887,1.0103632807731628,-0.0040630300839741285,False,0.0,False
90,89,12,0,3.3936047077178957,3.3952998876571656,-0.0016951799392699307,False,0.0,False
90,91,12,0,2.598639488220215,2.5981266021728517,0.0005128860473631036,True,0.0,False
90,92,12,0,2.5107540130615233,2.5147295951843263,-0.003975582122802912,False,0.0,False
90,93,12,0,6.121608257293701,6.122461414337158,-0.000853157043456676,False,0.0,False
90,94,12,0,2.0857940673828126,2.0869382858276366,-0.0011442184448240411,False,0.0,False
90,95,12,0,2.1997623443603516,2.1958563327789307,0.0039060115814208984,True,0.0,False
90,96,12,0,1.8620287496596575,1.8579115141183138,0.004117235541343689,True,0.34561900921437416,True
90,97,12,0,4.303144812583923,4.31007194519043,-0.006927132606506348,False,0.0,False
90,98,12,0,3.3604094982147217,3.3594231605529785,0.000986337661743164,True,0.0,False
90,99,12,0,3.379647970199585,3.382292866706848,-0.0026448965072631836,False,0.0,False
90,80,13,0,3.392208947075738,3.3953529993693032,-0.0031440522935652915,False,0.0,False
90,81,13,0,2.8088538911607532,2.8050626118977866,0.003791279262966629,True,0.0,False
90,82,13,0,0.5421432899311185,0.538907203823328,0.00323608610779047,True,0.0,False
90,83,13,0,2.2502079010009766,2.2523248195648193,-0.0021169185638427734,False,0.0,False
90,84,13,0,4.653681218624115,4.648953251540661,0.004727967083454132,True,0.2760537928538367,True
90,85,13,0,1.2750694070543562,1.2754302296255315,-0.00036082257117531213,False,0.0,False
90,86,13,0,1.7734095732947546,1.7733121920110924,9.738128366221233e-05,True,0.0,False
90,88,13,0,1.0063002506891887,1.0165713429450989,-0.010271092255910164,False,0.0,False
90,89,13,0,3.3936047077178957,3.383469033241272,0.01013567447662389,True,0.41909731430154784,True
90,90,13,0,0.23799701258540154,0.23741876259446143,0.0005782499909401106,True,0.0,False
90,91,13,0,2.598639488220215,2.601561164855957,-0.0029216766357422763,False,0.0,False
90,92,13,0,2.5107540130615233,2.5073766231536867,0.0033773899078366476,True,0.0,False
90,93,13,0,6.121608257293701,6.11830244064331,0.0033058166503909803,True,0.0,False
90,94,13,0,2.0857940673828126,2.0838601648807527,0.0019339025020599365,True,0.0,False
90,95,13,0,2.1997623443603516,2.199919307231903,-0.00015696287155142485,False,0.0,False
90,96,13,0,1.8620287496596575,1.8626791257411242,-0.0006503760814666748,False,0.0,False
90,97,13,0,4.303144812583923,4.298040151596069,0.005104660987854004,True,0.0,False
90,98,13,0,3.3604094982147217,3.3620846271514893,-0.0016751289367675781,False,0.0,False
90,99,13,0,3.379647970199585,3.3904154300689697,-0.010767459869384766,False,0.0,False
90,80,14,0,3.392208947075738,3.3880063162909613,0.004202630784776673,True,0.29247338787881993,True
90,81,14,0,2.8088538911607532,2.80202759636773,0.006826294793023102,True,0.2979019556159802,True
90,82,14,0,0.5421432899311185,0.5441744597628713,-0.002031169831752777,False,0.0,False
90,83,14,0,2.2502079010009766,2.250490427017212,-0.00028252601623535156,False,0.0,False
90,84,14,0,4.653681218624115,4.656056262552738,-0.0023750439286231995,False,0.0,False
90,86,14,0,1.7734095732947546,1.7718051597476006,0.0016044135471540155,True,0.0,False
90,87,14,0,2.902454216654102,2.9069685513774552,-0.004514334723353386,False,0.0,False
90,88,14,0,1.0063002506891887,0.9973686933517456,0.008931557337443108,True,0.3265007894878289,True
90,89,14,0,3.3936047077178957,3.3868337631225587,0.006770944595337003,True,0.0,False
90,90,14,0,0.23799701258540154,0.23831965401768684,-0.0003226414322853033,False,0.0,False
90,91,14,0,2.598639488220215,2.594323468208313,0.004316020011901678,True,0.26246942542267154,True
90,92,14,0,2.5107540130615233,2.511878252029419,-0.0011242389678955966,False,0.0,False
90,93,14,0,6.121608257293701,6.129148387908936,-0.00754013061523473,False,0.0,False
90,94,14,0,2.0857940673828126,2.083175277709961,0.0026187896728515625,True,0.0,False
90,95,14,0,2.1997623443603516,2.2008928298950194,-0.00113048553466788,False,0.0,False
90,97,14,0,4.303144812583923,4.31175009906292,-0.008605286478996277,False,0.0,False
90,98,14,0,3.3604094982147217,3.3629008531570435,-0.0024913549423217773,False,0.0,False
90,99,14,0,3.379647970199585,3.3748981952667236,0.004749774932861328,True,0.0,False
90,80,15,0,3.392208947075738,3.4016119639078775,-0.00940301683213951,False,0.0,False
90,81,15,0,2.8088538911607532,2.813182512919108,-0.004328621758354689,False,0.0,False
90,82,15,0,0.5421432899311185,0.5409007174894214,0.0012425724416971207,True,0.0,False
90,83,15,0,2.2502079010009766,2.2561453580856323,-0.005937457084655762,False,0.0,False
90,85,15,0,1.2750694070543562,1.2742222717830114,0.0008471352713448344,True,0.0,False
90,86,15,0,1.7734095732947546,1.7732433485133308,0.00016622478142380714,True,0.0,False
90,87,15,0,2.902454216654102,2.904397570217649,-0.0019433535635471344,False,0.0,False
90,89,15,0,3.3936047077178957,3.3934551000595095,0.00014960765838623047,True,0.0,False
90,90,15,0,0.23799701258540154,0.2378227099776268,0.0001743026077747345,True,0.0,False
90,91,15,0,2.598639488220215,2.598817157745361,-0.00017766952514630674,False,0.0,False
90,92,15,0,2.5107540130615233,2.507729244232178,0.0030247688293454367,True,0.0,False
90,93,15,0,6.121608257293701,6.120696926116944,0.0009113311767574572,True,0.0,False
90,94,15,0,2.0857940673828126,2.084529685974121,0.0012643814086916727,True,0.0,False
90,95,15,0,2.1997623443603516,2.2010591983795167,-0.0012968540191651279,False,0.0,False
90,96,15,0,1.8620287496596575,1.861626423895359,0.000402325764298439,True,0.0,False
90,97,15,0,4.303144812583923,4.300845623016357,0.002299189567565918,True,0.0,False
90,98,15,0,3.3604094982147217,3.3609073162078857,-0.0004978179931640625,False,0.0,False
90,99,15,0,3.379647970199585,3.3849263191223145,-0.005278348922729492,False,0.0,False
90,80,16,0,3.392208947075738,3.3877691162957086,0.004439830780029297,True,0.3089808304235405,True
90,81,16,0,2.8088538911607532,2.8141073650783963,-0.005253473917643081,False,0.0,False
90,82,16,0,0.5421432899311185,0.5352122625336051,0.00693102739751339,True,0.39995210549602866,True
90,83,16,0,2.2502079010009766,2.2508274912834167,-0.0006195902824401855,False,0.0,False
90,84,16,0,4.653681218624115,4.644947312772274,0.008733905851840973,True,0.5099502162920273,True
90,85,16,0,1.2750694070543562,1.2746324645621436,0.00043694249221259973,True,0.0,False
90,86,16,0,1.7734095732947546,1.7798115257173777,-0.006401952422623092,False,0.0,False
90,87,16,0,2.902454216654102,2.8983852739135423,0.004068942740559578,True,0.33192034224994016,True
90,88,16,0,1.0063002506891887,1.0048953294754028,0.0014049212137858813,True,0.0,False
90,89,16,0,3.3936047077178957,3.40094256401062,-0.007337856292724432,False,0.0,False
90,90,16,0,0.23799701258540154,0.23931268230080605,-0.001315669715404505,False,0.0,False
90,91,16,0,2.598639488220215,2.6034894943237306,-0.004850006103515714,False,0.0,False
90,92,16,0,2.5107540130615233,2.50679874420166,0.003955268859863192,True,0.0,False
90,94,16,0,2.0857940673828126,2.0891409397125242,-0.0033468723297116476,False,0.0,False
90,95,16,0,2.1997623443603516,2.199346160888672,0.0004161834716795987,True,0.0,False
90,96,16,0,1.8620287496596575,1.8575709499418736,0.004457799717783928,True,0.3742074764160273,True
90,97,16,0,4.303144812583923,4.293197154998779,0.009947657585144043,True,0.18609884222064377,True
90,98,16,0,3.3604094982147217,3.359532952308655,0.0008765459060668945,True,0.0,False
90,99,16,0,3.379647970199585,3.38948917388916,-0.009841203689575195,False,0.0,False
90,81,17,0,2.8088538911607532,2.813225428263346,-0.004371537102592971,False,0.0,False
90,82,17,0,0.5421432899311185,0.5449859211221337,-0.0028426311910152435,False,0.0,False
90,83,17,0,2.2502079010009766,2.2517592310905457,-0.0015513300895690918,False,0.0,False
90,84,17,0,4.653681218624115,4.6522107273340225,0.0014704912900924683,True,0.0,False
90,85,17,0,1.2750694070543562,1.2723403839128358,0.002729023141520459,True,0.37979804653045723,True
90,86,17,0,1.7734095732947546,1.7728172180109791,0.0005923552837754364,True,0.0,False
90,87,17,0,2.902454216654102,2.901607139656941,0.0008470769971609116,True,0.0,False
90,88,17,0,1.0063002506891887,1.0089661677678425,-0.0026659170786538233,False,0.0,False
90,89,17,0,3.3936047077178957,3.3967776775360106,-0.003172969818114879,False,0.0,False
90,90,17,0,0.23799701258540154,0.23694004341959954,0.001056969165802002,True,0.0,False
90,91,17,0,2.598639488220215,2.597226047515869,0.001413440704345792,True,0.0,False
90,92,17,0,2.5107540130615233,2.51022891998291,0.0005250930786133701,True,0.0,False
90,93,17,0,6.121608257293701,6.130596256256103,-0.008987998962401988,False,0.0,False
90,94,17,0,2.0857940673828126,2.082428550720215,0.0033655166625976562,True,0.0,False
90,95,17,0,2.1997623443603516,2.2001052856445313,-0.0003429412841797763,False,0.0,False
90,96,17,0,1.8620287496596575,1.8652799371629953,-0.00325118750333786,False,0.0,False
90,97,17,0,4.303144812583923,4.2991015911102295,0.004043221473693848,True,0.0,False
90,98,17,0,3.3604094982147217,3.3618525862693787,-0.0014430880546569824,False,0.0,False
90,99,17,0,3.379647970199585,3.3727829456329346,0.006865024566650391,True,0.0,False
90,80,18,0,3.392208947075738,3.388562414381239,0.003646532694498994,True,0.0,False
90,81,18,0,2.8088538911607532,2.806145879957411,0.0027080112033424086,True,0.0,False
90,82,18,0,0.5421432899311185,0.5441340338438749,-0.001990743912756443,False,0.0,False
90,83,18,0,2.2502079010009766,2.2454845309257507,0.00472337007522583,True,0.3323045569482243,True
90,84,18,0,4.653681218624115,4.653424911201,0.0002563074231147766,True,0.0,False
90,85,18,0,1.2750694070543562,1.2728372109787804,0.0022321960755757875,True,0.3106546427101015,True
90,86,18,0,1.7734095732947546,1.771639146043786,0.0017704272509686536,True,0.0,False
90,87,18,0,2.902454216654102,2.902377817158898,7.63994952039937e-05,True,0.0,False
90,88,18,0,1.0063002506891887,1.0048725207646687,0.0014277299245200048,True,0.0,False
90,89,18,0,3.3936047077178957,3.393388772010803,0.0002159357070925516,True,0.0,False
90,90,18,0,0.23799701258540154,0.2389799803495407,-0.0009829677641391699,False,0.0,False
90,91,18,0,2.598639488220215,2.6007940769195557,-0.0021545886993408203,False,0.0,False
90,92,18,0,2.5107540130615233,2.512578010559082,-0.0018239974975586826,False,0.0,False
90,93,18,0,6.121608257293701,6.121245384216309,0.0003628730773925781,True,0.0,False
90,94,18,0,2.0857940673828126,2.0896556854248045,-0.003861618041991921,False,0.0,False
90,95,18,0,2.1997623443603516,2.198734474182129,0.0010278701782224786,True,0.0,False
90,96,18,0,1.8620287496596575,1.8617315646260977,0.0002971850335597992,True,0.0,False
90,97,18,0,4.303144812583923,4.306330680847168,-0.003185868263244629,False,0.0,False
90,98,18,0,3.3604094982147217,3.360901713371277,-0.0004922151565551758,False,0.0,False
90,99,18,0,3.379647970199585,3.365230083465576,0.014417886734008789,True,0.3424893384455935,True
90,80,19,0,3.392208947075738,3.3903271887037487,0.0018817583719892284,True,0.0,False
90,81,19,0,2.8088538911607532,2.805354118347168,0.003499772813585267,True,0.0,False
90,82,19,0,0.5421432899311185,0.5432198056951165,-0.0010765157639980316,False,0.0,False
90,83,19,0,2.2502079010009766,2.245612323284149,0.004595577716827393,True,0.3233139459305324,True
90,84,19,0,4.653681218624115,4.655704572796822,-0.002023354172706604,False,0.0,False
90,85,19,0,1.2750694070543562,1.2766043485275336,-0.0015349414731773425,False,0.0,False
90,86,19,0,1.7734095732947546,1.771898238387491,0.0015113349072635174,True,0.0,False
90,87,19,0,2.902454216654102,2.9021143075078726,0.00033990914622927804,True,0.0,False
90,88,19,0,1.0063002506891887,1.0033096671104431,0.002990583578745598,True,0.0,False
90,89,19,0,3.3936047077178957,3.401487851142883,-0.007883143424987527,False,0.0,False
90,90,19,0,0.23799701258540154,0.24044703990221022,-0.002450027316808684,False,0.0,False
90,91,19,0,2.598639488220215,2.599357843399048,-0.0007183551788330078,False,0.0,False
90,92,19,0,2.5107540130615233,2.5113444328308105,-0.0005904197692871982,False,0.0,False
90,93,19,0,6.121608257293701,6.121831798553467,-0.00022354125976598027,False,0.0,False
90,94,19,0,2.0857940673828126,2.0893136978149416,-0.003519630432128995,False,0.0,False
90,95,19,0,2.1997623443603516,2.19642972946167,0.0033326148986816406,True,0.0,False
90,96,19,0,1.8620287496596575,1.8603697456419468,0.0016590040177106857,True,0.0,False
90,97,19,0,4.303144812583923,4.310788154602051,-0.007643342018127441,False,0.0,False
90,98,19,0,3.3604094982147217,3.359447956085205,0.0009615421295166016,True,0.0,False
90,99,19,0,3.379647970199585,3.371554374694824,0.008093595504760742,True,0.0,False
90,80,20,0,3.392208947075738,3.3898169729444714,0.002391974131266572,True,0.0,False
90,83,20,0,2.2502079010009766,2.2519683837890625,-0.0017604827880859375,False,0.0,False
90,84,20,0,4.653681218624115,4.653201475739479,0.0004797428846359253,True,0.0,False
90,85,20,0,1.2750694070543562,1.2754311391285487,-0.00036173207419243347,False,0.0,False
90,86,20,0,1.7734095732947546,1.7775702837721579,-0.0041607104774032955,False,0.0,False
90,88,20,0,1.0063002506891887,1.0036546190579732,0.0026456316312155614,True,0.0,False
90,89,20,0,3.3936047077178957,3.4010674238204954,-0.007462716102599742,False,0.0,False
90,90,20,0,0.23799701258540154,0.2374664254486561,0.0005305871367454473,True,0.0,False
90,91,20,0,2.598639488220215,2.5955647468566894,0.0030747413635254794,True,0.0,False
90,92,20,0,2.5107540130615233,2.514779645204544,-0.004025632143020541,False,0.0,False
90,93,20,0,6.121608257293701,6.124142169952393,-0.0025339126586914062,False,0.0,False
90,94,20,0,2.0857940673828126,2.0830357551574705,0.0027583122253420633,True,0.0,False
90,95,20,0,2.1997623443603516,2.2037453651428223,-0.003983020782470703,False,0.0,False
90,96,20,0,1.8620287496596575,1.8666809033602476,-0.004652153700590134,False,0.0,False
90,97,20,0,4.303144812583923,4.281661927700043,0.021482884883880615,True,0.4018976296912477,True
90,98,20,0,3.3604094982147217,3.3598973155021667,0.0005121827125549316,True,0.0,False
90,99,20,0,3.379647970199585,3.388174533843994,-0.00852656364440918,False,0.0,False
90,80,21,0,3.392208947075738,3.3919917742411294,0.00021717283460853665,True,0.0,False
90,81,21,0,2.8088538911607532,2.8205283482869468,-0.011674457126193527,False,0.0,False
90,83,21,0,2.2502079010009766,2.2574500739574432,-0.007242172956466675,False,0.0,False
90,84,21,0,4.653681218624115,4.652641087770462,0.001040130853652954,True,0.0,False
90,85,21,0,1.2750694070543562,1.2730973549187183,0.0019720521356378917,True,0.0,False
90,86,21,0,1.7734095732947546,1.7705808995025498,0.00282867379220475,True,0.0,False
90,87,21,0,2.902454216654102,2.8975578838338456,0.004896332820256255,True,0.3994139433983698,True
90,88,21,0,1.0063002506891887,1.0080497153103352,-0.001749464621146446,False,0.0,False
90,89,21,0,3.3936047077178957,3.398982381820679,-0.005377674102783114,False,0.0,False
90,90,21,0,0.23799701258540154,0.2372375801205635,0.0007594324648380335,True,0.0,False
90,91,21,0,2.598639488220215,2.604903507232666,-0.006264019012450994,False,0.0,False
90,92,21,0,2.5107540130615233,2.5103940963745117,0.00035991668701162993,True,0.0,False
90,93,21,0,6.121608257293701,6.121928787231445,-0.00032052993774378535,False,0.0,False
90,94,21,0,2.0857940673828126,2.0913561820983886,-0.005562114715575994,False,0.0,False
90,95,21,0,2.1997623443603516,2.203785705566406,-0.00402336120605451,False,0.0,False
90,96,21,0,1.8620287496596575,1.8620640952140093,-3.534555435180664e-05,False,0.0,False
90,97,21,0,4.303144812583923,4.2988972663879395,0.004247546195983887,True,0.0,False
90,98,21,0,3.3604094982147217,3.358380913734436,0.0020285844802856445,True,0.0,False
90,99,21,0,3.379647970199585,3.378117561340332,0.0015304088592529297,True,0.0,False
90,80,22,0,3.392208947075738,3.3928541077507868,-0.0006451606750488281,False,0.0,False
90,81,22,0,2.8088538911607532,2.8075779808892145,0.0012759102715387272,True,0.0,False
90,82,22,0,0.5421432899311185,0.5398292439058423,0.002314046025276184,True,0.0,False
90,83,22,0,2.2502079010009766,2.2479645013809204,0.0022433996200561523,True,0.0,False
90,84,22,0,4.653681218624115,4.655310198664665,-0.001628980040550232,False,0.0,False
90,85,22,0,1.2750694070543562,1.276591317994254,-0.0015219109398978414,False,0.0,False
90,86,22,0,1.7734095732947546,1.775737740165953,-0.0023281668711985226,False,0.0,False
90,87,22,0,2.902454216654102,2.906007133424282,-0.0035529167701802145,False,0.0,False
90,88,22,0,1.0063002506891887,1.0084507465362549,-0.0021504958470661695,False,0.0,False
90,89,22,0,3.3936047077178957,3.402395725250244,-0.008791017532348455,False,0.0,False
90,90,22,0,0.23799701258540154,0.23875246196985245,-0.0007554493844509069,False,0.0,False
90,91,22,0,2.598639488220215,2.6007370471954347,-0.002097558975219904,False,0.0,False
90,92,22,0,2.5107540130615233,2.5092320442199707,0.0015219688415526456,True,0.0,False
90,93,22,0,6.121608257293701,6.122009181976319,-0.00040092468261754277,False,0.0,False
90,94,22,0,2.0857940673828126,2.088739013671875,-0.0029449462890625,False,0.0,False
90,95,22,0,2.1997623443603516,2.199479579925537,0.0002827644348144531,True,0.0,False
90,96,22,0,1.8620287496596575,1.8618800174444914,0.00014873221516609192,True,0.0,False
90,97,22,0,4.303144812583923,4.304357528686523,-0.0012127161026000977,False,0.0,False
90,98,22,0,3.3604094982147217,3.3599234223365784,0.00048607587814331055,True,0.0,False
90,99,22,0,3.379647970199585,3.3726587295532227,0.006989240646362305,True,0.0,False
90,80,23,0,3.392208947075738,3.39835442437066,-0.006145477294921875,False,0.0,False
90,81,23,0,2.8088538911607532,2.8092921574910483,-0.00043826633029508955,False,0.0,False
90,82,23,0,0.5421432899311185,0.537715625949204,0.00442766398191452,True,0.0,False
90,83,23,0,2.2502079010009766,2.2483551502227783,0.0018527507781982422,True,0.0,False
90,84,23,0,4.653681218624115,4.651130482554436,0.0025507360696792603,True,0.0,False
90,85,23,0,1.2750694070543562,1.2752384687108653,-0.00016906165650909522,False,0.0,False
90,86,23,0,1.7734095732947546,1.7742252880042153,-0.0008157147094607353,False,0.0,False
90,87,23,0,2.902454216654102,2.901296885063251,0.001157331590850852,True,0.0,False
90,88,23,0,1.0063002506891887,1.0104130903879802,-0.004112839698791504,False,0.0,False
90,89,23,0,3.3936047077178957,3.392492580413818,0.0011121273040775037,True,0.0,False
90,90,23,0,0.23799701258540154,0.23619228824973107,0.0018047243356704712,True,0.34281623738565964,True
90,91,23,0,2.598639488220215,2.596891975402832,0.0017475128173827237,True,0.0,False
90,92,23,0,2.5107540130615233,2.5057416915893556,0.005012321472167791,True,0.28810270353235257,True
90,93,23,0,6.121608257293701,6.123425388336182,-0.001817131042480824,False,0.0,False
90,94,23,0,2.0857940673828126,2.0809717178344727,0.004822349548339933,True,0.24673924181577983,True
90,95,23,0,2.1997623443603516,2.200310707092285,-0.0005483627319335938,False,0.0,False
90,96,23,0,1.8620287496596575,1.866995058953762,-0.004966309294104576,False,0.0,False
90,97,23,0,4.303144812583923,4.30681037902832,-0.0036655664443969727,False,0.0,False
90,98,23,0,3.3604094982147217,3.3610661029815674,-0.0006566047668457031,False,0.0,False
90,99,23,0,3.379647970199585,3.385601282119751,-0.005953311920166016,False,0.0,False
90,80,24,0,3.392208947075738,3.3914317554897733,0.0007771915859646761,True,0.0,False
90,81,24,0,2.8088538911607532,2.8114438586764865,-0.0025899675157332602,False,0.0,False
90,82,24,0,0.5421432899311185,0.545818186365068,-0.0036748964339494705,False,0.0,False
90,83,24,0,2.2502079010009766,2.249506890773773,0.0007010102272033691,True,0.0,False
90,84,24,0,4.653681218624115,4.656006962060928,-0.0023257434368133545,False,0.0,False
90,85,24,0,1.2750694070543562,1.2763108132140977,-0.0012414061597414427,False,0.0,False
90,86,24,0,1.7734095732947546,1.768466166952359,0.004943406342395651,True,0.2309961542009862,True
90,87,24,0,2.902454216654102,2.9004787715772786,0.0019754450768232346,True,0.0,False
90,88,24,0,1.0063002506891887,0.9955968459447225,0.010703404744466183,True,0.3912722011675987,True
90,89,24,0,3.3936047077178957,3.3925933599472047,0.0010113477706910068,True,0.0,False
90,90,24,0,0.23799701258540154,0.23848679065704345,-0.0004897780716419109,False,0.0,False
90,91,24,0,2.598639488220215,2.5990022659301757,-0.0003627777099608487,False,0.0,False
90,92,24,0,2.5107540130615233,2.5166766166687013,-0.005922603607178001,False,0.0,False
90,93,24,0,6.121608257293701,6.118588638305664,0.0030196189880369317,True,0.0,False
90,94,24,0,2.0857940673828126,2.087454986572266,-0.0016609191894532138,False,0.0,False
90,95,24,0,2.1997623443603516,2.2069302558898927,-0.0071679115295411044,False,0.0,False
90,96,24,0,1.8620287496596575,1.8608113918453455,0.0012173578143119812,True,0.0,False
90,97,24,0,4.303144812583923,4.300884962081909,0.00225985050201416,True,0.0,False
90,99,24,0,3.379647970199585,3.376370668411255,0.003277301788330078,True,0.0,False
90,81,25,0,2.8088538911607532,2.8190188937717013,-0.010165002610948104,False,0.0,False
90,82,25,0,0.5421432899311185,0.5424098391085863,-0.00026654917746782303,False,0.0,False
90,83,25,0,2.2502079010009766,2.253763735294342,-0.0035558342933654785,False,0.0,False
90,84,25,0,4.653681218624115,4.660282902419567,-0.006601683795452118,False,0.0,False
90,85,25,0,1.2750694070543562,1.27635001710483,-0.0012806100504738627,False,0.0,False
90,86,25,0,1.7734095732947546,1.7629236685378211,0.01048590475693345,True,0.4899867630536755,True
90,87,25,0,2.902454216654102,2.901900784422954,0.0005534322311477879,True,0.0,False
90,88,25,0,1.0063002506891887,1.0004745721817017,0.005825678507487053,True,0.0,False
90,90,25,0,0.23799701258540154,0.23597252741456032,0.0020244851708412226,True,0.3845608856673478,True
90,91,25,0,2.598639488220215,2.59893913269043,-0.0002996444702150214,False,0.0,False
90,92,25,0,2.5107540130615233,2.5050402641296388,0.005713748931884588,True,0.32841997938913037,True
90,93,25,0,6.121608257293701,6.129220008850098,-0.007611751556396484,False,0.0,False
90,94,25,0,2.0857940673828126,2.0792800903320314,0.006513977050781161,True,0.3332926704304174,True
90,95,25,0,2.1997623443603516,2.2080989360809324,-0.008336591720580877,False,0.0,False
90,96,25,0,1.8620287496596575,1.861304258927703,0.0007244907319545746,True,0.0,False
90,97,25,0,4.303144812583923,4.281121730804443,0.02202308177947998,True,0.41200352808810853,True
90,98,25,0,3.3604094982147217,3.3537110090255737,0.006698489189147949,True,0.4875426776627174,True
90,81,26,0,2.8088538911607532,2.8094249301486545,-0.000571038987901229,False,0.0,False
90,82,26,0,0.5421432899311185,0.5395059157162905,0.0026373742148280144,True,0.0,False
90,83,26,0,2.2502079010009766,2.251683235168457,-0.0014753341674804688,False,0.0,False
90,84,26,0,4.653681218624115,4.656679280102253,-0.00299806147813797,False,0.0,False
90,85,26,0,1.2750694070543562,1.2741730617625373,0.000896345291818923,True,0.0,False
90,86,26,0,1.7734095732947546,1.7689207491597958,0.004488824134958769,True,0.0,False
90,87,26,0,2.902454216654102,2.903548405816158,-0.0010941891620559474,False,0.0,False
90,89,26,0,3.3936047077178957,3.388655591011047,0.0049491167068485,True,0.0,False
90,90,26,0,0.23799701258540154,0.23712909892201423,0.0008679136633873152,True,0.0,False
90,92,26,0,2.5107540130615233,2.5040823936462404,0.006671619415282937,True,0.383477317078517,True
90,93,26,0,6.121608257293701,6.1210332870483395,0.0005749702453616834,True,0.0,False
90,94,26,0,2.0857940673828126,2.0775860786437987,0.00820798873901385,True,0.4199680877538028,True
90,95,26,0,2.1997623443603516,2.2017663955688476,-0.002004051208496005,False,0.0,False
90,96,26,0,1.8620287496596575,1.8630128148943186,-0.0009840652346611023,False,0.0,False
90,97,26,0,4.303144812583923,4.30153226852417,0.001612544059753418,True,0.0,False
90,98,26,0,3.3604094982147217,3.3603099584579468,9.953975677490234e-05,True,0.0,False
90,99,26,0,3.379647970199585,3.3920916318893433,-0.0124436616897583,False,0.0,False
100,80,0,0,3.4311418533325195,3.438940895928277,-0.007799042595757477,False,0.0,False
100,82,0,0,0.5504711223766208,0.5453988015651703,0.005072320811450481,True,0.0,False
100,84,0,0,4.650930866599083,4.647453382611275,0.0034774839878082275,True,0.1788442372220862,True
100,85,0,0,1.266331666282245,1.26687753200531,-0.000545865723065031,False,0.0,False
100,86,0,0,1.7723539659221257,1.777479027930115,-0.005125062007989234,False,0.0,False
100,87,0,0,2.9260468942423663,2.928881443416079,-0.0028345491737127304,False,0.0,False
100,88,0,0,1.0042747259140015,1.0040663480758667,0.00020837783813476562,True,0.0,False
100,89,0,0,3.443609666824341,3.435284948348999,0.008324718475341886,True,0.31642794676719743,True
100,90,0,0,0.23814352229237556,0.2376160204410553,0.0005275018513202778,True,0.0,False
100,91,0,0,2.601213836669922,2.60015983581543,0.001054000854491921,True,0.0,False
100,92,0,0,2.5520917892456056,2.548462152481079,0.003629636764526545,True,0.0,False
100,93,0,0,6.088501834869385,6.094792366027832,-0.00629053115844691,False,0.0,False
100,94,0,0,2.088642120361328,2.089175224304199,-0.0005331039428710938,False,0.0,False
100,95,0,0,2.224558639526367,2.2193852424621583,0.005173397064208718,True,0.3141875847050195,True
100,96,0,0,1.881446210667491,1.8811086118221283,0.00033759884536266327,True,0.0,False
100,97,0,0,4.301939368247986,4.321391224861145,-0.01945185661315918,False,0.0,False
100,98,0,0,3.3653133511543274,3.371791899204254,-0.006478548049926758,False,0.0,False
100,99,0,0,3.4457433223724365,3.4511032700538635,-0.005359947681427002,False,0.0,False
100,80,1,0,3.4311418533325195,3.4353100458780923,-0.004168192545572769,False,0.0,False
100,81,1,0,2.8226643668280706,2.814957512749566,0.007706854078504577,True,0.34599045720727717,True
100,82,1,0,0.5504711223766208,0.5587824480608106,-0.008311325684189796,False,0.0,False
100,83,1,0,2.267634630203247,2.2694722414016724,-0.001837611198425293,False,0.0,False
100,84,1,0,4.650930866599083,4.652739554643631,-0.0018086880445480347,False,0.0,False
100,85,1,0,1.266331666282245,1.2647997683712415,0.0015318979110034991,True,0.0,False
100,87,1,0,2.9260468942423663,2.92839781443278,-0.002350920190413497,False,0.0,False
100,88,1,0,1.0042747259140015,1.0109142661094666,-0.006639540195465088,False,0.0,False
100,89,1,0,3.443609666824341,3.4427570343017577,0.0008526325225832743,True,0.0,False
100,90,1,0,0.23814352229237556,0.24157761335372924,-0.0034340910613536724,False,0.0,False
100,91,1,0,2.601213836669922,2.600865888595581,0.00034794807434090913,True,0.0,False
100,92,1,0,2.5520917892456056,2.5648058891296386,-0.012714099884032937,False,0.0,False
100,93,1,0,6.088501834869385,6.078163814544678,0.010338020324707209,True,0.4155721679125857,True
100,94,1,0,2.088642120361328,2.093593788146973,-0.004951667785644709,False,0.0,False
100,95,1,0,2.224558639526367,2.2172773361206053,0.007281303405761719,True,0.4422036627321229,True
100,96,1,0,1.881446210667491,1.8796247318387032,0.0018214788287878036,True,0.0,False
100,97,1,0,4.301939368247986,4.308849453926086,-0.006910085678100586,False,0.0,False
100,98,1,0,3.3653133511543274,3.36430287361145,0.0010104775428771973,True,0.0,False
100,99,1,0,3.4457433223724365,3.4332690238952637,0.012474298477172852,True,0.0,False
100,80,2,0,3.4311418533325195,3.429234504699707,0.0019073486328125,True,0.0,False
100,81,2,0,2.8226643668280706,2.828764703538683,-0.006100336710612275,False,0.0,False
100,83,2,0,2.267634630203247,2.2701659500598907,-0.0025313198566436768,False,0.0,False
100,84,2,0,4.650930866599083,4.649206168949604,0.0017246976494789124,True,0.0,False
100,85,2,0,1.266331666282245,1.2665739474552018,-0.00024228117295677087,False,0.0,False
100,86,2,0,1.7723539659221257,1.772887613025627,-0.0005336471035013446,False,0.0,False
100,87,2,0,2.9260468942423663,2.925629166265329,0.0004177279770374298,True,0.0,False
100,88,2,0,1.0042747259140015,1.0106723805268605,-0.006397654612859016,False,0.0,False
100,89,2,0,3.443609666824341,3.4609647750854493,-0.01735510826110831,False,0.0,False
100,90,2,0,0.23814352229237556,0.23858221620321274,-0.00043869391083717346,False,0.0,False
100,92,2,0,2.5520917892456056,2.5592586517333986,-0.007166862487792969,False,0.0,False
100,93,2,0,6.088501834869385,6.082579898834228,0.005921936035156783,True,0.23805252060572502,True
100,94,2,0,2.088642120361328,2.0979333400726317,-0.009291219711303533,False,0.0,False
100,96,2,0,1.881446210667491,1.8811618015170097,0.00028440915048122406,True,0.0,False
100,97,2,0,4.301939368247986,4.301377639174461,0.0005617290735244751,True,0.0,False
100,98,2,0,3.3653133511543274,3.3635811805725098,0.001732170581817627,True,0.0,False
100,99,2,0,3.4457433223724365,3.4463717937469482,-0.0006284713745117188,False,0.0,False
100,80,3,0,3.4311418533325195,3.4332798851860895,-0.002138031853569977,False,0.0,False
100,81,3,0,2.8226643668280706,2.826612048678928,-0.003947681850857254,False,0.0,False
100,82,3,0,0.5504711223766208,0.5534169776365161,-0.0029458552598953247,False,0.0,False
100,83,3,0,2.267634630203247,2.2697960138320923,-0.002161383628845215,False,0.0,False
100,84,3,0,4.650930866599083,4.648375518620014,0.002555347979068756,True,0.0,False
100,85,3,0,1.266331666282245,1.2681529431470804,-0.0018212768648353528,False,0.0,False
100,86,3,0,1.7723539659221257,1.7721252660267055,0.00022869989542018132,True,0.0,False
100,87,3,0,2.9260468942423663,2.923006302366654,0.003040591875712373,True,0.26090478769803227,True
100,88,3,0,1.0042747259140015,1.0029101769129436,0.0013645490010578687,True,0.0,False
100,89,3,0,3.443609666824341,3.4558583736419677,-0.012248706817626687,False,0.0,False
100,91,3,0,2.601213836669922,2.6034504413604735,-0.002236604690551758,False,0.0,False
100,92,3,0,2.5520917892456056,2.5546647548675536,-0.0025729656219479757,False,0.0,False
100,93,3,0,6.088501834869385,6.086914157867431,0.0015876770019538355,True,0.0,False
100,95,3,0,2.224558639526367,2.224832057952881,-0.0002734184265138495,False,0.0,False
100,96,3,0,1.881446210667491,1.890536718070507,-0.00909050740301609,False,0.0,False
100,97,3,0,4.301939368247986,4.307965636253357,-0.006026268005371094,False,0.0,False
100,98,3,0,3.3653133511543274,3.36261785030365,0.0026955008506774902,True,0.20521302712244352,True
100,99,3,0,3.4457433223724365,3.44423246383667,0.0015108585357666016,True,0.0,False
100,80,4,0,3.4311418533325195,3.4293275939093695,0.0018142594231500553,True,0.0,False
100,81,4,0,2.8226643668280706,2.825031386481391,-0.0023670196533203125,False,0.0,False
100,82,4,0,0.5504711223766208,0.54860585834831,0.0018652640283107758,True,0.0,False
100,83,4,0,2.267634630203247,2.270890533924103,-0.003255903720855713,False,0.0,False
100,84,4,0,4.650930866599083,4.647728696465492,0.0032021701335906982,True,0.0,False
100,85,4,0,1.266331666282245,1.2670624543513571,-0.0007307880691120872,False,0.0,False
100,86,4,0,1.7723539659221257,1.7762155182925718,-0.003861552370446164,False,0.0,False
100,87,4,0,2.9260468942423663,2.926668413604299,-0.0006215193619327763,False,0.0,False
100,88,4,0,1.0042747259140015,1.0049281318982441,-0.0006534059842426831,False,0.0,False
100,89,4,0,3.443609666824341,3.4434879302978514,0.00012173652648961308,True,0.0,False
100,90,4,0,0.23814352229237556,0.23746723905205727,0.0006762832403182928,True,0.0,False
100,91,4,0,2.601213836669922,2.5946292877197266,0.006584548950195224,True,0.3682705116631339,True
100,93,4,0,6.088501834869385,6.090067291259766,-0.0015654563903808594,False,0.0,False
100,94,4,0,2.088642120361328,2.084615707397461,0.0040264129638671875,True,0.0,False
100,95,4,0,2.224558639526367,2.228788137435913,-0.004229497909546076,False,0.0,False
100,96,4,0,1.881446210667491,1.8850238844752312,-0.0035776738077402115,False,0.0,False
100,98,4,0,3.3653133511543274,3.3649010062217712,0.00041234493255615234,True,0.0,False
100,99,4,0,3.4457433223724365,3.458837628364563,-0.013094305992126465,False,0.0,False
100,80,5,0,3.4311418533325195,3.4357945124308267,-0.004652659098307144,False,0.0,False
100,81,5,0,2.8226643668280706,2.8189431296454535,0.0037212371826171875,True,0.0,False
100,82,5,0,0.5504711223766208,0.5527729252353311,-0.002301802858710289,False,0.0,False
100,83,5,0,2.267634630203247,2.263486623764038,0.004148006439208984,True,0.0,False
100,84,5,0,4.650930866599083,4.649436414241791,0.0014944523572921753,True,0.0,False
100,85,5,0,1.266331666282245,1.2640777884849481,0.0022538777972969104,True,0.3537596725107716,True
100,86,5,0,1.7723539659221257,1.7861032150685787,-0.013749249146453035,False,0.0,False
100,87,5,0,2.9260468942423663,2.925905835504333,0.00014105873803327285,True,0.0,False
100,88,5,0,1.0042747259140015,1.0076997478802998,-0.003425021966298347,False,0.0,False
100,89,5,0,3.443609666824341,3.435991907119751,0.00761775970459011,True,0.2895559855182185,True
100,90,5,0,0.23814352229237556,0.23765266090631484,0.0004908613860607203,True,0.0,False
100,91,5,0,2.601213836669922,2.6067405700683595,-0.005526733398437678,False,0.0,False
100,92,5,0,2.5520917892456056,2.5550281524658205,-0.0029363632202148438,False,0.0,False
100,93,5,0,6.088501834869385,6.09392900466919,-0.00542716979980451,False,0.0,False
100,94,5,0,2.088642120361328,2.0860065460205077,0.0026355743408204013,True,0.0,False
100,95,5,0,2.224558639526367,2.2231305122375487,0.0014281272888183594,True,0.0,False
100,96,5,0,1.881446210667491,1.8834868613630533,-0.0020406506955623627,False,0.0,False
100,97,5,0,4.301939368247986,4.298970937728882,0.002968430519104004,True,0.0,False
100,98,5,0,3.3653133511543274,3.3698208928108215,-0.004507541656494141,False,0.0,False
100,99,5,0,3.4457433223724365,3.453749179840088,-0.008005857467651367,False,0.0,False
100,80,6,0,3.4311418533325195,3.4335944917466907,-0.0024526384141712043,False,0.0,False
100,81,6,0,2.8226643668280706,2.8170417149861655,0.005622651841905135,True,0.0,False
100,82,6,0,0.5504711223766208,0.5558175118640065,-0.00534638948738575,False,0.0,False
100,83,6,0,2.267634630203247,2.2677183151245117,-8.368492126464844e-05,False,0.0,False
100,85,6,0,1.266331666282245,1.26528534080301,0.0010463254792349996,True,0.0,False
100,86,6,0,1.7723539659221257,1.7768517807791275,-0.004497814857001847,False,0.0,False
100,87,6,0,2.9260468942423663,2.928275715559721,-0.00222882131735469,False,0.0,False
100,88,6,0,1.0042747259140015,1.0024448037147522,0.0018299221992492676,True,0.0,False
100,89,6,0,3.443609666824341,3.436861991882324,0.006747674942016779,True,0.0,False
100,90,6,0,0.23814352229237556,0.23813605532050133,7.4669718742315094e-06,True,0.0,False
100,91,6,0,2.601213836669922,2.5948680877685546,0.0063457489013671875,True,0.3549145450157184,True
100,92,6,0,2.5520917892456056,2.5585443496704103,-0.0064525604248046875,False,0.0,False
100,93,6,0,6.088501834869385,6.091236877441406,-0.0027350425720209515,False,0.0,False
100,94,6,0,2.088642120361328,2.0881942749023437,0.0004478454589844638,True,0.0,False
100,95,6,0,2.224558639526367,2.2226719856262207,0.0018866539001463067,True,0.0,False
100,96,6,0,1.881446210667491,1.8887864109128714,-0.007340200245380402,False,0.0,False
100,97,6,0,4.301939368247986,4.321047782897949,-0.01910841464996338,False,0.0,False
100,98,6,0,3.3653133511543274,3.3716476559638977,-0.0063343048095703125,False,0.0,False
100,99,6,0,3.4457433223724365,3.432628631591797,0.013114690780639648,True,0.3092139656984817,True
100,80,7,0,3.4311418533325195,3.439968162112766,-0.008826308780246261,False,0.0,False
100,81,7,0,2.8226643668280706,2.8218169742160373,0.0008473926120333708,True,0.0,False
100,82,7,0,0.5504711223766208,0.55048300139606,-1.1879019439220428e-05,False,0.0,False
100,83,7,0,2.267634630203247,2.2628393173217773,0.0047953128814697266,True,0.34249613663744843,True
100,84,7,0,4.650930866599083,4.650416150689125,0.0005147159099578857,True,0.0,False
100,85,7,0,1.266331666282245,1.2703363884772574,-0.004004722195012356,False,0.0,False
100,86,7,0,1.7723539659221257,1.7706798277130085,0.0016741382091172152,True,0.0,False
100,87,7,0,2.9260468942423663,2.930307587608695,-0.004260693366328727,False,0.0,False
100,88,7,0,1.0042747259140015,1.0098865429560344,-0.005611817042032952,False,0.0,False
100,89,7,0,3.443609666824341,3.442338466644287,0.0012712001800538886,True,0.0,False
100,90,7,0,0.23814352229237556,0.2388015240430832,-0.0006580017507076263,False,0.0,False
100,91,7,0,2.601213836669922,2.5983712673187256,0.0028425693511962002,True,0.0,False
100,92,7,0,2.5520917892456056,2.5534942626953123,-0.001402473449706676,False,0.0,False
100,93,7,0,6.088501834869385,6.084024238586426,0.004477596282959517,True,0.0,False
100,94,7,0,2.088642120361328,2.086349296569824,0.002292823791504084,True,0.0,False
100,95,7,0,2.224558639526367,2.224604606628418,-4.5967102050958886e-05,False,0.0,False
100,96,7,0,1.881446210667491,1.8790227640420198,0.002423446625471115,True,0.0,False
100,97,7,0,4.301939368247986,4.3047449588775635,-0.0028055906295776367,False,0.0,False
100,98,7,0,3.3653133511543274,3.365694046020508,-0.0003806948661804199,False,0.0,False
100,99,7,0,3.4457433223724365,3.4450278282165527,0.0007154941558837891,True,0.0,False
100,80,8,0,3.4311418533325195,3.431606716579861,-0.0004648632473416292,False,0.0,False
100,81,8,0,2.8226643668280706,2.821364402770996,0.001299964057074554,True,0.0,False
100,82,8,0,0.5504711223766208,0.5567947132512927,-0.006323590874671936,False,0.0,False
100,84,8,0,4.650930866599083,4.655421584844589,-0.004490718245506287,False,0.0,False
100,85,8,0,1.266331666282245,1.265291650380407,0.0010400159018379984,True,0.0,False
100,86,8,0,1.7723539659221257,1.7721414450289947,0.0002125208931309519,True,0.0,False
100,87,8,0,2.9260468942423663,2.927760111168027,-0.0017132169256606211,False,0.0,False
100,88,8,0,1.0042747259140015,1.0126102169354756,-0.008335491021474128,False,0.0,False
100,89,8,0,3.443609666824341,3.441908359527588,0.0017013072967531073,True,0.0,False
100,90,8,0,0.23814352229237556,0.23857210129499434,-0.00042857900261877857,False,0.0,False
100,91,8,0,2.601213836669922,2.5991138458251952,0.0020999908447265625,True,0.0,False
100,92,8,0,2.5520917892456056,2.5587467670440676,-0.006654977798461914,False,0.0,False
100,93,8,0,6.088501834869385,6.08836612701416,0.00013570785522531992,True,0.0,False
100,94,8,0,2.088642120361328,2.0908447265625,-0.002202606201171964,False,0.0,False
100,95,8,0,2.224558639526367,2.223126697540283,0.0014319419860839844,True,0.0,False
100,96,8,0,1.881446210667491,1.8786001317203045,0.00284607894718647,True,0.0,False
100,97,8,0,4.301939368247986,4.303947925567627,-0.0020085573196411133,False,0.0,False
100,98,8,0,3.3653133511543274,3.3652725219726562,4.082918167114258e-05,True,0.0,False
100,99,8,0,3.4457433223724365,3.4390610456466675,0.006682276725769043,True,0.0,False
100,80,9,0,3.4311418533325195,3.435054726070828,-0.003912872738308426,False,0.0,False
100,81,9,0,2.8226643668280706,2.826445155673557,-0.0037807888454861605,False,0.0,False
100,82,9,0,0.5504711223766208,0.546648127026856,0.003822995349764824,True,0.0,False
100,83,9,0,2.267634630203247,2.268263101577759,-0.0006284713745117188,False,0.0,False
100,84,9,0,4.650930866599083,4.649115666747093,0.001815199851989746,True,0.0,False
100,85,9,0,1.266331666282245,1.2663226297923498,9.036489895253297e-06,True,0.0,False
100,87,9,0,2.9260468942423663,2.92608519581457,-3.830157220363617e-05,False,0.0,False
100,88,9,0,1.0042747259140015,1.0012174447377522,0.00305728117624926,True,0.0,False
100,90,9,0,0.23814352229237556,0.2366054765880108,0.0015380457043647766,True,0.2706590359313234,True
100,91,9,0,2.601213836669922,2.60064582824707,0.0005680084228516513,True,0.0,False
100,92,9,0,2.5520917892456056,2.5489582061767577,0.0031335830688479227,True,0.0,False
100,93,9,0,6.088501834869385,6.090194129943848,-0.0016922950744628906,False,0.0,False
100,94,9,0,2.088642120361328,2.0848087310791015,0.0038333892822266513,True,0.0,False
100,95,9,0,2.224558639526367,2.226268243789673,-0.0017096042633060193,False,0.0,False
100,96,9,0,1.881446210667491,1.8832676000893116,-0.0018213894218206406,False,0.0,False
100,97,9,0,4.301939368247986,4.30131983757019,0.0006195306777954102,True,0.0,False
100,98,9,0,3.3653133511543274,3.3647629022598267,0.0005504488945007324,True,0.0,False
100,99,9,0,3.4457433223724365,3.4547927379608154,-0.009049415588378906,False,0.0,False
100,80,10,0,3.4311418533325195,3.4297801123725042,0.0013617409600152897,True,0.0,False
100,81,10,0,2.8226643668280706,2.825628492567274,-0.0029641257392034603,False,0.0,False
100,82,10,0,0.5504711223766208,0.5449401456862688,0.005530976690351963,True,0.2989601355510168,True
100,83,10,0,2.267634630203247,2.267297923564911,0.00033670663833618164,True,0.0,False
100,84,10,0,4.650930866599083,4.65469454228878,-0.0037636756896972656,False,0.0,False
100,85,10,0,1.266331666282245,1.2681576231760638,-0.0018259568938188142,False,0.0,False
100,86,10,0,1.7723539659221257,1.767219382670841,0.005134583251284575,True,0.24854109566467264,True
100,87,10,0,2.9260468942423663,2.925979212547342,6.768169502446852e-05,True,0.0,False
100,88,10,0,1.0042747259140015,0.9965322017669678,0.007742524147033691,True,0.2921837944589951,True
100,89,10,0,3.443609666824341,3.452056074142456,-0.008446407318114968,False,0.0,False
100,90,10,0,0.23814352229237556,0.2392007939517498,-0.0010572716593742482,False,0.0,False
100,91,10,0,2.601213836669922,2.6071176052093508,-0.005903768539428977,False,0.0,False
100,92,10,0,2.5520917892456056,2.5469674110412597,0.00512437820434597,True,0.0,False
100,93,10,0,6.088501834869385,6.083223342895508,0.005278491973877308,True,0.0,False
100,94,10,0,2.088642120361328,2.0951505661010743,-0.006508445739746183,False,0.0,False
100,95,10,0,2.224558639526367,2.2263659477233886,-0.0018073081970215732,False,0.0,False
100,96,10,0,1.881446210667491,1.8780870083719492,0.0033592022955417633,True,0.27509669412562215,True
100,97,10,0,4.301939368247986,4.309722423553467,-0.007783055305480957,False,0.0,False
100,98,10,0,3.3653133511543274,3.3615744709968567,0.003738880157470703,True,0.28464725394902235,True
100,99,10,0,3.4457433223724365,3.444638967514038,0.0011043548583984375,True,0.0,False
100,80,11,0,3.4311418533325195,3.424917803870307,0.006224049462212555,True,0.42993496536000153,True
100,81,11,0,2.8226643668280706,2.8193287319607205,0.0033356348673501124,True,0.0,False
100,82,11,0,0.5504711223766208,0.5511050587520003,-0.0006339363753795624,False,0.0,False
100,83,11,0,2.267634630203247,2.2695062160491943,-0.0018715858459472656,False,0.0,False
100,84,11,0,4.650930866599083,4.6476024761796,0.003328390419483185,True,0.0,False
100,85,11,0,1.266331666282245,1.2642886255468642,0.0020430407353808633,True,0.32066752791180303,True
100,86,11,0,1.7723539659221257,1.7749826445111208,-0.0026286785889950703,False,0.0,False
100,87,11,0,2.9260468942423663,2.9262352269142866,-0.00018833267192031045,False,0.0,False
100,88,11,0,1.0042747259140015,1.0143341024716694,-0.010059376557667976,False,0.0,False
100,89,11,0,3.443609666824341,3.449173641204834,-0.005563974380493164,False,0.0,False
100,90,11,0,0.23814352229237556,0.2399936392903328,-0.0018501169979572296,False,0.0,False
100,91,11,0,2.601213836669922,2.598771858215332,0.0024419784545899326,True,0.0,False
100,92,11,0,2.5520917892456056,2.5625805854797363,-0.010488796234130682,False,0.0,False
100,93,11,0,6.088501834869385,6.079885196685791,0.008616638183593928,True,0.3463753114816892,True
100,94,11,0,2.088642120361328,2.0959020614624024,-0.007259941101074308,False,0.0,False
100,95,11,0,2.224558639526367,2.220547389984131,0.004011249542235973,True,0.24360875256285758,True
100,96,11,0,1.881446210667491,1.8800362087786198,0.001410001888871193,True,0.0,False
100,97,11,0,4.301939368247986,4.319063425064087,-0.017124056816101074,False,0.0,False
100,98,11,0,3.3653133511543274,3.365361988544464,-4.863739013671875e-05,False,0.0,False
100,99,11,0,3.4457433223724365,3.432302951812744,0.013440370559692383,True,0.3168927388936046,True
100,80,12,0,3.4311418533325195,3.4322883817884655,-0.0011465284559459832,False,0.0,False
100,81,12,0,2.8226643668280706,2.8141337500678167,0.008530616760253906,True,0.38297234683247255,True
100,82,12,0,0.5504711223766208,0.5549425203353167,-0.0044713979586958885,False,0.0,False
100,83,12,0,2.267634630203247,2.267144799232483,0.0004898309707641602,True,0.0,False
100,84,12,0,4.650930866599083,4.651536658406258,-0.0006057918071746826,False,0.0,False
100,86,12,0,1.7723539659221257,1.7753959221632354,-0.0030419562411097,False,0.0,False
100,87,12,0,2.9260468942423663,2.9293219732741513,-0.003275079031785033,False,0.0,False
100,88,12,0,1.0042747259140015,1.0082324345906575,-0.003957708676656013,False,0.0,False
100,89,12,0,3.443609666824341,3.444895839691162,-0.0012861728668212002,False,0.0,False
100,91,12,0,2.601213836669922,2.5996986865997314,0.0015151500701904297,True,0.0,False
100,92,12,0,2.5520917892456056,2.556726264953613,-0.004634475708007457,False,0.0,False
100,93,12,0,6.088501834869385,6.089426708221436,-0.0009248733520506036,False,0.0,False
100,94,12,0,2.088642120361328,2.0897478103637694,-0.0011056900024413174,False,0.0,False
100,95,12,0,2.224558639526367,2.220759725570679,0.00379891395568821,True,0.0,False
100,96,12,0,1.881446210667491,1.876625869423151,0.004820341244339943,True,0.39475441614076495,True
100,97,12,0,4.301939368247986,4.308364629745483,-0.006425261497497559,False,0.0,False
100,98,12,0,3.3653133511543274,3.364669382572174,0.0006439685821533203,True,0.0,False
100,99,12,0,3.4457433223724365,3.447965621948242,-0.002222299575805664,False,0.0,False
100,80,13,0,3.4311418533325195,3.435420036315918,-0.0042781829833984375,False,0.0,False
100,81,13,0,2.8226643668280706,2.819289525349935,0.003374841478135604,True,0.0,False
100,82,13,0,0.5504711223766208,0.546537559479475,0.003933562897145748,True,0.0,False
100,83,13,0,2.267634630203247,2.2699034214019775,-0.0022687911987304688,False,0.0,False
100,84,13,0,4.650930866599083,4.645718075335026,0.005212791264057159,True,0.268089711034399,True
100,85,13,0,1.266331666282245,1.2668573941503252,-0.0005257278680801392,False,0.0,False
100,86,13,0,1.7723539659221257,1.7716953063915883,0.0006586595305373422,True,0.0,False
100,88,13,0,1.0042747259140015,1.0142695903778076,-0.009994864463806152,False,0.0,False
100,89,13,0,3.443609666824341,3.433243727684021,0.010365939140319913,True,0.3940160677145841,True
100,90,13,0,0.23814352229237556,0.23744248710572718,0.0007010351866483799,True,0.0,False
100,91,13,0,2.601213836669922,2.6045798301696776,-0.0033659934997558594,False,0.0,False
100,92,13,0,2.5520917892456056,2.5480358600616455,0.004055929183960139,True,0.0,False
100,93,13,0,6.088501834869385,6.084617805480957,0.003884029388427912,True,0.0,False
100,94,13,0,2.088642120361328,2.0860675036907197,0.0025746166706084317,True,0.0,False
100,95,13,0,2.224558639526367,2.2262168407440184,-0.0016582012176513672,False,0.0,False
100,96,13,0,1.881446210667491,1.8823053445667028,-0.0008591338992118835,False,0.0,False
100,97,13,0,4.301939368247986,4.29558002948761,0.0063593387603759766,True,0.0,False
100,98,13,0,3.3653133511543274,3.3674288392066956,-0.002115488052368164,False,0.0,False
100,99,13,0,3.4457433223724365,3.457726001739502,-0.01198267936706543,False,0.0,False
100,80,14,0,3.4311418533325195,3.426465458340115,0.0046763949924044645,True,0.3230285574167625,True
100,81,14,0,2.8226643668280706,2.8166270785861545,0.006037288241916183,True,0.2710371959602503,True
100,82,14,0,0.5504711223766208,0.552198245190084,-0.001727122813463211,False,0.0,False
100,83,14,0,2.267634630203247,2.268071174621582,-0.00043654441833496094,False,0.0,False
100,84,14,0,4.650930866599083,4.653310120105743,-0.0023792535066604614,False,0.0,False
100,86,14,0,1.7723539659221257,1.770390520537538,0.001963445384587592,True,0.0,False
100,87,14,0,2.9260468942423663,2.930515330284834,-0.004468436042467605,False,0.0,False
100,88,14,0,1.0042747259140015,0.9956801136334738,0.008594612280527714,True,0.324339502252706,True
100,89,14,0,3.443609666824341,3.436252546310425,0.007357120513916016,True,0.0,False
100,90,14,0,0.23814352229237556,0.23822552859783172,-8.200630545615595e-05,False,0.0,False
100,91,14,0,2.601213836669922,2.5962644815444946,0.004949355125427157,True,0.2768149433211477,True
100,92,14,0,2.5520917892456056,2.5527202129364013,-0.000628423690795632,False,0.0,False
100,93,14,0,6.088501834869385,6.0964674949646,-0.007965660095214488,False,0.0,False
100,94,14,0,2.088642120361328,2.0852354049682615,0.003406715393066584,True,0.0,False
100,95,14,0,2.224558639526367,2.2269471168518065,-0.002388477325439453,False,0.0,False
100,97,14,0,4.301939368247986,4.309800803661346,-0.007861435413360596,False,0.0,False
100,98,14,0,3.3653133511543274,3.367960572242737,-0.002647221088409424,False,0.0,False
100,99,14,0,3.4457433223724365,3.4417004585266113,0.004042863845825195,True,0.0,False
100,80,15,0,3.4311418533325195,3.4394382900661893,-0.008296436733669754,False,0.0,False
100,81,15,0,2.8226643668280706,2.8263459735446506,-0.0036816067165799105,False,0.0,False
100,82,15,0,0.5504711223766208,0.5491194445639849,0.0013516778126358986,True,0.0,False
100,83,15,0,2.267634630203247,2.2732502222061157,-0.005615592002868652,False,0.0,False
100,85,15,0,1.266331666282245,1.2655403443745203,0.0007913219077246847,True,0.0,False
100,86,15,0,1.7723539659221257,1.772227753618998,0.00012621230312759302,True,0.0,False
100,87,15,0,2.9260468942423663,2.928514845048388,-0.0024679508060216904,False,0.0,False
100,89,15,0,3.443609666824341,3.443066358566284,0.0005433082580568183,True,0.0,False
100,90,15,0,0.23814352229237556,0.23805755823850633,8.596405386923633e-05,True,0.0,False
100,91,15,0,2.601213836669922,2.6007925987243654,0.00042123794555637417,True,0.0,False
100,92,15,0,2.5520917892456056,2.5487249374389647,0.0033668518066409803,True,0.0,False
100,93,15,0,6.088501834869385,6.08752670288086,0.0009751319885253906,True,0.0,False
100,94,15,0,2.088642120361328,2.087569808959961,0.0010723114013670987,True,0.0,False
100,95,15,0,2.224558639526367,2.2254512786865233,-0.00089263916015625,False,0.0,False
100,96,15,0,1.881446210667491,1.8810265585780144,0.0004196520894765854,True,0.0,False
100,97,15,0,4.301939368247986,4.29947829246521,0.002461075782775879,True,0.0,False
100,98,15,0,3.3653133511543274,3.365999758243561,-0.0006864070892333984,False,0.0,False
100,99,15,0,3.4457433223724365,3.4511618614196777,-0.005418539047241211,False,0.0,False
100,80,16,0,3.4311418533325195,3.427565574645996,0.0035762786865234375,True,0.24703647722323596,True
100,81,16,0,2.8226643668280706,2.827596558464898,-0.004932191636827454,False,0.0,False
100,82,16,0,0.5504711223766208,0.5433440376073122,0.007127084769308567,True,0.38523290695345325,True
100,83,16,0,2.267634630203247,2.268169403076172,-0.0005347728729248047,False,0.0,False
100,84,16,0,4.650930866599083,4.640176936984062,0.010753929615020752,True,0.5530660517435149,True
100,85,16,0,1.266331666282245,1.2656648174992629,0.0006668487829821768,True,0.0,False
100,86,16,0,1.7723539659221257,1.7800605556528484,-0.0077065897307226905,False,0.0,False
100,87,16,0,2.9260468942423663,2.9215083631376424,0.0045385311047239085,True,0.38943881413268644,True
100,88,16,0,1.0042747259140015,1.0033724904060364,0.0009022355079650879,True,0.0,False
100,89,16,0,3.443609666824341,3.4507823944091798,-0.007172727584838778,False,0.0,False
100,90,16,0,0.23814352229237556,0.2397172585129738,-0.0015737362205982264,False,0.0,False
100,91,16,0,2.601213836669922,2.608553886413574,-0.007340049743652433,False,0.0,False
100,92,16,0,2.5520917892456056,2.5488015174865724,0.003290271759033292,True,0.0,False
100,94,16,0,2.088642120361328,2.092913579940796,-0.004271459579467951,False,0.0,False
100,95,16,0,2.224558639526367,2.221997928619385,0.0025607109069820666,True,0.0,False
100,96,16,0,1.881446210667491,1.8774147666990757,0.00403144396841526,True,0.33014888973361295,True
100,97,16,0,4.301939368247986,4.294344425201416,0.007594943046569824,True,0.14831273919156743,True
100,98,16,0,3.3653133511543274,3.3652366399765015,7.671117782592773e-05,True,0.0,False
100,99,16,0,3.4457433223724365,3.4559714794158936,-0.010228157043457031,False,0.0,False
100,81,17,0,2.8226643668280706,2.829242812262641,-0.0065784454345703125,False,0.0,False
100,82,17,0,0.5504711223766208,0.551926457323134,-0.001455334946513176,False,0.0,False
100,83,17,0,2.267634630203247,2.270079553127289,-0.002444922924041748,False,0.0,False
100,84,17,0,4.650930866599083,4.649644047021866,0.001286819577217102,True,0.0,False
100,85,17,0,1.266331666282245,1.2643480790512902,0.0019835872309548197,True,0.0,False
100,86,17,0,1.7723539659221257,1.7709866098261304,0.0013673560959952535,True,0.0,False
100,87,17,0,2.9260468942423663,2.9250559508800507,0.0009909433623156438,True,0.0,False
100,88,17,0,1.0042747259140015,1.005640168984731,-0.0013654430707294996,False,0.0,False
100,89,17,0,3.443609666824341,3.44730167388916,-0.0036920070648189807,False,0.0,False
100,90,17,0,0.23814352229237556,0.2366775818169117,0.0014659404754638616,True,0.0,False
100,91,17,0,2.601213836669922,2.598821926116943,0.0023919105529786044,True,0.0,False
100,92,17,0,2.5520917892456056,2.550074005126953,0.00201778411865261,True,0.0,False
100,93,17,0,6.088501834869385,6.09644250869751,-0.007940673828124467,False,0.0,False
100,94,17,0,2.088642120361328,2.084035873413086,0.0046062469482421875,True,0.0,False
100,95,17,0,2.224558639526367,2.2272503852844237,-0.0026917457580566406,False,0.0,False
100,96,17,0,1.881446210667491,1.8854502644389868,-0.004004053771495819,False,0.0,False
100,97,17,0,4.301939368247986,4.294924259185791,0.007015109062194824,True,0.0,False
100,98,17,0,3.3653133511543274,3.3662514686584473,-0.000938117504119873,False,0.0,False
100,99,17,0,3.4457433223724365,3.443988800048828,0.0017545223236083984,True,0.0,False
100,80,18,0,3.4311418533325195,3.4278422461615667,0.0032996071709527897,True,0.0,False
100,81,18,0,2.8226643668280706,2.819390614827474,0.0032737520005965415,True,0.0,False
100,82,18,0,0.5504711223766208,0.5523781785741448,-0.0019070561975240707,False,0.0,False
100,83,18,0,2.267634630203247,2.2627723813056946,0.00486224889755249,True,0.3472769147591092,True
100,84,18,0,4.650930866599083,4.650973364710808,-4.2498111724853516e-05,False,0.0,False
100,85,18,0,1.266331666282245,1.2642573730221816,0.0020742932600634756,True,0.32557279957742535,True
100,86,18,0,1.7723539659221257,1.7706539926252194,0.0016999732969062986,True,0.0,False
100,87,18,0,2.9260468942423663,2.9264981603870788,-0.00045126614471246995,False,0.0,False
100,88,18,0,1.0042747259140015,1.0030135313669841,0.0012611945470173413,True,0.0,False
100,89,18,0,3.443609666824341,3.4442262649536133,-0.0006165981292722833,False,0.0,False
100,90,18,0,0.23814352229237556,0.2392851419746876,-0.0011416196823120228,False,0.0,False
100,91,18,0,2.601213836669922,2.6034533977508545,-0.002239561080932706,False,0.0,False
100,92,18,0,2.5520917892456056,2.554655838012695,-0.0025640487670894885,False,0.0,False
100,93,18,0,6.088501834869385,6.087759685516358,0.0007421493530275214,True,0.0,False
100,94,18,0,2.088642120361328,2.093058395385742,-0.004416275024413885,False,0.0,False
100,95,18,0,2.224558639526367,2.2228229522705076,0.001735687255859375,True,0.0,False
100,96,18,0,1.881446210667491,1.8807998560369015,0.0006463546305894852,True,0.0,False
100,97,18,0,4.301939368247986,4.305738687515259,-0.0037993192672729492,False,0.0,False
100,98,18,0,3.3653133511543274,3.365839719772339,-0.0005263686180114746,False,0.0,False
100,99,18,0,3.4457433223724365,3.4298853874206543,0.015857934951782227,True,0.3738932954079138,True
100,80,19,0,3.4311418533325195,3.4292784796820746,0.0018633736504449772,True,0.0,False
100,81,19,0,2.8226643668280706,2.819459703233507,0.003204663594563506,True,0.0,False
100,82,19,0,0.5504711223766208,0.5513059487566352,-0.0008348263800144196,False,0.0,False
100,83,19,0,2.267634630203247,2.263291120529175,0.004343509674072266,True,0.31022694860344235,True
100,84,19,0,4.650930866599083,4.652483068406582,-0.0015522018074989319,False,0.0,False
100,85,19,0,1.266331666282245,1.2677839866706304,-0.0014523203883853864,False,0.0,False
100,86,19,0,1.7723539659221257,1.7708084137578095,0.0015455521643161774,True,0.0,False
100,87,19,0,2.9260468942423663,2.9257357058425746,0.00031118839979171753,True,0.0,False
100,88,19,0,1.0042747259140015,1.0016054312388103,0.0026692946751911695,True,0.0,False
100,89,19,0,3.443609666824341,3.451519012451172,-0.007909345626830877,False,0.0,False
100,90,19,0,0.23814352229237556,0.24049881398677825,-0.0023552916944026836,False,0.0,False
100,91,19,0,2.601213836669922,2.602317142486572,-0.0011033058166503018,False,0.0,False
100,92,19,0,2.5520917892456056,2.5528424263000487,-0.0007506370544430041,False,0.0,False
100,93,19,0,6.088501834869385,6.08871603012085,-0.00021419525146448848,False,0.0,False
100,94,19,0,2.088642120361328,2.091960144042969,-0.0033180236816408026,False,0.0,False
100,95,19,0,2.224558639526367,2.221295642852783,0.0032629966735839844,True,0.0,False
100,96,19,0,1.881446210667491,1.8799823224544525,0.0014638882130384445,True,0.0,False
100,97,19,0,4.301939368247986,4.309369325637817,-0.007429957389831543,False,0.0,False
100,98,19,0,3.3653133511543274,3.3644351959228516,0.0008781552314758301,True,0.0,False
100,99,19,0,3.4457433223724365,3.438004970550537,0.007738351821899414,True,0.0,False
100,80,20,0,3.4311418533325195,3.4291887283325195,0.001953125,True,0.0,False
100,83,20,0,2.267634630203247,2.268956780433655,-0.0013221502304077148,False,0.0,False
100,84,20,0,4.650930866599083,4.650703608989716,0.0002272576093673706,True,0.0,False
100,85,20,0,1.266331666282245,1.2668213929448808,-0.0004897266626358032,False,0.0,False
100,86,20,0,1.7723539659221257,1.7764647550481771,-0.004110789126051451,False,0.0,False
100,88,20,0,1.0042747259140015,1.0016407171885173,0.0026340087254841382,True,0.0,False
100,89,20,0,3.443609666824341,3.449936294555664,-0.006326627731322976,False,0.0,False
100,90,20,0,0.23814352229237556,0.23766156286001205,0.00048195943236351013,True,0.0,False
100,91,20,0,2.601213836669922,2.5982256889343263,0.0029881477355955255,True,0.0,False
100,92,20,0,2.5520917892456056,2.5559789896011353,-0.0038872003555296963,False,0.0,False
100,93,20,0,6.088501834869385,6.0907166481018065,-0.002214813232421342,False,0.0,False
100,94,20,0,2.088642120361328,2.0864401698112487,0.0022019505500794345,True,0.0,False
100,95,20,0,2.224558639526367,2.2278236389160155,-0.0032649993896485263,False,0.0,False
100,96,20,0,1.881446210667491,1.884859574958682,-0.003413364291191101,False,0.0,False
100,97,20,0,4.301939368247986,4.280701518058777,0.021237850189208984,True,0.41472907917648266,True
100,98,20,0,3.3653133511543274,3.3648924827575684,0.0004208683967590332,True,0.0,False
100,99,20,0,3.4457433223724365,3.4533920288085938,-0.0076487064361572266,False,0.0,False
100,80,21,0,3.4311418533325195,3.4310239685906305,0.00011788474188900722,True,0.0,False
100,81,21,0,2.8226643668280706,2.8326696819729276,-0.010005315144856919,False,0.0,False
100,83,21,0,2.267634630203247,2.2743818163871765,-0.006747186183929443,False,0.0,False
100,84,21,0,4.650930866599083,4.651315756142139,-0.00038488954305648804,False,0.0,False
100,85,21,0,1.266331666282245,1.2643592719520842,0.0019723943301608315,True,0.0,False
100,86,21,0,1.7723539659221257,1.7695027040982885,0.0028512618238372145,True,0.0,False
100,87,21,0,2.9260468942423663,2.921971988553802,0.004074905688564279,True,0.34965639816928124,True
100,88,21,0,1.0042747259140015,1.005890139689048,-0.0016154137750465924,False,0.0,False
100,89,21,0,3.443609666824341,3.448886585235596,-0.005276918411254883,False,0.0,False
100,90,21,0,0.23814352229237556,0.23788621202111243,0.00025731027126313366,True,0.0,False
100,91,21,0,2.601213836669922,2.6073976516723634,-0.006183815002441584,False,0.0,False
100,92,21,0,2.5520917892456056,2.553771495819092,-0.0016797065734861505,False,0.0,False
100,93,21,0,6.088501834869385,6.088090133666992,0.00041170120239275576,True,0.0,False
100,94,21,0,2.088642120361328,2.094452953338623,-0.005810832977295011,False,0.0,False
100,95,21,0,2.224558639526367,2.2271102905273437,-0.0025516510009766513,False,0.0,False
100,96,21,0,1.881446210667491,1.8816906083375216,-0.00024439767003059387,False,0.0,False
100,97,21,0,4.301939368247986,4.29888129234314,0.0030580759048461914,True,0.0,False
100,98,21,0,3.3653133511543274,3.3634894490242004,0.0018239021301269531,True,0.0,False
100,99,21,0,3.4457433223724365,3.4423506259918213,0.0033926963806152344,True,0.0,False
100,80,22,0,3.4311418533325195,3.4310695860120983,7.226732042120432e-05,True,0.0,False
100,81,22,0,2.8226643668280706,2.8210458755493164,0.0016184912787542416,True,0.0,False
100,82,22,0,0.5504711223766208,0.5460633188486099,0.004407803528010845,True,0.0,False
100,83,22,0,2.267634630203247,2.2647894620895386,0.002845168113708496,True,0.0,False
100,84,22,0,4.650930866599083,4.652290441095829,-0.0013595744967460632,False,0.0,False
100,85,22,0,1.266331666282245,1.268442738801241,-0.0021110725189958934,False,0.0,False
100,86,22,0,1.7723539659221257,1.7744472634180315,-0.0020932974959058104,False,0.0,False
100,87,22,0,2.9260468942423663,2.929235172147552,-0.0031882779051857213,False,0.0,False
100,88,22,0,1.0042747259140015,1.0065252780914307,-0.0022505521774291992,False,0.0,False
100,89,22,0,3.443609666824341,3.4560799598693848,-0.012470293045043768,False,0.0,False
100,90,22,0,0.23814352229237556,0.23915580660104752,-0.0010122843086719513,False,0.0,False
100,91,22,0,2.601213836669922,2.6051290035247803,-0.003915166854858487,False,0.0,False
100,92,22,0,2.5520917892456056,2.549528694152832,0.0025630950927735263,True,0.0,False
100,93,22,0,6.088501834869385,6.08829174041748,0.00021009445190500742,True,0.0,False
100,94,22,0,2.088642120361328,2.0931827545166017,-0.004540634155273615,False,0.0,False
100,95,22,0,2.224558639526367,2.2245555877685548,3.0517578122335465e-06,True,0.0,False
100,96,22,0,1.881446210667491,1.8792295213788748,0.0022166892886161804,True,0.0,False
100,97,22,0,4.301939368247986,4.303033471107483,-0.0010941028594970703,False,0.0,False
100,98,22,0,3.3653133511543274,3.364533007144928,0.0007803440093994141,True,0.0,False
100,99,22,0,3.4457433223724365,3.4376699924468994,0.00807332992553711,True,0.0,False
100,80,23,0,3.4311418533325195,3.436757299635145,-0.005615446302625671,False,0.0,False
100,81,23,0,2.8226643668280706,2.825196690029568,-0.002532323201497544,False,0.0,False
100,82,23,0,0.5504711223766208,0.5446284674108028,0.005842654965817928,True,0.31580695749552995,True
100,83,23,0,2.267634630203247,2.266381323337555,0.0012533068656921387,True,0.0,False
100,84,23,0,4.650930866599083,4.648100063204765,0.002830803394317627,True,0.0,False
100,85,23,0,1.266331666282245,1.2668632598859924,-0.0005315936037473268,False,0.0,False
100,86,23,0,1.7723539659221257,1.7729711360963327,-0.0006171701742070379,False,0.0,False
100,87,23,0,2.9260468942423663,2.923974253858129,0.0020726403842372676,True,0.0,False
100,88,23,0,1.0042747259140015,1.0079789559046428,-0.00370422999064135,False,0.0,False
100,89,23,0,3.443609666824341,3.4438265800476073,-0.0002169132232663351,False,0.0,False
100,90,23,0,0.23814352229237556,0.23599155247211456,0.0021519698202610016,True,0.3786949082541743,True
100,91,23,0,2.601213836669922,2.5992247581481935,0.001989078521728249,True,0.0,False
100,92,23,0,2.5520917892456056,2.545783805847168,0.006307983398437855,True,0.3292712066905648,True
100,93,23,0,6.088501834869385,6.091333675384521,-0.002831840515136186,False,0.0,False
100,94,23,0,2.088642120361328,2.083217430114746,0.005424690246582209,True,0.2693984451406566,True
100,95,23,0,2.224558639526367,2.226734924316406,-0.0021762847900390625,False,0.0,False
100,96,23,0,1.881446210667491,1.887216055765748,-0.005769845098257065,False,0.0,False
100,97,23,0,4.301939368247986,4.302624702453613,-0.0006853342056274414,False,0.0,False
100,98,23,0,3.3653133511543274,3.36550635099411,-0.00019299983978271484,False,0.0,False
100,99,23,0,3.4457433223724365,3.453857421875,-0.008114099502563477,False,0.0,False
100,80,24,0,3.4311418533325195,3.4298182593451605,0.0013235939873590397,True,0.0,False
100,81,24,0,2.8226643668280706,2.8250381681654186,-0.0023738013373479916,False,0.0,False
100,82,24,0,0.5504711223766208,0.5535944560542703,-0.003123333677649498,False,0.0,False
100,83,24,0,2.267634630203247,2.266980528831482,0.0006541013717651367,True,0.0,False
100,84,24,0,4.650930866599083,4.65300676971674,-0.0020759031176567078,False,0.0,False
100,85,24,0,1.266331666282245,1.2675151963319098,-0.0011835300496647605,False,0.0,False
100,86,24,0,1.7723539659221257,1.7674423894578857,0.004911576464240008,True,0.0,False
100,87,24,0,2.9260468942423663,2.923932752261559,0.0021141419808072826,True,0.0,False
100,88,24,0,1.0042747259140015,0.994113047917684,0.010161677996317509,True,0.38347670328829886,True
100,89,24,0,3.443609666824341,3.4433313846588134,0.0002782821655276102,True,0.0,False
100,90,24,0,0.23814352229237556,0.2386733889579773,-0.0005298666656017303,False,0.0,False
100,91,24,0,2.601213836669922,2.6019725799560547,-0.0007587432861329013,False,0.0,False
100,92,24,0,2.5520917892456056,2.5578073501586913,-0.005715560913085671,False,0.0,False
100,93,24,0,6.088501834869385,6.0853495597839355,0.003152275085449574,True,0.0,False
100,94,24,0,2.088642120361328,2.090397071838379,-0.0017549514770509589,False,0.0,False
100,95,24,0,2.224558639526367,2.231259346008301,-0.006700706481933771,False,0.0,False
100,96,24,0,1.881446210667491,1.8796976562589407,0.0017485544085502625,True,0.0,False
100,97,24,0,4.301939368247986,4.3002623319625854,0.0016770362854003906,True,0.0,False
100,99,24,0,3.4457433223724365,3.4419403076171875,0.0038030147552490234,True,0.0,False
100,81,25,0,2.8226643668280706,2.832566155327691,-0.009901788499620423,False,0.0,False
100,82,25,0,0.5504711223766208,0.5515151834115386,-0.0010440610349178314,False,0.0,False
100,83,25,0,2.267634630203247,2.271145462989807,-0.0035108327865600586,False,0.0,False
100,84,25,0,4.650930866599083,4.658329650759697,-0.007398784160614014,False,0.0,False
100,85,25,0,1.266331666282245,1.2675516669239317,-0.0012200006416867026,False,0.0,False
100,86,25,0,1.7723539659221257,1.7618652139790356,0.010488751943090069,True,0.5077112927204709,True
100,87,25,0,2.9260468942423663,2.9259583186358213,8.857560654496055e-05,True,0.0,False
100,88,25,0,1.0042747259140015,0.9981755415598551,0.006099184354146359,True,0.0,False
100,90,25,0,0.23814352229237556,0.23615094274282455,0.00199257954955101,True,0.3506460558145023,True
100,91,25,0,2.601213836669922,2.6009268760681152,0.0002869606018065518,True,0.0,False
100,92,25,0,2.5520917892456056,2.546902084350586,0.005189704895019798,True,0.27089804858622196,True
100,93,25,0,6.088501834869385,6.096385765075683,-0.007883930206298295,False,0.0,False
100,94,25,0,2.088642120361328,2.082456588745117,0.0061855316162109375,True,0.3071829955314935,True
100,95,25,0,2.224558639526367,2.232680082321167,-0.008121442794799982,False,0.0,False
100,96,25,0,1.881446210667491,1.8807838279753923,0.0006623826920986176,True,0.0,False
100,97,25,0,4.301939368247986,4.2795631885528564,0.022376179695129395,True,0.43695818163194994,True
100,98,25,0,3.3653133511543274,3.358612596988678,0.006700754165649414,True,0.5101397189285342,True
100,81,26,0,2.8226643668280706,2.8234854804144964,-0.0008211135864257812,False,0.0,False
100,82,26,0,0.5504711223766208,0.5470261471346021,0.0034449752420186996,True,0.0,False
100,83,26,0,2.267634630203247,2.2690237760543823,-0.001389145851135254,False,0.0,False
100,84,26,0,4.650930866599083,4.653949297964573,-0.0030184313654899597,False,0.0,False
100,85,26,0,1.266331666282245,1.265454677598817,0.0008769886834281149,True,0.0,False
100,86,26,0,1.7723539659221257,1.7673184107323843,0.005035555189741414,True,0.24374761161485647,True
100,87,26,0,2.9260468942423663,2.9267112699647746,-0.0006643757224082947,False,0.0,False
100,89,26,0,3.443609666824341,3.4377731800079347,0.00583648681640625,True,0.0,False
100,90,26,0,0.23814352229237556,0.2371331162750721,0.0010104060173034557,True,0.0,False
100,92,26,0,2.5520917892456056,2.5444320678710937,0.007659721374511985,True,0.3998307447232132,True
100,93,26,0,6.088501834869385,6.088007068634033,0.000494766235352273,True,0.0,False
100,94,26,0,2.088642120361328,2.080116033554077,0.008526086807250977,True,0.42341855932784994,True
100,95,26,0,2.224558639526367,2.2271374702453612,-0.0025788307189942294,False,0.0,False
100,96,26,0,1.881446210667491,1.882458532229066,-0.001012321561574936,False,0.0,False
100,97,26,0,4.301939368247986,4.300753116607666,0.0011862516403198242,True,0.0,False
100,98,26,0,3.3653133511543274,3.3650856614112854,0.0002276897430419922,True,0.0,False
100,99,26,0,3.4457433223724365,3.459407687187195,-0.0136643648147583,False,0.0,False
