run,round,client,class_id,group,samples,gain,accuracy_delta
w0.2,30,0,0,non_tail,1,-4.568835720419884e-05,0.0
w0.2,30,0,2,non_tail,5,0.0017477914690971486,0.0
w0.2,30,0,4,non_tail,1,0.008767127990722656,0.0
w0.2,30,0,5,non_tail,1,-0.0033807456493377686,0.0
w0.2,30,0,8,non_tail,1,8.222210453823209e-06,0.0
w0.2,30,0,15,non_tail,1,8.337839972227812e-06,0.0
w0.2,30,0,37,non_tail,1,0.00011509843170642853,0.0
w0.2,30,0,55,non_tail,1,0.011069655418395996,0.0
w0.2,30,0,60,non_tail,1,0.0015510320663452148,0.0
w0.2,30,0,66,non_tail,1,-0.00024232454597949982,0.0
w0.2,30,0,69,non_tail,1,0.04759669303894043,0.0
w0.2,30,0,74,non_tail,1,0.04505014419555664,0.0
w0.2,30,0,81,tail,1,0.008925437927246094,0.0
w0.2,30,0,83,tail,1,0.0009505748748779297,0.0
w0.2,30,1,0,non_tail,3,-1.0361429303884506e-05,0.0
w0.2,30,1,1,non_tail,1,0.0004666075110435486,0.0
w0.2,30,1,7,non_tail,6,-0.000589291254679436,0.0
w0.2,30,1,24,non_tail,1,0.018301725387573242,0.0
w0.2,30,1,28,non_tail,1,0.00015256833285093307,0.0
w0.2,30,1,30,non_tail,1,-0.006647884845733643,0.0
w0.2,30,1,46,non_tail,1,0.01303565502166748,0.0
w0.2,30,1,53,non_tail,2,0.012032970786094666,0.0
w0.2,30,1,86,tail,1,0.01539921760559082,0.0
w0.2,30,2,0,non_tail,1,-4.764297045767307e-06,0.0
w0.2,30,2,3,non_tail,2,-0.0204470157623291,0.0
w0.2,30,2,5,non_tail,4,-0.0024756248167250305,0.0
w0.2,30,2,6,non_tail,2,-0.000184002798050642,0.0
w0.2,30,2,10,non_tail,2,0.0077867209911346436,0.0
w0.2,30,2,16,non_tail,1,-0.012506961822509766,0.0
w0.2,30,2,22,non_tail,2,0.0003376603126525879,0.0
w0.2,30,2,42,non_tail,1,-0.004930973052978516,0.0
w0.2,30,2,77,non_tail,1,0.0017042160034179688,0.0
w0.2,30,2,82,tail,1,0.004720818251371384,0.0
w0.2,30,2,91,tail,1,-0.004601776599884033,0.0
w0.2,30,2,95,tail,1,0.025250911712646484,0.0
w0.2,30,3,2,non_tail,1,0.0031621456146240234,0.0
w0.2,30,3,3,non_tail,1,-0.0046968162059783936,0.0
w0.2,30,3,6,non_tail,4,-0.004176609683781862,0.0
w0.2,30,3,12,non_tail,3,0.006511708100636837,0.0
w0.2,30,3,14,non_tail,1,0.00017582299187779427,0.0
w0.2,30,3,20,non_tail,1,5.243491614237428e-06,0.0
w0.2,30,3,31,non_tail,1,0.00029302574694156647,0.0
w0.2,30,3,36,non_tail,1,0.0005046948790550232,0.0
w0.2,30,3,45,non_tail,1,0.014849066734313965,0.0
w0.2,30,3,77,non_tail,1,0.03767204284667969,0.0
w0.2,30,3,79,non_tail,1,-0.011340618133544922,0.0
w0.2,30,3,90,tail,1,0.0024657994508743286,0.0
w0.2,30,3,94,tail,1,0.00010504387319087982,0.0
w0.2,30,4,1,non_tail,2,-0.0002153920941054821,0.0
w0.2,30,4,2,non_tail,1,0.008899569511413574,0.0
w0.2,30,4,3,non_tail,1,-0.07200384140014648,0.0
w0.2,30,4,4,non_tail,2,0.0018879622220993042,0.0
w0.2,30,4,5,non_tail,1,6.750156171619892e-05,0.0
w0.2,30,4,9,non_tail,1,0.004602707922458649,0.0
w0.2,30,4,11,non_tail,2,-0.002084348350763321,0.0
w0.2,30,4,17,non_tail,1,0.0002747010439634323,0.0
w0.2,30,4,20,non_tail,2,1.8157443264499307e-05,0.0
w0.2,30,4,24,non_tail,1,0.0041109174489974976,0.0
w0.2,30,4,46,non_tail,1,0.011615157127380371,0.0
w0.2,30,4,65,non_tail,1,-0.00247955322265625,0.0
w0.2,30,4,92,tail,1,-0.016825199127197266,0.0
w0.2,30,4,97,tail,1,-0.03950834274291992,0.0
w0.2,30,6,1,non_tail,1,0.0006969384849071503,0.0
w0.2,30,6,2,non_tail,2,0.0018371045589447021,0.0
w0.2,30,6,7,non_tail,3,-0.009786657989025116,0.0
w0.2,30,6,12,non_tail,3,0.0016635979215304103,0.0
w0.2,30,6,18,non_tail,1,0.0021530166268348694,0.0
w0.2,30,6,23,non_tail,2,0.006128181703388691,0.0
w0.2,30,6,32,non_tail,1,0.023032426834106445,0.0
w0.2,30,6,38,non_tail,1,0.015247106552124023,0.0
w0.2,30,6,54,non_tail,1,0.002176627516746521,0.0
w0.2,30,6,70,non_tail,1,0.0006167031824588776,0.0
w0.2,30,6,84,tail,1,0.02383875846862793,0.0
w0.2,30,8,4,non_tail,1,-0.0016880147159099579,0.0
w0.2,30,8,5,non_tail,1,1.1671334505081177e-05,0.0
w0.2,30,8,6,non_tail,2,-0.0004208930768072605,0.0
w0.2,30,8,7,non_tail,1,-1.519080251455307e-05,0.0
w0.2,30,8,15,non_tail,1,-0.0005897246301174164,0.0
w0.2,30,8,17,non_tail,1,0.0047646164894104,0.0
w0.2,30,8,21,non_tail,1,3.4507829695940018e-06,0.0
w0.2,30,8,26,non_tail,3,0.016671816507975556,0.0
w0.2,30,8,38,non_tail,1,3.45587613992393e-06,0.0
w0.2,30,8,46,non_tail,1,0.002345174551010132,0.0
w0.2,30,8,57,non_tail,1,0.0031645894050598145,0.0
w0.2,30,8,58,non_tail,1,0.0022905468940734863,0.0
w0.2,30,8,62,non_tail,1,0.021822214126586914,0.0
w0.2,30,8,83,tail,1,0.04049968719482422,0.0
w0.2,30,9,1,non_tail,1,0.0003202110528945923,0.0
w0.2,30,9,2,non_tail,1,0.0009458921849727631,0.0
w0.2,30,9,4,non_tail,2,0.032825201749801636,0.0
w0.2,30,9,6,non_tail,1,-1.4974037185311317e-05,0.0
w0.2,30,9,7,non_tail,1,-0.0007972046732902527,0.0
w0.2,30,9,13,non_tail,1,0.0005564801394939423,0.0
w0.2,30,9,14,non_tail,4,0.002562865847721696,0.0
w0.2,30,9,17,non_tail,1,9.46815125644207e-05,0.0
w0.2,30,9,35,non_tail,1,-4.173070192337036e-05,0.0
w0.2,30,9,52,non_tail,1,-0.0008237361907958984,0.0
w0.2,30,9,67,non_tail,1,0.02600550651550293,0.0
w0.2,30,9,79,non_tail,1,-0.015097379684448242,0.0
w0.2,30,9,86,tail,1,0.002823740243911743,0.0
w0.2,30,9,89,tail,1,-0.02344512939453125,0.0
w0.2,30,12,0,non_tail,1,1.5492551028728485e-06,0.0
w0.2,30,12,1,non_tail,2,0.01436874270439148,0.0
w0.2,30,12,3,non_tail,1,-0.0004219859838485718,0.0
w0.2,30,12,10,non_tail,1,3.6868732422590256e-05,0.0
w0.2,30,12,12,non_tail,1,0.0010753944516181946,0.0
w0.2,30,12,13,non_tail,2,0.002123449929058552,0.0
w0.2,30,12,17,non_tail,1,7.364805787801743e-05,0.0
w0.2,30,12,26,non_tail,1,0.0006399378180503845,0.0
w0.2,30,12,27,non_tail,2,0.046872615814208984,0.0
w0.2,30,12,28,non_tail,1,0.002543531358242035,0.0
w0.2,30,12,38,non_tail,1,-0.010955408215522766,0.0
w0.2,30,12,41,non_tail,1,0.0008962322026491165,0.0
w0.2,30,12,59,non_tail,1,0.008195996284484863,0.0
w0.2,30,12,85,tail,1,-0.004313945770263672,0.0
w0.2,30,12,90,tail,1,0.011620044708251953,0.0
w0.2,30,13,4,non_tail,3,-0.00012244780858355897,0.0
w0.2,30,13,6,non_tail,1,-0.0003748014569282532,0.0
w0.2,30,13,8,non_tail,2,0.00018068309873342514,0.0
w0.2,30,13,11,non_tail,1,0.003482922911643982,0.0
w0.2,30,13,25,non_tail,2,0.000900990329682827,0.0
w0.2,30,13,26,non_tail,3,-0.002656509478886959,0.0
w0.2,30,13,28,non_tail,1,0.009604454040527344,0.0
w0.2,30,13,40,non_tail,1,0.0014192312955856323,0.0
w0.2,30,13,58,non_tail,1,0.004649147391319275,0.0
w0.2,30,13,68,non_tail,1,0.007865071296691895,0.0
w0.2,30,13,87,tail,1,0.0044095441699028015,0.0
w0.2,30,14,1,non_tail,1,0.00022158585488796234,0.0
w0.2,30,14,4,non_tail,1,0.0074849724769592285,0.0
w0.2,30,14,11,non_tail,1,0.00015879422426223755,0.0
w0.2,30,14,14,non_tail,2,0.003692273050546646,0.0
w0.2,30,14,17,non_tail,1,0.02946007251739502,0.0
w0.2,30,14,21,non_tail,2,-8.590333163738251e-05,0.0
w0.2,30,14,28,non_tail,2,0.004896268248558044,0.0
w0.2,30,14,32,non_tail,1,2.344569656997919e-05,0.0
w0.2,30,14,43,non_tail,1,0.010885298252105713,0.0
w0.2,30,14,46,non_tail,1,0.01830005645751953,0.0
w0.2,30,14,55,non_tail,1,0.015813827514648438,0.0
w0.2,30,14,56,non_tail,1,0.016041338443756104,0.0
w0.2,30,14,75,non_tail,1,0.017376422882080078,0.0
w0.2,30,14,85,tail,1,-0.008147239685058594,0.0
w0.2,30,14,96,tail,1,0.008245468139648438,0.0
w0.2,30,15,0,non_tail,5,-0.0014076799154281588,0.0
w0.2,30,15,2,non_tail,1,0.0012333393096923828,0.0
w0.2,30,15,3,non_tail,3,-0.0008567882080872877,0.0
w0.2,30,15,9,non_tail,1,0.0038695931434631348,0.0
w0.2,30,15,13,non_tail,1,0.010980010032653809,0.0
w0.2,30,15,16,non_tail,1,-0.02317333221435547,0.0
w0.2,30,15,19,non_tail,1,3.909831866621971e-05,0.0
w0.2,30,15,53,non_tail,1,0.0017500817775726318,0.0
w0.2,30,15,57,non_tail,1,0.0037360787391662598,0.0
w0.2,30,15,66,non_tail,1,-0.0002636909484863281,0.0
w0.2,30,15,84,tail,1,-0.00012302398681640625,0.0
w0.2,30,15,88,tail,1,0.005868211388587952,0.0
w0.2,30,16,0,non_tail,1,-0.000376356765627861,0.0
w0.2,30,16,1,non_tail,1,4.741456359624863e-05,0.0
w0.2,30,16,2,non_tail,1,0.001964092254638672,0.0
w0.2,30,16,4,non_tail,2,0.013899531215429306,0.0
w0.2,30,16,10,non_tail,3,0.0016205310821533203,0.0
w0.2,30,16,11,non_tail,2,0.0019024983048439026,0.0
w0.2,30,16,29,non_tail,1,4.727195482701063e-05,0.0
w0.2,30,16,30,non_tail,1,-0.017207622528076172,0.0
w0.2,30,16,36,non_tail,1,0.002574905753135681,0.0
w0.2,30,16,41,non_tail,1,-0.00013432465493679047,0.0
w0.2,30,16,59,non_tail,1,-0.0014424324035644531,0.0
w0.2,30,16,74,non_tail,1,0.014203548431396484,0.0
w0.2,30,16,93,tail,1,0.059731245040893555,0.0
w0.2,30,17,1,non_tail,1,3.559049218893051e-06,0.0
w0.2,30,17,3,non_tail,1,-0.08744263648986816,0.0
w0.2,30,17,4,non_tail,2,0.06941075623035431,0.0
w0.2,30,17,5,non_tail,1,-0.02917039394378662,0.0
w0.2,30,17,6,non_tail,1,1.760246232151985e-05,0.0
w0.2,30,17,13,non_tail,2,-3.603100776672363e-05,0.0
w0.2,30,17,18,non_tail,2,0.0018343925476074219,0.0
w0.2,30,17,23,non_tail,1,0.0003252103924751282,0.0
w0.2,30,17,26,non_tail,1,0.023912668228149414,0.0
w0.2,30,17,30,non_tail,1,-0.0013802945613861084,0.0
w0.2,30,17,31,non_tail,1,0.04203307628631592,0.0
w0.2,30,17,33,non_tail,1,-0.014378070831298828,0.0
w0.2,30,17,40,non_tail,1,0.0003417292609810829,0.0
w0.2,30,17,80,tail,1,0.006984710693359375,0.0
w0.2,30,20,0,non_tail,1,0.00013065338134765625,0.0
w0.2,30,20,1,non_tail,1,-0.0007434878498315811,0.0
w0.2,30,20,3,non_tail,3,-0.016033649444580078,0.0
w0.2,30,20,5,non_tail,1,-0.00013295793905854225,0.0
w0.2,30,20,9,non_tail,1,-0.011230707168579102,0.0
w0.2,30,20,11,non_tail,2,-0.006808221340179443,0.0
w0.2,30,20,15,non_tail,1,0.003434404730796814,0.0
w0.2,30,20,16,non_tail,2,-0.00732402503490448,0.0
w0.2,30,20,21,non_tail,1,-0.005941033363342285,0.0
w0.2,30,20,32,non_tail,1,0.025676727294921875,0.0
w0.2,30,20,33,non_tail,1,0.0010205358266830444,0.0
w0.2,30,20,34,non_tail,1,-0.002416953444480896,0.0
w0.2,30,20,81,tail,1,0.00367128849029541,0.0
w0.2,30,20,82,tail,1,0.048970937728881836,0.0
w0.2,30,20,87,tail,1,0.0029586032032966614,0.0
w0.2,30,21,0,non_tail,1,-0.00037809088826179504,0.0
w0.2,30,21,7,non_tail,1,-0.0026016533374786377,0.0
w0.2,30,21,10,non_tail,1,0.005398452281951904,0.0
w0.2,30,21,14,non_tail,4,0.0005409354344010353,0.0
w0.2,30,21,17,non_tail,3,0.0005509605010350568,0.0
w0.2,30,21,19,non_tail,1,-0.018836498260498047,0.0
w0.2,30,21,23,non_tail,2,0.0027642324566841125,0.0
w0.2,30,21,26,non_tail,1,0.006069287657737732,0.0
w0.2,30,21,29,non_tail,1,0.010745376348495483,0.0
w0.2,30,21,33,non_tail,1,-0.013451576232910156,0.0
w0.2,30,21,82,tail,1,0.005951881408691406,0.0
w0.2,30,24,2,non_tail,1,0.00773775577545166,0.0
w0.2,30,24,6,non_tail,3,-0.019782081246376038,0.0
w0.2,30,24,7,non_tail,2,-0.004370205104351044,0.0
w0.2,30,24,14,non_tail,2,-0.0046694837510585785,0.0
w0.2,30,24,15,non_tail,1,1.5703029930591583e-05,0.0
w0.2,30,24,17,non_tail,1,5.561136640608311e-05,0.0
w0.2,30,24,18,non_tail,1,-0.006013110280036926,0.0
w0.2,30,24,23,non_tail,1,0.0029577314853668213,0.0
w0.2,30,24,25,non_tail,1,0.003682732582092285,0.0
w0.2,30,24,30,non_tail,1,0.030814170837402344,0.0
w0.2,30,24,42,non_tail,1,0.00017835944890975952,0.0
w0.2,30,24,43,non_tail,1,0.07380151748657227,0.0
w0.2,30,24,98,tail,1,0.010142803192138672,0.0
w0.2,30,25,3,non_tail,1,-0.0003661196678876877,0.0
w0.2,30,25,5,non_tail,2,-3.811810165643692e-05,0.0
w0.2,30,25,6,non_tail,1,6.779422983527184e-05,0.0
w0.2,30,25,14,non_tail,1,0.00031955260783433914,0.0
w0.2,30,25,15,non_tail,5,-0.005825099349021923,0.0
w0.2,30,25,16,non_tail,1,2.4939188733696938e-05,0.0
w0.2,30,25,21,non_tail,3,-0.005579918933411435,0.0
w0.2,30,25,41,non_tail,1,8.106231689453125e-06,0.0
w0.2,30,25,45,non_tail,1,-0.02135181427001953,0.0
w0.2,30,25,80,tail,1,0.056029558181762695,0.0
w0.2,30,25,89,tail,1,0.029914140701293945,0.0
w0.2,30,25,99,tail,1,0.008210033178329468,0.0
w0.2,30,26,0,non_tail,6,0.0001418121779958384,0.0
w0.2,30,26,1,non_tail,1,-0.0005609840154647827,0.0
w0.2,30,26,8,non_tail,1,0.00024304352700710297,0.0
w0.2,30,26,13,non_tail,2,0.0001578102819621563,0.0
w0.2,30,26,15,non_tail,1,0.017229795455932617,0.0
w0.2,30,26,16,non_tail,1,3.301212564110756e-05,0.0
w0.2,30,26,20,non_tail,1,2.7268892154097557e-05,0.0
w0.2,30,26,29,non_tail,1,0.02278876304626465,0.0
w0.2,30,26,37,non_tail,1,0.009389877319335938,0.0
w0.2,30,26,58,non_tail,1,2.165301702916622e-05,0.0
w0.2,30,26,80,tail,1,0.001344919204711914,0.0
w0.2,30,26,88,tail,1,-0.0033812522888183594,0.0
w0.2,30,26,91,tail,1,0.02697014808654785,0.0
w0.2,30,27,0,non_tail,1,1.1899974197149277e-06,0.0
w0.2,30,27,2,non_tail,1,0.01237332820892334,0.0
w0.2,30,27,6,non_tail,1,-5.714595317840576e-05,0.0
w0.2,30,27,7,non_tail,1,0.003666400909423828,0.0
w0.2,30,27,81,tail,5,0.011849212646484641,0.0
w0.2,30,27,82,tail,4,0.013080816715955734,0.0
w0.2,30,27,83,tail,6,0.0012733141581218188,0.0
w0.2,30,27,84,tail,1,0.008693933486938477,0.0
w0.2,30,27,86,tail,6,0.014705022176106475,0.0
w0.2,30,27,87,tail,2,0.0007715672254562378,0.0
w0.2,30,27,88,tail,5,0.015818023681640758,0.0
w0.2,30,27,93,tail,4,0.010866761207580566,0.0
w0.2,30,27,94,tail,5,-0.00572700500488299,0.0
w0.2,30,27,95,tail,1,0.009290695190429688,0.0
w0.2,30,27,98,tail,3,0.012303670247395981,0.0
w0.2,30,28,3,non_tail,1,-0.0018266774713993073,0.0
w0.2,30,28,5,non_tail,1,-0.000130560714751482,0.0
w0.2,30,28,82,tail,4,0.017814934253692627,0.0
w0.2,30,28,83,tail,2,0.0071370601654052734,0.0
w0.2,30,28,84,tail,6,0.013409932454427675,0.0
w0.2,30,28,85,tail,2,-0.007334709167480469,0.0
w0.2,30,28,86,tail,1,7.854308933019638e-05,0.0
w0.2,30,28,87,tail,1,0.013792037963867188,0.0
w0.2,30,28,89,tail,4,-0.0016775131225585938,0.0
w0.2,30,28,90,tail,1,0.0017376691102981567,0.0
w0.2,30,28,91,tail,3,0.0014324188232421875,0.0
w0.2,30,28,92,tail,3,0.014686902364094756,0.0
w0.2,30,28,93,tail,1,0.0435948371887207,0.0
w0.2,30,28,96,tail,3,0.014652252197265625,0.0
w0.2,30,28,97,tail,1,-0.05964326858520508,0.0
w0.2,30,28,98,tail,1,0.014937162399291992,0.0
w0.2,30,28,99,tail,4,0.019095182418823242,0.0
w0.2,30,29,1,non_tail,1,-0.0007490925490856171,0.0
w0.2,30,29,4,non_tail,1,0.04155278205871582,0.0
w0.2,30,29,8,non_tail,1,-0.0036687850952148438,0.0
w0.2,30,29,9,non_tail,1,0.0005107615143060684,0.0
w0.2,30,29,10,non_tail,1,-0.0032230913639068604,0.0
w0.2,30,29,80,tail,8,0.00570368766784668,0.0
w0.2,30,29,81,tail,4,0.01890397071838379,0.0
w0.2,30,29,84,tail,1,-0.053406715393066406,0.0
w0.2,30,29,85,tail,5,0.0019045799970626859,0.0
w0.2,30,29,87,tail,3,0.0020008087158203125,0.0
w0.2,30,29,88,tail,1,0.029675006866455078,0.0
w0.2,30,29,89,tail,1,-0.015459775924682617,0.0
w0.2,30,29,90,tail,4,0.0029448196291923523,0.0
w0.2,30,29,91,tail,2,0.006248831748962402,0.0
w0.2,30,29,92,tail,2,0.01613903045654297,0.0
w0.2,30,29,95,tail,4,0.014676541090011597,0.0
w0.2,30,29,96,tail,1,0.0033186376094818115,0.0
w0.2,30,29,97,tail,3,-0.03206380208333304,0.0
w0.2,40,0,0,non_tail,1,1.1041294783353806e-05,0.0
w0.2,40,0,2,non_tail,5,0.002592422068119049,0.0
w0.2,40,0,4,non_tail,1,-0.02187258005142212,0.0
w0.2,40,0,5,non_tail,1,0.00020351260900497437,0.0
w0.2,40,0,8,non_tail,1,4.051864380016923e-06,0.0
w0.2,40,0,15,non_tail,1,1.560425153002143e-05,0.0
w0.2,40,0,37,non_tail,1,0.00012697651982307434,0.0
w0.2,40,0,55,non_tail,1,0.015617966651916504,0.0
w0.2,40,0,60,non_tail,1,0.010803937911987305,0.0
w0.2,40,0,66,non_tail,1,0.0004979623481631279,0.0
w0.2,40,0,69,non_tail,1,0.05845630168914795,0.0
w0.2,40,0,74,non_tail,1,0.04672098159790039,0.0
w0.2,40,0,81,tail,1,0.004986286163330078,0.0
w0.2,40,0,83,tail,1,0.006093263626098633,0.0
w0.2,40,1,0,non_tail,3,3.4382479498162866e-05,0.0
w0.2,40,1,1,non_tail,1,0.0010847747325897217,0.0
w0.2,40,1,7,non_tail,6,-0.005480547746022579,0.0
w0.2,40,1,24,non_tail,1,0.012032866477966309,0.0
w0.2,40,1,28,non_tail,1,0.00012112874537706375,0.0
w0.2,40,1,30,non_tail,1,-0.003965646028518677,0.0
w0.2,40,1,46,non_tail,1,0.013255834579467773,0.0
w0.2,40,1,53,non_tail,2,0.008326306939125061,0.0
w0.2,40,1,86,tail,1,0.01580190658569336,0.0
w0.2,40,2,0,non_tail,1,4.288274794816971e-06,0.0
w0.2,40,2,3,non_tail,2,-0.03085160255432129,0.0
w0.2,40,2,5,non_tail,4,-0.0012461190635804087,0.0
w0.2,40,2,6,non_tail,2,0.00014332076534628868,0.0
w0.2,40,2,10,non_tail,2,0.00121346116065979,0.0
w0.2,40,2,16,non_tail,1,-0.010226964950561523,0.0
w0.2,40,2,22,non_tail,2,0.007749736309051514,0.0
w0.2,40,2,42,non_tail,1,-0.016911029815673828,0.0
w0.2,40,2,77,non_tail,1,-0.005355358123779297,0.0
w0.2,40,2,82,tail,1,0.0025440268218517303,0.0
w0.2,40,2,91,tail,1,-0.0071755051612854,0.0
w0.2,40,2,95,tail,1,0.011185884475708008,0.0
w0.2,40,3,2,non_tail,1,0.011337757110595703,0.0
w0.2,40,3,3,non_tail,1,-0.0034537576138973236,0.0
w0.2,40,3,6,non_tail,4,-0.0051558418199419975,0.0
w0.2,40,3,12,non_tail,3,-0.005107651154200199,0.0
w0.2,40,3,14,non_tail,1,0.00018637068569660187,0.0
w0.2,40,3,20,non_tail,1,8.341739885509014e-07,0.0
w0.2,40,3,31,non_tail,1,0.00016463734209537506,0.0
w0.2,40,3,36,non_tail,1,0.0018104389309883118,0.0
w0.2,40,3,45,non_tail,1,0.019328713417053223,0.0
w0.2,40,3,77,non_tail,1,-0.0038671493530273438,0.0
w0.2,40,3,79,non_tail,1,0.0009937286376953125,0.0
w0.2,40,3,90,tail,1,0.0015070736408233643,0.0
w0.2,40,3,94,tail,1,3.379723057150841e-05,0.0
w0.2,40,4,1,non_tail,2,0.00025955308228731155,0.0
w0.2,40,4,2,non_tail,1,0.0010459423065185547,0.0
w0.2,40,4,3,non_tail,1,-0.09250617027282715,0.0
w0.2,40,4,4,non_tail,2,-0.005725353956222534,0.0
w0.2,40,4,5,non_tail,1,3.4130411222577095e-05,0.0
w0.2,40,4,9,non_tail,1,0.002392999827861786,0.0
w0.2,40,4,11,non_tail,2,-0.0010970495641231537,0.0
w0.2,40,4,17,non_tail,1,0.00023972243070602417,0.0
w0.2,40,4,20,non_tail,2,1.095241168513894e-05,0.0
w0.2,40,4,24,non_tail,1,0.0036209970712661743,0.0
w0.2,40,4,46,non_tail,1,0.006058752536773682,0.0
w0.2,40,4,65,non_tail,1,0.04007720947265625,0.0
w0.2,40,4,92,tail,1,0.004509925842285156,0.0
w0.2,40,4,97,tail,1,-0.04484701156616211,0.0
w0.2,40,6,1,non_tail,1,0.0006409510970115662,0.0
w0.2,40,6,2,non_tail,2,-0.0015299320220947266,0.0
w0.2,40,6,7,non_tail,3,-0.00624722739060718,0.0
w0.2,40,6,12,non_tail,3,-0.0010285824537277222,0.0
w0.2,40,6,18,non_tail,1,0.00045906752347946167,0.0
w0.2,40,6,23,non_tail,2,0.0026379618793725967,0.0
w0.2,40,6,32,non_tail,1,-0.007361054420471191,0.0
w0.2,40,6,38,non_tail,1,0.007660865783691406,0.0
w0.2,40,6,54,non_tail,1,0.00717085599899292,0.0
w0.2,40,6,70,non_tail,1,0.0005101170390844345,0.0
w0.2,40,6,84,tail,1,0.0031294822692871094,0.0
w0.2,40,8,4,non_tail,1,-0.005794264376163483,0.0
w0.2,40,8,5,non_tail,1,2.8226582799106836e-05,0.0
w0.2,40,8,6,non_tail,2,2.6116613298654556e-05,0.0
w0.2,40,8,7,non_tail,1,6.530433893203735e-06,0.0
w0.2,40,8,15,non_tail,1,-0.00018974114209413528,0.0
w0.2,40,8,17,non_tail,1,0.0024834871292114258,0.0
w0.2,40,8,21,non_tail,1,2.3207860067486763e-05,0.0
w0.2,40,8,26,non_tail,3,-0.009514172871907256,0.0
w0.2,40,8,38,non_tail,1,2.9793300200253725e-06,0.0
w0.2,40,8,46,non_tail,1,0.0014408230781555176,0.0
w0.2,40,8,57,non_tail,1,0.0023596733808517456,0.0
w0.2,40,8,58,non_tail,1,-0.0047607421875,0.0
w0.2,40,8,62,non_tail,1,0.04243206977844238,0.0
w0.2,40,8,83,tail,1,0.028763294219970703,0.0
w0.2,40,9,1,non_tail,1,0.00043735280632972717,0.0
w0.2,40,9,2,non_tail,1,0.0004635937511920929,0.0
w0.2,40,9,4,non_tail,2,0.008239001035690308,0.0
w0.2,40,9,6,non_tail,1,0.00010732514783740044,0.0
w0.2,40,9,7,non_tail,1,-0.0011270269751548767,0.0
w0.2,40,9,13,non_tail,1,0.00032898038625717163,0.0
w0.2,40,9,14,non_tail,4,-0.0007007934618741274,0.0
w0.2,40,9,17,non_tail,1,8.074101060628891e-06,0.0
w0.2,40,9,35,non_tail,1,-0.00015335530042648315,0.0
w0.2,40,9,52,non_tail,1,0.003271818161010742,0.0
w0.2,40,9,67,non_tail,1,0.016654253005981445,0.0
w0.2,40,9,79,non_tail,1,0.0006778240203857422,0.0
w0.2,40,9,86,tail,1,0.00898200273513794,0.0
w0.2,40,9,89,tail,1,0.0009012222290039062,0.0
w0.2,40,12,0,non_tail,1,2.145185135304928e-06,0.0
w0.2,40,12,1,non_tail,2,0.011845216155052185,0.0
w0.2,40,12,3,non_tail,1,6.01205974817276e-05,0.0
w0.2,40,12,10,non_tail,1,-4.16487455368042e-06,0.0
w0.2,40,12,12,non_tail,1,-0.0005041547119617462,0.0
w0.2,40,12,13,non_tail,2,0.002600288949906826,0.0
w0.2,40,12,17,non_tail,1,5.491729825735092e-05,0.0
w0.2,40,12,26,non_tail,1,-0.00013492628931999207,0.0
w0.2,40,12,27,non_tail,2,0.047829702496528625,0.0
w0.2,40,12,28,non_tail,1,0.002070091664791107,0.0
w0.2,40,12,38,non_tail,1,-0.008511781692504883,0.0
w0.2,40,12,41,non_tail,1,0.00022379308938980103,0.0
w0.2,40,12,59,non_tail,1,0.005881309509277344,0.0
w0.2,40,12,85,tail,1,0.009377479553222656,0.0
w0.2,40,12,90,tail,1,0.003467559814453125,0.0
w0.2,40,13,4,non_tail,3,-0.009483113884925842,0.0
w0.2,40,13,6,non_tail,1,-9.027216583490372e-05,0.0
w0.2,40,13,8,non_tail,2,0.00016014231368899345,0.0
w0.2,40,13,11,non_tail,1,0.0012579932808876038,0.0
w0.2,40,13,25,non_tail,2,0.000612214207649231,0.0
w0.2,40,13,26,non_tail,3,-0.007198481510082899,0.0
w0.2,40,13,28,non_tail,1,0.022459030151367188,0.0
w0.2,40,13,40,non_tail,1,0.0008858144283294678,0.0
w0.2,40,13,58,non_tail,1,0.0034680813550949097,0.0
w0.2,40,13,68,non_tail,1,0.004328131675720215,0.0
w0.2,40,13,87,tail,1,0.0018469691276550293,0.0
w0.2,40,14,1,non_tail,1,0.0006039254367351532,0.0
w0.2,40,14,4,non_tail,1,-0.004658818244934082,0.0
w0.2,40,14,11,non_tail,1,2.323649823665619e-05,0.0
w0.2,40,14,14,non_tail,2,0.0053140209056437016,0.0
w0.2,40,14,17,non_tail,1,0.023731470108032227,0.0
w0.2,40,14,21,non_tail,2,7.640104740858078e-06,0.0
w0.2,40,14,28,non_tail,2,0.006461292505264282,0.0
w0.2,40,14,32,non_tail,1,-1.6660196706652641e-06,0.0
w0.2,40,14,43,non_tail,1,0.006688743829727173,0.0
w0.2,40,14,46,non_tail,1,0.005788147449493408,0.0
w0.2,40,14,55,non_tail,1,0.03623151779174805,0.0
w0.2,40,14,56,non_tail,1,0.010751157999038696,0.0
w0.2,40,14,75,non_tail,1,0.023128271102905273,0.0
w0.2,40,14,85,tail,1,0.001750946044921875,0.0
w0.2,40,14,96,tail,1,0.0022063255310058594,0.0
w0.2,40,15,0,non_tail,5,0.0020572885870933505,0.0
w0.2,40,15,2,non_tail,1,0.000937197357416153,0.0
w0.2,40,15,3,non_tail,3,-0.001225567112366363,0.0
w0.2,40,15,9,non_tail,1,0.0023668259382247925,0.0
w0.2,40,15,13,non_tail,1,0.01729285717010498,0.0
w0.2,40,15,16,non_tail,1,-0.01953887939453125,0.0
w0.2,40,15,19,non_tail,1,1.1292751878499985e-05,0.0
w0.2,40,15,53,non_tail,1,0.0010117404162883759,0.0
w0.2,40,15,57,non_tail,1,0.005039632320404053,0.0
w0.2,40,15,66,non_tail,1,0.005536556243896484,0.0
w0.2,40,15,84,tail,1,0.006793975830078125,0.0
w0.2,40,15,88,tail,1,0.004806891083717346,0.0
w0.2,40,16,0,non_tail,1,0.00015570782124996185,0.0
w0.2,40,16,1,non_tail,1,0.0001641521230340004,0.0
w0.2,40,16,2,non_tail,1,0.0012212544679641724,0.0
w0.2,40,16,4,non_tail,2,-0.0011485368013381958,0.0
w0.2,40,16,10,non_tail,3,0.005132357279459487,0.0
w0.2,40,16,11,non_tail,2,0.0002192854881286621,0.0
w0.2,40,16,29,non_tail,1,3.930088132619858e-05,0.0
w0.2,40,16,30,non_tail,1,0.023884296417236328,0.0
w0.2,40,16,36,non_tail,1,0.0032338500022888184,0.0
w0.2,40,16,41,non_tail,1,-0.0001950785517692566,0.0
w0.2,40,16,59,non_tail,1,0.012706756591796875,0.0
w0.2,40,16,74,non_tail,1,0.01999843120574951,0.0
w0.2,40,16,93,tail,1,0.06864070892333984,0.0
w0.2,40,17,1,non_tail,1,1.495610922574997e-05,0.0
w0.2,40,17,3,non_tail,1,-0.04814624786376953,0.0
w0.2,40,17,4,non_tail,2,0.039054036140441895,0.0
w0.2,40,17,5,non_tail,1,-0.014867067337036133,0.0
w0.2,40,17,6,non_tail,1,6.0808262787759304e-05,0.0
w0.2,40,17,13,non_tail,2,-0.002438277006149292,0.0
w0.2,40,17,18,non_tail,2,-0.02465200424194336,0.0
w0.2,40,17,23,non_tail,1,0.0007274020463228226,0.0
w0.2,40,17,26,non_tail,1,-0.0031969547271728516,0.0
w0.2,40,17,30,non_tail,1,-0.00036277249455451965,0.0
w0.2,40,17,31,non_tail,1,0.05272018909454346,0.0
w0.2,40,17,33,non_tail,1,0.00849151611328125,0.0
w0.2,40,17,40,non_tail,1,0.00023203808814287186,0.0
w0.2,40,17,80,tail,1,-0.017450332641601562,0.0
w0.2,40,20,0,non_tail,1,0.0003516003489494324,0.0
w0.2,40,20,1,non_tail,1,0.00022112205624580383,0.0
w0.2,40,20,3,non_tail,3,-0.02040662368138632,0.0
w0.2,40,20,5,non_tail,1,2.6269815862178802e-05,0.0
w0.2,40,20,9,non_tail,1,0.00592041015625,0.0
w0.2,40,20,11,non_tail,2,-0.0066106319427490234,0.0
w0.2,40,20,15,non_tail,1,0.010465726256370544,0.0
w0.2,40,20,16,non_tail,2,-0.007144119590520859,0.0
w0.2,40,20,21,non_tail,1,-0.0030043721199035645,0.0
w0.2,40,20,32,non_tail,1,-0.00657963752746582,0.0
w0.2,40,20,33,non_tail,1,0.0019240081310272217,0.0
w0.2,40,20,34,non_tail,1,0.004681870341300964,0.0
w0.2,40,20,81,tail,1,0.0032232701778411865,0.0
w0.2,40,20,82,tail,1,0.07246255874633789,0.0
w0.2,40,20,87,tail,1,0.002133488655090332,0.0
w0.2,40,21,0,non_tail,1,0.00028968602418899536,0.0
w0.2,40,21,7,non_tail,1,-0.0024903714656829834,0.0
w0.2,40,21,10,non_tail,1,-2.944469451904297e-05,0.0
w0.2,40,21,14,non_tail,4,-0.0020005572587251663,0.0
w0.2,40,21,17,non_tail,3,0.00036618610223134243,0.0
w0.2,40,21,19,non_tail,1,-0.030784010887145996,0.0
w0.2,40,21,23,non_tail,2,0.001159481704235077,0.0
w0.2,40,21,26,non_tail,1,-0.004112765192985535,0.0
w0.2,40,21,29,non_tail,1,0.022188901901245117,0.0
w0.2,40,21,33,non_tail,1,-0.006308078765869141,0.0
w0.2,40,21,82,tail,1,0.0026502609252929688,0.0
w0.2,40,24,2,non_tail,1,0.005335807800292969,0.0
w0.2,40,24,6,non_tail,3,-0.003375905255476652,0.0
w0.2,40,24,7,non_tail,2,-0.0036850720643997192,0.0
w0.2,40,24,14,non_tail,2,0.0021626166999340057,0.0
w0.2,40,24,15,non_tail,1,0.0003672586753964424,0.0
w0.2,40,24,17,non_tail,1,3.708363510668278e-05,0.0
w0.2,40,24,18,non_tail,1,-0.00854010134935379,0.0
w0.2,40,24,23,non_tail,1,0.002297312021255493,0.0
w0.2,40,24,25,non_tail,1,0.0044525861740112305,0.0
w0.2,40,24,30,non_tail,1,0.06542229652404785,0.0
w0.2,40,24,42,non_tail,1,0.0001682555302977562,0.0
w0.2,40,24,43,non_tail,1,0.14011192321777344,0.0
w0.2,40,24,98,tail,1,0.008812546730041504,0.0
w0.2,40,25,3,non_tail,1,-0.0005287937819957733,0.0
w0.2,40,25,5,non_tail,2,0.0005055759102106094,0.0
w0.2,40,25,6,non_tail,1,6.797024980187416e-05,0.0
w0.2,40,25,14,non_tail,1,0.0005268622189760208,0.0
w0.2,40,25,15,non_tail,5,-0.0037767142057418823,0.0
w0.2,40,25,16,non_tail,1,6.416346877813339e-06,0.0
w0.2,40,25,21,non_tail,3,0.0015236108253399439,0.0
w0.2,40,25,41,non_tail,1,0.01630234718322754,0.0
w0.2,40,25,45,non_tail,1,-0.059795379638671875,0.0
w0.2,40,25,80,tail,1,0.03355896472930908,0.0
w0.2,40,25,89,tail,1,0.022161483764648438,0.0
w0.2,40,25,99,tail,1,0.004207789897918701,0.0
w0.2,40,26,0,non_tail,6,0.0005994667299091816,0.0
w0.2,40,26,1,non_tail,1,0.00018300488591194153,0.0
w0.2,40,26,8,non_tail,1,0.00010648369789123535,0.0
w0.2,40,26,13,non_tail,2,9.676581248641014e-05,0.0
w0.2,40,26,15,non_tail,1,0.06295883655548096,0.0
w0.2,40,26,16,non_tail,1,8.911825716495514e-06,0.0
w0.2,40,26,20,non_tail,1,1.5598488971590996e-05,0.0
w0.2,40,26,29,non_tail,1,0.05153334140777588,0.0
w0.2,40,26,37,non_tail,1,0.012735486030578613,0.0
w0.2,40,26,58,non_tail,1,2.593151293694973e-05,0.0
w0.2,40,26,80,tail,1,0.001466020941734314,0.0
w0.2,40,26,88,tail,1,0.03700685501098633,0.0
w0.2,40,26,91,tail,1,0.018511056900024414,0.0
w0.2,40,27,0,non_tail,1,2.440018579363823e-05,0.0
w0.2,40,27,2,non_tail,1,0.005852699279785156,0.0
w0.2,40,27,6,non_tail,1,-0.0008118152618408203,0.0
w0.2,40,27,7,non_tail,1,-0.011755943298339844,0.0
w0.2,40,27,81,tail,5,0.009032058715820135,0.0
w0.2,40,27,82,tail,4,0.02587074786424637,0.0
w0.2,40,27,83,tail,6,0.008414109547932869,0.0
w0.2,40,27,84,tail,1,-0.0004850625991821289,0.0
w0.2,40,27,86,tail,6,0.025705178578694365,0.0
w0.2,40,27,87,tail,2,0.0007514767348766327,0.0
w0.2,40,27,88,tail,5,0.025750923156738326,0.0
w0.2,40,27,93,tail,4,0.00523829460144043,0.0
w0.2,40,27,94,tail,5,-8.087158203107236e-05,0.0
w0.2,40,27,95,tail,1,-0.00010538101196289062,0.0
w0.2,40,27,98,tail,3,0.014202674229939927,0.0
w0.2,40,28,3,non_tail,1,-0.0024896450340747833,0.0
w0.2,40,28,5,non_tail,1,8.585769683122635e-05,0.0
w0.2,40,28,82,tail,4,0.0322532057762146,0.0
w0.2,40,28,83,tail,2,0.005476474761962891,0.0
w0.2,40,28,84,tail,6,0.004892667134603457,0.0
w0.2,40,28,85,tail,2,-0.011126995086669922,0.0
w0.2,40,28,86,tail,1,6.172852590680122e-05,0.0
w0.2,40,28,87,tail,1,-0.000423431396484375,0.0
w0.2,40,28,89,tail,4,0.0023005008697509766,0.0
w0.2,40,28,90,tail,1,0.0006527379155158997,0.0
w0.2,40,28,91,tail,3,0.0009393692016601562,0.0
w0.2,40,28,92,tail,3,0.02207469940185547,0.0
w0.2,40,28,93,tail,1,0.043619632720947266,0.0
w0.2,40,28,96,tail,3,0.023801803588867188,0.0
w0.2,40,28,97,tail,1,-0.004757881164550781,0.0
w0.2,40,28,98,tail,1,0.011724472045898438,0.0
w0.2,40,28,99,tail,4,-0.0009937286376953125,0.0
w0.2,40,29,1,non_tail,1,0.0001920461654663086,0.0
w0.2,40,29,4,non_tail,1,0.008299112319946289,0.0
w0.2,40,29,8,non_tail,1,0.03655719757080078,0.0
w0.2,40,29,9,non_tail,1,0.0003441590815782547,0.0
w0.2,40,29,10,non_tail,1,-0.004748433828353882,0.0
w0.2,40,29,80,tail,8,0.012702226638793945,0.0
w0.2,40,29,81,tail,4,0.014846324920654297,0.0
w0.2,40,29,84,tail,1,-0.010585784912109375,0.0
w0.2,40,29,85,tail,5,0.0007240742444992038,0.0
w0.2,40,29,87,tail,3,0.004891395568847656,0.0
w0.2,40,29,88,tail,1,0.035071372985839844,0.0
w0.2,40,29,89,tail,1,-0.022174835205078125,0.0
w0.2,40,29,90,tail,4,0.0040331147611141205,0.0
w0.2,40,29,91,tail,2,-0.0077152252197265625,0.0
w0.2,40,29,92,tail,2,0.03375816345214844,0.0
w0.2,40,29,95,tail,4,0.009442925453186035,0.0
w0.2,40,29,96,tail,1,0.0018318668007850647,0.0
w0.2,40,29,97,tail,3,-0.025271097819009825,0.0
w0.2,50,0,0,non_tail,1,-5.820067599415779e-06,0.0
w0.2,50,0,2,non_tail,5,-0.0012979060411453247,0.0
w0.2,50,0,4,non_tail,1,-0.045192062854766846,0.0
w0.2,50,0,5,non_tail,1,0.0002874508500099182,0.0
w0.2,50,0,8,non_tail,1,-2.860266249626875e-06,0.0
w0.2,50,0,15,non_tail,1,1.322233583778143e-05,0.0
w0.2,50,0,37,non_tail,1,-2.865353599190712e-05,0.0
w0.2,50,0,55,non_tail,1,0.005025386810302734,0.0
w0.2,50,0,60,non_tail,1,0.006228804588317871,0.0
w0.2,50,0,66,non_tail,1,0.00045605190098285675,0.0
w0.2,50,0,69,non_tail,1,0.028099894523620605,0.0
w0.2,50,0,74,non_tail,1,0.04753255844116211,0.0
w0.2,50,0,81,tail,1,-0.020392417907714844,0.0
w0.2,50,0,83,tail,1,0.014715075492858887,0.0
w0.2,50,1,0,non_tail,3,-2.3700937163084745e-05,0.0
w0.2,50,1,1,non_tail,1,0.0005160868167877197,0.0
w0.2,50,1,7,non_tail,6,-0.0010954737663269043,0.0
w0.2,50,1,24,non_tail,1,0.014743328094482422,0.0
w0.2,50,1,28,non_tail,1,1.6020145267248154e-05,0.0
w0.2,50,1,30,non_tail,1,0.0008041560649871826,0.0
w0.2,50,1,46,non_tail,1,0.0220184326171875,0.0
w0.2,50,1,53,non_tail,2,0.013360783457756042,0.0
w0.2,50,1,86,tail,1,0.03253936767578125,0.0
w0.2,50,2,0,non_tail,1,-8.815375622361898e-06,0.0
w0.2,50,2,3,non_tail,2,-0.010151386260986328,0.0
w0.2,50,2,5,non_tail,4,-2.605529152788222e-05,0.0
w0.2,50,2,6,non_tail,2,0.00019291508942842484,0.0
w0.2,50,2,10,non_tail,2,-0.004660546779632568,0.0
w0.2,50,2,16,non_tail,1,-0.0018188953399658203,0.0
w0.2,50,2,22,non_tail,2,0.012037277221679688,0.0
w0.2,50,2,42,non_tail,1,-0.01416325569152832,0.0
w0.2,50,2,77,non_tail,1,-0.0033206939697265625,0.0
w0.2,50,2,82,tail,1,0.0015094541013240814,0.0
w0.2,50,2,91,tail,1,-0.014934509992599487,0.0
w0.2,50,2,95,tail,1,0.019173622131347656,0.0
w0.2,50,3,2,non_tail,1,0.006188631057739258,0.0
w0.2,50,3,3,non_tail,1,0.0007264614105224609,0.0
w0.2,50,3,6,non_tail,4,-0.0009529376402497292,0.0
w0.2,50,3,12,non_tail,3,0.003025104602177975,0.0
w0.2,50,3,14,non_tail,1,0.00013126060366630554,0.0
w0.2,50,3,20,non_tail,1,-5.243375198915601e-06,0.0
w0.2,50,3,31,non_tail,1,0.00017656665295362473,0.0
w0.2,50,3,36,non_tail,1,0.0012872368097305298,0.0
w0.2,50,3,45,non_tail,1,0.013747423887252808,0.0
w0.2,50,3,77,non_tail,1,-0.015332221984863281,0.0
w0.2,50,3,79,non_tail,1,-0.005766868591308594,0.0
w0.2,50,3,90,tail,1,-0.000321999192237854,0.0
w0.2,50,3,94,tail,1,-7.962994277477264e-05,0.0
w0.2,50,4,1,non_tail,2,-6.503472104668617e-05,0.0
w0.2,50,4,2,non_tail,1,-0.01178961992263794,0.0
w0.2,50,4,3,non_tail,1,-0.06840324401855469,0.0
w0.2,50,4,4,non_tail,2,-0.01675206422805786,0.0
w0.2,50,4,5,non_tail,1,7.018214091658592e-06,0.0
w0.2,50,4,9,non_tail,1,0.0013733357191085815,0.0
w0.2,50,4,11,non_tail,2,0.0021964460611343384,0.0
w0.2,50,4,17,non_tail,1,-2.462416887283325e-06,0.0
w0.2,50,4,20,non_tail,2,2.3594475351274014e-07,0.0
w0.2,50,4,24,non_tail,1,0.004248395562171936,0.0
w0.2,50,4,46,non_tail,1,0.01125866174697876,0.0
w0.2,50,4,65,non_tail,1,0.04747724533081055,0.0
w0.2,50,4,92,tail,1,-0.008817672729492188,0.0
w0.2,50,4,97,tail,1,-0.025766372680664062,0.0
w0.2,50,6,1,non_tail,1,6.762892007827759e-05,0.0
w0.2,50,6,2,non_tail,2,-0.006173968315124512,0.0
w0.2,50,6,7,non_tail,3,-0.009941577911376953,0.0
w0.2,50,6,12,non_tail,3,0.000552037420372159,0.0
w0.2,50,6,18,non_tail,1,6.895512342453003e-05,0.0
w0.2,50,6,23,non_tail,2,0.0032145027071237564,0.0
w0.2,50,6,32,non_tail,1,-0.036330342292785645,0.0
w0.2,50,6,38,non_tail,1,0.009584665298461914,0.0
w0.2,50,6,54,non_tail,1,0.006998889148235321,0.0
w0.2,50,6,70,non_tail,1,0.00024038460105657578,0.0
w0.2,50,6,84,tail,1,0.003363370895385742,0.0
w0.2,50,8,4,non_tail,1,-0.009074017405509949,0.0
w0.2,50,8,5,non_tail,1,2.9179849661886692e-05,0.0
w0.2,50,8,6,non_tail,2,0.00032674195244908333,0.0
w0.2,50,8,7,non_tail,1,-9.502051398158073e-06,0.0
w0.2,50,8,15,non_tail,1,0.00017319992184638977,0.0
w0.2,50,8,17,non_tail,1,0.00228118896484375,0.0
w0.2,50,8,21,non_tail,1,0.0,0.0
w0.2,50,8,26,non_tail,3,-0.011160850524902344,0.0
w0.2,50,8,38,non_tail,1,-1.3109238352626562e-06,0.0
w0.2,50,8,46,non_tail,1,0.0016529858112335205,0.0
w0.2,50,8,57,non_tail,1,0.003376320004463196,0.0
w0.2,50,8,58,non_tail,1,-0.006647586822509766,0.0
w0.2,50,8,62,non_tail,1,0.051661014556884766,0.0
w0.2,50,8,83,tail,1,0.007590532302856445,0.0
w0.2,50,9,1,non_tail,1,-0.00031151995062828064,0.0
w0.2,50,9,2,non_tail,1,3.097951412200928e-05,0.0
w0.2,50,9,4,non_tail,2,-0.010890036821365356,0.0
w0.2,50,9,6,non_tail,1,0.00011553661897778511,0.0
w0.2,50,9,7,non_tail,1,-0.0019057244062423706,0.0
w0.2,50,9,13,non_tail,1,0.0002558659762144089,0.0
w0.2,50,9,14,non_tail,4,-0.006454173708334565,0.0
w0.2,50,9,17,non_tail,1,1.6395002603530884e-05,0.0
w0.2,50,9,35,non_tail,1,0.00026667118072509766,0.0
w0.2,50,9,52,non_tail,1,0.007737398147583008,0.0
w0.2,50,9,67,non_tail,1,0.012045323848724365,0.0
w0.2,50,9,79,non_tail,1,-0.014844655990600586,0.0
w0.2,50,9,86,tail,1,0.003216475248336792,0.0
w0.2,50,9,89,tail,1,0.0028367042541503906,0.0
w0.2,50,12,0,non_tail,1,-4.7672074288129807e-07,0.0
w0.2,50,12,1,non_tail,2,-0.00616532564163208,0.0
w0.2,50,12,3,non_tail,1,0.0007148273289203644,0.0
w0.2,50,12,10,non_tail,1,-5.534419324249029e-05,0.0
w0.2,50,12,12,non_tail,1,4.598498344421387e-05,0.0
w0.2,50,12,13,non_tail,2,0.003122973255813122,0.0
w0.2,50,12,17,non_tail,1,1.1506490409374237e-05,0.0
w0.2,50,12,26,non_tail,1,-0.0003966204822063446,0.0
w0.2,50,12,27,non_tail,2,0.032006680965423584,0.0
w0.2,50,12,28,non_tail,1,0.0005318596959114075,0.0
w0.2,50,12,38,non_tail,1,0.0031812340021133423,0.0
w0.2,50,12,41,non_tail,1,-0.0005161110311746597,0.0
w0.2,50,12,59,non_tail,1,0.009491443634033203,0.0
w0.2,50,12,85,tail,1,0.008327722549438477,0.0
w0.2,50,12,90,tail,1,5.2928924560546875e-05,0.0
w0.2,50,13,4,non_tail,3,-0.012785270810127258,0.0
w0.2,50,13,6,non_tail,1,-3.854185342788696e-05,0.0
w0.2,50,13,8,non_tail,2,5.7356199249625206e-05,0.0
w0.2,50,13,11,non_tail,1,0.0010308623313903809,0.0
w0.2,50,13,25,non_tail,2,-9.360071271657944e-05,0.0
w0.2,50,13,26,non_tail,3,-0.007161843279997471,0.0
w0.2,50,13,28,non_tail,1,0.0009410381317138672,0.0
w0.2,50,13,40,non_tail,1,0.0015642866492271423,0.0
w0.2,50,13,58,non_tail,1,-0.0004463270306587219,0.0
w0.2,50,13,68,non_tail,1,0.0037747621536254883,0.0
w0.2,50,13,87,tail,1,0.0005126446485519409,0.0
w0.2,50,14,1,non_tail,1,0.0003583943471312523,0.0
w0.2,50,14,4,non_tail,1,-0.008615225553512573,0.0
w0.2,50,14,11,non_tail,1,0.00016947928816080093,0.0
w0.2,50,14,14,non_tail,2,0.001747706439346075,0.0
w0.2,50,14,17,non_tail,1,0.015584826469421387,0.0
w0.2,50,14,21,non_tail,2,4.764646291732788e-06,0.0
w0.2,50,14,28,non_tail,2,0.0045325905084609985,0.0
w0.2,50,14,32,non_tail,1,-1.189869362860918e-05,0.0
w0.2,50,14,43,non_tail,1,0.0012264549732208252,0.0
w0.2,50,14,46,non_tail,1,0.016039788722991943,0.0
w0.2,50,14,55,non_tail,1,0.03404569625854492,0.0
w0.2,50,14,56,non_tail,1,0.008105635643005371,0.0
w0.2,50,14,75,non_tail,1,0.05274200439453125,0.0
w0.2,50,14,85,tail,1,-0.003014802932739258,0.0
w0.2,50,14,96,tail,1,-0.006589651107788086,0.0
w0.2,50,15,0,non_tail,5,0.0020288974046707153,0.0
w0.2,50,15,2,non_tail,1,0.00020019710063934326,0.0
w0.2,50,15,3,non_tail,3,-3.5593907038368455e-05,0.0
w0.2,50,15,9,non_tail,1,0.001724056899547577,0.0
w0.2,50,15,13,non_tail,1,0.01872915029525757,0.0
w0.2,50,15,16,non_tail,1,-0.012232303619384766,0.0
w0.2,50,15,19,non_tail,1,-1.272023655474186e-05,0.0
w0.2,50,15,53,non_tail,1,0.0013033971190452576,0.0
w0.2,50,15,57,non_tail,1,-0.0015261173248291016,0.0
w0.2,50,15,66,non_tail,1,0.0041882991790771484,0.0
w0.2,50,15,84,tail,1,0.019017696380615234,0.0
w0.2,50,15,88,tail,1,0.0005477368831634521,0.0
w0.2,50,16,0,non_tail,1,0.0002691391855478287,0.0
w0.2,50,16,1,non_tail,1,4.826206713914871e-05,0.0
w0.2,50,16,2,non_tail,1,-0.0003051087260246277,0.0
w0.2,50,16,4,non_tail,2,-0.004825759679079056,0.0
w0.2,50,16,10,non_tail,3,0.004449049631754631,0.0
w0.2,50,16,11,non_tail,2,0.005220629274845123,0.0
w0.2,50,16,29,non_tail,1,8.456059731543064e-06,0.0
w0.2,50,16,30,non_tail,1,0.06253290176391602,0.0
w0.2,50,16,36,non_tail,1,0.004189878702163696,0.0
w0.2,50,16,41,non_tail,1,-0.00011729635298252106,0.0
w0.2,50,16,59,non_tail,1,0.039136409759521484,0.0
w0.2,50,16,74,non_tail,1,0.018906116485595703,0.0
w0.2,50,16,93,tail,1,0.09305977821350098,0.0
w0.2,50,17,1,non_tail,1,-4.02526929974556e-05,0.0
w0.2,50,17,3,non_tail,1,0.029219627380371094,0.0
w0.2,50,17,4,non_tail,2,-0.037516385316848755,-50.0
w0.2,50,17,5,non_tail,1,-0.01231837272644043,0.0
w0.2,50,17,6,non_tail,1,5.4159900173544884e-05,0.0
w0.2,50,17,13,non_tail,2,-0.0011057853698730469,0.0
w0.2,50,17,18,non_tail,2,-0.04155278205871582,0.0
w0.2,50,17,23,non_tail,1,0.0010633058845996857,0.0
w0.2,50,17,26,non_tail,1,-0.009055852890014648,0.0
w0.2,50,17,30,non_tail,1,-0.0008550062775611877,0.0
w0.2,50,17,31,non_tail,1,0.04747295379638672,0.0
w0.2,50,17,33,non_tail,1,0.04900169372558594,0.0
w0.2,50,17,40,non_tail,1,0.0005753524601459503,0.0
w0.2,50,17,80,tail,1,-0.00012350082397460938,0.0
w0.2,50,20,0,non_tail,1,8.532684296369553e-05,0.0
w0.2,50,20,1,non_tail,1,-0.0003236290067434311,0.0
w0.2,50,20,3,non_tail,3,-0.005076775948206574,0.0
w0.2,50,20,5,non_tail,1,-8.401460945606232e-06,0.0
w0.2,50,20,9,non_tail,1,0.016159534454345703,0.0
w0.2,50,20,11,non_tail,2,0.004600405693054199,0.0
w0.2,50,20,15,non_tail,1,0.007990017533302307,0.0
w0.2,50,20,16,non_tail,2,-0.0006091305986046791,0.0
w0.2,50,20,21,non_tail,1,-0.008395195007324219,0.0
w0.2,50,20,32,non_tail,1,-0.028655529022216797,0.0
w0.2,50,20,33,non_tail,1,0.0016247406601905823,0.0
w0.2,50,20,34,non_tail,1,0.009092256426811218,0.0
w0.2,50,20,81,tail,1,-0.010075122117996216,0.0
w0.2,50,20,82,tail,1,0.06188821792602539,0.0
w0.2,50,20,87,tail,1,0.0003198571503162384,0.0
w0.2,50,21,0,non_tail,1,0.0004061572253704071,0.0
w0.2,50,21,7,non_tail,1,-0.003207772970199585,0.0
w0.2,50,21,10,non_tail,1,-0.004555597901344299,0.0
w0.2,50,21,14,non_tail,4,-0.0007165614515542984,0.0
w0.2,50,21,17,non_tail,3,0.00012441972891489433,0.0
w0.2,50,21,19,non_tail,1,-0.033599138259887695,0.0
w0.2,50,21,23,non_tail,2,0.001535080373287201,0.0
w0.2,50,21,26,non_tail,1,-0.0034585148096084595,0.0
w0.2,50,21,29,non_tail,1,0.015452265739440918,0.0
w0.2,50,21,33,non_tail,1,0.0026617050170898438,0.0
w0.2,50,21,82,tail,1,-0.003381967544555664,0.0
w0.2,50,24,2,non_tail,1,0.0009417235851287842,0.0
w0.2,50,24,6,non_tail,3,-0.001974659661451994,0.0
w0.2,50,24,7,non_tail,2,-0.0035986900329589844,0.0
w0.2,50,24,14,non_tail,2,-0.004284217953681946,0.0
w0.2,50,24,15,non_tail,1,0.00020646210759878159,0.0
w0.2,50,24,17,non_tail,1,2.2586900740861893e-06,0.0
w0.2,50,24,18,non_tail,1,-0.011214174330234528,0.0
w0.2,50,24,23,non_tail,1,0.0025870949029922485,0.0
w0.2,50,24,25,non_tail,1,-0.00029599666595458984,0.0
w0.2,50,24,30,non_tail,1,0.027181267738342285,0.0
w0.2,50,24,42,non_tail,1,0.00012845895253121853,0.0
w0.2,50,24,43,non_tail,1,0.07763504981994629,0.0
w0.2,50,24,98,tail,1,0.010766983032226562,0.0
w0.2,50,25,3,non_tail,1,9.260326623916626e-05,0.0
w0.2,50,25,5,non_tail,2,0.00016943365335464478,0.0
w0.2,50,25,6,non_tail,1,6.229616701602936e-05,0.0
w0.2,50,25,14,non_tail,1,0.000391373410820961,0.0
w0.2,50,25,15,non_tail,5,-0.0012136146426200978,0.0
w0.2,50,25,16,non_tail,1,-4.516728222370148e-05,0.0
w0.2,50,25,21,non_tail,3,0.00036524049937725067,0.0
w0.2,50,25,41,non_tail,1,0.02326512336730957,0.0
w0.2,50,25,45,non_tail,1,-0.044495582580566406,0.0
w0.2,50,25,80,tail,1,0.02567148208618164,0.0
w0.2,50,25,89,tail,1,-0.0012788772583007812,0.0
w0.2,50,25,99,tail,1,0.0031419098377227783,0.0
w0.2,50,26,0,non_tail,6,0.0007301750592887402,0.0
w0.2,50,26,1,non_tail,1,-0.00047584250569343567,0.0
w0.2,50,26,8,non_tail,1,-2.2551976144313812e-06,0.0
w0.2,50,26,13,non_tail,2,5.0741713494062424e-05,0.0
w0.2,50,26,15,non_tail,1,0.06316494941711426,0.0
w0.2,50,26,16,non_tail,1,-2.8767390176653862e-05,0.0
w0.2,50,26,20,non_tail,1,-4.524947144091129e-06,0.0
w0.2,50,26,29,non_tail,1,0.024382352828979492,0.0
w0.2,50,26,37,non_tail,1,0.01034998893737793,0.0
w0.2,50,26,58,non_tail,1,-3.7226127460598946e-05,0.0
w0.2,50,26,80,tail,1,-0.00015025585889816284,0.0
w0.2,50,26,88,tail,1,0.056624412536621094,0.0
w0.2,50,26,91,tail,1,0.01816117763519287,0.0
w0.2,50,27,0,non_tail,1,-2.2618332877755165e-06,0.0
w0.2,50,27,2,non_tail,1,-0.003598928451538086,0.0
w0.2,50,27,6,non_tail,1,-0.0011174008250236511,0.0
w0.2,50,27,7,non_tail,1,0.0032196044921875,0.0
w0.2,50,27,81,tail,5,-0.005431938171386541,0.0
w0.2,50,27,82,tail,4,0.026340633630752563,0.0
w0.2,50,27,83,tail,6,0.0007085800170898438,0.0
w0.2,50,27,84,tail,1,-0.008265316486358643,0.0
w0.2,50,27,86,tail,6,0.02452739079793309,0.0
w0.2,50,27,87,tail,2,0.000517403706908226,0.0
w0.2,50,27,88,tail,5,0.019368362426757768,0.0
w0.2,50,27,93,tail,4,0.021582365036010742,0.0
w0.2,50,27,94,tail,5,-0.005250549316406339,0.0
w0.2,50,27,95,tail,1,-0.006194114685058594,0.0
w0.2,50,27,98,tail,3,0.02164109547932913,0.0
w0.2,50,28,3,non_tail,1,0.00043348222970962524,0.0
w0.2,50,28,5,non_tail,1,1.1741649359464645e-05,0.0
w0.2,50,28,82,tail,4,0.02706325054168701,0.0
w0.2,50,28,83,tail,2,0.00046706199645996094,0.0
w0.2,50,28,84,tail,6,0.0100091298421221,0.0
w0.2,50,28,85,tail,2,-0.013535022735595703,0.0
w0.2,50,28,86,tail,1,-1.2203585356473923e-05,0.0
w0.2,50,28,87,tail,1,0.026103496551513672,0.0
w0.2,50,28,89,tail,4,-0.022542238235473633,0.0
w0.2,50,28,90,tail,1,-0.000540420413017273,0.0
w0.2,50,28,91,tail,3,0.0029424031575522314,0.0
w0.2,50,28,92,tail,3,0.011548995971679688,0.0
w0.2,50,28,93,tail,1,0.08994436264038086,0.0
w0.2,50,28,96,tail,3,0.014019330342610825,0.0
w0.2,50,28,97,tail,1,0.03153085708618164,0.0
w0.2,50,28,98,tail,1,0.024013519287109375,0.0
w0.2,50,28,99,tail,4,-0.004156351089477539,-25.0
w0.2,50,29,1,non_tail,1,-0.00122012197971344,0.0
w0.2,50,29,4,non_tail,1,0.025958657264709473,0.0
w0.2,50,29,8,non_tail,1,0.03485584259033203,0.0
w0.2,50,29,9,non_tail,1,2.8965994715690613e-05,0.0
w0.2,50,29,10,non_tail,1,-0.007757246494293213,0.0
w0.2,50,29,80,tail,8,0.017820119857788086,0.0
w0.2,50,29,81,tail,4,-0.0023040771484375,0.0
w0.2,50,29,84,tail,1,-0.03625202178955078,0.0
w0.2,50,29,85,tail,5,-6.712973117828369e-05,0.0
w0.2,50,29,87,tail,3,0.008024851481120088,0.0
w0.2,50,29,88,tail,1,0.015596508979797363,0.0
w0.2,50,29,89,tail,1,-0.07202756404876709,0.0
w0.2,50,29,90,tail,4,0.0007022321224212646,0.0
w0.2,50,29,91,tail,2,-0.009821653366088867,0.0
w0.2,50,29,92,tail,2,0.030808448791503906,0.0
w0.2,50,29,95,tail,4,0.01486217975616455,0.0
w0.2,50,29,96,tail,1,0.0006699636578559875,0.0
w0.2,50,29,97,tail,3,-0.017592430114746094,0.0
w0.2,60,0,0,non_tail,1,2.020038664340973e-06,0.0
w0.2,60,0,2,non_tail,5,-0.0006209470331668965,0.0
w0.2,60,0,4,non_tail,1,0.020749688148498535,0.0
w0.2,60,0,5,non_tail,1,-0.0017802715301513672,0.0
w0.2,60,0,8,non_tail,1,-7.150956662371755e-07,0.0
w0.2,60,0,15,non_tail,1,4.288449417799711e-06,0.0
w0.2,60,0,37,non_tail,1,-9.474344551563263e-06,0.0
w0.2,60,0,55,non_tail,1,0.01864326000213623,0.0
w0.2,60,0,60,non_tail,1,0.0011249780654907227,0.0
w0.2,60,0,66,non_tail,1,-0.0003199595957994461,0.0
w0.2,60,0,69,non_tail,1,0.05189192295074463,0.0
w0.2,60,0,74,non_tail,1,0.059731483459472656,0.0
w0.2,60,0,81,tail,1,0.001990795135498047,0.0
w0.2,60,0,83,tail,1,0.023009300231933594,0.0
w0.2,60,1,0,non_tail,3,8.233784077068314e-06,0.0
w0.2,60,1,1,non_tail,1,0.000758737325668335,0.0
w0.2,60,1,7,non_tail,6,0.0036469101905822754,0.0
w0.2,60,1,24,non_tail,1,0.013106942176818848,0.0
w0.2,60,1,28,non_tail,1,8.72323289513588e-05,0.0
w0.2,60,1,30,non_tail,1,0.0011849701404571533,0.0
w0.2,60,1,46,non_tail,1,0.003722548484802246,0.0
w0.2,60,1,53,non_tail,2,0.0075898319482803345,0.0
w0.2,60,1,86,tail,1,0.01190495491027832,0.0
w0.2,60,2,0,non_tail,1,7.147900760173798e-07,0.0
w0.2,60,2,3,non_tail,2,0.002635955810546875,0.0
w0.2,60,2,5,non_tail,4,-0.0022164072724990547,0.0
w0.2,60,2,6,non_tail,2,-0.00012734439224004745,0.0
w0.2,60,2,10,non_tail,2,-0.021863311529159546,0.0
w0.2,60,2,16,non_tail,1,0.010492324829101562,0.0
w0.2,60,2,22,non_tail,2,0.006786942481994629,0.0
w0.2,60,2,42,non_tail,1,-0.0028760433197021484,0.0
w0.2,60,2,77,non_tail,1,0.009033679962158203,0.0
w0.2,60,2,82,tail,1,0.0010252539068460464,0.0
w0.2,60,2,91,tail,1,-0.004327893257141113,0.0
w0.2,60,2,95,tail,1,0.01605510711669922,0.0
w0.2,60,3,2,non_tail,1,0.00773310661315918,0.0
w0.2,60,3,3,non_tail,1,-0.0038602352142333984,0.0
w0.2,60,3,6,non_tail,4,-0.004303955705836415,0.0
w0.2,60,3,12,non_tail,3,-0.006119400262832642,0.0
w0.2,60,3,14,non_tail,1,6.820471026003361e-05,0.0
w0.2,60,3,20,non_tail,1,4.766625352203846e-07,0.0
w0.2,60,3,31,non_tail,1,0.0001348559744656086,0.0
w0.2,60,3,36,non_tail,1,0.0030864402651786804,0.0
w0.2,60,3,45,non_tail,1,0.006241112947463989,0.0
w0.2,60,3,77,non_tail,1,0.02871084213256836,0.0
w0.2,60,3,79,non_tail,1,-0.028059959411621094,0.0
w0.2,60,3,90,tail,1,-0.0008612498641014099,0.0
w0.2,60,3,94,tail,1,-3.134598955512047e-05,0.0
w0.2,60,4,1,non_tail,2,-6.227008998394012e-05,0.0
w0.2,60,4,2,non_tail,1,-0.006436765193939209,0.0
w0.2,60,4,3,non_tail,1,-0.02402186393737793,0.0
w0.2,60,4,4,non_tail,2,0.005376741290092468,0.0
w0.2,60,4,5,non_tail,1,-2.6053283363580704e-05,0.0
w0.2,60,4,9,non_tail,1,0.001231575384736061,0.0
w0.2,60,4,11,non_tail,2,0.00032667070627212524,0.0
w0.2,60,4,17,non_tail,1,9.45311039686203e-05,0.0
w0.2,60,4,20,non_tail,2,6.489965016953647e-06,0.0
w0.2,60,4,24,non_tail,1,0.000773012638092041,0.0
w0.2,60,4,46,non_tail,1,0.004958808422088623,0.0
w0.2,60,4,65,non_tail,1,-0.023880481719970703,0.0
w0.2,60,4,92,tail,1,0.0006775856018066406,0.0
w0.2,60,4,97,tail,1,-0.025794029235839844,0.0
w0.2,60,6,1,non_tail,1,0.0005684942007064819,0.0
w0.2,60,6,2,non_tail,2,0.0013568699359893799,0.0
w0.2,60,6,7,non_tail,3,-0.0010573714971542358,0.0
w0.2,60,6,12,non_tail,3,-0.00112132728099823,0.0
w0.2,60,6,18,non_tail,1,0.0012118667364120483,0.0
w0.2,60,6,23,non_tail,2,-0.000971504021435976,0.0
w0.2,60,6,32,non_tail,1,0.010158777236938477,0.0
w0.2,60,6,38,non_tail,1,0.01819741725921631,0.0
w0.2,60,6,54,non_tail,1,0.006248906254768372,0.0
w0.2,60,6,70,non_tail,1,0.00018698163330554962,0.0
w0.2,60,6,84,tail,1,-0.014022111892700195,0.0
w0.2,60,8,4,non_tail,1,0.0012726560235023499,0.0
w0.2,60,8,5,non_tail,1,-2.9417627956718206e-05,0.0
w0.2,60,8,6,non_tail,2,-0.00030404236167669296,0.0
w0.2,60,8,7,non_tail,1,2.958136610686779e-05,0.0
w0.2,60,8,15,non_tail,1,-0.0010372428223490715,0.0
w0.2,60,8,17,non_tail,1,0.0007497072219848633,0.0
w0.2,60,8,21,non_tail,1,1.619011163711548e-05,0.0
w0.2,60,8,26,non_tail,3,-0.0021721522013344874,0.0
w0.2,60,8,38,non_tail,1,9.534123819321394e-07,0.0
w0.2,60,8,46,non_tail,1,0.0014262795448303223,0.0
w0.2,60,8,57,non_tail,1,0.003484174609184265,0.0
w0.2,60,8,58,non_tail,1,0.0014102458953857422,0.0
w0.2,60,8,62,non_tail,1,0.023424863815307617,0.0
w0.2,60,8,83,tail,1,0.03536653518676758,0.0
w0.2,60,9,1,non_tail,1,0.0008830763399600983,0.0
w0.2,60,9,2,non_tail,1,-7.336214184761047e-05,0.0
w0.2,60,9,4,non_tail,2,0.025223374366760254,0.0
w0.2,60,9,6,non_tail,1,-7.36885704100132e-06,0.0
w0.2,60,9,7,non_tail,1,0.0006846413016319275,0.0
w0.2,60,9,13,non_tail,1,8.340366184711456e-05,0.0
w0.2,60,9,14,non_tail,4,-0.004351443378254771,0.0
w0.2,60,9,17,non_tail,1,-1.5450874343514442e-05,0.0
w0.2,60,9,35,non_tail,1,0.00020961090922355652,0.0
w0.2,60,9,52,non_tail,1,0.008782267570495605,0.0
w0.2,60,9,67,non_tail,1,0.0072029829025268555,0.0
w0.2,60,9,79,non_tail,1,-0.03728795051574707,0.0
w0.2,60,9,86,tail,1,-0.0017457008361816406,0.0
w0.2,60,9,89,tail,1,-0.02340841293334961,0.0
w0.2,60,12,0,non_tail,1,2.026077709160745e-06,0.0
w0.2,60,12,1,non_tail,2,0.02102021872997284,0.0
w0.2,60,12,3,non_tail,1,-2.9180198907852173e-05,0.0
w0.2,60,12,10,non_tail,1,-5.939754191786051e-05,0.0
w0.2,60,12,12,non_tail,1,-0.00047321617603302,0.0
w0.2,60,12,13,non_tail,2,0.0011747293174266815,0.0
w0.2,60,12,17,non_tail,1,4.033790901303291e-05,0.0
w0.2,60,12,26,non_tail,1,4.623830318450928e-05,0.0
w0.2,60,12,27,non_tail,2,-0.0026670843362808228,0.0
w0.2,60,12,28,non_tail,1,0.0009411349892616272,0.0
w0.2,60,12,38,non_tail,1,-0.005735024809837341,0.0
w0.2,60,12,41,non_tail,1,-0.00021979212760925293,0.0
w0.2,60,12,59,non_tail,1,0.0011248588562011719,0.0
w0.2,60,12,85,tail,1,0.008867919445037842,0.0
w0.2,60,12,90,tail,1,0.012006759643554688,0.0
w0.2,60,13,4,non_tail,3,0.007050385077794374,0.0
w0.2,60,13,6,non_tail,1,-0.00040457211434841156,0.0
w0.2,60,13,8,non_tail,2,-3.084307536482811e-06,0.0
w0.2,60,13,11,non_tail,1,0.0003023296594619751,0.0
w0.2,60,13,25,non_tail,2,0.000395740382373333,0.0
w0.2,60,13,26,non_tail,3,-0.005148923645416914,0.0
w0.2,60,13,28,non_tail,1,0.015579462051391602,0.0
w0.2,60,13,40,non_tail,1,-5.821883678436279e-05,0.0
w0.2,60,13,58,non_tail,1,8.352845907211304e-05,0.0
w0.2,60,13,68,non_tail,1,0.0017129778861999512,0.0
w0.2,60,13,87,tail,1,0.0008103698492050171,0.0
w0.2,60,14,1,non_tail,1,0.0002469867467880249,0.0
w0.2,60,14,4,non_tail,1,0.009094834327697754,-100.0
w0.2,60,14,11,non_tail,1,2.7064234018325806e-06,0.0
w0.2,60,14,14,non_tail,2,2.3173168301582336e-05,0.0
w0.2,60,14,17,non_tail,1,-0.003933906555175781,0.0
w0.2,60,14,21,non_tail,2,5.672452971339226e-05,0.0
w0.2,60,14,28,non_tail,2,0.011548832058906555,0.0
w0.2,60,14,32,non_tail,1,1.142208930104971e-05,0.0
w0.2,60,14,43,non_tail,1,0.006548404693603516,0.0
w0.2,60,14,46,non_tail,1,0.010413646697998047,0.0
w0.2,60,14,55,non_tail,1,0.023380517959594727,0.0
w0.2,60,14,56,non_tail,1,0.005317091941833496,0.0
w0.2,60,14,75,non_tail,1,0.06576776504516602,0.0
w0.2,60,14,85,tail,1,0.0054433345794677734,0.0
w0.2,60,14,96,tail,1,0.0031288862228393555,0.0
w0.2,60,15,0,non_tail,5,0.0014224991202354403,0.0
w0.2,60,15,2,non_tail,1,0.00018015317618846893,0.0
w0.2,60,15,3,non_tail,3,-0.0004901575545469966,0.0
w0.2,60,15,9,non_tail,1,0.0007026717066764832,0.0
w0.2,60,15,13,non_tail,1,0.0008153915405273438,0.0
w0.2,60,15,16,non_tail,1,0.03314495086669922,0.0
w0.2,60,15,19,non_tail,1,3.186101093888283e-05,0.0
w0.2,60,15,53,non_tail,1,0.0007215868681669235,0.0
w0.2,60,15,57,non_tail,1,0.002651035785675049,0.0
w0.2,60,15,66,non_tail,1,0.031185150146484375,0.0
w0.2,60,15,84,tail,1,-0.0027871131896972656,0.0
w0.2,60,15,88,tail,1,0.003186464309692383,0.0
w0.2,60,16,0,non_tail,1,0.0001462996006011963,0.0
w0.2,60,16,1,non_tail,1,5.811220034956932e-05,0.0
w0.2,60,16,2,non_tail,1,-0.00022810697555541992,0.0
w0.2,60,16,4,non_tail,2,0.023632999509572983,0.0
w0.2,60,16,10,non_tail,3,-0.024650176366170284,0.0
w0.2,60,16,11,non_tail,2,0.0018791723996400833,0.0
w0.2,60,16,29,non_tail,1,1.5245052054524422e-05,0.0
w0.2,60,16,30,non_tail,1,0.00800943374633789,0.0
w0.2,60,16,36,non_tail,1,0.008264318108558655,0.0
w0.2,60,16,41,non_tail,1,-0.00024000927805900574,0.0
w0.2,60,16,59,non_tail,1,0.01214599609375,0.0
w0.2,60,16,74,non_tail,1,0.012477695941925049,0.0
w0.2,60,16,93,tail,1,0.06389951705932617,0.0
w0.2,60,17,1,non_tail,1,-1.1758413165807724e-05,0.0
w0.2,60,17,3,non_tail,1,-0.09808874130249023,0.0
w0.2,60,17,4,non_tail,2,0.07312443852424622,0.0
w0.2,60,17,5,non_tail,1,-0.02404630184173584,0.0
w0.2,60,17,6,non_tail,1,-1.535716000944376e-05,0.0
w0.2,60,17,13,non_tail,2,0.00235140323638916,0.0
w0.2,60,17,18,non_tail,2,-0.01720738410949707,0.0
w0.2,60,17,23,non_tail,1,-0.00035795383155345917,0.0
w0.2,60,17,26,non_tail,1,0.004175543785095215,0.0
w0.2,60,17,30,non_tail,1,-0.002364054322242737,0.0
w0.2,60,17,31,non_tail,1,0.01579761505126953,0.0
w0.2,60,17,33,non_tail,1,-0.021358966827392578,0.0
w0.2,60,17,40,non_tail,1,-4.598032683134079e-05,0.0
w0.2,60,17,80,tail,1,0.032095909118652344,0.0
w0.2,60,20,0,non_tail,1,0.00011001061648130417,0.0
w0.2,60,20,1,non_tail,1,-0.00018891505897045135,0.0
w0.2,60,20,3,non_tail,3,-0.01612931489944458,0.0
w0.2,60,20,5,non_tail,1,-0.00011289585381746292,0.0
w0.2,60,20,9,non_tail,1,0.011232376098632812,0.0
w0.2,60,20,11,non_tail,2,0.0019080638885498047,0.0
w0.2,60,20,15,non_tail,1,0.0006140917539596558,0.0
w0.2,60,20,16,non_tail,2,0.0041952310130000114,0.0
w0.2,60,20,21,non_tail,1,-0.00014856457710266113,0.0
w0.2,60,20,32,non_tail,1,-0.001232922077178955,0.0
w0.2,60,20,33,non_tail,1,0.0008101649582386017,0.0
w0.2,60,20,34,non_tail,1,0.0012847185134887695,0.0
w0.2,60,20,81,tail,1,0.006193697452545166,0.0
w0.2,60,20,82,tail,1,0.0655050277709961,0.0
w0.2,60,20,87,tail,1,0.0008908361196517944,0.0
w0.2,60,21,0,non_tail,1,0.0006506890058517456,0.0
w0.2,60,21,7,non_tail,1,0.0001372694969177246,0.0
w0.2,60,21,10,non_tail,1,-0.005699142813682556,0.0
w0.2,60,21,14,non_tail,4,-0.007795077282935381,0.0
w0.2,60,21,17,non_tail,3,0.00011921177307764805,0.0
w0.2,60,21,19,non_tail,1,-0.0015445947647094727,0.0
w0.2,60,21,23,non_tail,2,-0.0015772953629493713,0.0
w0.2,60,21,26,non_tail,1,0.0008918642997741699,0.0
w0.2,60,21,29,non_tail,1,-0.003581225872039795,0.0
w0.2,60,21,33,non_tail,1,-0.007012844085693359,0.0
w0.2,60,21,82,tail,1,-0.013910293579101562,0.0
w0.2,60,24,2,non_tail,1,0.0007137954235076904,0.0
w0.2,60,24,6,non_tail,3,-0.017922175427277864,0.0
w0.2,60,24,7,non_tail,2,-0.0012251436710357666,0.0
w0.2,60,24,14,non_tail,2,-0.01525336503982544,0.0
w0.2,60,24,15,non_tail,1,2.2406689822673798e-05,0.0
w0.2,60,24,17,non_tail,1,7.72811472415924e-06,0.0
w0.2,60,24,18,non_tail,1,-0.008038565516471863,0.0
w0.2,60,24,23,non_tail,1,0.0001944899559020996,0.0
w0.2,60,24,25,non_tail,1,0.0008989572525024414,0.0
w0.2,60,24,30,non_tail,1,0.009969949722290039,0.0
w0.2,60,24,42,non_tail,1,1.426786184310913e-06,0.0
w0.2,60,24,43,non_tail,1,0.026978492736816406,0.0
w0.2,60,24,98,tail,1,0.006600022315979004,0.0
w0.2,60,25,3,non_tail,1,-0.00019584130495786667,0.0
w0.2,60,25,5,non_tail,2,-0.0003879023715853691,0.0
w0.2,60,25,6,non_tail,1,-6.302492693066597e-06,0.0
w0.2,60,25,14,non_tail,1,3.0460767447948456e-05,0.0
w0.2,60,25,15,non_tail,5,-0.007632695138454437,0.0
w0.2,60,25,16,non_tail,1,2.4253735318779945e-05,0.0
w0.2,60,25,21,non_tail,3,-0.004633236055572837,0.0
w0.2,60,25,41,non_tail,1,-0.001074075698852539,0.0
w0.2,60,25,45,non_tail,1,-0.05155181884765625,0.0
w0.2,60,25,80,tail,1,0.0672757625579834,0.0
w0.2,60,25,89,tail,1,0.012253761291503906,0.0
w0.2,60,25,99,tail,1,0.008053481578826904,0.0
w0.2,60,26,0,non_tail,6,0.0010152182852228506,0.0
w0.2,60,26,1,non_tail,1,5.292519927024841e-05,0.0
w0.2,60,26,8,non_tail,1,1.8886523321270943e-05,0.0
w0.2,60,26,13,non_tail,2,2.8499052859842777e-05,0.0
w0.2,60,26,15,non_tail,1,-0.025722861289978027,0.0
w0.2,60,26,16,non_tail,1,2.009514719247818e-05,0.0
w0.2,60,26,20,non_tail,1,1.0955962352454662e-05,0.0
w0.2,60,26,29,non_tail,1,-0.029995322227478027,0.0
w0.2,60,26,37,non_tail,1,0.0058362483978271484,0.0
w0.2,60,26,58,non_tail,1,3.080116584897041e-05,0.0
w0.2,60,26,80,tail,1,0.0004066377878189087,0.0
w0.2,60,26,88,tail,1,-0.05637168884277344,0.0
w0.2,60,26,91,tail,1,0.018323421478271484,0.0
w0.2,60,27,0,non_tail,1,7.619033567607403e-06,0.0
w0.2,60,27,2,non_tail,1,0.0006202459335327148,0.0
w0.2,60,27,6,non_tail,1,-0.0008931383490562439,0.0
w0.2,60,27,7,non_tail,1,0.008173942565917969,0.0
w0.2,60,27,81,tail,5,0.01600494384765616,0.0
w0.2,60,27,82,tail,4,0.01898617297410965,0.0
w0.2,60,27,83,tail,6,0.009326934814453125,0.0
w0.2,60,27,84,tail,1,-0.008755028247833252,0.0
w0.2,60,27,86,tail,6,0.006140708923339844,0.0
w0.2,60,27,87,tail,2,0.0003010611981153488,0.0
w0.2,60,27,88,tail,5,0.005793666839599698,0.0
w0.2,60,27,93,tail,4,0.0017598867416381836,0.0
w0.2,60,27,94,tail,5,0.0044422149658203125,0.0
w0.2,60,27,95,tail,1,0.012703418731689453,0.0
w0.2,60,27,98,tail,3,0.00733526547749852,0.0
w0.2,60,28,3,non_tail,1,-0.00041836127638816833,0.0
w0.2,60,28,5,non_tail,1,-9.619584307074547e-05,0.0
w0.2,60,28,82,tail,4,0.022492051124572754,0.0
w0.2,60,28,83,tail,2,0.011741876602172852,0.0
w0.2,60,28,84,tail,6,0.0025008519490565817,0.0
w0.2,60,28,85,tail,2,0.006613254547119141,0.0
w0.2,60,28,86,tail,1,6.209081038832664e-05,0.0
w0.2,60,28,87,tail,1,-0.008434295654296875,0.0
w0.2,60,28,89,tail,4,-0.003496885299682617,0.0
w0.2,60,28,90,tail,1,-0.00027045607566833496,0.0
w0.2,60,28,91,tail,3,0.008458455403645981,0.0
w0.2,60,28,92,tail,3,0.013998349507649888,0.0
w0.2,60,28,93,tail,1,0.05464458465576172,0.0
w0.2,60,28,96,tail,3,0.009122212727864287,0.0
w0.2,60,28,97,tail,1,-0.07569408416748047,0.0
w0.2,60,28,98,tail,1,0.012422323226928711,0.0
w0.2,60,28,99,tail,4,0.005374908447265625,0.0
w0.2,60,29,1,non_tail,1,-0.0007283389568328857,0.0
w0.2,60,29,4,non_tail,1,0.06299293041229248,0.0
w0.2,60,29,8,non_tail,1,-0.003147125244140625,0.0
w0.2,60,29,9,non_tail,1,-9.132362902164459e-05,0.0
w0.2,60,29,10,non_tail,1,-0.00850611925125122,0.0
w0.2,60,29,80,tail,8,0.02144479751586914,0.0
w0.2,60,29,81,tail,4,0.017485857009887695,0.0
w0.2,60,29,84,tail,1,-0.04346275329589844,0.0
w0.2,60,29,85,tail,5,0.00044635236263275424,0.0
w0.2,60,29,87,tail,3,-0.004601796468098662,0.0
w0.2,60,29,88,tail,1,0.016802310943603516,0.0
w0.2,60,29,89,tail,1,-0.030743956565856934,0.0
w0.2,60,29,90,tail,4,-0.000397438183426857,0.0
w0.2,60,29,91,tail,2,0.006185293197631836,0.0
w0.2,60,29,92,tail,2,0.036711931228637695,0.0
w0.2,60,29,95,tail,4,0.017302334308624268,0.0
w0.2,60,29,96,tail,1,0.0016229823231697083,0.0
w0.2,60,29,97,tail,3,-0.014341672261555694,0.0
w0.2,70,0,0,non_tail,1,5.919020622968674e-05,0.0
w0.2,70,0,2,non_tail,5,0.00018370822072033555,0.0
w0.2,70,0,4,non_tail,1,0.023160457611083984,0.0
w0.2,70,0,5,non_tail,1,0.0066019147634506226,0.0
w0.2,70,0,8,non_tail,1,7.151073077693582e-06,0.0
w0.2,70,0,15,non_tail,1,-1.191277988255024e-06,0.0
w0.2,70,0,37,non_tail,1,0.0003573051653802395,0.0
w0.2,70,0,55,non_tail,1,0.01911550760269165,0.0
w0.2,70,0,60,non_tail,1,0.04366612434387207,0.0
w0.2,70,0,66,non_tail,1,0.0001287311315536499,0.0
w0.2,70,0,69,non_tail,1,0.010461091995239258,0.0
w0.2,70,0,74,non_tail,1,0.004730224609375,0.0
w0.2,70,0,81,tail,1,0.02828693389892578,0.0
w0.2,70,0,83,tail,1,0.004202008247375488,0.0
w0.2,70,1,0,non_tail,3,6.0938308403516665e-05,0.0
w0.2,70,1,1,non_tail,1,0.002875920385122299,0.0
w0.2,70,1,7,non_tail,6,-0.018391410509745243,0.0
w0.2,70,1,24,non_tail,1,0.011421918869018555,0.0
w0.2,70,1,28,non_tail,1,0.00013614026829600334,0.0
w0.2,70,1,30,non_tail,1,-0.0038127154111862183,0.0
w0.2,70,1,46,non_tail,1,0.004782557487487793,0.0
w0.2,70,1,53,non_tail,2,-0.004775643348693848,0.0
w0.2,70,1,86,tail,1,0.014726877212524414,0.0
w0.2,70,2,0,non_tail,1,2.215878339484334e-05,0.0
w0.2,70,2,3,non_tail,2,-0.02138310670852661,0.0
w0.2,70,2,5,non_tail,4,0.0017469904851168394,0.0
w0.2,70,2,6,non_tail,2,-4.592444747686386e-05,0.0
w0.2,70,2,10,non_tail,2,0.017655879259109497,0.0
w0.2,70,2,16,non_tail,1,-0.013071060180664062,0.0
w0.2,70,2,22,non_tail,2,-0.010237693786621094,0.0
w0.2,70,2,42,non_tail,1,-0.020137786865234375,0.0
w0.2,70,2,77,non_tail,1,-0.0031185150146484375,0.0
w0.2,70,2,82,tail,1,-0.0001592673361301422,0.0
w0.2,70,2,91,tail,1,0.01928579807281494,0.0
w0.2,70,2,95,tail,1,-0.017394542694091797,0.0
w0.2,70,3,2,non_tail,1,-0.0005640983581542969,0.0
w0.2,70,3,3,non_tail,1,-0.005041927099227905,0.0
w0.2,70,3,6,non_tail,4,-0.0077324246522039175,0.0
w0.2,70,3,12,non_tail,3,-0.009454260269800896,0.0
w0.2,70,3,14,non_tail,1,5.633407272398472e-05,0.0
w0.2,70,3,20,non_tail,1,2.383312676101923e-07,0.0
w0.2,70,3,31,non_tail,1,0.0001428038813173771,0.0
w0.2,70,3,36,non_tail,1,0.00103817880153656,0.0
w0.2,70,3,45,non_tail,1,0.0014256834983825684,0.0
w0.2,70,3,77,non_tail,1,-0.017446041107177734,0.0
w0.2,70,3,79,non_tail,1,0.006687164306640625,0.0
w0.2,70,3,90,tail,1,0.0036629587411880493,0.0
w0.2,70,3,94,tail,1,0.0001162998378276825,0.0
w0.2,70,4,1,non_tail,2,0.0016433876007795334,0.0
w0.2,70,4,2,non_tail,1,-0.004048526287078857,0.0
w0.2,70,4,3,non_tail,1,-0.03695392608642578,0.0
w0.2,70,4,4,non_tail,2,0.01438140869140625,0.0
w0.2,70,4,5,non_tail,1,7.495784666389227e-05,0.0
w0.2,70,4,9,non_tail,1,0.0003087390214204788,0.0
w0.2,70,4,11,non_tail,2,0.0016667097806930542,0.0
w0.2,70,4,17,non_tail,1,0.00012169778347015381,0.0
w0.2,70,4,20,non_tail,2,2.5598565116524696e-06,0.0
w0.2,70,4,24,non_tail,1,0.002504587173461914,0.0
w0.2,70,4,46,non_tail,1,0.005906045436859131,0.0
w0.2,70,4,65,non_tail,1,-0.025050640106201172,0.0
w0.2,70,4,92,tail,1,0.045183658599853516,0.0
w0.2,70,4,97,tail,1,-0.04500293731689453,0.0
w0.2,70,6,1,non_tail,1,0.0027477331459522247,0.0
w0.2,70,6,2,non_tail,2,-0.0009672343730926514,0.0
w0.2,70,6,7,non_tail,3,-0.004135705530643463,0.0
w0.2,70,6,12,non_tail,3,-0.0007345943401257243,0.0
w0.2,70,6,18,non_tail,1,-0.00490058958530426,0.0
w0.2,70,6,23,non_tail,2,-0.012938650324940681,-50.0
w0.2,70,6,32,non_tail,1,-0.023485541343688965,0.0
w0.2,70,6,38,non_tail,1,0.011323928833007812,0.0
w0.2,70,6,54,non_tail,1,0.007617160677909851,0.0
w0.2,70,6,70,non_tail,1,8.834060281515121e-05,0.0
w0.2,70,6,84,tail,1,-0.002376079559326172,0.0
w0.2,70,8,4,non_tail,1,-0.00037379562854766846,0.0
w0.2,70,8,5,non_tail,1,4.3591251596808434e-05,0.0
w0.2,70,8,6,non_tail,2,-0.0004929243586957455,0.0
w0.2,70,8,7,non_tail,1,5.5131036788225174e-05,0.0
w0.2,70,8,15,non_tail,1,-0.0003973590210080147,0.0
w0.2,70,8,17,non_tail,1,0.0003567636013031006,0.0
w0.2,70,8,21,non_tail,1,7.024034857749939e-06,0.0
w0.2,70,8,26,non_tail,3,0.002247492472330581,0.0
w0.2,70,8,38,non_tail,1,4.886271199211478e-06,0.0
w0.2,70,8,46,non_tail,1,0.0026017427444458008,0.0
w0.2,70,8,57,non_tail,1,-0.003133058547973633,0.0
w0.2,70,8,58,non_tail,1,-0.010719060897827148,0.0
w0.2,70,8,62,non_tail,1,-0.02704763412475586,0.0
w0.2,70,8,83,tail,1,0.005329012870788574,0.0
w0.2,70,9,1,non_tail,1,0.0031278058886528015,0.0
w0.2,70,9,2,non_tail,1,-0.00022291392087936401,0.0
w0.2,70,9,4,non_tail,2,0.027243047952651978,0.0
w0.2,70,9,6,non_tail,1,5.585607141256332e-06,0.0
w0.2,70,9,7,non_tail,1,-0.00018005073070526123,0.0
w0.2,70,9,13,non_tail,1,1.967931166291237e-05,0.0
w0.2,70,9,14,non_tail,4,-0.0021484317258000374,0.0
w0.2,70,9,17,non_tail,1,-1.2721633538603783e-05,0.0
w0.2,70,9,35,non_tail,1,-0.00014452636241912842,0.0
w0.2,70,9,52,non_tail,1,-0.01096200942993164,0.0
w0.2,70,9,67,non_tail,1,0.01292884349822998,0.0
w0.2,70,9,79,non_tail,1,0.01462101936340332,0.0
w0.2,70,9,86,tail,1,0.009869158267974854,0.0
w0.2,70,9,89,tail,1,0.004253387451171875,0.0
w0.2,70,12,0,non_tail,1,2.622022293508053e-06,0.0
w0.2,70,12,1,non_tail,2,0.05824827402830124,0.0
w0.2,70,12,3,non_tail,1,-0.0008301213383674622,0.0
w0.2,70,12,10,non_tail,1,4.8689660616219044e-05,0.0
w0.2,70,12,12,non_tail,1,-0.0005778875201940536,0.0
w0.2,70,12,13,non_tail,2,0.0017750868573784828,0.0
w0.2,70,12,17,non_tail,1,0.00012187520042061806,0.0
w0.2,70,12,26,non_tail,1,0.0009058080613613129,0.0
w0.2,70,12,27,non_tail,2,0.04112201929092407,0.0
w0.2,70,12,28,non_tail,1,0.001392953097820282,0.0
w0.2,70,12,38,non_tail,1,-0.00972011685371399,0.0
w0.2,70,12,41,non_tail,1,0.0006462577730417252,0.0
w0.2,70,12,59,non_tail,1,-0.010542869567871094,-100.0
w0.2,70,12,85,tail,1,0.035273730754852295,0.0
w0.2,70,12,90,tail,1,0.0020415782928466797,0.0
w0.2,70,13,4,non_tail,3,0.0019952853520711633,0.0
w0.2,70,13,6,non_tail,1,-0.000379965640604496,0.0
w0.2,70,13,8,non_tail,2,7.796823047101498e-05,0.0
w0.2,70,13,11,non_tail,1,-7.977709174156189e-05,0.0
w0.2,70,13,25,non_tail,2,0.0006811069324612617,0.0
w0.2,70,13,26,non_tail,3,0.0017913517852624627,0.0
w0.2,70,13,28,non_tail,1,0.037293434143066406,0.0
w0.2,70,13,40,non_tail,1,8.176267147064209e-05,0.0
w0.2,70,13,58,non_tail,1,0.004252538084983826,0.0
w0.2,70,13,68,non_tail,1,0.0007172301411628723,0.0
w0.2,70,13,87,tail,1,0.001353193074464798,0.0
w0.2,70,14,1,non_tail,1,0.0007928190752863884,0.0
w0.2,70,14,4,non_tail,1,0.0019996464252471924,-100.0
w0.2,70,14,11,non_tail,1,0.00014938879758119583,0.0
w0.2,70,14,14,non_tail,2,0.0021626120433211327,0.0
w0.2,70,14,17,non_tail,1,0.015654921531677246,0.0
w0.2,70,14,21,non_tail,2,-6.377953104674816e-05,0.0
w0.2,70,14,28,non_tail,2,0.0015736669301986694,0.0
w0.2,70,14,32,non_tail,1,-7.518939673900604e-05,0.0
w0.2,70,14,43,non_tail,1,-0.004450395703315735,0.0
w0.2,70,14,46,non_tail,1,-0.013495475053787231,0.0
w0.2,70,14,55,non_tail,1,0.022212982177734375,0.0
w0.2,70,14,56,non_tail,1,0.006551623344421387,0.0
w0.2,70,14,75,non_tail,1,-0.012221336364746094,0.0
w0.2,70,14,85,tail,1,-0.011142730712890625,0.0
w0.2,70,14,96,tail,1,0.041436076164245605,0.0
w0.2,70,15,0,non_tail,5,0.003637996315956113,0.0
w0.2,70,15,2,non_tail,1,-3.810785710811615e-05,0.0
w0.2,70,15,3,non_tail,3,-0.0007270077864328997,0.0
w0.2,70,15,9,non_tail,1,0.001320965588092804,0.0
w0.2,70,15,13,non_tail,1,0.006949067115783691,0.0
w0.2,70,15,16,non_tail,1,0.008814811706542969,0.0
w0.2,70,15,19,non_tail,1,1.866486854851246e-05,0.0
w0.2,70,15,53,non_tail,1,-0.00040022842586040497,0.0
w0.2,70,15,57,non_tail,1,-0.0034957528114318848,0.0
w0.2,70,15,66,non_tail,1,0.006868600845336914,0.0
w0.2,70,15,84,tail,1,0.011940479278564453,0.0
w0.2,70,15,88,tail,1,0.0034051984548568726,0.0
w0.2,70,16,0,non_tail,1,0.00032364577054977417,0.0
w0.2,70,16,1,non_tail,1,0.0003960011526942253,0.0
w0.2,70,16,2,non_tail,1,-6.27376139163971e-05,0.0
w0.2,70,16,4,non_tail,2,-0.001584462821483612,0.0
w0.2,70,16,10,non_tail,3,0.011871099472045898,0.0
w0.2,70,16,11,non_tail,2,-0.00036095641553401947,0.0
w0.2,70,16,29,non_tail,1,4.6570145059376955e-05,0.0
w0.2,70,16,30,non_tail,1,0.04998779296875,0.0
w0.2,70,16,36,non_tail,1,0.00010631978511810303,0.0
w0.2,70,16,41,non_tail,1,-0.0006178021430969238,0.0
w0.2,70,16,59,non_tail,1,-0.009311199188232422,0.0
w0.2,70,16,74,non_tail,1,-0.004190504550933838,0.0
w0.2,70,16,93,tail,1,0.07545804977416992,0.0
w0.2,70,17,1,non_tail,1,0.00012688781134784222,0.0
w0.2,70,17,3,non_tail,1,-0.08659791946411133,0.0
w0.2,70,17,4,non_tail,2,0.06814613938331604,0.0
w0.2,70,17,5,non_tail,1,0.041353821754455566,0.0
w0.2,70,17,6,non_tail,1,-2.8336187824606895e-05,0.0
w0.2,70,17,13,non_tail,2,0.0071523189544677734,0.0
w0.2,70,17,18,non_tail,2,-0.018283843994140625,0.0
w0.2,70,17,23,non_tail,1,-0.0010761842131614685,0.0
w0.2,70,17,26,non_tail,1,0.02928316593170166,0.0
w0.2,70,17,30,non_tail,1,0.0011826977133750916,0.0
w0.2,70,17,31,non_tail,1,0.030615687370300293,0.0
w0.2,70,17,33,non_tail,1,-0.005831718444824219,0.0
w0.2,70,17,40,non_tail,1,-0.0005994662642478943,0.0
w0.2,70,17,80,tail,1,-0.024919509887695312,0.0
w0.2,70,20,0,non_tail,1,0.00037343986332416534,0.0
w0.2,70,20,1,non_tail,1,0.0016950620338320732,0.0
w0.2,70,20,3,non_tail,3,-0.02181774377822876,0.0
w0.2,70,20,5,non_tail,1,0.0004040221683681011,0.0
w0.2,70,20,9,non_tail,1,0.0018587112426757812,0.0
w0.2,70,20,11,non_tail,2,-0.0018638968467712402,0.0
w0.2,70,20,15,non_tail,1,0.002129100263118744,0.0
w0.2,70,20,16,non_tail,2,-0.0012720823287963867,0.0
w0.2,70,20,21,non_tail,1,0.0029676109552383423,0.0
w0.2,70,20,32,non_tail,1,-0.002539217472076416,0.0
w0.2,70,20,33,non_tail,1,0.0006213504821062088,0.0
w0.2,70,20,34,non_tail,1,0.004687517881393433,0.0
w0.2,70,20,81,tail,1,0.012554138898849487,0.0
w0.2,70,20,82,tail,1,-0.018582820892333984,0.0
w0.2,70,20,87,tail,1,0.0010028816759586334,0.0
w0.2,70,21,0,non_tail,1,0.000321216881275177,0.0
w0.2,70,21,7,non_tail,1,0.0003031045198440552,0.0
w0.2,70,21,10,non_tail,1,0.0016909986734390259,0.0
w0.2,70,21,14,non_tail,4,-0.04022532142698765,0.0
w0.2,70,21,17,non_tail,3,0.000659971187512081,0.0
w0.2,70,21,19,non_tail,1,0.0042874813079833984,0.0
w0.2,70,21,23,non_tail,2,-0.006746076047420502,0.0
w0.2,70,21,26,non_tail,1,-0.004567630589008331,0.0
w0.2,70,21,29,non_tail,1,0.023711800575256348,0.0
w0.2,70,21,33,non_tail,1,-0.008213996887207031,0.0
w0.2,70,21,82,tail,1,-0.01766347885131836,0.0
w0.2,70,24,2,non_tail,1,-0.001600503921508789,0.0
w0.2,70,24,6,non_tail,3,-0.01012413203716278,0.0
w0.2,70,24,7,non_tail,2,-0.004986420273780823,0.0
w0.2,70,24,14,non_tail,2,-0.01069735549390316,0.0
w0.2,70,24,15,non_tail,1,0.00018443260341882706,0.0
w0.2,70,24,17,non_tail,1,8.086324669420719e-05,0.0
w0.2,70,24,18,non_tail,1,-0.005048304796218872,0.0
w0.2,70,24,23,non_tail,1,-0.005704067647457123,0.0
w0.2,70,24,25,non_tail,1,0.006688535213470459,0.0
w0.2,70,24,30,non_tail,1,0.06989181041717529,0.0
w0.2,70,24,42,non_tail,1,-3.235694020986557e-05,0.0
w0.2,70,24,43,non_tail,1,0.038120388984680176,0.0
w0.2,70,24,98,tail,1,-0.0016627311706542969,0.0
w0.2,70,25,3,non_tail,1,-0.0004272535443305969,0.0
w0.2,70,25,5,non_tail,2,0.001695992425084114,0.0
w0.2,70,25,6,non_tail,1,-4.163011908531189e-06,0.0
w0.2,70,25,14,non_tail,1,0.00020949915051460266,0.0
w0.2,70,25,15,non_tail,5,-0.005297078192234017,0.0
w0.2,70,25,16,non_tail,1,2.5209039449691772e-05,0.0
w0.2,70,25,21,non_tail,3,-0.00011321157217025757,0.0
w0.2,70,25,41,non_tail,1,-0.006331205368041992,0.0
w0.2,70,25,45,non_tail,1,-0.06879949569702148,0.0
w0.2,70,25,80,tail,1,0.028187990188598633,0.0
w0.2,70,25,89,tail,1,0.015862584114074707,0.0
w0.2,70,25,99,tail,1,0.00016185641288757324,0.0
w0.2,70,26,0,non_tail,6,0.0010095809120684862,0.0
w0.2,70,26,1,non_tail,1,0.0019755028188228607,0.0
w0.2,70,26,8,non_tail,1,6.155367009341717e-05,0.0
w0.2,70,26,13,non_tail,2,6.113015115261078e-05,0.0
w0.2,70,26,15,non_tail,1,0.021273255348205566,0.0
w0.2,70,26,16,non_tail,1,1.6174279153347015e-05,0.0
w0.2,70,26,20,non_tail,1,2.024637069553137e-06,0.0
w0.2,70,26,29,non_tail,1,0.06917810440063477,0.0
w0.2,70,26,37,non_tail,1,0.002337217330932617,0.0
w0.2,70,26,58,non_tail,1,7.015885785222054e-05,0.0
w0.2,70,26,80,tail,1,0.0004114285111427307,0.0
w0.2,70,26,88,tail,1,-0.0012764930725097656,0.0
w0.2,70,26,91,tail,1,-0.002131223678588867,0.0
w0.2,70,27,0,non_tail,1,3.6906334571540356e-05,0.0
w0.2,70,27,2,non_tail,1,-0.007150053977966309,0.0
w0.2,70,27,6,non_tail,1,-0.0013768374919891357,0.0
w0.2,70,27,7,non_tail,1,0.0008797645568847656,0.0
w0.2,70,27,81,tail,5,0.008907699584960849,0.0
w0.2,70,27,82,tail,4,0.013160284608602524,0.0
w0.2,70,27,83,tail,6,0.013331095377604019,0.0
w0.2,70,27,84,tail,1,0.015071511268615723,0.0
w0.2,70,27,86,tail,6,0.00935983657836914,0.0
w0.2,70,27,87,tail,2,0.0004405789077281952,0.0
w0.2,70,27,88,tail,5,0.0036368370056152344,0.0
w0.2,70,27,93,tail,4,0.003379225730895996,0.0
w0.2,70,27,94,tail,5,0.02595863342285165,0.0
w0.2,70,27,95,tail,1,0.03104877471923828,0.0
w0.2,70,27,98,tail,3,-0.0024224122365317236,0.0
w0.2,70,28,3,non_tail,1,-0.0032199695706367493,0.0
w0.2,70,28,5,non_tail,1,0.0004274430684745312,0.0
w0.2,70,28,82,tail,4,0.01723724603652954,0.0
w0.2,70,28,83,tail,2,0.007820606231689453,0.0
w0.2,70,28,84,tail,6,-0.008258501688639619,0.0
w0.2,70,28,85,tail,2,0.004640102386474609,0.0
w0.2,70,28,86,tail,1,0.00015784148126840591,0.0
w0.2,70,28,87,tail,1,-0.021874427795410156,0.0
w0.2,70,28,89,tail,4,0.03615999221801758,0.0
w0.2,70,28,90,tail,1,0.0017034225165843964,0.0
w0.2,70,28,91,tail,3,0.019915898640950225,0.0
w0.2,70,28,92,tail,3,0.013946374257405747,0.0
w0.2,70,28,93,tail,1,0.024162769317626953,0.0
w0.2,70,28,96,tail,3,0.011804580688476562,0.0
w0.2,70,28,97,tail,1,-0.030696868896484375,0.0
w0.2,70,28,98,tail,1,-0.01038980484008789,0.0
w0.2,70,28,99,tail,4,-0.048048973083496094,0.0
w0.2,70,29,1,non_tail,1,0.002454608678817749,0.0
w0.2,70,29,4,non_tail,1,0.057677507400512695,0.0
w0.2,70,29,8,non_tail,1,0.08444547653198242,0.0
w0.2,70,29,9,non_tail,1,0.0005548875778913498,0.0
w0.2,70,29,10,non_tail,1,0.00545191764831543,0.0
w0.2,70,29,80,tail,8,0.0011248588562011719,0.0
w0.2,70,29,81,tail,4,0.023969173431396484,0.0
w0.2,70,29,84,tail,1,0.053780555725097656,0.0
w0.2,70,29,85,tail,5,0.0007463753223419245,0.0
w0.2,70,29,87,tail,3,-0.012765566507975556,0.0
w0.2,70,29,88,tail,1,0.028409481048583984,0.0
w0.2,70,29,89,tail,1,0.05835902690887451,0.0
w0.2,70,29,90,tail,4,0.008194666355848312,0.0
w0.2,70,29,91,tail,2,-0.0011126995086669922,0.0
w0.2,70,29,92,tail,2,0.03419232368469238,0.0
w0.2,70,29,95,tail,4,-0.003520369529724121,0.0
w0.2,70,29,96,tail,1,0.0015117265284061432,0.0
w0.2,70,29,97,tail,3,0.005128542582193418,0.0
w0.2,80,0,0,non_tail,1,-3.316625952720642e-05,0.0
w0.2,80,0,2,non_tail,5,-1.4995038509379999e-05,0.0
w0.2,80,0,4,non_tail,1,0.006167471408843994,0.0
w0.2,80,0,5,non_tail,1,-0.0013223960995674133,0.0
w0.2,80,0,8,non_tail,1,-2.0261650206521153e-06,0.0
w0.2,80,0,15,non_tail,1,4.050438292324543e-06,0.0
w0.2,80,0,37,non_tail,1,-0.0001226058229804039,0.0
w0.2,80,0,55,non_tail,1,0.008829653263092041,0.0
w0.2,80,0,60,non_tail,1,-0.0043354034423828125,0.0
w0.2,80,0,66,non_tail,1,-1.7952173948287964e-05,0.0
w0.2,80,0,69,non_tail,1,0.03985714912414551,0.0
w0.2,80,0,74,non_tail,1,0.07790946960449219,0.0
w0.2,80,0,81,tail,1,-0.005280494689941406,0.0
w0.2,80,0,83,tail,1,0.010990381240844727,0.0
w0.2,80,1,0,non_tail,3,-3.805117254766311e-05,0.0
w0.2,80,1,1,non_tail,1,-9.045377373695374e-05,0.0
w0.2,80,1,7,non_tail,6,-0.003331899642944336,0.0
w0.2,80,1,24,non_tail,1,0.01859736442565918,0.0
w0.2,80,1,28,non_tail,1,2.8129201382398605e-05,0.0
w0.2,80,1,30,non_tail,1,-0.0034747421741485596,0.0
w0.2,80,1,46,non_tail,1,0.011636734008789062,0.0
w0.2,80,1,53,non_tail,2,0.010201096534729004,0.0
w0.2,80,1,86,tail,1,0.004670619964599609,0.0
w0.2,80,2,0,non_tail,1,-1.2985605280846357e-05,0.0
w0.2,80,2,3,non_tail,2,-0.021581590175628662,0.0
w0.2,80,2,5,non_tail,4,-0.0004341107269283384,0.0
w0.2,80,2,6,non_tail,2,-3.429129719734192e-06,0.0
w0.2,80,2,10,non_tail,2,-0.0006160438060760498,0.0
w0.2,80,2,16,non_tail,1,-0.0011754035949707031,0.0
w0.2,80,2,22,non_tail,2,-0.007366538047790527,0.0
w0.2,80,2,42,non_tail,1,0.001096963882446289,0.0
w0.2,80,2,77,non_tail,1,0.007937908172607422,0.0
w0.2,80,2,82,tail,1,0.0012528002262115479,0.0
w0.2,80,2,91,tail,1,-0.011265814304351807,0.0
w0.2,80,2,95,tail,1,0.046048641204833984,0.0
w0.2,80,3,2,non_tail,1,0.0010995864868164062,0.0
w0.2,80,3,3,non_tail,1,-0.003956921398639679,0.0
w0.2,80,3,6,non_tail,4,-0.003366956952959299,0.0
w0.2,80,3,12,non_tail,3,0.003447815775871277,0.0
w0.2,80,3,14,non_tail,1,4.528532736003399e-05,0.0
w0.2,80,3,20,non_tail,1,-8.58039129525423e-06,0.0
w0.2,80,3,31,non_tail,1,0.00021074293181300163,0.0
w0.2,80,3,36,non_tail,1,0.0008463338017463684,0.0
w0.2,80,3,45,non_tail,1,0.006228059530258179,0.0
w0.2,80,3,77,non_tail,1,0.040129661560058594,0.0
w0.2,80,3,79,non_tail,1,-0.0026035308837890625,0.0
w0.2,80,3,90,tail,1,0.00018164515495300293,0.0
w0.2,80,3,94,tail,1,-0.0001094406470656395,0.0
w0.2,80,4,1,non_tail,2,-0.00030475715175271034,0.0
w0.2,80,4,2,non_tail,1,-0.006751537322998047,0.0
w0.2,80,4,3,non_tail,1,-0.09409785270690918,0.0
w0.2,80,4,4,non_tail,2,-0.0021867305040359497,0.0
w0.2,80,4,5,non_tail,1,2.9390561394393444e-05,0.0
w0.2,80,4,9,non_tail,1,9.988993406295776e-05,0.0
w0.2,80,4,11,non_tail,2,-0.0007434003055095673,0.0
w0.2,80,4,17,non_tail,1,5.390774458646774e-05,0.0
w0.2,80,4,20,non_tail,2,-6.372356438077986e-06,0.0
w0.2,80,4,24,non_tail,1,0.00270795077085495,0.0
w0.2,80,4,46,non_tail,1,0.007403671741485596,0.0
w0.2,80,4,65,non_tail,1,-0.021656036376953125,0.0
w0.2,80,4,92,tail,1,0.006743431091308594,0.0
w0.2,80,4,97,tail,1,-0.07521390914916992,0.0
w0.2,80,6,1,non_tail,1,0.0006119199097156525,0.0
w0.2,80,6,2,non_tail,2,-0.001673191785812378,0.0
w0.2,80,6,7,non_tail,3,-0.009653913478056553,0.0
w0.2,80,6,12,non_tail,3,-0.00043253134936094284,0.0
w0.2,80,6,18,non_tail,1,-0.0009171813726425171,0.0
w0.2,80,6,23,non_tail,2,-0.0007804590277373791,0.0
w0.2,80,6,32,non_tail,1,0.0073250532150268555,0.0
w0.2,80,6,38,non_tail,1,0.027285218238830566,0.0
w0.2,80,6,54,non_tail,1,0.007204502820968628,0.0
w0.2,80,6,70,non_tail,1,0.00016691908240318298,0.0
w0.2,80,6,84,tail,1,0.004563093185424805,0.0
w0.2,80,8,4,non_tail,1,-0.005708679556846619,0.0
w0.2,80,8,5,non_tail,1,2.918014070019126e-05,0.0
w0.2,80,8,6,non_tail,2,2.7651898562908173e-05,0.0
w0.2,80,8,7,non_tail,1,-2.020108513534069e-05,0.0
w0.2,80,8,15,non_tail,1,-0.0009120646864175797,0.0
w0.2,80,8,17,non_tail,1,0.001757398247718811,0.0
w0.2,80,8,21,non_tail,1,9.524868801236153e-06,0.0
w0.2,80,8,26,non_tail,3,0.011073271433512222,0.0
w0.2,80,8,38,non_tail,1,-1.4301331248134375e-06,0.0
w0.2,80,8,46,non_tail,1,0.00020451843738555908,0.0
w0.2,80,8,57,non_tail,1,0.004997536540031433,0.0
w0.2,80,8,58,non_tail,1,0.0063936710357666016,0.0
w0.2,80,8,62,non_tail,1,0.032987117767333984,0.0
w0.2,80,8,83,tail,1,0.029705524444580078,0.0
w0.2,80,9,1,non_tail,1,0.0003135278820991516,0.0
w0.2,80,9,2,non_tail,1,0.0003768540918827057,0.0
w0.2,80,9,4,non_tail,2,0.02122858166694641,0.0
w0.2,80,9,6,non_tail,1,6.155786104500294e-05,0.0
w0.2,80,9,7,non_tail,1,-0.0014812573790550232,0.0
w0.2,80,9,13,non_tail,1,0.00015633367002010345,0.0
w0.2,80,9,14,non_tail,4,-0.006025928538292646,0.0
w0.2,80,9,17,non_tail,1,1.3438751921057701e-05,0.0
w0.2,80,9,35,non_tail,1,-0.0002391412854194641,0.0
w0.2,80,9,52,non_tail,1,0.015147089958190918,0.0
w0.2,80,9,67,non_tail,1,0.01766180992126465,0.0
w0.2,80,9,79,non_tail,1,-0.026772499084472656,0.0
w0.2,80,9,86,tail,1,-0.009958893060684204,0.0
w0.2,80,9,89,tail,1,-0.03994941711425781,0.0
w0.2,80,12,0,non_tail,1,-1.4302058843895793e-06,0.0
w0.2,80,12,1,non_tail,2,0.007877424359321594,0.0
w0.2,80,12,3,non_tail,1,-0.00010718591511249542,0.0
w0.2,80,12,10,non_tail,1,-3.4881988540291786e-05,0.0
w0.2,80,12,12,non_tail,1,-2.9120594263076782e-05,0.0
w0.2,80,12,13,non_tail,2,0.0008988869376480579,0.0
w0.2,80,12,17,non_tail,1,-1.4599878340959549e-05,0.0
w0.2,80,12,26,non_tail,1,0.00025788694620132446,0.0
w0.2,80,12,27,non_tail,2,0.05682453513145447,0.0
w0.2,80,12,28,non_tail,1,4.144199192523956e-05,0.0
w0.2,80,12,38,non_tail,1,0.0016439706087112427,0.0
w0.2,80,12,41,non_tail,1,-2.3283064365386963e-07,0.0
w0.2,80,12,59,non_tail,1,-0.0033266544342041016,0.0
w0.2,80,12,85,tail,1,-0.007969439029693604,0.0
w0.2,80,12,90,tail,1,0.005955696105957031,0.0
w0.2,80,13,4,non_tail,3,-0.0032974531253179007,0.0
w0.2,80,13,6,non_tail,1,-0.0002573421224951744,0.0
w0.2,80,13,8,non_tail,2,-2.8844806365668774e-05,0.0
w0.2,80,13,11,non_tail,1,1.325458288192749e-05,0.0
w0.2,80,13,25,non_tail,2,1.0013580322265625e-05,0.0
w0.2,80,13,26,non_tail,3,-0.0038690393169720783,0.0
w0.2,80,13,28,non_tail,1,-0.00020372867584228516,0.0
w0.2,80,13,40,non_tail,1,0.0010617822408676147,0.0
w0.2,80,13,58,non_tail,1,-0.0004015713930130005,0.0
w0.2,80,13,68,non_tail,1,0.0008868947625160217,0.0
w0.2,80,13,87,tail,1,0.0004141777753829956,0.0
w0.2,80,14,1,non_tail,1,8.259061723947525e-05,0.0
w0.2,80,14,4,non_tail,1,0.0020816922187805176,0.0
w0.2,80,14,11,non_tail,1,-9.051430970430374e-05,0.0
w0.2,80,14,14,non_tail,2,-0.005263257306069136,0.0
w0.2,80,14,17,non_tail,1,0.010663032531738281,0.0
w0.2,80,14,21,non_tail,2,4.558498039841652e-05,0.0
w0.2,80,14,28,non_tail,2,0.0017728209495544434,0.0
w0.2,80,14,32,non_tail,1,-1.606019213795662e-05,0.0
w0.2,80,14,43,non_tail,1,-0.0025011003017425537,0.0
w0.2,80,14,46,non_tail,1,0.003352642059326172,0.0
w0.2,80,14,55,non_tail,1,0.015047788619995117,0.0
w0.2,80,14,56,non_tail,1,0.012523084878921509,0.0
w0.2,80,14,75,non_tail,1,0.02587413787841797,0.0
w0.2,80,14,85,tail,1,0.006592273712158203,0.0
w0.2,80,14,96,tail,1,0.014666914939880371,0.0
w0.2,80,15,0,non_tail,5,0.000193123519420621,0.0
w0.2,80,15,2,non_tail,1,0.0005205217748880386,0.0
w0.2,80,15,3,non_tail,3,-0.0005379344026247637,0.0
w0.2,80,15,9,non_tail,1,0.0005384683609008789,0.0
w0.2,80,15,13,non_tail,1,0.000986933708190918,0.0
w0.2,80,15,16,non_tail,1,0.0007157325744628906,0.0
w0.2,80,15,19,non_tail,1,1.735752448439598e-05,0.0
w0.2,80,15,53,non_tail,1,0.0010798312723636627,0.0
w0.2,80,15,57,non_tail,1,0.002590656280517578,0.0
w0.2,80,15,66,non_tail,1,-0.0054972171783447266,0.0
w0.2,80,15,84,tail,1,0.0070705413818359375,0.0
w0.2,80,15,88,tail,1,0.0019311010837554932,0.0
w0.2,80,16,0,non_tail,1,-0.00015663355588912964,0.0
w0.2,80,16,1,non_tail,1,-6.70338049530983e-05,0.0
w0.2,80,16,2,non_tail,1,0.0004916973412036896,0.0
w0.2,80,16,4,non_tail,2,0.006738428026437759,0.0
w0.2,80,16,10,non_tail,3,-0.011113961537679073,0.0
w0.2,80,16,11,non_tail,2,0.003108574077486992,0.0
w0.2,80,16,29,non_tail,1,1.9890954717993736e-05,0.0
w0.2,80,16,30,non_tail,1,0.034447669982910156,0.0
w0.2,80,16,36,non_tail,1,-4.436075687408447e-05,0.0
w0.2,80,16,41,non_tail,1,0.00039208680391311646,0.0
w0.2,80,16,59,non_tail,1,0.03447246551513672,0.0
w0.2,80,16,74,non_tail,1,0.02614271640777588,0.0
w0.2,80,16,93,tail,1,0.08020591735839844,0.0
w0.2,80,17,1,non_tail,1,-2.721184864640236e-05,0.0
w0.2,80,17,3,non_tail,1,-0.06493496894836426,0.0
w0.2,80,17,4,non_tail,2,0.05323109030723572,0.0
w0.2,80,17,5,non_tail,1,-0.012958288192749023,0.0
w0.2,80,17,6,non_tail,1,9.644660167396069e-06,0.0
w0.2,80,17,13,non_tail,2,0.0019905269145965576,0.0
w0.2,80,17,18,non_tail,2,-0.029600441455841064,0.0
w0.2,80,17,23,non_tail,1,-0.0002239663153886795,0.0
w0.2,80,17,26,non_tail,1,0.01951003074645996,0.0
w0.2,80,17,30,non_tail,1,-0.0004550516605377197,0.0
w0.2,80,17,31,non_tail,1,0.05806624889373779,0.0
w0.2,80,17,33,non_tail,1,-0.02303600311279297,0.0
w0.2,80,17,40,non_tail,1,7.269810885190964e-05,0.0
w0.2,80,17,80,tail,1,-0.02195596694946289,0.0
w0.2,80,20,0,non_tail,1,-4.1241757571697235e-05,0.0
w0.2,80,20,1,non_tail,1,-0.0007902178913354874,0.0
w0.2,80,20,3,non_tail,3,-0.019190112749735505,0.0
w0.2,80,20,5,non_tail,1,0.00010087573900818825,0.0
w0.2,80,20,9,non_tail,1,-0.012325763702392578,0.0
w0.2,80,20,11,non_tail,2,0.0005661249160766602,0.0
w0.2,80,20,15,non_tail,1,0.004841834306716919,0.0
w0.2,80,20,16,non_tail,2,0.00012159813195466995,0.0
w0.2,80,20,21,non_tail,1,-0.002602875232696533,0.0
w0.2,80,20,32,non_tail,1,0.003074467182159424,0.0
w0.2,80,20,33,non_tail,1,0.0003758929669857025,0.0
w0.2,80,20,34,non_tail,1,-0.0005575418472290039,0.0
w0.2,80,20,81,tail,1,0.001812756061553955,0.0
w0.2,80,20,82,tail,1,0.06933188438415527,0.0
w0.2,80,20,87,tail,1,-1.1611729860305786e-05,0.0
w0.2,80,21,0,non_tail,1,-6.219930946826935e-05,0.0
w0.2,80,21,7,non_tail,1,-0.0034654438495635986,0.0
w0.2,80,21,10,non_tail,1,-0.000644385814666748,0.0
w0.2,80,21,14,non_tail,4,-0.01948125334456563,0.0
w0.2,80,21,17,non_tail,3,0.00014633809526761604,0.0
w0.2,80,21,19,non_tail,1,-0.03995823860168457,0.0
w0.2,80,21,23,non_tail,2,-0.0006533786654472351,0.0
w0.2,80,21,26,non_tail,1,-0.0005126148462295532,0.0
w0.2,80,21,29,non_tail,1,0.017380088567733765,0.0
w0.2,80,21,33,non_tail,1,-0.03400278091430664,0.0
w0.2,80,21,82,tail,1,0.00018477439880371094,0.0
w0.2,80,24,2,non_tail,1,0.0058515965938568115,0.0
w0.2,80,24,6,non_tail,3,-0.013670836885770143,0.0
w0.2,80,24,7,non_tail,2,-0.007455214858055115,0.0
w0.2,80,24,14,non_tail,2,-0.026349620893597603,0.0
w0.2,80,24,15,non_tail,1,0.0002965591847896576,0.0
w0.2,80,24,17,non_tail,1,-5.709007382392883e-06,0.0
w0.2,80,24,18,non_tail,1,-0.014615580439567566,0.0
w0.2,80,24,23,non_tail,1,0.0007337853312492371,0.0
w0.2,80,24,25,non_tail,1,-0.003249943256378174,0.0
w0.2,80,24,30,non_tail,1,0.03138160705566406,0.0
w0.2,80,24,42,non_tail,1,3.867631312459707e-05,0.0
w0.2,80,24,43,non_tail,1,0.02935957908630371,0.0
w0.2,80,24,98,tail,1,0.004070401191711426,0.0
w0.2,80,25,3,non_tail,1,-0.0002814196050167084,0.0
w0.2,80,25,5,non_tail,2,0.0004681050777435303,0.0
w0.2,80,25,6,non_tail,1,1.879618503153324e-05,0.0
w0.2,80,25,14,non_tail,1,-0.00011370982974767685,0.0
w0.2,80,25,15,non_tail,5,-0.0031178571283817236,0.0
w0.2,80,25,16,non_tail,1,-8.562812581658363e-06,0.0
w0.2,80,25,21,non_tail,3,-0.002878002511958272,0.0
w0.2,80,25,41,non_tail,1,-0.015137195587158203,0.0
w0.2,80,25,45,non_tail,1,-0.01415395736694336,0.0
w0.2,80,25,80,tail,1,0.05496084690093994,0.0
w0.2,80,25,89,tail,1,0.008728265762329102,0.0
w0.2,80,25,99,tail,1,0.004580587148666382,0.0
w0.2,80,26,0,non_tail,6,0.0006486744775126424,0.0
w0.2,80,26,1,non_tail,1,-0.0010491423308849335,0.0
w0.2,80,26,8,non_tail,1,4.516448825597763e-06,0.0
w0.2,80,26,13,non_tail,2,6.409012712538242e-06,0.0
w0.2,80,26,15,non_tail,1,0.025163769721984863,0.0
w0.2,80,26,16,non_tail,1,-1.1894386261701584e-05,0.0
w0.2,80,26,20,non_tail,1,-1.3935437891632318e-05,0.0
w0.2,80,26,29,non_tail,1,0.028189897537231445,0.0
w0.2,80,26,37,non_tail,1,-0.0022058486938476562,0.0
w0.2,80,26,58,non_tail,1,3.8525788113474846e-05,0.0
w0.2,80,26,80,tail,1,0.0018448084592819214,0.0
w0.2,80,26,88,tail,1,-0.020666122436523438,0.0
w0.2,80,26,91,tail,1,0.018583297729492188,0.0
w0.2,80,27,0,non_tail,1,-2.3929518647491932e-05,0.0
w0.2,80,27,2,non_tail,1,0.006156444549560547,0.0
w0.2,80,27,6,non_tail,1,0.00015920400619506836,0.0
w0.2,80,27,7,non_tail,1,0.006160736083984375,0.0
w0.2,80,27,81,tail,5,0.014539909362792702,0.0
w0.2,80,27,82,tail,4,0.020182188600301743,0.0
w0.2,80,27,83,tail,6,0.007818063100178962,0.0
w0.2,80,27,84,tail,1,-0.008386671543121338,0.0
w0.2,80,27,86,tail,6,0.0036756197611489405,0.0
w0.2,80,27,87,tail,2,0.0002755969762802124,0.0
w0.2,80,27,88,tail,5,-0.008228588104248091,0.0
w0.2,80,27,93,tail,4,0.026984095573425293,0.0
w0.2,80,27,94,tail,5,-0.011218070983886719,0.0
w0.2,80,27,95,tail,1,0.02150726318359375,0.0
w0.2,80,27,98,tail,3,0.016606569290161133,0.0
w0.2,80,28,3,non_tail,1,-0.0011798962950706482,0.0
w0.2,80,28,5,non_tail,1,5.243998020887375e-05,0.0
w0.2,80,28,82,tail,4,0.020915508270263672,0.0
w0.2,80,28,83,tail,2,0.026185035705566406,0.0
w0.2,80,28,84,tail,6,0.012181123097738222,0.0
w0.2,80,28,85,tail,2,-0.023612022399902344,0.0
w0.2,80,28,86,tail,1,3.389175981283188e-05,0.0
w0.2,80,28,87,tail,1,0.013856887817382812,0.0
w0.2,80,28,89,tail,4,-0.017151355743408203,0.0
w0.2,80,28,90,tail,1,-0.0004791058599948883,0.0
w0.2,80,28,91,tail,3,-0.006881078084310044,0.0
w0.2,80,28,92,tail,3,0.0008680025736493846,0.0
w0.2,80,28,93,tail,1,0.09132528305053711,0.0
w0.2,80,28,96,tail,3,0.012090047200520981,0.0
w0.2,80,28,97,tail,1,-0.049416542053222656,0.0
w0.2,80,28,98,tail,1,0.01558685302734375,0.0
w0.2,80,28,99,tail,4,-0.0019774436950683594,0.0
w0.2,80,29,1,non_tail,1,-0.0019061118364334106,0.0
w0.2,80,29,4,non_tail,1,0.06220841407775879,0.0
w0.2,80,29,8,non_tail,1,-0.0002827644348144531,0.0
w0.2,80,29,9,non_tail,1,-0.00025233812630176544,0.0
w0.2,80,29,10,non_tail,1,-0.00385969877243042,0.0
w0.2,80,29,80,tail,8,0.006634235382080078,0.0
w0.2,80,29,81,tail,4,0.008134126663208008,0.0
w0.2,80,29,84,tail,1,-0.017644882202148438,0.0
w0.2,80,29,85,tail,5,0.0004451230168342618,0.0
w0.2,80,29,87,tail,3,-0.0032990773518877248,0.0
w0.2,80,29,88,tail,1,-0.013944387435913086,0.0
w0.2,80,29,89,tail,1,-0.04973006248474121,0.0
w0.2,80,29,90,tail,4,-0.0017725080251693726,0.0
w0.2,80,29,91,tail,2,-0.006681323051452637,0.0
w0.2,80,29,92,tail,2,0.022670745849609375,0.0
w0.2,80,29,95,tail,4,0.026451289653778076,0.0
w0.2,80,29,96,tail,1,0.003343529999256134,0.0
w0.2,80,29,97,tail,3,-0.01908334096272757,0.0
w0.2,90,0,0,non_tail,1,-6.4437510445714e-05,0.0
w0.2,90,0,2,non_tail,5,0.001446753740310669,0.0
w0.2,90,0,4,non_tail,1,-0.03079056739807129,0.0
w0.2,90,0,5,non_tail,1,-0.005774170160293579,0.0
w0.2,90,0,8,non_tail,1,-1.3110548024997115e-06,0.0
w0.2,90,0,15,non_tail,1,1.2628326658159494e-05,0.0
w0.2,90,0,37,non_tail,1,-0.00012852344661951065,0.0
w0.2,90,0,55,non_tail,1,0.010895073413848877,0.0
w0.2,90,0,60,non_tail,1,-0.014957785606384277,0.0
w0.2,90,0,66,non_tail,1,0.0003797318786382675,0.0
w0.2,90,0,69,non_tail,1,0.11530077457427979,0.0
w0.2,90,0,74,non_tail,1,0.07803678512573242,0.0
w0.2,90,0,81,tail,1,0.025426387786865234,0.0
w0.2,90,0,83,tail,1,0.015718698501586914,0.0
w0.2,90,1,0,non_tail,3,-2.9310613172128797e-05,0.0
w0.2,90,1,1,non_tail,1,0.00047304853796958923,0.0
w0.2,90,1,7,non_tail,6,-0.007482349872589111,0.0
w0.2,90,1,24,non_tail,1,0.014537215232849121,0.0
w0.2,90,1,28,non_tail,1,1.5428755432367325e-05,0.0
w0.2,90,1,30,non_tail,1,8.606910705566406e-05,0.0
w0.2,90,1,46,non_tail,1,-0.00607609748840332,0.0
w0.2,90,1,53,non_tail,2,0.009148389101028442,0.0
w0.2,90,1,86,tail,1,-0.015283823013305664,0.0
w0.2,90,2,0,non_tail,1,-1.5249126590788364e-05,0.0
w0.2,90,2,3,non_tail,2,-0.022741496562957764,0.0
w0.2,90,2,5,non_tail,4,-0.0019230000907555223,0.0
w0.2,90,2,6,non_tail,2,0.00040335487574338913,0.0
w0.2,90,2,10,non_tail,2,0.014415830373764038,0.0
w0.2,90,2,16,non_tail,1,0.0005612373352050781,0.0
w0.2,90,2,22,non_tail,2,-0.024951815605163574,0.0
w0.2,90,2,42,non_tail,1,-0.006824016571044922,0.0
w0.2,90,2,77,non_tail,1,0.009018898010253906,0.0
w0.2,90,2,82,tail,1,0.0010298751294612885,0.0
w0.2,90,2,91,tail,1,-0.015079736709594727,0.0
w0.2,90,2,95,tail,1,0.00689697265625,0.0
w0.2,90,3,2,non_tail,1,0.0038688182830810547,0.0
w0.2,90,3,3,non_tail,1,-0.003181852400302887,0.0
w0.2,90,3,6,non_tail,4,-0.0013379422016441822,0.0
w0.2,90,3,12,non_tail,3,-0.019913072387377495,0.0
w0.2,90,3,14,non_tail,1,8.356734178960323e-05,0.0
w0.2,90,3,20,non_tail,1,1.906795660033822e-06,0.0
w0.2,90,3,31,non_tail,1,0.00027573946863412857,0.0
w0.2,90,3,36,non_tail,1,0.001969851553440094,0.0
w0.2,90,3,45,non_tail,1,0.0075986385345458984,0.0
w0.2,90,3,77,non_tail,1,0.049666404724121094,0.0
w0.2,90,3,79,non_tail,1,-0.00034809112548828125,0.0
w0.2,90,3,90,tail,1,-0.0020131096243858337,0.0
w0.2,90,3,94,tail,1,-0.0001020999625325203,0.0
w0.2,90,4,1,non_tail,2,-4.104524850845337e-05,0.0
w0.2,90,4,2,non_tail,1,0.0016744136810302734,0.0
w0.2,90,4,3,non_tail,1,-0.12622904777526855,0.0
w0.2,90,4,4,non_tail,2,-0.006269797682762146,0.0
w0.2,90,4,5,non_tail,1,-3.2604788430035114e-05,0.0
w0.2,90,4,9,non_tail,1,0.0008097141981124878,0.0
w0.2,90,4,11,non_tail,2,-0.0035046711564064026,0.0
w0.2,90,4,17,non_tail,1,0.00021893810480833054,0.0
w0.2,90,4,20,non_tail,2,6.849193596281111e-06,0.0
w0.2,90,4,24,non_tail,1,0.00283157080411911,0.0
w0.2,90,4,46,non_tail,1,-0.0012631416320800781,0.0
w0.2,90,4,65,non_tail,1,0.032770633697509766,0.0
w0.2,90,4,92,tail,1,0.004208564758300781,0.0
w0.2,90,4,97,tail,1,-0.05377388000488281,0.0
w0.2,90,6,1,non_tail,1,0.0003267154097557068,0.0
w0.2,90,6,2,non_tail,2,0.004130929708480835,0.0
w0.2,90,6,7,non_tail,3,-0.009140060593684551,0.0
w0.2,90,6,12,non_tail,3,-0.003096980042755604,0.0
w0.2,90,6,18,non_tail,1,0.0007962211966514587,0.0
w0.2,90,6,23,non_tail,2,-0.000764826312661171,0.0
w0.2,90,6,32,non_tail,1,0.046901822090148926,0.0
w0.2,90,6,38,non_tail,1,-0.005213379859924316,0.0
w0.2,90,6,54,non_tail,1,0.00844961404800415,0.0
w0.2,90,6,70,non_tail,1,0.00019073951989412308,0.0
w0.2,90,6,84,tail,1,-0.010138273239135742,0.0
w0.2,90,8,4,non_tail,1,-0.006451889872550964,0.0
w0.2,90,8,5,non_tail,1,-2.346298424527049e-05,0.0
w0.2,90,8,6,non_tail,2,0.00034778984263539314,0.0
w0.2,90,8,7,non_tail,1,-1.3785203918814659e-05,0.0
w0.2,90,8,15,non_tail,1,0.0001498386263847351,0.0
w0.2,90,8,17,non_tail,1,0.0005480870604515076,0.0
w0.2,90,8,21,non_tail,1,1.3097422197461128e-05,0.0
w0.2,90,8,26,non_tail,3,-0.013772646586100112,0.0
w0.2,90,8,38,non_tail,1,7.984897820279002e-06,0.0
w0.2,90,8,46,non_tail,1,0.00019894540309906006,0.0
w0.2,90,8,57,non_tail,1,0.006593495607376099,0.0
w0.2,90,8,58,non_tail,1,0.010581731796264648,0.0
w0.2,90,8,62,non_tail,1,0.012478828430175781,0.0
w0.2,90,8,83,tail,1,0.05571293830871582,0.0
w0.2,90,9,1,non_tail,1,0.000717800110578537,0.0
w0.2,90,9,2,non_tail,1,7.674098014831543e-05,0.0
w0.2,90,9,4,non_tail,2,0.015127748250961304,0.0
w0.2,90,9,6,non_tail,1,0.0001642282586544752,0.0
w0.2,90,9,7,non_tail,1,-0.0014164000749588013,0.0
w0.2,90,9,13,non_tail,1,9.64747741818428e-05,0.0
w0.2,90,9,14,non_tail,4,-0.0019393693655729294,0.0
w0.2,90,9,17,non_tail,1,-9.159557521343231e-06,0.0
w0.2,90,9,35,non_tail,1,-4.44948673248291e-05,0.0
w0.2,90,9,52,non_tail,1,0.009784460067749023,0.0
w0.2,90,9,67,non_tail,1,0.0037279725074768066,0.0
w0.2,90,9,79,non_tail,1,-0.037992000579833984,0.0
w0.2,90,9,86,tail,1,0.0026637911796569824,0.0
w0.2,90,9,89,tail,1,-0.037604331970214844,0.0
w0.2,90,12,0,non_tail,1,-2.383676473982632e-06,0.0
w0.2,90,12,1,non_tail,2,0.01886659860610962,0.0
w0.2,90,12,3,non_tail,1,0.00027750246226787567,0.0
w0.2,90,12,10,non_tail,1,-1.2262840755283833e-05,0.0
w0.2,90,12,12,non_tail,1,-0.0009622778743505478,0.0
w0.2,90,12,13,non_tail,2,-0.0012520458549261093,0.0
w0.2,90,12,17,non_tail,1,-9.14139673113823e-06,0.0
w0.2,90,12,26,non_tail,1,-0.0005374662578105927,0.0
w0.2,90,12,27,non_tail,2,0.02833995223045349,0.0
w0.2,90,12,28,non_tail,1,4.3477863073349e-05,0.0
w0.2,90,12,38,non_tail,1,-0.0010738670825958252,0.0
w0.2,90,12,41,non_tail,1,0.00020799599587917328,0.0
w0.2,90,12,59,non_tail,1,-0.004931330680847168,0.0
w0.2,90,12,85,tail,1,-0.00935351848602295,0.0
w0.2,90,12,90,tail,1,-0.016910791397094727,0.0
w0.2,90,13,4,non_tail,3,-0.005732561151186616,0.0
w0.2,90,13,6,non_tail,1,-1.4003831893205643e-05,0.0
w0.2,90,13,8,non_tail,2,-4.479382187128067e-05,0.0
w0.2,90,13,11,non_tail,1,-7.079169154167175e-05,0.0
w0.2,90,13,25,non_tail,2,0.00024526193737983704,0.0
w0.2,90,13,26,non_tail,3,-0.00795692702134454,0.0
w0.2,90,13,28,non_tail,1,0.021322965621948242,0.0
w0.2,90,13,40,non_tail,1,-0.00012376904487609863,0.0
w0.2,90,13,58,non_tail,1,-0.0004230514168739319,0.0
w0.2,90,13,68,non_tail,1,-0.0014731436967849731,0.0
w0.2,90,13,87,tail,1,0.00013509392738342285,0.0
w0.2,90,14,1,non_tail,1,0.00030255410820245743,0.0
w0.2,90,14,4,non_tail,1,-0.007598757743835449,0.0
w0.2,90,14,11,non_tail,1,-0.00027170032262802124,0.0
w0.2,90,14,14,non_tail,2,0.0006084069609642029,0.0
w0.2,90,14,17,non_tail,1,-0.0038982629776000977,0.0
w0.2,90,14,21,non_tail,2,0.0001755037810653448,0.0
w0.2,90,14,28,non_tail,2,0.004257090389728546,0.0
w0.2,90,14,32,non_tail,1,3.330875188112259e-06,0.0
w0.2,90,14,43,non_tail,1,0.00729784369468689,0.0
w0.2,90,14,46,non_tail,1,0.004847019910812378,0.0
w0.2,90,14,55,non_tail,1,0.027237415313720703,0.0
w0.2,90,14,56,non_tail,1,0.013814806938171387,0.0
w0.2,90,14,75,non_tail,1,0.03467535972595215,0.0
w0.2,90,14,85,tail,1,0.04620790481567383,0.0
w0.2,90,14,96,tail,1,0.01845872402191162,0.0
w0.2,90,15,0,non_tail,5,0.0001816868782043568,0.0
w0.2,90,15,2,non_tail,1,0.00015053898096084595,0.0
w0.2,90,15,3,non_tail,3,-0.0008331847687562295,0.0
w0.2,90,15,9,non_tail,1,-0.0004288330674171448,0.0
w0.2,90,15,13,non_tail,1,-0.005008101463317871,0.0
w0.2,90,15,16,non_tail,1,0.06451702117919922,0.0
w0.2,90,15,19,non_tail,1,0.00010676891542971134,0.0
w0.2,90,15,53,non_tail,1,0.0007155872881412506,0.0
w0.2,90,15,57,non_tail,1,0.007172286510467529,0.0
w0.2,90,15,66,non_tail,1,-0.0010030269622802734,0.0
w0.2,90,15,84,tail,1,-0.025557518005371094,0.0
w0.2,90,15,88,tail,1,0.0003240853548049927,0.0
w0.2,90,16,0,non_tail,1,-0.0004970617592334747,0.0
w0.2,90,16,1,non_tail,1,3.909273073077202e-05,0.0
w0.2,90,16,2,non_tail,1,0.00031798332929611206,0.0
w0.2,90,16,4,non_tail,2,-0.0002727508544921875,0.0
w0.2,90,16,10,non_tail,3,-0.0173741181691488,0.0
w0.2,90,16,11,non_tail,2,-0.00040427595376968384,0.0
w0.2,90,16,29,non_tail,1,3.215984907001257e-05,0.0
w0.2,90,16,30,non_tail,1,0.034305572509765625,0.0
w0.2,90,16,36,non_tail,1,0.0014680922031402588,0.0
w0.2,90,16,41,non_tail,1,0.0029450878500938416,0.0
w0.2,90,16,59,non_tail,1,0.0016045570373535156,0.0
w0.2,90,16,74,non_tail,1,0.03201359510421753,0.0
w0.2,90,16,93,tail,1,0.0612795352935791,0.0
w0.2,90,17,1,non_tail,1,6.53672032058239e-06,0.0
w0.2,90,17,3,non_tail,1,-0.019078969955444336,0.0
w0.2,90,17,4,non_tail,2,0.017686128616333008,0.0
w0.2,90,17,5,non_tail,1,-0.047088027000427246,0.0
w0.2,90,17,6,non_tail,1,3.858224954456091e-05,0.0
w0.2,90,17,13,non_tail,2,0.0009512007236480713,0.0
w0.2,90,17,18,non_tail,2,-0.013860225677490234,0.0
w0.2,90,17,23,non_tail,1,-0.0005298685282468796,0.0
w0.2,90,17,26,non_tail,1,0.014131665229797363,0.0
w0.2,90,17,30,non_tail,1,0.004007585346698761,0.0
w0.2,90,17,31,non_tail,1,0.07298290729522705,0.0
w0.2,90,17,33,non_tail,1,-0.06907081604003906,0.0
w0.2,90,17,40,non_tail,1,-0.0001867460086941719,0.0
w0.2,90,17,80,tail,1,-0.024261951446533203,0.0
w0.2,90,20,0,non_tail,1,-6.0589052736759186e-05,0.0
w0.2,90,20,1,non_tail,1,-0.0003397064283490181,0.0
w0.2,90,20,3,non_tail,3,-0.025075276692708343,0.0
w0.2,90,20,5,non_tail,1,-0.00021431734785437584,0.0
w0.2,90,20,9,non_tail,1,-0.00110626220703125,0.0
w0.2,90,20,11,non_tail,2,-4.83393669128418e-05,0.0
w0.2,90,20,15,non_tail,1,0.007481321692466736,0.0
w0.2,90,20,16,non_tail,2,0.0033837133087217808,0.0
w0.2,90,20,21,non_tail,1,0.009405821561813354,0.0
w0.2,90,20,32,non_tail,1,0.009768009185791016,0.0
w0.2,90,20,33,non_tail,1,0.0008553564548492432,0.0
w0.2,90,20,34,non_tail,1,0.005375534296035767,0.0
w0.2,90,20,81,tail,1,0.017620444297790527,0.0
w0.2,90,20,82,tail,1,0.12453889846801758,0.0
w0.2,90,20,87,tail,1,0.00011447444558143616,0.0
w0.2,90,21,0,non_tail,1,-0.00026088394224643707,0.0
w0.2,90,21,7,non_tail,1,-0.003016948699951172,0.0
w0.2,90,21,10,non_tail,1,0.004422813653945923,0.0
w0.2,90,21,14,non_tail,4,-0.012351782526820898,0.0
w0.2,90,21,17,non_tail,3,-3.347794214884209e-05,0.0
w0.2,90,21,19,non_tail,1,-0.06541609764099121,0.0
w0.2,90,21,23,non_tail,2,-0.0024110078811645508,0.0
w0.2,90,21,26,non_tail,1,-0.002582959830760956,0.0
w0.2,90,21,29,non_tail,1,0.012145698070526123,0.0
w0.2,90,21,33,non_tail,1,-0.0006265640258789062,0.0
w0.2,90,21,82,tail,1,0.007410764694213867,0.0
w0.2,90,24,2,non_tail,1,0.0037648379802703857,0.0
w0.2,90,24,6,non_tail,3,0.002728663384914398,0.0
w0.2,90,24,7,non_tail,2,-0.00672033429145813,0.0
w0.2,90,24,14,non_tail,2,-0.011078404262661934,0.0
w0.2,90,24,15,non_tail,1,0.0006448626518249512,0.0
w0.2,90,24,17,non_tail,1,-1.1776108294725418e-05,0.0
w0.2,90,24,18,non_tail,1,-0.009767495095729828,0.0
w0.2,90,24,23,non_tail,1,0.0005259290337562561,0.0
w0.2,90,24,25,non_tail,1,0.0031397342681884766,0.0
w0.2,90,24,30,non_tail,1,0.05373084545135498,0.0
w0.2,90,24,42,non_tail,1,7.09479209035635e-05,0.0
w0.2,90,24,43,non_tail,1,0.12272393703460693,0.0
w0.2,90,24,98,tail,1,0.0008369684219360352,0.0
w0.2,90,25,3,non_tail,1,-0.0005207974463701248,0.0
w0.2,90,25,5,non_tail,2,-0.0011837854981422424,0.0
w0.2,90,25,6,non_tail,1,6.0562859289348125e-05,0.0
w0.2,90,25,14,non_tail,1,0.0002052532508969307,0.0
w0.2,90,25,15,non_tail,5,0.0023485012352466583,0.0
w0.2,90,25,16,non_tail,1,5.982769653201103e-05,0.0
w0.2,90,25,21,non_tail,3,0.004595531461139515,0.0
w0.2,90,25,41,non_tail,1,-0.027617454528808594,0.0
w0.2,90,25,45,non_tail,1,-0.03654289245605469,0.0
w0.2,90,25,80,tail,1,0.014763116836547852,0.0
w0.2,90,25,89,tail,1,0.02928638458251953,0.0
w0.2,90,25,99,tail,1,0.0024905800819396973,0.0
w0.2,90,26,0,non_tail,6,0.0006702460038165298,0.0
w0.2,90,26,1,non_tail,1,-8.644163608551025e-05,0.0
w0.2,90,26,8,non_tail,1,1.5215715393424034e-05,0.0
w0.2,90,26,13,non_tail,2,-1.50331761687994e-05,0.0
w0.2,90,26,15,non_tail,1,0.07311797142028809,0.0
w0.2,90,26,16,non_tail,1,4.163500852882862e-05,0.0
w0.2,90,26,20,non_tail,1,1.3459939509630203e-05,0.0
w0.2,90,26,29,non_tail,1,0.040970802307128906,0.0
w0.2,90,26,37,non_tail,1,0.0001742839813232422,0.0
w0.2,90,26,58,non_tail,1,5.195732228457928e-05,0.0
w0.2,90,26,80,tail,1,0.002196185290813446,0.0
w0.2,90,26,88,tail,1,0.07053327560424805,0.0
w0.2,90,26,91,tail,1,0.0029659271240234375,0.0
w0.2,90,27,0,non_tail,1,-2.1072220988571644e-05,0.0
w0.2,90,27,2,non_tail,1,0.008573293685913086,0.0
w0.2,90,27,6,non_tail,1,0.0035461485385894775,0.0
w0.2,90,27,7,non_tail,1,-0.026185989379882812,0.0
w0.2,90,27,81,tail,5,0.034190940856933416,0.0
w0.2,90,27,82,tail,4,0.012019980698823929,0.0
w0.2,90,27,83,tail,6,0.018451690673828125,0.0
w0.2,90,27,84,tail,1,-0.015381455421447754,0.0
w0.2,90,27,86,tail,6,0.007847785949707031,0.0
w0.2,90,27,87,tail,2,1.654401421546936e-05,0.0
w0.2,90,27,88,tail,5,0.01661968231201172,0.0
w0.2,90,27,93,tail,4,0.02984309196472168,0.0
w0.2,90,27,94,tail,5,-0.01943893432617161,0.0
w0.2,90,27,95,tail,1,0.026424884796142578,0.0
w0.2,90,27,98,tail,3,0.006728569666544892,0.0
w0.2,90,28,3,non_tail,1,-0.002121374011039734,0.0
w0.2,90,28,5,non_tail,1,-0.00020310934633016586,0.0
w0.2,90,28,82,tail,4,0.01260077953338623,0.0
w0.2,90,28,83,tail,2,0.04238557815551758,0.0
w0.2,90,28,84,tail,6,0.009466807047526338,0.0
w0.2,90,28,85,tail,2,-0.01675558090209961,0.0
w0.2,90,28,86,tail,1,9.764544665813446e-05,0.0
w0.2,90,28,87,tail,1,-0.01600170135498047,0.0
w0.2,90,28,89,tail,4,0.002334117889404297,0.0
w0.2,90,28,90,tail,1,-0.00023832544684410095,0.0
w0.2,90,28,91,tail,3,-0.009356816609700669,0.0
w0.2,90,28,92,tail,3,0.0033218065897622218,0.0
w0.2,90,28,93,tail,1,0.05659151077270508,0.0
w0.2,90,28,96,tail,3,0.039853254954020034,0.0
w0.2,90,28,97,tail,1,0.0038909912109375,0.0
w0.2,90,28,98,tail,1,0.0026590824127197266,0.0
w0.2,90,28,99,tail,4,0.008208751678466797,0.0
w0.2,90,29,1,non_tail,1,-0.0003504455089569092,0.0
w0.2,90,29,4,non_tail,1,0.0030045509338378906,0.0
w0.2,90,29,8,non_tail,1,-0.009360074996948242,0.0
w0.2,90,29,9,non_tail,1,-0.00016630906611680984,0.0
w0.2,90,29,10,non_tail,1,-0.0025275349617004395,0.0
w0.2,90,29,80,tail,8,0.010409832000732422,0.0
w0.2,90,29,81,tail,4,0.027283668518066406,0.0
w0.2,90,29,84,tail,1,-0.03604316711425781,0.0
w0.2,90,29,85,tail,5,0.0008075922727584783,0.0
w0.2,90,29,87,tail,3,-0.005456288655598662,0.0
w0.2,90,29,88,tail,1,0.008406281471252441,0.0
w0.2,90,29,89,tail,1,-0.0036467313766479492,0.0
w0.2,90,29,90,tail,4,-0.0065469685941934586,0.0
w0.2,90,29,91,tail,2,0.009585380554199219,0.0
w0.2,90,29,92,tail,2,0.01398324966430664,0.0
w0.2,90,29,95,tail,4,0.029276609420776367,0.0
w0.2,90,29,96,tail,1,0.004356909543275833,0.0
w0.2,90,29,97,tail,3,-0.03284931182861328,0.0
w0.2,100,0,0,non_tail,1,5.588540807366371e-05,0.0
w0.2,100,0,2,non_tail,5,-0.006534512341022508,0.0
w0.2,100,0,4,non_tail,1,0.028936266899108887,0.0
w0.2,100,0,5,non_tail,1,0.00902799516916275,0.0
w0.2,100,0,8,non_tail,1,8.343195077031851e-07,0.0
w0.2,100,0,15,non_tail,1,-1.6679405234754086e-06,0.0
w0.2,100,0,37,non_tail,1,0.00015316950157284737,0.0
w0.2,100,0,55,non_tail,1,0.015352070331573486,0.0
w0.2,100,0,60,non_tail,1,0.037732064723968506,0.0
w0.2,100,0,66,non_tail,1,9.768083691596985e-05,0.0
w0.2,100,0,69,non_tail,1,-0.052834510803222656,0.0
w0.2,100,0,74,non_tail,1,0.0019478797912597656,0.0
w0.2,100,0,81,tail,1,-0.0175018310546875,0.0
w0.2,100,0,83,tail,1,0.0023772716522216797,0.0
w0.2,100,1,0,non_tail,3,1.1734363700573354e-05,0.0
w0.2,100,1,1,non_tail,1,0.001745348796248436,0.0
w0.2,100,1,7,non_tail,6,-0.010364313920338875,0.0
w0.2,100,1,24,non_tail,1,0.011394023895263672,0.0
w0.2,100,1,28,non_tail,1,-4.4974032789468765e-05,0.0
w0.2,100,1,30,non_tail,1,0.003583773970603943,0.0
w0.2,100,1,46,non_tail,1,0.016723155975341797,0.0
w0.2,100,1,53,non_tail,2,-0.0034116357564926147,0.0
w0.2,100,1,86,tail,1,0.039891958236694336,0.0
w0.2,100,2,0,non_tail,1,1.4177290722727776e-05,0.0
w0.2,100,2,3,non_tail,2,-0.012001097202301025,0.0
w0.2,100,2,5,non_tail,4,0.003356562287081033,0.0
w0.2,100,2,6,non_tail,2,-9.695906192064285e-05,0.0
w0.2,100,2,10,non_tail,2,0.02136075496673584,0.0
w0.2,100,2,16,non_tail,1,-0.0046672821044921875,0.0
w0.2,100,2,22,non_tail,2,-0.006269335746765137,0.0
w0.2,100,2,42,non_tail,1,-0.030699491500854492,0.0
w0.2,100,2,77,non_tail,1,-0.004699230194091797,0.0
w0.2,100,2,82,tail,1,-0.0005594193935394287,0.0
w0.2,100,2,91,tail,1,0.01330411434173584,0.0
w0.2,100,2,95,tail,1,1.811981201171875e-05,0.0
w0.2,100,3,2,non_tail,1,-0.00024962425231933594,0.0
w0.2,100,3,3,non_tail,1,-0.0008788332343101501,0.0
w0.2,100,3,6,non_tail,4,-0.007800716906785965,0.0
w0.2,100,3,12,non_tail,3,0.005139877398808834,0.0
w0.2,100,3,14,non_tail,1,-2.3774337023496628e-06,0.0
w0.2,100,3,20,non_tail,1,-1.2155593140050769e-05,0.0
w0.2,100,3,31,non_tail,1,0.0001615476794540882,0.0
w0.2,100,3,36,non_tail,1,0.0017346292734146118,0.0
w0.2,100,3,45,non_tail,1,0.0005086958408355713,0.0
w0.2,100,3,77,non_tail,1,-0.05721139907836914,0.0
w0.2,100,3,79,non_tail,1,-0.0007295608520507812,0.0
w0.2,100,3,90,tail,1,0.0022537484765052795,0.0
w0.2,100,3,94,tail,1,2.9721995815634727e-05,0.0
w0.2,100,4,1,non_tail,2,0.0007877647876739502,0.0
w0.2,100,4,2,non_tail,1,-0.020366370677947998,0.0
w0.2,100,4,3,non_tail,1,-0.0019447803497314453,0.0
w0.2,100,4,4,non_tail,2,0.01140768826007843,0.0
w0.2,100,4,5,non_tail,1,5.35501167178154e-05,0.0
w0.2,100,4,9,non_tail,1,-0.0003956444561481476,0.0
w0.2,100,4,11,non_tail,2,0.010692529380321503,0.0
w0.2,100,4,17,non_tail,1,2.9741786420345306e-05,0.0
w0.2,100,4,20,non_tail,2,-1.4056502550374717e-05,0.0
w0.2,100,4,24,non_tail,1,0.0014469772577285767,0.0
w0.2,100,4,46,non_tail,1,0.011070609092712402,0.0
w0.2,100,4,65,non_tail,1,-0.05372953414916992,0.0
w0.2,100,4,92,tail,1,0.018189430236816406,0.0
w0.2,100,4,97,tail,1,-0.0006198883056640625,0.0
w0.2,100,6,1,non_tail,1,0.002256430685520172,0.0
w0.2,100,6,2,non_tail,2,-0.007998138666152954,0.0
w0.2,100,6,7,non_tail,3,-0.00201396644115448,0.0
w0.2,100,6,12,non_tail,3,0.0012396673361460345,0.0
w0.2,100,6,18,non_tail,1,-0.00505472719669342,0.0
w0.2,100,6,23,non_tail,2,-0.005386086646467447,0.0
w0.2,100,6,32,non_tail,1,-0.07749319076538086,0.0
w0.2,100,6,38,non_tail,1,0.04111170768737793,0.0
w0.2,100,6,54,non_tail,1,0.009694457054138184,0.0
w0.2,100,6,70,non_tail,1,-0.00023740343749523163,0.0
w0.2,100,6,84,tail,1,0.011850595474243164,0.0
w0.2,100,8,4,non_tail,1,-0.0015521571040153503,0.0
w0.2,100,8,5,non_tail,1,4.2996194679290056e-05,0.0
w0.2,100,8,6,non_tail,2,-0.00035899761132895947,0.0
w0.2,100,8,7,non_tail,1,7.142848335206509e-05,0.0
w0.2,100,8,15,non_tail,1,-0.0007298458367586136,0.0
w0.2,100,8,17,non_tail,1,0.00014073774218559265,0.0
w0.2,100,8,21,non_tail,1,9.049428626894951e-06,0.0
w0.2,100,8,26,non_tail,3,0.0031059583028159032,0.0
w0.2,100,8,38,non_tail,1,-1.310952939093113e-06,0.0
w0.2,100,8,46,non_tail,1,0.004659757018089294,0.0
w0.2,100,8,57,non_tail,1,-0.0024888217449188232,0.0
w0.2,100,8,58,non_tail,1,-0.02061319351196289,0.0
w0.2,100,8,62,non_tail,1,0.02082037925720215,0.0
w0.2,100,8,83,tail,1,-0.023748397827148438,0.0
w0.2,100,9,1,non_tail,1,0.0022180266678333282,0.0
w0.2,100,9,2,non_tail,1,-0.0010335743427276611,0.0
w0.2,100,9,4,non_tail,2,0.010933995246887207,0.0
w0.2,100,9,6,non_tail,1,2.3052096366882324e-05,0.0
w0.2,100,9,7,non_tail,1,0.0009043067693710327,0.0
w0.2,100,9,13,non_tail,1,3.098137676715851e-05,0.0
w0.2,100,9,14,non_tail,4,-0.009504601126536727,0.0
w0.2,100,9,17,non_tail,1,-7.852446287870407e-06,0.0
w0.2,100,9,35,non_tail,1,0.0007821060717105865,0.0
w0.2,100,9,52,non_tail,1,0.007931351661682129,0.0
w0.2,100,9,67,non_tail,1,0.009717166423797607,0.0
w0.2,100,9,79,non_tail,1,0.014024019241333008,0.0
w0.2,100,9,86,tail,1,0.006097584962844849,0.0
w0.2,100,9,89,tail,1,0.024017810821533203,0.0
w0.2,100,12,0,non_tail,1,4.7673529479652643e-07,0.0
w0.2,100,12,1,non_tail,2,0.04385104775428772,0.0
w0.2,100,12,3,non_tail,1,-0.0001286230981349945,0.0
w0.2,100,12,10,non_tail,1,2.0359293557703495e-05,0.0
w0.2,100,12,12,non_tail,1,9.851530194282532e-06,0.0
w0.2,100,12,13,non_tail,2,0.0036223242059350014,0.0
w0.2,100,12,17,non_tail,1,0.00013026990927755833,0.0
w0.2,100,12,26,non_tail,1,0.0012702234089374542,0.0
w0.2,100,12,27,non_tail,2,0.0402083694934845,0.0
w0.2,100,12,28,non_tail,1,2.5311484932899475e-05,0.0
w0.2,100,12,38,non_tail,1,-0.0016648471355438232,0.0
w0.2,100,12,41,non_tail,1,-0.00035199522972106934,0.0
w0.2,100,12,59,non_tail,1,-6.151199340820312e-05,0.0
w0.2,100,12,85,tail,1,0.0473361611366272,0.0
w0.2,100,12,90,tail,1,0.004884958267211914,0.0
w0.2,100,13,4,non_tail,3,0.0024879376093546457,0.0
w0.2,100,13,6,non_tail,1,-0.0004821424372494221,0.0
w0.2,100,13,8,non_tail,2,4.742667078971863e-05,0.0
w0.2,100,13,11,non_tail,1,3.353506326675415e-05,0.0
w0.2,100,13,25,non_tail,2,-0.00038092490285634995,0.0
w0.2,100,13,26,non_tail,3,0.003102158506711361,0.0
w0.2,100,13,28,non_tail,1,0.0044062137603759766,0.0
w0.2,100,13,40,non_tail,1,0.0010870248079299927,0.0
w0.2,100,13,58,non_tail,1,0.0006265789270401001,0.0
w0.2,100,13,68,non_tail,1,0.001984328031539917,0.0
w0.2,100,13,87,tail,1,0.0005882494151592255,0.0
w0.2,100,14,1,non_tail,1,0.0004388215020298958,0.0
w0.2,100,14,4,non_tail,1,0.003995537757873535,-100.0
w0.2,100,14,11,non_tail,1,0.0004624072462320328,0.0
w0.2,100,14,14,non_tail,2,-0.001490171067416668,0.0
w0.2,100,14,17,non_tail,1,-0.001373291015625,0.0
w0.2,100,14,21,non_tail,2,-4.1530001908540726e-05,0.0
w0.2,100,14,28,non_tail,2,-0.00985901802778244,0.0
w0.2,100,14,32,non_tail,1,-8.148024789988995e-05,0.0
w0.2,100,14,43,non_tail,1,-0.0023852139711380005,0.0
w0.2,100,14,46,non_tail,1,0.001123189926147461,0.0
w0.2,100,14,55,non_tail,1,0.021612167358398438,0.0
w0.2,100,14,56,non_tail,1,0.005877494812011719,0.0
w0.2,100,14,75,non_tail,1,0.018814802169799805,0.0
w0.2,100,14,85,tail,1,-0.02870655059814453,0.0
w0.2,100,14,96,tail,1,0.04377603530883789,0.0
w0.2,100,15,0,non_tail,5,0.0040823377668857685,0.0
w0.2,100,15,2,non_tail,1,-0.0010815877467393875,0.0
w0.2,100,15,3,non_tail,3,0.00023789579669634617,0.0
w0.2,100,15,9,non_tail,1,0.0016259551048278809,0.0
w0.2,100,15,13,non_tail,1,0.013730525970458984,0.0
w0.2,100,15,16,non_tail,1,0.0003409385681152344,0.0
w0.2,100,15,19,non_tail,1,-3.602541983127594e-05,0.0
w0.2,100,15,53,non_tail,1,-8.617714047431946e-05,0.0
w0.2,100,15,57,non_tail,1,-0.00587308406829834,0.0
w0.2,100,15,66,non_tail,1,0.008194923400878906,100.0
w0.2,100,15,84,tail,1,0.04175138473510742,0.0
w0.2,100,15,88,tail,1,0.002844676375389099,0.0
w0.2,100,16,0,non_tail,1,0.0006956234574317932,0.0
w0.2,100,16,1,non_tail,1,0.00025454768911004066,0.0
w0.2,100,16,2,non_tail,1,-0.002189669758081436,0.0
w0.2,100,16,4,non_tail,2,0.00392431765794754,0.0
w0.2,100,16,10,non_tail,3,0.03185184796651197,0.0
w0.2,100,16,11,non_tail,2,0.008755739778280258,0.0
w0.2,100,16,29,non_tail,1,1.4650460798293352e-05,0.0
w0.2,100,16,30,non_tail,1,0.08137798309326172,0.0
w0.2,100,16,36,non_tail,1,0.004736289381980896,0.0
w0.2,100,16,41,non_tail,1,-0.0036499202251434326,0.0
w0.2,100,16,59,non_tail,1,0.030395030975341797,0.0
w0.2,100,16,74,non_tail,1,-0.004081070423126221,0.0
w0.2,100,16,93,tail,1,0.11924433708190918,0.0
w0.2,100,17,1,non_tail,1,3.8156984373927116e-05,0.0
w0.2,100,17,3,non_tail,1,-0.05949902534484863,0.0
w0.2,100,17,4,non_tail,2,0.027498990297317505,0.0
w0.2,100,17,5,non_tail,1,0.062194228172302246,0.0
w0.2,100,17,6,non_tail,1,-3.060500603169203e-05,0.0
w0.2,100,17,13,non_tail,2,0.009258925914764404,0.0
w0.2,100,17,18,non_tail,2,-0.034857749938964844,0.0
w0.2,100,17,23,non_tail,1,-8.034706115722656e-05,0.0
w0.2,100,17,26,non_tail,1,0.019248604774475098,0.0
w0.2,100,17,30,non_tail,1,-0.0020652785897254944,0.0
w0.2,100,17,31,non_tail,1,0.0016857385635375977,0.0
w0.2,100,17,33,non_tail,1,0.056713104248046875,0.0
w0.2,100,17,40,non_tail,1,-0.00036194082349538803,0.0
w0.2,100,17,80,tail,1,-0.011812210083007812,0.0
w0.2,100,20,0,non_tail,1,0.00022293440997600555,0.0
w0.2,100,20,1,non_tail,1,0.0010067066177725792,0.0
w0.2,100,20,3,non_tail,3,-0.005145738522211701,0.0
w0.2,100,20,5,non_tail,1,0.000432091299444437,0.0
w0.2,100,20,9,non_tail,1,0.005026817321777344,0.0
w0.2,100,20,11,non_tail,2,0.018538475036621094,0.0
w0.2,100,20,15,non_tail,1,-0.0006638020277023315,0.0
w0.2,100,20,16,non_tail,2,0.0030153952538967133,0.0
w0.2,100,20,21,non_tail,1,-0.007069826126098633,0.0
w0.2,100,20,32,non_tail,1,-0.023086726665496826,0.0
w0.2,100,20,33,non_tail,1,-0.0003091581165790558,0.0
w0.2,100,20,34,non_tail,1,0.008044451475143433,0.0
w0.2,100,20,81,tail,1,-0.012007594108581543,0.0
w0.2,100,20,82,tail,1,-0.06473922729492188,0.0
w0.2,100,20,87,tail,1,0.0003540739417076111,0.0
w0.2,100,21,0,non_tail,1,0.00028516538441181183,0.0
w0.2,100,21,7,non_tail,1,0.00035910308361053467,0.0
w0.2,100,21,10,non_tail,1,-0.0021562129259109497,0.0
w0.2,100,21,14,non_tail,4,-0.04692327929660678,0.0
w0.2,100,21,17,non_tail,3,0.0005004443228244781,0.0
w0.2,100,21,19,non_tail,1,0.028218865394592285,0.0
w0.2,100,21,23,non_tail,2,-0.002870984375476837,0.0
w0.2,100,21,26,non_tail,1,-0.0035060420632362366,0.0
w0.2,100,21,29,non_tail,1,0.011483430862426758,0.0
w0.2,100,21,33,non_tail,1,-0.03738689422607422,0.0
w0.2,100,21,82,tail,1,-0.04192948341369629,0.0
w0.2,100,24,2,non_tail,1,-0.009097903966903687,0.0
w0.2,100,24,6,non_tail,3,-0.014792859554290771,0.0
w0.2,100,24,7,non_tail,2,-0.0036149173974990845,0.0
w0.2,100,24,14,non_tail,2,-0.033426303416490555,0.0
w0.2,100,24,15,non_tail,1,-0.00022803712636232376,0.0
w0.2,100,24,17,non_tail,1,6.578839384019375e-05,0.0
w0.2,100,24,18,non_tail,1,-0.008650027215480804,0.0
w0.2,100,24,23,non_tail,1,-0.003214232623577118,0.0
w0.2,100,24,25,non_tail,1,0.0037276744842529297,0.0
w0.2,100,24,30,non_tail,1,0.030331730842590332,0.0
w0.2,100,24,42,non_tail,1,-2.8097652830183506e-05,0.0
w0.2,100,24,43,non_tail,1,-0.01856386661529541,0.0
w0.2,100,24,98,tail,1,0.008548140525817871,0.0
w0.2,100,25,3,non_tail,1,5.245674401521683e-05,0.0
w0.2,100,25,5,non_tail,2,0.002024260349571705,0.0
w0.2,100,25,6,non_tail,1,-1.011439599096775e-05,0.0
w0.2,100,25,14,non_tail,1,0.00010073184967041016,0.0
w0.2,100,25,15,non_tail,5,-0.008269411325454723,0.0
w0.2,100,25,16,non_tail,1,-6.11406285315752e-05,0.0
w0.2,100,25,21,non_tail,3,-0.0028384439647197723,0.0
w0.2,100,25,41,non_tail,1,0.024650096893310547,0.0
w0.2,100,25,45,non_tail,1,-0.08295249938964844,0.0
w0.2,100,25,80,tail,1,0.051775336265563965,0.0
w0.2,100,25,89,tail,1,-0.022379279136657715,0.0
w0.2,100,25,99,tail,1,0.003114640712738037,0.0
w0.2,100,26,0,non_tail,6,0.0006257547065615654,0.0
w0.2,100,26,1,non_tail,1,0.0013040918856859207,0.0
w0.2,100,26,8,non_tail,1,-2.4846289306879044e-05,0.0
w0.2,100,26,13,non_tail,2,6.299454253166914e-05,0.0
w0.2,100,26,15,non_tail,1,-0.023583650588989258,0.0
w0.2,100,26,16,non_tail,1,-3.521423786878586e-05,0.0
w0.2,100,26,20,non_tail,1,-3.2041571103036404e-05,0.0
w0.2,100,26,29,non_tail,1,0.020733118057250977,0.0
w0.2,100,26,37,non_tail,1,-0.008517861366271973,0.0
w0.2,100,26,58,non_tail,1,-5.230307579040527e-06,0.0
w0.2,100,26,80,tail,1,-0.0007541924715042114,0.0
w0.2,100,26,88,tail,1,-0.046887874603271484,0.0
w0.2,100,26,91,tail,1,0.0020302534103393555,0.0
w0.2,100,27,0,non_tail,1,1.6667996533215046e-05,0.0
w0.2,100,27,2,non_tail,1,-0.022836685180664062,0.0
w0.2,100,27,6,non_tail,1,-0.0037218108773231506,0.0
w0.2,100,27,7,non_tail,1,0.03573322296142578,0.0
w0.2,100,27,81,tail,5,-0.018683433532714844,0.0
w0.2,100,27,82,tail,4,0.02358807995915413,0.0
w0.2,100,27,83,tail,6,-0.0018868446350097656,0.0
w0.2,100,27,84,tail,1,0.019265592098236084,0.0
w0.2,100,27,86,tail,6,-0.0011189778645834814,0.0
w0.2,100,27,87,tail,2,0.0002963133156299591,0.0
w0.2,100,27,88,tail,5,0.004154872894287176,0.0
w0.2,100,27,93,tail,4,0.003920912742614746,0.0
w0.2,100,27,94,tail,5,0.021884346008300692,0.0
w0.2,100,27,95,tail,1,0.022128582000732422,0.0
w0.2,100,27,98,tail,3,0.008196433385213364,0.0
w0.2,100,28,3,non_tail,1,-0.00017503276467323303,0.0
w0.2,100,28,5,non_tail,1,0.0004600272513926029,0.0
w0.2,100,28,82,tail,4,0.02333754301071167,0.0
w0.2,100,28,83,tail,2,-0.0017135143280029297,0.0
w0.2,100,28,84,tail,6,0.001720587412515684,0.0
w0.2,100,28,85,tail,2,0.005958080291748047,0.0
w0.2,100,28,86,tail,1,0.00015687895938754082,0.0
w0.2,100,28,87,tail,1,0.030967235565185547,0.0
w0.2,100,28,89,tail,4,0.00962686538696289,0.0
w0.2,100,28,90,tail,1,0.00028518587350845337,0.0
w0.2,100,28,91,tail,3,0.02181752522786473,0.0
w0.2,100,28,92,tail,3,0.002407868703206084,0.0
w0.2,100,28,93,tail,1,0.06896352767944336,0.0
w0.2,100,28,96,tail,3,-0.01391681035359671,0.0
w0.2,100,28,97,tail,1,-0.02335357666015625,0.0
w0.2,100,28,98,tail,1,0.009487390518188477,0.0
w0.2,100,28,99,tail,4,-0.05846595764160156,0.0
w0.2,100,29,1,non_tail,1,0.000762447714805603,0.0
w0.2,100,29,4,non_tail,1,0.08647036552429199,0.0
w0.2,100,29,8,non_tail,1,0.10281765460968018,0.0
w0.2,100,29,9,non_tail,1,0.00016730278730392456,0.0
w0.2,100,29,10,non_tail,1,0.005788892507553101,0.0
w0.2,100,29,80,tail,8,0.00701904296875,0.0
w0.2,100,29,81,tail,4,-0.00942087173461914,0.0
w0.2,100,29,84,tail,1,0.06997966766357422,0.0
w0.2,100,29,85,tail,5,0.00042130351066589633,0.0
w0.2,100,29,87,tail,3,0.008791605631510713,0.0
w0.2,100,29,88,tail,1,0.011653304100036621,0.0
w0.2,100,29,89,tail,1,-0.017299890518188477,0.0
w0.2,100,29,90,tail,4,0.008148351684212685,0.0
w0.2,100,29,91,tail,2,-0.018500804901123047,0.0
w0.2,100,29,92,tail,2,0.0520482063293457,0.0
w0.2,100,29,95,tail,4,-0.0029525160789489746,0.0
w0.2,100,29,96,tail,1,-0.000400736927986145,0.0
w0.2,100,29,97,tail,3,0.028077761332194306,0.0
w0.35,30,0,0,non_tail,1,-7.037166506052017e-05,0.0
w0.35,30,0,2,non_tail,5,0.0027927756309509277,0.0
w0.35,30,0,4,non_tail,1,6.347894668579102e-05,0.0
w0.35,30,0,5,non_tail,1,-0.004419565200805664,0.0
w0.35,30,0,8,non_tail,1,8.460541721433401e-06,0.0
w0.35,30,0,15,non_tail,1,1.1911208275705576e-05,0.0
w0.35,30,0,37,non_tail,1,8.177291601896286e-05,0.0
w0.35,30,0,55,non_tail,1,0.0029883384704589844,0.0
w0.35,30,0,60,non_tail,1,-0.0023505687713623047,0.0
w0.35,30,0,66,non_tail,1,-0.00014873221516609192,0.0
w0.35,30,0,69,non_tail,1,0.04956483840942383,0.0
w0.35,30,0,74,non_tail,1,0.04428386688232422,0.0
w0.35,30,0,81,tail,1,0.01415395736694336,0.0
w0.35,30,0,83,tail,1,0.0009049773216247559,0.0
w0.35,30,1,0,non_tail,3,-1.934266765601933e-05,0.0
w0.35,30,1,1,non_tail,1,0.00037389248609542847,0.0
w0.35,30,1,7,non_tail,6,0.001223742961883545,0.0
w0.35,30,1,24,non_tail,1,0.01575171947479248,0.0
w0.35,30,1,28,non_tail,1,0.00015980005264282227,0.0
w0.35,30,1,30,non_tail,1,-0.006260916590690613,0.0
w0.35,30,1,46,non_tail,1,0.010667204856872559,0.0
w0.35,30,1,53,non_tail,2,0.012877389788627625,0.0
w0.35,30,1,86,tail,1,0.018359899520874023,0.0
w0.35,30,2,0,non_tail,1,-8.932955097407103e-06,0.0
w0.35,30,2,3,non_tail,2,-0.02372729778289795,0.0
w0.35,30,2,5,non_tail,4,-0.002986493258504197,0.0
w0.35,30,2,6,non_tail,2,-0.0001589665189385414,0.0
w0.35,30,2,10,non_tail,2,0.005008012056350708,0.0
w0.35,30,2,16,non_tail,1,-0.015047550201416016,0.0
w0.35,30,2,22,non_tail,2,0.0031059980392456055,0.0
w0.35,30,2,42,non_tail,1,-0.01143026351928711,0.0
w0.35,30,2,77,non_tail,1,0.0036916732788085938,0.0
w0.35,30,2,82,tail,1,0.004924442619085312,0.0
w0.35,30,2,91,tail,1,-0.005391478538513184,0.0
w0.35,30,2,95,tail,1,0.03244614601135254,0.0
w0.35,30,3,2,non_tail,1,-0.000385284423828125,0.0
w0.35,30,3,3,non_tail,1,-0.004429049789905548,0.0
w0.35,30,3,6,non_tail,4,-0.0025446033105254173,0.0
w0.35,30,3,12,non_tail,3,0.006204177935918209,0.0
w0.35,30,3,14,non_tail,1,0.000180091243237257,0.0
w0.35,30,3,20,non_tail,1,6.196845788508654e-06,0.0
w0.35,30,3,31,non_tail,1,0.0003116745501756668,0.0
w0.35,30,3,36,non_tail,1,0.0005973838269710541,0.0
w0.35,30,3,45,non_tail,1,0.01829087734222412,0.0
w0.35,30,3,77,non_tail,1,0.046005964279174805,0.0
w0.35,30,3,79,non_tail,1,-0.0073261260986328125,0.0
w0.35,30,3,90,tail,1,0.002590462565422058,0.0
w0.35,30,3,94,tail,1,7.839687168598175e-05,0.0
w0.35,30,4,1,non_tail,2,-9.538745507597923e-05,0.0
w0.35,30,4,2,non_tail,1,0.011076033115386963,0.0
w0.35,30,4,3,non_tail,1,-0.0750889778137207,0.0
w0.35,30,4,4,non_tail,2,-0.001819908618927002,0.0
w0.35,30,4,5,non_tail,1,7.201754488050938e-05,0.0
w0.35,30,4,9,non_tail,1,0.004929587244987488,0.0
w0.35,30,4,11,non_tail,2,-0.0032820813357830048,0.0
w0.35,30,4,17,non_tail,1,0.0003298614174127579,0.0
w0.35,30,4,20,non_tail,2,2.0717576262541115e-05,0.0
w0.35,30,4,24,non_tail,1,0.003744378685951233,0.0
w0.35,30,4,46,non_tail,1,0.0070607662200927734,0.0
w0.35,30,4,65,non_tail,1,0.011852264404296875,0.0
w0.35,30,4,92,tail,1,-0.017536163330078125,0.0
w0.35,30,4,97,tail,1,-0.0335080623626709,0.0
w0.35,30,6,1,non_tail,1,0.0008108355104923248,0.0
w0.35,30,6,2,non_tail,2,0.0028499960899353027,0.0
w0.35,30,6,7,non_tail,3,-0.010047358771165249,0.0
w0.35,30,6,12,non_tail,3,0.001389106114705413,0.0
w0.35,30,6,18,non_tail,1,0.003725484013557434,0.0
w0.35,30,6,23,non_tail,2,0.008520347997546196,0.0
w0.35,30,6,32,non_tail,1,0.016377806663513184,0.0
w0.35,30,6,38,non_tail,1,-0.002830028533935547,0.0
w0.35,30,6,54,non_tail,1,0.0014885514974594116,0.0
w0.35,30,6,70,non_tail,1,0.0006582904607057571,0.0
w0.35,30,6,84,tail,1,0.02849745750427246,0.0
w0.35,30,8,4,non_tail,1,-0.002265654504299164,0.0
w0.35,30,8,5,non_tail,1,2.3461936507374048e-05,0.0
w0.35,30,8,6,non_tail,2,-0.0002659773454070091,0.0
w0.35,30,8,7,non_tail,1,-3.8806814700365067e-05,0.0
w0.35,30,8,15,non_tail,1,-0.0003565233200788498,0.0
w0.35,30,8,17,non_tail,1,0.005417637526988983,0.0
w0.35,30,8,21,non_tail,1,1.903856173157692e-06,0.0
w0.35,30,8,26,non_tail,3,0.0074536005655923,0.0
w0.35,30,8,38,non_tail,1,3.3366959542036057e-06,0.0
w0.35,30,8,46,non_tail,1,0.0010558366775512695,0.0
w0.35,30,8,57,non_tail,1,0.0034573376178741455,0.0
w0.35,30,8,58,non_tail,1,0.0018445253372192383,0.0
w0.35,30,8,62,non_tail,1,0.022179603576660156,0.0
w0.35,30,8,83,tail,1,0.04709482192993164,0.0
w0.35,30,9,1,non_tail,1,0.0003425031900405884,0.0
w0.35,30,9,2,non_tail,1,0.0012883655726909637,0.0
w0.35,30,9,4,non_tail,2,0.023592382669448853,0.0
w0.35,30,9,6,non_tail,1,-9.982846677303314e-06,0.0
w0.35,30,9,7,non_tail,1,-0.001186177134513855,0.0
w0.35,30,9,13,non_tail,1,0.0006117336452007294,0.0
w0.35,30,9,14,non_tail,4,0.0055154983419924974,0.0
w0.35,30,9,17,non_tail,1,0.00011022528633475304,0.0
w0.35,30,9,35,non_tail,1,-0.0004614144563674927,0.0
w0.35,30,9,52,non_tail,1,-0.0010247230529785156,0.0
w0.35,30,9,67,non_tail,1,0.020468592643737793,0.0
w0.35,30,9,79,non_tail,1,-0.01692056655883789,0.0
w0.35,30,9,86,tail,1,0.005804270505905151,0.0
w0.35,30,9,89,tail,1,-0.01238107681274414,0.0
w0.35,30,12,0,non_tail,1,7.150520104914904e-07,0.0
w0.35,30,12,1,non_tail,2,0.010000422596931458,0.0
w0.35,30,12,3,non_tail,1,-0.00044038332998752594,0.0
w0.35,30,12,10,non_tail,1,3.68684995919466e-05,0.0
w0.35,30,12,12,non_tail,1,0.0010997913777828217,0.0
w0.35,30,12,13,non_tail,2,0.001983645372092724,0.0
w0.35,30,12,17,non_tail,1,7.364805787801743e-05,0.0
w0.35,30,12,26,non_tail,1,2.8245151042938232e-05,0.0
w0.35,30,12,27,non_tail,2,0.04183240234851837,0.0
w0.35,30,12,28,non_tail,1,0.0024574995040893555,0.0
w0.35,30,12,38,non_tail,1,-0.010303527116775513,0.0
w0.35,30,12,41,non_tail,1,0.0011571478098630905,0.0
w0.35,30,12,59,non_tail,1,0.006910562515258789,0.0
w0.35,30,12,85,tail,1,-0.005247235298156738,0.0
w0.35,30,12,90,tail,1,0.01328897476196289,0.0
w0.35,30,13,4,non_tail,3,-0.0027664800484974994,0.0
w0.35,30,13,6,non_tail,1,-8.65049660205841e-05,0.0
w0.35,30,13,8,non_tail,2,0.00018013408407568932,0.0
w0.35,30,13,11,non_tail,1,0.002674184739589691,0.0
w0.35,30,13,25,non_tail,2,0.0008781552314758301,0.0
w0.35,30,13,26,non_tail,3,-0.004876753936211287,0.0
w0.35,30,13,28,non_tail,1,0.0074503421783447266,0.0
w0.35,30,13,40,non_tail,1,0.00132828950881958,0.0
w0.35,30,13,58,non_tail,1,0.004241481423377991,0.0
w0.35,30,13,68,non_tail,1,0.007220327854156494,0.0
w0.35,30,13,87,tail,1,0.004474751651287079,0.0
w0.35,30,14,1,non_tail,1,0.00036366842687129974,0.0
w0.35,30,14,4,non_tail,1,0.006282299757003784,0.0
w0.35,30,14,11,non_tail,1,-4.433095455169678e-06,0.0
w0.35,30,14,14,non_tail,2,0.005894278176128864,0.0
w0.35,30,14,17,non_tail,1,0.03774213790893555,0.0
w0.35,30,14,21,non_tail,2,-0.00011530425399541855,0.0
w0.35,30,14,28,non_tail,2,0.005789622664451599,0.0
w0.35,30,14,32,non_tail,1,2.832536119967699e-05,0.0
w0.35,30,14,43,non_tail,1,0.016445696353912354,0.0
w0.35,30,14,46,non_tail,1,0.013257145881652832,0.0
w0.35,30,14,55,non_tail,1,0.010500431060791016,0.0
w0.35,30,14,56,non_tail,1,0.015116304159164429,0.0
w0.35,30,14,75,non_tail,1,0.018645763397216797,0.0
w0.35,30,14,85,tail,1,-0.003679990768432617,0.0
w0.35,30,14,96,tail,1,0.0070269107818603516,0.0
w0.35,30,15,0,non_tail,5,-0.0015264615416526878,0.0
w0.35,30,15,2,non_tail,1,0.0015922114253044128,0.0
w0.35,30,15,3,non_tail,3,-0.000886066506306328,0.0
w0.35,30,15,9,non_tail,1,0.0036620348691940308,0.0
w0.35,30,15,13,non_tail,1,0.010799527168273926,0.0
w0.35,30,15,16,non_tail,1,-0.033330440521240234,0.0
w0.35,30,15,19,non_tail,1,4.218844696879387e-05,0.0
w0.35,30,15,53,non_tail,1,0.001867644488811493,0.0
w0.35,30,15,57,non_tail,1,0.004423737525939941,0.0
w0.35,30,15,66,non_tail,1,-0.007124662399291992,0.0
w0.35,30,15,84,tail,1,-0.002991199493408203,0.0
w0.35,30,15,88,tail,1,0.005167961120605469,0.0
w0.35,30,16,0,non_tail,1,-0.0004931893199682236,0.0
w0.35,30,16,1,non_tail,1,8.315406739711761e-05,0.0
w0.35,30,16,2,non_tail,1,0.0027254894375801086,0.0
w0.35,30,16,4,non_tail,2,0.01007426530122757,0.0
w0.35,30,16,10,non_tail,3,-0.002476056416829353,0.0
w0.35,30,16,11,non_tail,2,-0.0007048994302749634,0.0
w0.35,30,16,29,non_tail,1,4.6914792619645596e-05,0.0
w0.35,30,16,30,non_tail,1,-0.025908470153808594,0.0
w0.35,30,16,36,non_tail,1,0.0023839622735977173,0.0
w0.35,30,16,41,non_tail,1,-0.00017999298870563507,0.0
w0.35,30,16,59,non_tail,1,0.0017037391662597656,0.0
w0.35,30,16,74,non_tail,1,0.014587998390197754,0.0
w0.35,30,16,93,tail,1,0.07314705848693848,0.0
w0.35,30,17,1,non_tail,1,1.3169366866350174e-05,0.0
w0.35,30,17,3,non_tail,1,-0.06942510604858398,0.0
w0.35,30,17,4,non_tail,2,0.05638629198074341,0.0
w0.35,30,17,5,non_tail,1,-0.03632509708404541,0.0
w0.35,30,17,6,non_tail,1,3.603799268603325e-05,0.0
w0.35,30,17,13,non_tail,2,-0.0007250607013702393,0.0
w0.35,30,17,18,non_tail,2,0.012387871742248535,0.0
w0.35,30,17,23,non_tail,1,0.0005675051361322403,0.0
w0.35,30,17,26,non_tail,1,0.012465715408325195,0.0
w0.35,30,17,30,non_tail,1,-0.0011622533202171326,0.0
w0.35,30,17,31,non_tail,1,0.048793911933898926,0.0
w0.35,30,17,33,non_tail,1,-0.01765918731689453,0.0
w0.35,30,17,40,non_tail,1,0.000399184413254261,0.0
w0.35,30,17,80,tail,1,0.010602474212646484,0.0
w0.35,30,20,0,non_tail,1,6.783939898014069e-05,0.0
w0.35,30,20,1,non_tail,1,-0.0006315987557172775,0.0
w0.35,30,20,3,non_tail,3,-0.01620424290498096,0.0
w0.35,30,20,5,non_tail,1,-0.0001784958876669407,0.0
w0.35,30,20,9,non_tail,1,-0.009503602981567383,0.0
w0.35,30,20,11,non_tail,2,-0.010754704475402832,0.0
w0.35,30,20,15,non_tail,1,0.004278898239135742,0.0
w0.35,30,20,16,non_tail,2,-0.009941923432052135,0.0
w0.35,30,20,21,non_tail,1,-0.0058934688568115234,0.0
w0.35,30,20,32,non_tail,1,0.01691138744354248,0.0
w0.35,30,20,33,non_tail,1,0.0015556924045085907,0.0
w0.35,30,20,34,non_tail,1,-0.003021448850631714,0.0
w0.35,30,20,81,tail,1,0.0037877559661865234,0.0
w0.35,30,20,82,tail,1,0.050048112869262695,0.0
w0.35,30,20,87,tail,1,0.002825506031513214,0.0
w0.35,30,21,0,non_tail,1,-0.0005206279456615448,0.0
w0.35,30,21,7,non_tail,1,-0.0028901100158691406,0.0
w0.35,30,21,10,non_tail,1,0.006399363279342651,0.0
w0.35,30,21,14,non_tail,4,0.009895983152091503,0.0
w0.35,30,21,17,non_tail,3,0.0005742460489273071,0.0
w0.35,30,21,19,non_tail,1,-0.024256229400634766,0.0
w0.35,30,21,23,non_tail,2,0.0037501752376556396,0.0
w0.35,30,21,26,non_tail,1,0.005686938762664795,0.0
w0.35,30,21,29,non_tail,1,0.006004840135574341,0.0
w0.35,30,21,33,non_tail,1,-0.0024771690368652344,0.0
w0.35,30,21,82,tail,1,0.018253564834594727,0.0
w0.35,30,24,2,non_tail,1,0.01036807894706726,0.0
w0.35,30,24,6,non_tail,3,-0.015087624390919985,0.0
w0.35,30,24,7,non_tail,2,-0.002289913594722748,0.0
w0.35,30,24,14,non_tail,2,-0.002466801553964615,0.0
w0.35,30,24,15,non_tail,1,0.00010874494910240173,0.0
w0.35,30,24,17,non_tail,1,6.06020912528038e-05,0.0
w0.35,30,24,18,non_tail,1,-0.0038602352142333984,0.0
w0.35,30,24,23,non_tail,1,0.003976777195930481,0.0
w0.35,30,24,25,non_tail,1,0.0036109089851379395,0.0
w0.35,30,24,30,non_tail,1,0.02195918560028076,0.0
w0.35,30,24,42,non_tail,1,0.00029416801407933235,0.0
w0.35,30,24,43,non_tail,1,0.09636282920837402,0.0
w0.35,30,24,98,tail,1,0.006046652793884277,0.0
w0.35,30,25,3,non_tail,1,-0.0003849305212497711,0.0
w0.35,30,25,5,non_tail,2,-0.00010287761688232422,0.0
w0.35,30,25,6,non_tail,1,7.753074169158936e-05,0.0
w0.35,30,25,14,non_tail,1,0.0003474624827504158,0.0
w0.35,30,25,15,non_tail,5,-0.002953012287616741,0.0
w0.35,30,25,16,non_tail,1,3.4915050491690636e-05,0.0
w0.35,30,25,21,non_tail,3,-0.004401433902482196,0.0
w0.35,30,25,41,non_tail,1,0.006588935852050781,0.0
w0.35,30,25,45,non_tail,1,-0.0172119140625,0.0
w0.35,30,25,80,tail,1,0.05238044261932373,0.0
w0.35,30,25,89,tail,1,0.039775848388671875,0.0
w0.35,30,25,99,tail,1,0.009143799543380737,0.0
w0.35,30,26,0,non_tail,6,2.890049169460701e-05,0.0
w0.35,30,26,1,non_tail,1,-0.00047208741307258606,0.0
w0.35,30,26,8,non_tail,1,0.00026304367929697037,0.0
w0.35,30,26,13,non_tail,2,0.00014875712804496288,0.0
w0.35,30,26,15,non_tail,1,0.0340803861618042,0.0
w0.35,30,26,16,non_tail,1,3.5743461921811104e-05,0.0
w0.35,30,26,20,non_tail,1,3.107939846813679e-05,0.0
w0.35,30,26,29,non_tail,1,0.015419244766235352,0.0
w0.35,30,26,37,non_tail,1,0.008958816528320312,0.0
w0.35,30,26,58,non_tail,1,1.665600575506687e-05,0.0
w0.35,30,26,80,tail,1,0.0016333460807800293,0.0
w0.35,30,26,88,tail,1,0.04503631591796875,0.0
w0.35,30,26,91,tail,1,0.0292816162109375,0.0
w0.35,30,27,0,non_tail,1,-7.6160067692399025e-06,0.0
w0.35,30,27,2,non_tail,1,0.01801145076751709,0.0
w0.35,30,27,6,non_tail,1,0.0003511086106300354,0.0
w0.35,30,27,7,non_tail,1,-0.0031375885009765625,0.0
w0.35,30,27,81,tail,5,0.012598991394042969,0.0
w0.35,30,27,82,tail,4,0.0107033122330904,0.0
w0.35,30,27,83,tail,6,0.0030233065287272876,0.0
w0.35,30,27,84,tail,1,0.007222890853881836,0.0
w0.35,30,27,86,tail,6,0.019721031188964844,0.0
w0.35,30,27,87,tail,2,0.000811796635389328,0.0
w0.35,30,27,88,tail,5,0.02828989028930673,0.0
w0.35,30,27,93,tail,4,0.012372493743896484,0.0
w0.35,30,27,94,tail,5,-0.010260963439941317,0.0
w0.35,30,27,95,tail,1,0.0020346641540527344,0.0
w0.35,30,27,98,tail,3,0.011761824289957534,0.0
w0.35,30,28,3,non_tail,1,-0.0020168498158454895,0.0
w0.35,30,28,5,non_tail,1,-0.00018410710617899895,0.0
w0.35,30,28,82,tail,4,0.016050517559051514,0.0
w0.35,30,28,83,tail,2,0.01219487190246582,0.0
w0.35,30,28,84,tail,6,0.014494895935058594,0.0
w0.35,30,28,85,tail,2,-0.0052280426025390625,0.0
w0.35,30,28,86,tail,1,8.45850445330143e-05,0.0
w0.35,30,28,87,tail,1,0.021231651306152344,0.0
w0.35,30,28,89,tail,4,0.003918647766113281,0.0
w0.35,30,28,90,tail,1,0.0018085166811943054,0.0
w0.35,30,28,91,tail,3,0.00358613332112645,0.0
w0.35,30,28,92,tail,3,0.013310432434082031,0.0
w0.35,30,28,93,tail,1,0.04939556121826172,0.0
w0.35,30,28,96,tail,3,0.01989666620890329,0.0
w0.35,30,28,97,tail,1,-0.040978431701660156,0.0
w0.35,30,28,98,tail,1,0.012359857559204102,0.0
w0.35,30,28,99,tail,4,0.029218673706054688,0.0
w0.35,30,29,1,non_tail,1,-0.0005960837006568909,0.0
w0.35,30,29,4,non_tail,1,0.014251947402954102,0.0
w0.35,30,29,8,non_tail,1,-0.013226747512817383,0.0
w0.35,30,29,9,non_tail,1,0.0005190372467041016,0.0
w0.35,30,29,10,non_tail,1,-0.0034773051738739014,0.0
w0.35,30,29,80,tail,8,0.011234521865844727,0.0
w0.35,30,29,81,tail,4,0.017394065856933594,0.0
w0.35,30,29,84,tail,1,-0.055146217346191406,0.0
w0.35,30,29,85,tail,5,0.0021178662776946966,0.0
w0.35,30,29,87,tail,3,0.004521052042642637,0.0
w0.35,30,29,88,tail,1,0.03641152381896973,0.0
w0.35,30,29,89,tail,1,-0.007159590721130371,0.0
w0.35,30,29,90,tail,4,0.0027363523840904236,0.0
w0.35,30,29,91,tail,2,0.008141517639160156,0.0
w0.35,30,29,92,tail,2,0.010740518569946289,0.0
w0.35,30,29,95,tail,4,0.015456199645996094,0.0
w0.35,30,29,96,tail,1,0.0037898868322372437,0.0
w0.35,30,29,97,tail,3,-0.038123130798339844,0.0
w0.35,40,0,0,non_tail,1,7.3607079684734344e-06,0.0
w0.35,40,0,2,non_tail,5,0.004844182729721036,0.0
w0.35,40,0,4,non_tail,1,-0.02201080322265625,0.0
w0.35,40,0,5,non_tail,1,0.0007985606789588928,0.0
w0.35,40,0,8,non_tail,1,6.077811121940613e-06,0.0
w0.35,40,0,15,non_tail,1,2.1441024728119373e-05,0.0
w0.35,40,0,37,non_tail,1,0.00014176685363054276,0.0
w0.35,40,0,55,non_tail,1,0.008374631404876709,0.0
w0.35,40,0,60,non_tail,1,0.007632136344909668,0.0
w0.35,40,0,66,non_tail,1,0.0005375519394874573,0.0
w0.35,40,0,69,non_tail,1,0.06109261512756348,0.0
w0.35,40,0,74,non_tail,1,0.04260826110839844,0.0
w0.35,40,0,81,tail,1,0.0073909759521484375,0.0
w0.35,40,0,83,tail,1,0.010093986988067627,0.0
w0.35,40,1,0,non_tail,3,3.904878394678235e-05,0.0
w0.35,40,1,1,non_tail,1,0.001040387898683548,0.0
w0.35,40,1,7,non_tail,6,-0.0030997395515441895,0.0
w0.35,40,1,24,non_tail,1,0.008782386779785156,0.0
w0.35,40,1,28,non_tail,1,0.00015316205099225044,0.0
w0.35,40,1,30,non_tail,1,-0.0031526684761047363,0.0
w0.35,40,1,46,non_tail,1,0.008433699607849121,0.0
w0.35,40,1,53,non_tail,2,0.007626548409461975,0.0
w0.35,40,1,86,tail,1,0.018598079681396484,0.0
w0.35,40,2,0,non_tail,1,5.479436367750168e-06,0.0
w0.35,40,2,3,non_tail,2,-0.02595078945159912,0.0
w0.35,40,2,5,non_tail,4,-0.0013261887652333826,0.0
w0.35,40,2,6,non_tail,2,0.0001939651556313038,0.0
w0.35,40,2,10,non_tail,2,-0.0032949447631835938,0.0
w0.35,40,2,16,non_tail,1,-0.010863304138183594,0.0
w0.35,40,2,22,non_tail,2,0.014689207077026367,0.0
w0.35,40,2,42,non_tail,1,-0.030772686004638672,0.0
w0.35,40,2,77,non_tail,1,-0.006330966949462891,0.0
w0.35,40,2,82,tail,1,0.0027473121881484985,0.0
w0.35,40,2,91,tail,1,-0.004997849464416504,0.0
w0.35,40,2,95,tail,1,0.016673564910888672,0.0
w0.35,40,3,2,non_tail,1,0.0077702999114990234,0.0
w0.35,40,3,3,non_tail,1,-0.0028436705470085144,0.0
w0.35,40,3,6,non_tail,4,-0.002153049921616912,0.0
w0.35,40,3,12,non_tail,3,-0.005448877811431885,0.0
w0.35,40,3,14,non_tail,1,0.00021640583872795105,0.0
w0.35,40,3,20,non_tail,1,4.409230314195156e-06,0.0
w0.35,40,3,31,non_tail,1,0.00015269499272108078,0.0
w0.35,40,3,36,non_tail,1,0.0017269998788833618,0.0
w0.35,40,3,45,non_tail,1,0.02135521173477173,0.0
w0.35,40,3,77,non_tail,1,0.007996559143066406,0.0
w0.35,40,3,79,non_tail,1,0.0017838478088378906,0.0
w0.35,40,3,90,tail,1,0.002405032515525818,0.0
w0.35,40,3,94,tail,1,6.557721644639969e-05,0.0
w0.35,40,4,1,non_tail,2,0.00038872379809617996,0.0
w0.35,40,4,2,non_tail,1,0.0050730109214782715,0.0
w0.35,40,4,3,non_tail,1,-0.0820319652557373,0.0
w0.35,40,4,4,non_tail,2,-0.005884334444999695,0.0
w0.35,40,4,5,non_tail,1,4.840153269469738e-05,0.0
w0.35,40,4,9,non_tail,1,0.0027108192443847656,0.0
w0.35,40,4,11,non_tail,2,-0.003140617161989212,0.0
w0.35,40,4,17,non_tail,1,0.00038526952266693115,0.0
w0.35,40,4,20,non_tail,2,1.8215563613921404e-05,0.0
w0.35,40,4,24,non_tail,1,0.003119751811027527,0.0
w0.35,40,4,46,non_tail,1,0.0014348030090332031,0.0
w0.35,40,4,65,non_tail,1,0.042760372161865234,0.0
w0.35,40,4,92,tail,1,0.009490966796875,0.0
w0.35,40,4,97,tail,1,-0.026970863342285156,0.0
w0.35,40,6,1,non_tail,1,0.000696081668138504,0.0
w0.35,40,6,2,non_tail,2,-0.00014349818229675293,0.0
w0.35,40,6,7,non_tail,3,-0.006735213100910187,0.0
w0.35,40,6,12,non_tail,3,-0.0011474558462699347,0.0
w0.35,40,6,18,non_tail,1,0.0014548376202583313,0.0
w0.35,40,6,23,non_tail,2,0.004513281397521496,0.0
w0.35,40,6,32,non_tail,1,-0.008875131607055664,0.0
w0.35,40,6,38,non_tail,1,0.0024428367614746094,0.0
w0.35,40,6,54,non_tail,1,0.0060437023639678955,0.0
w0.35,40,6,70,non_tail,1,0.0006655827164649963,0.0
w0.35,40,6,84,tail,1,0.004106044769287109,0.0
w0.35,40,8,4,non_tail,1,-0.004522450268268585,0.0
w0.35,40,8,5,non_tail,1,4.7759676817804575e-05,0.0
w0.35,40,8,6,non_tail,2,0.00023215427063405514,0.0
w0.35,40,8,7,non_tail,1,-2.3746397346258163e-05,0.0
w0.35,40,8,15,non_tail,1,0.00026217568665742874,0.0
w0.35,40,8,17,non_tail,1,0.003070458769798279,0.0
w0.35,40,8,21,non_tail,1,2.4755019694566727e-05,0.0
w0.35,40,8,26,non_tail,3,-0.021419525146484375,0.0
w0.35,40,8,38,non_tail,1,4.528556019067764e-06,0.0
w0.35,40,8,46,non_tail,1,-0.0007681846618652344,0.0
w0.35,40,8,57,non_tail,1,0.0024219006299972534,0.0
w0.35,40,8,58,non_tail,1,-0.004492223262786865,0.0
w0.35,40,8,62,non_tail,1,0.030872583389282227,0.0
w0.35,40,8,83,tail,1,0.03619647026062012,0.0
w0.35,40,9,1,non_tail,1,0.0004290156066417694,0.0
w0.35,40,9,2,non_tail,1,0.0010102055966854095,0.0
w0.35,40,9,4,non_tail,2,0.008145570755004883,0.0
w0.35,40,9,6,non_tail,1,0.00011100945994257927,0.0
w0.35,40,9,7,non_tail,1,-0.0017281994223594666,0.0
w0.35,40,9,13,non_tail,1,0.0003157593309879303,0.0
w0.35,40,9,14,non_tail,4,0.0033563964534550905,0.0
w0.35,40,9,17,non_tail,1,3.419676795601845e-05,0.0
w0.35,40,9,35,non_tail,1,-0.0007286295294761658,0.0
w0.35,40,9,52,non_tail,1,-0.0006015300750732422,0.0
w0.35,40,9,67,non_tail,1,0.015486061573028564,0.0
w0.35,40,9,79,non_tail,1,0.000978708267211914,0.0
w0.35,40,9,86,tail,1,0.010074585676193237,0.0
w0.35,40,9,89,tail,1,0.00908517837524414,0.0
w0.35,40,12,0,non_tail,1,2.9794173315167427e-06,0.0
w0.35,40,12,1,non_tail,2,0.007322452962398529,0.0
w0.35,40,12,3,non_tail,1,8.841976523399353e-05,0.0
w0.35,40,12,10,non_tail,1,0.0,0.0
w0.35,40,12,12,non_tail,1,-0.00040033087134361267,0.0
w0.35,40,12,13,non_tail,2,0.0023943427950143814,0.0
w0.35,40,12,17,non_tail,1,6.820168346166611e-05,0.0
w0.35,40,12,26,non_tail,1,-0.0008387863636016846,0.0
w0.35,40,12,27,non_tail,2,0.03007492423057556,0.0
w0.35,40,12,28,non_tail,1,0.0023752450942993164,0.0
w0.35,40,12,38,non_tail,1,-0.006370604038238525,0.0
w0.35,40,12,41,non_tail,1,0.0006260517984628677,0.0
w0.35,40,12,59,non_tail,1,0.003522038459777832,0.0
w0.35,40,12,85,tail,1,0.011294841766357422,0.0
w0.35,40,12,90,tail,1,0.009255409240722656,0.0
w0.35,40,13,4,non_tail,3,-0.0076079914967218665,0.0
w0.35,40,13,6,non_tail,1,0.00012441258877515793,0.0
w0.35,40,13,8,non_tail,2,0.00019859150052070618,0.0
w0.35,40,13,11,non_tail,1,0.0006087571382522583,0.0
w0.35,40,13,25,non_tail,2,0.0005836980417370796,0.0
w0.35,40,13,26,non_tail,3,-0.009528332700332043,0.0
w0.35,40,13,28,non_tail,1,0.015358209609985352,0.0
w0.35,40,13,40,non_tail,1,0.0010652393102645874,0.0
w0.35,40,13,58,non_tail,1,0.0043175965547561646,0.0
w0.35,40,13,68,non_tail,1,0.00459541380405426,0.0
w0.35,40,13,87,tail,1,0.002269260585308075,0.0
w0.35,40,14,1,non_tail,1,0.0006836894899606705,0.0
w0.35,40,14,4,non_tail,1,-0.00012704730033874512,0.0
w0.35,40,14,11,non_tail,1,-0.00014890171587467194,0.0
w0.35,40,14,14,non_tail,2,0.008447897154837847,0.0
w0.35,40,14,17,non_tail,1,0.03564572334289551,0.0
w0.35,40,14,21,non_tail,2,-3.6395853385329247e-05,0.0
w0.35,40,14,28,non_tail,2,0.00749225914478302,0.0
w0.35,40,14,32,non_tail,1,5.831243470311165e-06,0.0
w0.35,40,14,43,non_tail,1,0.011514276266098022,0.0
w0.35,40,14,46,non_tail,1,-0.005991756916046143,0.0
w0.35,40,14,55,non_tail,1,0.024963855743408203,0.0
w0.35,40,14,56,non_tail,1,0.00847017765045166,0.0
w0.35,40,14,75,non_tail,1,0.02627086639404297,0.0
w0.35,40,14,85,tail,1,0.0037822723388671875,0.0
w0.35,40,14,96,tail,1,-0.0016355514526367188,0.0
w0.35,40,15,0,non_tail,5,0.0018301039934158353,0.0
w0.35,40,15,2,non_tail,1,0.0015998166054487228,0.0
w0.35,40,15,3,non_tail,3,-0.0009885852535565717,0.0
w0.35,40,15,9,non_tail,1,0.0018714815378189087,0.0
w0.35,40,15,13,non_tail,1,0.019303441047668457,0.0
w0.35,40,15,16,non_tail,1,-0.043610572814941406,0.0
w0.35,40,15,19,non_tail,1,2.151564694941044e-05,0.0
w0.35,40,15,53,non_tail,1,0.00096917524933815,0.0
w0.35,40,15,57,non_tail,1,0.006153970956802368,0.0
w0.35,40,15,66,non_tail,1,0.003711223602294922,0.0
w0.35,40,15,84,tail,1,0.0022296905517578125,0.0
w0.35,40,15,88,tail,1,0.0033340007066726685,0.0
w0.35,40,16,0,non_tail,1,8.41580331325531e-05,0.0
w0.35,40,16,1,non_tail,1,0.00017715804278850555,0.0
w0.35,40,16,2,non_tail,1,0.0025246664881706238,0.0
w0.35,40,16,4,non_tail,2,0.0019688978791236877,0.0
w0.35,40,16,10,non_tail,3,-0.004089514414469475,0.0
w0.35,40,16,11,non_tail,2,-0.0031883716583251953,0.0
w0.35,40,16,29,non_tail,1,3.9181788451969624e-05,0.0
w0.35,40,16,30,non_tail,1,0.0074920654296875,0.0
w0.35,40,16,36,non_tail,1,0.0027972012758255005,0.0
w0.35,40,16,41,non_tail,1,-0.00027451664209365845,0.0
w0.35,40,16,59,non_tail,1,0.009678363800048828,0.0
w0.35,40,16,74,non_tail,1,0.01738119125366211,0.0
w0.35,40,16,93,tail,1,0.0750417709350586,0.0
w0.35,40,17,1,non_tail,1,3.086216747760773e-05,0.0
w0.35,40,17,3,non_tail,1,-0.037100791931152344,0.0
w0.35,40,17,4,non_tail,2,0.02469998598098755,0.0
w0.35,40,17,5,non_tail,1,-0.013750433921813965,0.0
w0.35,40,17,6,non_tail,1,8.127687033265829e-05,0.0
w0.35,40,17,13,non_tail,2,-0.004826247692108154,0.0
w0.35,40,17,18,non_tail,2,-0.01502537727355957,0.0
w0.35,40,17,23,non_tail,1,0.0008282512426376343,0.0
w0.35,40,17,26,non_tail,1,-0.015033721923828125,0.0
w0.35,40,17,30,non_tail,1,-0.00020549073815345764,0.0
w0.35,40,17,31,non_tail,1,0.05170726776123047,0.0
w0.35,40,17,33,non_tail,1,0.009960651397705078,0.0
w0.35,40,17,40,non_tail,1,0.0002116970717906952,0.0
w0.35,40,17,80,tail,1,0.00011396408081054688,0.0
w0.35,40,20,0,non_tail,1,0.00031427107751369476,0.0
w0.35,40,20,1,non_tail,1,0.0003519132733345032,0.0
w0.35,40,20,3,non_tail,3,-0.016793062289555877,0.0
w0.35,40,20,5,non_tail,1,0.00011431286111474037,0.0
w0.35,40,20,9,non_tail,1,0.008600234985351562,0.0
w0.35,40,20,11,non_tail,2,-0.0152474045753479,0.0
w0.35,40,20,15,non_tail,1,0.011268973350524902,0.0
w0.35,40,20,16,non_tail,2,-0.010752393864095211,0.0
w0.35,40,20,21,non_tail,1,-0.0033264756202697754,0.0
w0.35,40,20,32,non_tail,1,-0.010105609893798828,0.0
w0.35,40,20,33,non_tail,1,0.002731531858444214,0.0
w0.35,40,20,34,non_tail,1,0.0031863003969192505,0.0
w0.35,40,20,81,tail,1,0.005295485258102417,0.0
w0.35,40,20,82,tail,1,0.06714010238647461,0.0
w0.35,40,20,87,tail,1,0.0023413822054862976,0.0
w0.35,40,21,0,non_tail,1,0.00020236894488334656,0.0
w0.35,40,21,7,non_tail,1,-0.0026203393936157227,0.0
w0.35,40,21,10,non_tail,1,0.00034162402153015137,0.0
w0.35,40,21,14,non_tail,4,0.008686389774084091,0.0
w0.35,40,21,17,non_tail,3,0.00047612935304641724,0.0
w0.35,40,21,19,non_tail,1,-0.03636479377746582,0.0
w0.35,40,21,23,non_tail,2,0.0018450990319252014,0.0
w0.35,40,21,26,non_tail,1,-0.0044716596603393555,0.0
w0.35,40,21,29,non_tail,1,0.01023399829864502,0.0
w0.35,40,21,33,non_tail,1,0.010565757751464844,0.0
w0.35,40,21,82,tail,1,0.020990610122680664,0.0
w0.35,40,24,2,non_tail,1,0.009718149900436401,0.0
w0.35,40,24,6,non_tail,3,0.00170087069272995,0.0
w0.35,40,24,7,non_tail,2,-0.0013696476817131042,0.0
w0.35,40,24,14,non_tail,2,0.006763208657503128,0.0
w0.35,40,24,15,non_tail,1,0.0005818456411361694,0.0
w0.35,40,24,17,non_tail,1,4.706811159849167e-05,0.0
w0.35,40,24,18,non_tail,1,-0.005886584520339966,0.0
w0.35,40,24,23,non_tail,1,0.003260999917984009,0.0
w0.35,40,24,25,non_tail,1,0.0018872618675231934,0.0
w0.35,40,24,30,non_tail,1,0.03915750980377197,0.0
w0.35,40,24,42,non_tail,1,0.0001733643002808094,0.0
w0.35,40,24,43,non_tail,1,0.14761507511138916,0.0
w0.35,40,24,98,tail,1,0.0025202035903930664,0.0
w0.35,40,25,3,non_tail,1,-0.0004170667380094528,0.0
w0.35,40,25,5,non_tail,2,0.0007582828402519226,0.0
w0.35,40,25,6,non_tail,1,9.221234358847141e-05,0.0
w0.35,40,25,14,non_tail,1,0.0005938876420259476,0.0
w0.35,40,25,15,non_tail,5,0.0008657984435558319,0.0
w0.35,40,25,16,non_tail,1,2.0793871954083443e-05,0.0
w0.35,40,25,21,non_tail,3,0.0006114576632777896,0.0
w0.35,40,25,41,non_tail,1,0.024276256561279297,0.0
w0.35,40,25,45,non_tail,1,-0.048673152923583984,0.0
w0.35,40,25,80,tail,1,0.03428757190704346,0.0
w0.35,40,25,89,tail,1,0.037778615951538086,0.0
w0.35,40,25,99,tail,1,0.006043821573257446,0.0
w0.35,40,26,0,non_tail,6,0.0006081246150036607,0.0
w0.35,40,26,1,non_tail,1,0.0002650432288646698,0.0
w0.35,40,26,8,non_tail,1,0.00014609284698963165,0.0
w0.35,40,26,13,non_tail,2,9.741936810314655e-05,0.0
w0.35,40,26,15,non_tail,1,0.07124090194702148,0.0
w0.35,40,26,16,non_tail,1,1.1169584468007088e-05,0.0
w0.35,40,26,20,non_tail,1,2.500519622117281e-05,0.0
w0.35,40,26,29,non_tail,1,0.02718794345855713,0.0
w0.35,40,26,37,non_tail,1,0.012065768241882324,0.0
w0.35,40,26,58,non_tail,1,3.413925878703594e-05,0.0
w0.35,40,26,80,tail,1,0.0018659904599189758,0.0
w0.35,40,26,88,tail,1,0.0712580680847168,0.0
w0.35,40,26,91,tail,1,0.024524331092834473,0.0
w0.35,40,27,0,non_tail,1,1.987710129469633e-05,0.0
w0.35,40,27,2,non_tail,1,0.01356804370880127,0.0
w0.35,40,27,6,non_tail,1,0.0005394667387008667,0.0
w0.35,40,27,7,non_tail,1,-0.027052879333496094,0.0
w0.35,40,27,81,tail,5,0.01053752899169913,0.0
w0.35,40,27,82,tail,4,0.019371094182133675,0.0
w0.35,40,27,83,tail,6,0.011582215627034653,0.0
w0.35,40,27,84,tail,1,-0.0025911927223205566,0.0
w0.35,40,27,86,tail,6,0.03195794423421239,0.0
w0.35,40,27,87,tail,2,0.0009420253336429596,0.0
w0.35,40,27,88,tail,5,0.03669404983520508,0.0
w0.35,40,27,93,tail,4,0.0024472475051879883,0.0
w0.35,40,27,94,tail,5,0.00012435913085928618,0.0
w0.35,40,27,95,tail,1,-0.007814407348632812,0.0
w0.35,40,27,98,tail,3,0.013247887293497573,0.0
w0.35,40,28,3,non_tail,1,-0.0018452666699886322,0.0
w0.35,40,28,5,non_tail,1,0.00011455686762928963,0.0
w0.35,40,28,82,tail,4,0.026720166206359863,0.0
w0.35,40,28,83,tail,2,0.0069162845611572266,0.0
w0.35,40,28,84,tail,6,0.0018356641133632223,0.0
w0.35,40,28,85,tail,2,-0.0058078765869140625,0.0
w0.35,40,28,86,tail,1,6.196554750204086e-05,0.0
w0.35,40,28,87,tail,1,-0.0017981529235839844,0.0
w0.35,40,28,89,tail,4,0.015113115310668945,0.0
w0.35,40,28,90,tail,1,0.0010794661939144135,0.0
w0.35,40,28,91,tail,3,0.003931681315104463,0.0
w0.35,40,28,92,tail,3,0.024081389109293472,0.0
w0.35,40,28,93,tail,1,0.04235219955444336,0.0
w0.35,40,28,96,tail,3,0.02961699167887355,0.0
w0.35,40,28,97,tail,1,0.01326131820678711,0.0
w0.35,40,28,98,tail,1,0.006139039993286133,0.0
w0.35,40,28,99,tail,4,0.009124755859375,0.0
w0.35,40,29,1,non_tail,1,0.0005305036902427673,0.0
w0.35,40,29,4,non_tail,1,-0.00628662109375,0.0
w0.35,40,29,8,non_tail,1,0.027765989303588867,0.0
w0.35,40,29,9,non_tail,1,0.0004955269396305084,0.0
w0.35,40,29,10,non_tail,1,-0.004460662603378296,0.0
w0.35,40,29,80,tail,8,0.014973163604736328,0.0
w0.35,40,29,81,tail,4,0.013474225997924805,0.0
w0.35,40,29,84,tail,1,-0.020765304565429688,0.0
w0.35,40,29,85,tail,5,0.0008020132780075101,0.0
w0.35,40,29,87,tail,3,0.004300117492675781,0.0
w0.35,40,29,88,tail,1,0.0347977876663208,0.0
w0.35,40,29,89,tail,1,-0.005934596061706543,0.0
w0.35,40,29,90,tail,4,0.005568303167819977,0.0
w0.35,40,29,91,tail,2,-0.002717733383178711,0.0
w0.35,40,29,92,tail,2,0.028555870056152344,0.0
w0.35,40,29,95,tail,4,0.009904742240905762,0.0
w0.35,40,29,96,tail,1,0.0021345317363739014,0.0
w0.35,40,29,97,tail,3,-0.027971903483072325,0.0
w0.35,50,0,0,non_tail,1,-6.770016625523567e-06,0.0
w0.35,50,0,2,non_tail,5,-0.0008276879787444957,0.0
w0.35,50,0,4,non_tail,1,-0.04764062166213989,0.0
w0.35,50,0,5,non_tail,1,-0.0003791823983192444,0.0
w0.35,50,0,8,non_tail,1,-1.4301331248134375e-06,0.0
w0.35,50,0,15,non_tail,1,2.3585918825119734e-05,0.0
w0.35,50,0,37,non_tail,1,-2.4035107344388962e-05,0.0
w0.35,50,0,55,non_tail,1,-0.0032268762588500977,0.0
w0.35,50,0,60,non_tail,1,0.0072029829025268555,0.0
w0.35,50,0,66,non_tail,1,0.0005760155618190765,0.0
w0.35,50,0,69,non_tail,1,0.028793692588806152,0.0
w0.35,50,0,74,non_tail,1,0.03329658508300781,0.0
w0.35,50,0,81,tail,1,-0.010094165802001953,0.0
w0.35,50,0,83,tail,1,0.01373445987701416,0.0
w0.35,50,1,0,non_tail,3,-1.80902328186976e-05,0.0
w0.35,50,1,1,non_tail,1,0.0005185939371585846,0.0
w0.35,50,1,7,non_tail,6,0.005811413129170662,0.0
w0.35,50,1,24,non_tail,1,0.011499524116516113,0.0
w0.35,50,1,28,non_tail,1,3.631226718425751e-05,0.0
w0.35,50,1,30,non_tail,1,0.004643261432647705,0.0
w0.35,50,1,46,non_tail,1,0.018430113792419434,0.0
w0.35,50,1,53,non_tail,2,0.01264430582523346,0.0
w0.35,50,1,86,tail,1,0.04171133041381836,0.0
w0.35,50,2,0,non_tail,1,-9.410956408828497e-06,0.0
w0.35,50,2,3,non_tail,2,-0.009439945220947266,0.0
w0.35,50,2,5,non_tail,4,-0.0006531673425342888,0.0
w0.35,50,2,6,non_tail,2,0.000212961807847023,0.0
w0.35,50,2,10,non_tail,2,-0.0065603554248809814,0.0
w0.35,50,2,16,non_tail,1,-0.0039386749267578125,0.0
w0.35,50,2,22,non_tail,2,0.010400772094726562,0.0
w0.35,50,2,42,non_tail,1,-0.02718377113342285,0.0
w0.35,50,2,77,non_tail,1,-0.007476806640625,0.0
w0.35,50,2,82,tail,1,0.0015105605125427246,0.0
w0.35,50,2,91,tail,1,-0.011732280254364014,0.0
w0.35,50,2,95,tail,1,0.012358665466308594,0.0
w0.35,50,3,2,non_tail,1,0.0023021697998046875,0.0
w0.35,50,3,3,non_tail,1,0.0012200362980365753,0.0
w0.35,50,3,6,non_tail,4,0.0007510161958634853,0.0
w0.35,50,3,12,non_tail,3,-0.002821892499923706,0.0
w0.35,50,3,14,non_tail,1,0.00012353970669209957,0.0
w0.35,50,3,20,non_tail,1,-2.025830326601863e-06,0.0
w0.35,50,3,31,non_tail,1,0.0001745428889989853,0.0
w0.35,50,3,36,non_tail,1,0.0018842071294784546,0.0
w0.35,50,3,45,non_tail,1,0.017556488513946533,0.0
w0.35,50,3,77,non_tail,1,-0.013173818588256836,0.0
w0.35,50,3,79,non_tail,1,-0.009614944458007812,0.0
w0.35,50,3,90,tail,1,-0.0006590858101844788,0.0
w0.35,50,3,94,tail,1,-5.126744508743286e-05,0.0
w0.35,50,4,1,non_tail,2,5.642371252179146e-05,0.0
w0.35,50,4,2,non_tail,1,-0.009780526161193848,0.0
w0.35,50,4,3,non_tail,1,-0.05071115493774414,0.0
w0.35,50,4,4,non_tail,2,-0.01755751669406891,0.0
w0.35,50,4,5,non_tail,1,4.400964826345444e-06,0.0
w0.35,50,4,9,non_tail,1,0.001777559518814087,0.0
w0.35,50,4,11,non_tail,2,0.0016043707728385925,0.0
w0.35,50,4,17,non_tail,1,0.0001239050179719925,0.0
w0.35,50,4,20,non_tail,2,2.856453647837043e-06,0.0
w0.35,50,4,24,non_tail,1,0.0029531866312026978,0.0
w0.35,50,4,46,non_tail,1,0.008578658103942871,0.0
w0.35,50,4,65,non_tail,1,0.05662965774536133,0.0
w0.35,50,4,92,tail,1,-0.005591392517089844,0.0
w0.35,50,4,97,tail,1,0.004310131072998047,0.0
w0.35,50,6,1,non_tail,1,-0.00023264437913894653,0.0
w0.35,50,6,2,non_tail,2,-0.004212141036987305,0.0
w0.35,50,6,7,non_tail,3,-0.007090054452419281,0.0
w0.35,50,6,12,non_tail,3,-0.0003245699529846602,0.0
w0.35,50,6,18,non_tail,1,0.001924946904182434,0.0
w0.35,50,6,23,non_tail,2,0.004788836929947138,0.0
w0.35,50,6,32,non_tail,1,-0.036559104919433594,0.0
w0.35,50,6,38,non_tail,1,-0.003596067428588867,0.0
w0.35,50,6,54,non_tail,1,0.004840955138206482,0.0
w0.35,50,6,70,non_tail,1,0.0003337981179356575,0.0
w0.35,50,6,84,tail,1,0.0007069110870361328,0.0
w0.35,50,8,4,non_tail,1,-0.00700610876083374,0.0
w0.35,50,8,5,non_tail,1,2.8227397706359625e-05,0.0
w0.35,50,8,6,non_tail,2,0.0003638563212007284,0.0
w0.35,50,8,7,non_tail,1,-9.145587682723999e-06,0.0
w0.35,50,8,15,non_tail,1,0.0007261661812663078,0.0
w0.35,50,8,17,non_tail,1,0.002125464379787445,0.0
w0.35,50,8,21,non_tail,1,1.5355064533650875e-05,0.0
w0.35,50,8,26,non_tail,3,-0.026859919230143525,0.0
w0.35,50,8,38,non_tail,1,1.4301040209829807e-06,0.0
w0.35,50,8,46,non_tail,1,0.0019394457340240479,0.0
w0.35,50,8,57,non_tail,1,0.0037897825241088867,0.0
w0.35,50,8,58,non_tail,1,-0.00939267873764038,0.0
w0.35,50,8,62,non_tail,1,0.043010711669921875,0.0
w0.35,50,8,83,tail,1,0.01782703399658203,0.0
w0.35,50,9,1,non_tail,1,-0.000551711767911911,0.0
w0.35,50,9,2,non_tail,1,8.003786206245422e-05,0.0
w0.35,50,9,4,non_tail,2,-0.019194096326828003,0.0
w0.35,50,9,6,non_tail,1,0.00010757031850516796,0.0
w0.35,50,9,7,non_tail,1,-0.0016639232635498047,0.0
w0.35,50,9,13,non_tail,1,0.00023172097280621529,0.0
w0.35,50,9,14,non_tail,4,-0.0009073684923350811,0.0
w0.35,50,9,17,non_tail,1,1.6038771718740463e-05,0.0
w0.35,50,9,35,non_tail,1,0.00010839477181434631,0.0
w0.35,50,9,52,non_tail,1,0.008093833923339844,0.0
w0.35,50,9,67,non_tail,1,0.0031843185424804688,0.0
w0.35,50,9,79,non_tail,1,-0.018911361694335938,0.0
w0.35,50,9,86,tail,1,0.011484742164611816,0.0
w0.35,50,9,89,tail,1,0.022594451904296875,0.0
w0.35,50,12,0,non_tail,1,-1.1918018572032452e-07,0.0
w0.35,50,12,1,non_tail,2,-0.014642976224422455,0.0
w0.35,50,12,3,non_tail,1,0.0007631126791238785,0.0
w0.35,50,12,10,non_tail,1,-4.391884431242943e-05,0.0
w0.35,50,12,12,non_tail,1,-0.0001836773008108139,0.0
w0.35,50,12,13,non_tail,2,0.0028535346500575542,0.0
w0.35,50,12,17,non_tail,1,3.297673538327217e-05,0.0
w0.35,50,12,26,non_tail,1,-0.001267649233341217,0.0
w0.35,50,12,27,non_tail,2,0.009422540664672852,0.0
w0.35,50,12,28,non_tail,1,0.0004940629005432129,0.0
w0.35,50,12,38,non_tail,1,0.0032398849725723267,0.0
w0.35,50,12,41,non_tail,1,-0.00046167708933353424,0.0
w0.35,50,12,59,non_tail,1,0.00676417350769043,0.0
w0.35,50,12,85,tail,1,0.014051198959350586,0.0
w0.35,50,12,90,tail,1,0.006112337112426758,0.0
w0.35,50,13,4,non_tail,3,-0.010573173562685612,0.0
w0.35,50,13,6,non_tail,1,0.0001573953777551651,0.0
w0.35,50,13,8,non_tail,2,8.009304292500019e-05,0.0
w0.35,50,13,11,non_tail,1,0.0010069049894809723,0.0
w0.35,50,13,25,non_tail,2,5.8047473430633545e-05,0.0
w0.35,50,13,26,non_tail,3,-0.011944754670063673,0.0
w0.35,50,13,28,non_tail,1,-0.002614736557006836,0.0
w0.35,50,13,40,non_tail,1,0.0013466551899909973,0.0
w0.35,50,13,58,non_tail,1,0.00031081587076187134,0.0
w0.35,50,13,68,non_tail,1,0.0023561418056488037,0.0
w0.35,50,13,87,tail,1,0.0007786527276039124,0.0
w0.35,50,14,1,non_tail,1,0.00036570243537425995,0.0
w0.35,50,14,4,non_tail,1,-0.005487591028213501,0.0
w0.35,50,14,11,non_tail,1,0.00012112874537706375,0.0
w0.35,50,14,14,non_tail,2,0.006707455031573772,0.0
w0.35,50,14,17,non_tail,1,0.016530990600585938,0.0
w0.35,50,14,21,non_tail,2,2.671615220606327e-05,0.0
w0.35,50,14,28,non_tail,2,0.005159899592399597,0.0
w0.35,50,14,32,non_tail,1,4.521571099758148e-06,0.0
w0.35,50,14,43,non_tail,1,0.00826677680015564,0.0
w0.35,50,14,46,non_tail,1,0.014559030532836914,0.0
w0.35,50,14,55,non_tail,1,0.022241830825805664,0.0
w0.35,50,14,56,non_tail,1,0.007300704717636108,0.0
w0.35,50,14,75,non_tail,1,0.05114388465881348,0.0
w0.35,50,14,85,tail,1,0.00548553466796875,0.0
w0.35,50,14,96,tail,1,-0.0008215904235839844,0.0
w0.35,50,15,0,non_tail,5,0.002208011597394935,0.0
w0.35,50,15,2,non_tail,1,0.0002657826989889145,0.0
w0.35,50,15,3,non_tail,3,0.0002713228265444484,0.0
w0.35,50,15,9,non_tail,1,0.0016455277800559998,0.0
w0.35,50,15,13,non_tail,1,0.01699817180633545,0.0
w0.35,50,15,16,non_tail,1,-0.013943672180175781,0.0
w0.35,50,15,19,non_tail,1,1.117517240345478e-05,0.0
w0.35,50,15,53,non_tail,1,0.0012005195021629333,0.0
w0.35,50,15,57,non_tail,1,0.0016675591468811035,0.0
w0.35,50,15,66,non_tail,1,-0.0021224021911621094,0.0
w0.35,50,15,84,tail,1,0.013840675354003906,0.0
w0.35,50,15,88,tail,1,0.0003291517496109009,0.0
w0.35,50,16,0,non_tail,1,0.00015820562839508057,0.0
w0.35,50,16,1,non_tail,1,5.0510745495557785e-05,0.0
w0.35,50,16,2,non_tail,1,-3.854185342788696e-05,0.0
w0.35,50,16,4,non_tail,2,-0.001828998327255249,0.0
w0.35,50,16,10,non_tail,3,0.0023721853892009204,0.0
w0.35,50,16,11,non_tail,2,0.0038109123706817627,0.0
w0.35,50,16,29,non_tail,1,3.096531145274639e-06,0.0
w0.35,50,16,30,non_tail,1,0.035497188568115234,0.0
w0.35,50,16,36,non_tail,1,0.005637422204017639,0.0
w0.35,50,16,41,non_tail,1,-0.00015635602176189423,0.0
w0.35,50,16,59,non_tail,1,0.032622337341308594,0.0
w0.35,50,16,74,non_tail,1,0.015291094779968262,0.0
w0.35,50,16,93,tail,1,0.09662032127380371,0.0
w0.35,50,17,1,non_tail,1,-2.3154541850090027e-05,0.0
w0.35,50,17,3,non_tail,1,0.0393829345703125,0.0
w0.35,50,17,4,non_tail,2,-0.05819639563560486,-50.0
w0.35,50,17,5,non_tail,1,-0.01636028289794922,0.0
w0.35,50,17,6,non_tail,1,5.7135941460728645e-05,0.0
w0.35,50,17,13,non_tail,2,-0.002195417881011963,0.0
w0.35,50,17,18,non_tail,2,-0.026242852210998535,0.0
w0.35,50,17,23,non_tail,1,0.0010519400238990784,0.0
w0.35,50,17,26,non_tail,1,-0.029494881629943848,0.0
w0.35,50,17,30,non_tail,1,-0.0004862844944000244,0.0
w0.35,50,17,31,non_tail,1,0.041867613792419434,0.0
w0.35,50,17,33,non_tail,1,0.04173135757446289,0.0
w0.35,50,17,40,non_tail,1,0.00048545561730861664,0.0
w0.35,50,17,80,tail,1,0.015954971313476562,0.0
w0.35,50,20,0,non_tail,1,8.695758879184723e-06,0.0
w0.35,50,20,1,non_tail,1,-9.772554039955139e-05,0.0
w0.35,50,20,3,non_tail,3,-0.002156972885131836,0.0
w0.35,50,20,5,non_tail,1,-3.171386197209358e-05,0.0
w0.35,50,20,9,non_tail,1,0.02656841278076172,0.0
w0.35,50,20,11,non_tail,2,0.0044113993644714355,0.0
w0.35,50,20,15,non_tail,1,0.008546397089958191,0.0
w0.35,50,20,16,non_tail,2,-0.004131070338189602,0.0
w0.35,50,20,21,non_tail,1,-0.00533720850944519,0.0
w0.35,50,20,32,non_tail,1,-0.0354313850402832,0.0
w0.35,50,20,33,non_tail,1,0.002002798020839691,0.0
w0.35,50,20,34,non_tail,1,0.007234528660774231,0.0
w0.35,50,20,81,tail,1,-0.005198001861572266,0.0
w0.35,50,20,82,tail,1,0.06185722351074219,0.0
w0.35,50,20,87,tail,1,0.0007605254650115967,0.0
w0.35,50,21,0,non_tail,1,0.00030956417322158813,0.0
w0.35,50,21,7,non_tail,1,-0.0022144615650177,0.0
w0.35,50,21,10,non_tail,1,-0.0026359856128692627,0.0
w0.35,50,21,14,non_tail,4,0.019438269082456827,0.0
w0.35,50,21,17,non_tail,3,0.00016958018143971645,0.0
w0.35,50,21,19,non_tail,1,-0.03306078910827637,0.0
w0.35,50,21,23,non_tail,2,0.0019220784306526184,0.0
w0.35,50,21,26,non_tail,1,-0.004278704524040222,0.0
w0.35,50,21,29,non_tail,1,-0.005201578140258789,0.0
w0.35,50,21,33,non_tail,1,0.02165079116821289,0.0
w0.35,50,21,82,tail,1,0.008891105651855469,0.0
w0.35,50,24,2,non_tail,1,0.0009194314479827881,0.0
w0.35,50,24,6,non_tail,3,0.0034584229191144122,0.0
w0.35,50,24,7,non_tail,2,0.0021269991993904114,0.0
w0.35,50,24,14,non_tail,2,0.006151165813207626,0.0
w0.35,50,24,15,non_tail,1,0.00032038241624832153,0.0
w0.35,50,24,17,non_tail,1,1.5334924682974815e-05,0.0
w0.35,50,24,18,non_tail,1,-0.005612961947917938,0.0
w0.35,50,24,23,non_tail,1,0.0032335445284843445,0.0
w0.35,50,24,25,non_tail,1,0.0002593398094177246,0.0
w0.35,50,24,30,non_tail,1,0.0023415088653564453,0.0
w0.35,50,24,42,non_tail,1,0.00015294109471142292,0.0
w0.35,50,24,43,non_tail,1,0.09749901294708252,0.0
w0.35,50,24,98,tail,1,0.009535670280456543,0.0
w0.35,50,25,3,non_tail,1,0.00016487017273902893,0.0
w0.35,50,25,5,non_tail,2,4.46392223238945e-05,0.0
w0.35,50,25,6,non_tail,1,6.253342144191265e-05,0.0
w0.35,50,25,14,non_tail,1,0.0004302319139242172,0.0
w0.35,50,25,15,non_tail,5,0.0031808257102965976,0.0
w0.35,50,25,16,non_tail,1,-2.3297499865293503e-05,0.0
w0.35,50,25,21,non_tail,3,0.0024783167367180142,0.0
w0.35,50,25,41,non_tail,1,0.0285947322845459,0.0
w0.35,50,25,45,non_tail,1,-0.03278398513793945,0.0
w0.35,50,25,80,tail,1,0.025993704795837402,0.0
w0.35,50,25,89,tail,1,0.012624502182006836,0.0
w0.35,50,25,99,tail,1,0.00306779146194458,0.0
w0.35,50,26,0,non_tail,6,0.0005520534080763681,0.0
w0.35,50,26,1,non_tail,1,-0.00016055628657341003,0.0
w0.35,50,26,8,non_tail,1,1.0802410542964935e-05,0.0
w0.35,50,26,13,non_tail,2,4.1544088162481785e-05,0.0
w0.35,50,26,15,non_tail,1,0.06429564952850342,0.0
w0.35,50,26,16,non_tail,1,-9.272247552871704e-06,0.0
w0.35,50,26,20,non_tail,1,3.0959490686655045e-06,0.0
w0.35,50,26,29,non_tail,1,-0.0037207603454589844,0.0
w0.35,50,26,37,non_tail,1,0.007417201995849609,0.0
w0.35,50,26,58,non_tail,1,-2.224068157374859e-05,0.0
w0.35,50,26,80,tail,1,0.0005727782845497131,0.0
w0.35,50,26,88,tail,1,0.09985113143920898,0.0
w0.35,50,26,91,tail,1,0.023827075958251953,0.0
w0.35,50,27,0,non_tail,1,-7.85652082413435e-06,0.0
w0.35,50,27,2,non_tail,1,0.0007700920104980469,0.0
w0.35,50,27,6,non_tail,1,-0.0005483925342559814,0.0
w0.35,50,27,7,non_tail,1,-0.005698680877685547,0.0
w0.35,50,27,81,tail,5,-0.0018840789794922763,0.0
w0.35,50,27,82,tail,4,0.019444316625595093,0.0
w0.35,50,27,83,tail,6,0.0021715164184570312,0.0
w0.35,50,27,84,tail,1,-0.005746364593505859,0.0
w0.35,50,27,86,tail,6,0.02773761749267578,0.0
w0.35,50,27,87,tail,2,0.0005605313926935196,0.0
w0.35,50,27,88,tail,5,0.03590126037597652,0.0
w0.35,50,27,93,tail,4,0.016046643257141113,0.0
w0.35,50,27,94,tail,5,-0.005229377746581942,0.0
w0.35,50,27,95,tail,1,-0.02106475830078125,0.0
w0.35,50,27,98,tail,3,0.018113772074381362,0.0
w0.35,50,28,3,non_tail,1,0.0010329671204090118,0.0
w0.35,50,28,5,non_tail,1,-3.3565331250429153e-05,0.0
w0.35,50,28,82,tail,4,0.02265620231628418,0.0
w0.35,50,28,83,tail,2,-0.0026450157165527344,0.0
w0.35,50,28,84,tail,6,0.009898185729980469,0.0
w0.35,50,28,85,tail,2,-0.0007524490356445312,0.0
w0.35,50,28,86,tail,1,4.703877493739128e-05,0.0
w0.35,50,28,87,tail,1,0.023858070373535156,0.0
w0.35,50,28,89,tail,4,-0.0054912567138671875,0.0
w0.35,50,28,90,tail,1,-0.00035787373781204224,0.0
w0.35,50,28,91,tail,3,0.010473251342773438,0.0
w0.35,50,28,92,tail,3,0.008474667867024444,0.0
w0.35,50,28,93,tail,1,0.077545166015625,0.0
w0.35,50,28,96,tail,3,0.023945172627767075,0.0
w0.35,50,28,97,tail,1,0.05408668518066406,0.0
w0.35,50,28,98,tail,1,0.02049565315246582,0.0
w0.35,50,28,99,tail,4,0.0074846744537353516,-25.0
w0.35,50,29,1,non_tail,1,-0.0008843094110488892,0.0
w0.35,50,29,4,non_tail,1,-0.009923458099365234,0.0
w0.35,50,29,8,non_tail,1,0.0052700042724609375,0.0
w0.35,50,29,9,non_tail,1,0.00010429881513118744,0.0
w0.35,50,29,10,non_tail,1,-0.006007641553878784,0.0
w0.35,50,29,80,tail,8,0.025568008422851562,0.0
w0.35,50,29,81,tail,4,-0.0016961097717285156,0.0
w0.35,50,29,84,tail,1,-0.03290367126464844,0.0
w0.35,50,29,85,tail,5,0.00018697082996368963,0.0
w0.35,50,29,87,tail,3,0.009240150451660156,0.0
w0.35,50,29,88,tail,1,0.02486133575439453,0.0
w0.35,50,29,89,tail,1,-0.04378998279571533,0.0
w0.35,50,29,90,tail,4,0.0011759139597415924,0.0
w0.35,50,29,91,tail,2,-7.82012939453125e-05,0.0
w0.35,50,29,92,tail,2,0.02195882797241211,0.0
w0.35,50,29,95,tail,4,0.014107584953308105,0.0
w0.35,50,29,96,tail,1,0.0011978000402450562,0.0
w0.35,50,29,97,tail,3,-0.024419148763020537,0.0
w0.35,60,0,0,non_tail,1,6.416346877813339e-06,0.0
w0.35,60,0,2,non_tail,5,0.0007469907402992138,0.0
w0.35,60,0,4,non_tail,1,0.008330941200256348,0.0
w0.35,60,0,5,non_tail,1,-0.0011738240718841553,0.0
w0.35,60,0,8,non_tail,1,1.430191332474351e-06,0.0
w0.35,60,0,15,non_tail,1,1.608184538781643e-05,0.0
w0.35,60,0,37,non_tail,1,1.3974960893392563e-05,0.0
w0.35,60,0,55,non_tail,1,0.008295595645904541,0.0
w0.35,60,0,60,non_tail,1,0.006559014320373535,0.0
w0.35,60,0,66,non_tail,1,-6.222166121006012e-06,0.0
w0.35,60,0,69,non_tail,1,0.05589878559112549,0.0
w0.35,60,0,74,non_tail,1,0.04536914825439453,0.0
w0.35,60,0,81,tail,1,0.005401134490966797,0.0
w0.35,60,0,83,tail,1,0.019041121006011963,0.0
w0.35,60,1,0,non_tail,3,1.4366708152616873e-05,0.0
w0.35,60,1,1,non_tail,1,0.001037299633026123,0.0
w0.35,60,1,7,non_tail,6,0.00612320502599073,0.0
w0.35,60,1,24,non_tail,1,0.008331000804901123,0.0
w0.35,60,1,28,non_tail,1,0.0001040855422616005,0.0
w0.35,60,1,30,non_tail,1,0.002505004405975342,0.0
w0.35,60,1,46,non_tail,1,0.003748297691345215,0.0
w0.35,60,1,53,non_tail,2,0.00868484377861023,0.0
w0.35,60,1,86,tail,1,0.024688005447387695,0.0
w0.35,60,2,0,non_tail,1,2.6208581402897835e-06,0.0
w0.35,60,2,3,non_tail,2,-0.005171537399291992,0.0
w0.35,60,2,5,non_tail,4,-0.0023586071911267936,0.0
w0.35,60,2,6,non_tail,2,-7.939524948596954e-06,0.0
w0.35,60,2,10,non_tail,2,-0.013375192880630493,0.0
w0.35,60,2,16,non_tail,1,0.0014338493347167969,0.0
w0.35,60,2,22,non_tail,2,0.009600162506103516,0.0
w0.35,60,2,42,non_tail,1,-0.02200484275817871,0.0
w0.35,60,2,77,non_tail,1,0.003044605255126953,0.0
w0.35,60,2,82,tail,1,0.0011325683444738388,0.0
w0.35,60,2,91,tail,1,-0.0029224157333374023,0.0
w0.35,60,2,95,tail,1,0.013559341430664062,0.0
w0.35,60,3,2,non_tail,1,0.0018265247344970703,0.0
w0.35,60,3,3,non_tail,1,-0.003091759979724884,0.0
w0.35,60,3,6,non_tail,4,-0.0019907497335225344,0.0
w0.35,60,3,12,non_tail,3,-0.00934399664402008,0.0
w0.35,60,3,14,non_tail,1,9.399000555276871e-05,0.0
w0.35,60,3,20,non_tail,1,3.455905243754387e-06,0.0
w0.35,60,3,31,non_tail,1,0.0001482134684920311,0.0
w0.35,60,3,36,non_tail,1,0.0034316033124923706,0.0
w0.35,60,3,45,non_tail,1,0.010321259498596191,0.0
w0.35,60,3,77,non_tail,1,0.02059459686279297,0.0
w0.35,60,3,79,non_tail,1,-0.019460678100585938,0.0
w0.35,60,3,90,tail,1,-0.0001990795135498047,0.0
w0.35,60,3,94,tail,1,-4.511792212724686e-06,0.0
w0.35,60,4,1,non_tail,2,0.00020873406901955605,0.0
w0.35,60,4,2,non_tail,1,-0.005535125732421875,0.0
w0.35,60,4,3,non_tail,1,-0.03075551986694336,0.0
w0.35,60,4,4,non_tail,2,0.001975715160369873,0.0
w0.35,60,4,5,non_tail,1,-9.279465302824974e-06,0.0
w0.35,60,4,9,non_tail,1,0.0017657577991485596,0.0
w0.35,60,4,11,non_tail,2,-0.0002182982861995697,0.0
w0.35,60,4,17,non_tail,1,0.0003495682030916214,0.0
w0.35,60,4,20,non_tail,2,1.1788841220550239e-05,0.0
w0.35,60,4,24,non_tail,1,0.0004718005657196045,0.0
w0.35,60,4,46,non_tail,1,0.002834320068359375,0.0
w0.35,60,4,65,non_tail,1,3.62396240234375e-05,0.0
w0.35,60,4,92,tail,1,0.002078533172607422,0.0
w0.35,60,4,97,tail,1,-0.005070209503173828,0.0
w0.35,60,6,1,non_tail,1,0.0006281547248363495,0.0
w0.35,60,6,2,non_tail,2,0.000503838062286377,0.0
w0.35,60,6,7,non_tail,3,-0.0009725367029508325,0.0
w0.35,60,6,12,non_tail,3,-0.0013274385904272351,0.0
w0.35,60,6,18,non_tail,1,0.0024823546409606934,0.0
w0.35,60,6,23,non_tail,2,0.0028094076551496983,0.0
w0.35,60,6,32,non_tail,1,-0.0017688274383544922,0.0
w0.35,60,6,38,non_tail,1,0.008510828018188477,0.0
w0.35,60,6,54,non_tail,1,0.005195155739784241,0.0
w0.35,60,6,70,non_tail,1,0.00028830673545598984,0.0
w0.35,60,6,84,tail,1,-0.004534006118774414,0.0
w0.35,60,8,4,non_tail,1,0.0009576305747032166,0.0
w0.35,60,8,5,non_tail,1,4.525878466665745e-06,0.0
w0.35,60,8,6,non_tail,2,-0.0001381952315568924,0.0
w0.35,60,8,7,non_tail,1,1.9126571714878082e-05,0.0
w0.35,60,8,15,non_tail,1,-0.00020656082779169083,0.0
w0.35,60,8,17,non_tail,1,0.0012710019946098328,0.0
w0.35,60,8,21,non_tail,1,2.2618682123720646e-05,0.0
w0.35,60,8,26,non_tail,3,-0.009687423706054688,0.0
w0.35,60,8,38,non_tail,1,2.5027256924659014e-06,0.0
w0.35,60,8,46,non_tail,1,0.0009891390800476074,0.0
w0.35,60,8,57,non_tail,1,0.003631383180618286,0.0
w0.35,60,8,58,non_tail,1,-0.006202220916748047,0.0
w0.35,60,8,62,non_tail,1,0.01941823959350586,0.0
w0.35,60,8,83,tail,1,0.039069414138793945,0.0
w0.35,60,9,1,non_tail,1,0.0008211769163608551,0.0
w0.35,60,9,2,non_tail,1,0.00019564852118492126,0.0
w0.35,60,9,4,non_tail,2,0.01240435242652893,0.0
w0.35,60,9,6,non_tail,1,1.9848346710205078e-05,0.0
w0.35,60,9,7,non_tail,1,3.2335519790649414e-06,0.0
w0.35,60,9,13,non_tail,1,0.0001062699593603611,0.0
w0.35,60,9,14,non_tail,4,0.00012871832586824894,0.0
w0.35,60,9,17,non_tail,1,1.4143763110041618e-05,0.0
w0.35,60,9,35,non_tail,1,-0.00014221295714378357,0.0
w0.35,60,9,52,non_tail,1,0.008925676345825195,0.0
w0.35,60,9,67,non_tail,1,0.0032245516777038574,0.0
w0.35,60,9,79,non_tail,1,-0.024980545043945312,0.0
w0.35,60,9,86,tail,1,0.009024500846862793,0.0
w0.35,60,9,89,tail,1,0.0057373046875,0.0
w0.35,60,12,0,non_tail,1,2.383632818236947e-06,0.0
w0.35,60,12,1,non_tail,2,0.01469983160495758,0.0
w0.35,60,12,3,non_tail,1,8.073262870311737e-05,0.0
w0.35,60,12,10,non_tail,1,-2.8449809178709984e-05,0.0
w0.35,60,12,12,non_tail,1,-0.0005181822925806046,0.0
w0.35,60,12,13,non_tail,2,0.0020186533220112324,0.0
w0.35,60,12,17,non_tail,1,9.159417822957039e-05,0.0
w0.35,60,12,26,non_tail,1,-0.0005730725824832916,0.0
w0.35,60,12,27,non_tail,2,-0.008401036262512207,0.0
w0.35,60,12,28,non_tail,1,0.001028161495923996,0.0
w0.35,60,12,38,non_tail,1,-0.0035880357027053833,0.0
w0.35,60,12,41,non_tail,1,5.480647087097168e-05,0.0
w0.35,60,12,59,non_tail,1,-0.00070953369140625,0.0
w0.35,60,12,85,tail,1,0.02240854501724243,0.0
w0.35,60,12,90,tail,1,0.016585826873779297,0.0
w0.35,60,13,4,non_tail,3,0.003959263364473942,0.0
w0.35,60,13,6,non_tail,1,-0.00013725832104682922,0.0
w0.35,60,13,8,non_tail,2,5.549727939069271e-05,0.0
w0.35,60,13,11,non_tail,1,8.733198046684265e-05,0.0
w0.35,60,13,25,non_tail,2,0.0005261702463030815,0.0
w0.35,60,13,26,non_tail,3,-0.008426440258820833,0.0
w0.35,60,13,28,non_tail,1,0.012677669525146484,0.0
w0.35,60,13,40,non_tail,1,0.00018797069787979126,0.0
w0.35,60,13,58,non_tail,1,0.0009146258234977722,0.0
w0.35,60,13,68,non_tail,1,0.001616552472114563,0.0
w0.35,60,13,87,tail,1,0.001350902020931244,0.0
w0.35,60,14,1,non_tail,1,0.0003716321662068367,0.0
w0.35,60,14,4,non_tail,1,0.008082598447799683,0.0
w0.35,60,14,11,non_tail,1,-6.790366023778915e-05,0.0
w0.35,60,14,14,non_tail,2,0.004447834100574255,0.0
w0.35,60,14,17,non_tail,1,0.009986519813537598,0.0
w0.35,60,14,21,non_tail,2,4.3037813156843185e-05,0.0
w0.35,60,14,28,non_tail,2,0.009525924921035767,0.0
w0.35,60,14,32,non_tail,1,1.8085353076457977e-05,0.0
w0.35,60,14,43,non_tail,1,0.00782737135887146,0.0
w0.35,60,14,46,non_tail,1,0.006509244441986084,0.0
w0.35,60,14,55,non_tail,1,0.014203548431396484,0.0
w0.35,60,14,56,non_tail,1,0.00535130500793457,0.0
w0.35,60,14,75,non_tail,1,0.04942131042480469,0.0
w0.35,60,14,85,tail,1,0.014387845993041992,0.0
w0.35,60,14,96,tail,1,0.004218459129333496,0.0
w0.35,60,15,0,non_tail,5,0.0018400788307189886,0.0
w0.35,60,15,2,non_tail,1,0.0005037132650613785,0.0
w0.35,60,15,3,non_tail,3,-0.0003274617095788343,0.0
w0.35,60,15,9,non_tail,1,0.0012630820274353027,0.0
w0.35,60,15,13,non_tail,1,0.007294356822967529,0.0
w0.35,60,15,16,non_tail,1,0.005346775054931641,0.0
w0.35,60,15,19,non_tail,1,5.147862248122692e-05,0.0
w0.35,60,15,53,non_tail,1,0.000734155997633934,0.0
w0.35,60,15,57,non_tail,1,0.0059468746185302734,0.0
w0.35,60,15,66,non_tail,1,0.021623611450195312,0.0
w0.35,60,15,84,tail,1,-0.0012845993041992188,0.0
w0.35,60,15,88,tail,1,0.003473028540611267,0.0
w0.35,60,16,0,non_tail,1,9.950995445251465e-05,0.0
w0.35,60,16,1,non_tail,1,0.00011859601363539696,0.0
w0.35,60,16,2,non_tail,1,0.0005600675940513611,0.0
w0.35,60,16,4,non_tail,2,0.016939956694841385,0.0
w0.35,60,16,10,non_tail,3,-0.014292319615682003,0.0
w0.35,60,16,11,non_tail,2,0.0005035251379013062,0.0
w0.35,60,16,29,non_tail,1,1.929455902427435e-05,0.0
w0.35,60,16,30,non_tail,1,-0.0018663406372070312,0.0
w0.35,60,16,36,non_tail,1,0.008454293012619019,0.0
w0.35,60,16,41,non_tail,1,-0.0004871748387813568,0.0
w0.35,60,16,59,non_tail,1,0.005722522735595703,0.0
w0.35,60,16,74,non_tail,1,0.008602797985076904,0.0
w0.35,60,16,93,tail,1,0.07717132568359375,0.0
w0.35,60,17,1,non_tail,1,6.770016625523567e-06,0.0
w0.35,60,17,3,non_tail,1,-0.06931710243225098,0.0
w0.35,60,17,4,non_tail,2,0.045548200607299805,0.0
w0.35,60,17,5,non_tail,1,-0.02518320083618164,0.0
w0.35,60,17,6,non_tail,1,5.595269612967968e-06,0.0
w0.35,60,17,13,non_tail,2,-0.0002770423889160156,0.0
w0.35,60,17,18,non_tail,2,-0.008132219314575195,0.0
w0.35,60,17,23,non_tail,1,-5.95487654209137e-06,0.0
w0.35,60,17,26,non_tail,1,-0.005464792251586914,0.0
w0.35,60,17,30,non_tail,1,-0.0016503259539604187,0.0
w0.35,60,17,31,non_tail,1,0.02143251895904541,0.0
w0.35,60,17,33,non_tail,1,-0.007065296173095703,0.0
w0.35,60,17,40,non_tail,1,5.091726779937744e-05,0.0
w0.35,60,17,80,tail,1,0.0341181755065918,0.0
w0.35,60,20,0,non_tail,1,0.0001145852729678154,0.0
w0.35,60,20,1,non_tail,1,0.00015103071928024292,0.0
w0.35,60,20,3,non_tail,3,-0.014855037132898957,0.0
w0.35,60,20,5,non_tail,1,-7.006293162703514e-05,0.0
w0.35,60,20,9,non_tail,1,0.02116680145263672,0.0
w0.35,60,20,11,non_tail,2,-0.002039611339569092,0.0
w0.35,60,20,15,non_tail,1,0.0034711360931396484,0.0
w0.35,60,20,16,non_tail,2,-0.0028724130243062973,0.0
w0.35,60,20,21,non_tail,1,5.02467155456543e-05,0.0
w0.35,60,20,32,non_tail,1,-0.008948922157287598,0.0
w0.35,60,20,33,non_tail,1,0.0014396384358406067,0.0
w0.35,60,20,34,non_tail,1,0.0016674697399139404,0.0
w0.35,60,20,81,tail,1,0.006310641765594482,0.0
w0.35,60,20,82,tail,1,0.06108736991882324,0.0
w0.35,60,20,87,tail,1,0.0014753937721252441,0.0
w0.35,60,21,0,non_tail,1,0.0004888959228992462,0.0
w0.35,60,21,7,non_tail,1,0.0005251169204711914,0.0
w0.35,60,21,10,non_tail,1,-0.002549603581428528,0.0
w0.35,60,21,14,non_tail,4,0.006623211782425642,0.0
w0.35,60,21,17,non_tail,3,0.00032010674476623535,0.0
w0.35,60,21,19,non_tail,1,-0.009662151336669922,0.0
w0.35,60,21,23,non_tail,2,-0.0002687126398086548,0.0
w0.35,60,21,26,non_tail,1,0.00041794776916503906,0.0
w0.35,60,21,29,non_tail,1,-0.012344181537628174,0.0
w0.35,60,21,33,non_tail,1,0.008976459503173828,0.0
w0.35,60,21,82,tail,1,0.003028392791748047,0.0
w0.35,60,24,2,non_tail,1,0.0028156936168670654,0.0
w0.35,60,24,6,non_tail,3,-0.009655150274435698,0.0
w0.35,60,24,7,non_tail,2,0.0016772449016571045,0.0
w0.35,60,24,14,non_tail,2,-0.005569586530327797,0.0
w0.35,60,24,15,non_tail,1,0.00016321707516908646,0.0
w0.35,60,24,17,non_tail,1,4.3873442336916924e-05,0.0
w0.35,60,24,18,non_tail,1,-0.003793954849243164,0.0
w0.35,60,24,23,non_tail,1,0.00120515376329422,0.0
w0.35,60,24,25,non_tail,1,0.002391219139099121,0.0
w0.35,60,24,30,non_tail,1,0.005851864814758301,0.0
w0.35,60,24,42,non_tail,1,4.031183198094368e-05,0.0
w0.35,60,24,43,non_tail,1,0.05239689350128174,0.0
w0.35,60,24,98,tail,1,0.0031692981719970703,0.0
w0.35,60,25,3,non_tail,1,-0.00011392123997211456,0.0
w0.35,60,25,5,non_tail,2,-0.00012596044689416885,0.0
w0.35,60,25,6,non_tail,1,2.0334729924798012e-05,0.0
w0.35,60,25,14,non_tail,1,0.00021608732640743256,0.0
w0.35,60,25,15,non_tail,5,-0.003187967091798777,0.0
w0.35,60,25,16,non_tail,1,2.4848850443959236e-05,0.0
w0.35,60,25,21,non_tail,3,-0.0006999792531132698,0.0
w0.35,60,25,41,non_tail,1,0.019644498825073242,0.0
w0.35,60,25,45,non_tail,1,-0.0367274284362793,0.0
w0.35,60,25,80,tail,1,0.05709463357925415,0.0
w0.35,60,25,89,tail,1,0.027980685234069824,0.0
w0.35,60,25,99,tail,1,0.007633626461029053,0.0
w0.35,60,26,0,non_tail,6,0.000761405099183321,0.0
w0.35,60,26,1,non_tail,1,0.0003519505262374878,0.0
w0.35,60,26,8,non_tail,1,4.680152051150799e-05,0.0
w0.35,60,26,13,non_tail,2,5.047174636274576e-05,0.0
w0.35,60,26,15,non_tail,1,0.0007512569427490234,0.0
w0.35,60,26,16,non_tail,1,2.0333100110292435e-05,0.0
w0.35,60,26,20,non_tail,1,1.941109076142311e-05,0.0
w0.35,60,26,29,non_tail,1,-0.03343164920806885,0.0
w0.35,60,26,37,non_tail,1,0.001699209213256836,0.0
w0.35,60,26,58,non_tail,1,3.8294121623039246e-05,0.0
w0.35,60,26,80,tail,1,0.0005752593278884888,0.0
w0.35,60,26,88,tail,1,0.004230976104736328,0.0
w0.35,60,26,91,tail,1,0.02241683006286621,0.0
w0.35,60,27,0,non_tail,1,6.904592737555504e-06,0.0
w0.35,60,27,2,non_tail,1,0.004474639892578125,0.0
w0.35,60,27,6,non_tail,1,-3.235042095184326e-05,0.0
w0.35,60,27,7,non_tail,1,-0.007936954498291016,0.0
w0.35,60,27,81,tail,5,0.013809585571288974,0.0
w0.35,60,27,82,tail,4,0.015538964420557022,0.0
w0.35,60,27,83,tail,6,0.009815533955891853,0.0
w0.35,60,27,84,tail,1,-0.0024279356002807617,0.0
w0.35,60,27,86,tail,6,0.017687320709228516,0.0
w0.35,60,27,87,tail,2,0.0005363337695598602,0.0
w0.35,60,27,88,tail,5,0.0182883262634278,0.0
w0.35,60,27,93,tail,4,0.003298640251159668,0.0
w0.35,60,27,94,tail,5,0.0033969879150390625,0.0
w0.35,60,27,95,tail,1,-0.0029859542846679688,0.0
w0.35,60,27,98,tail,3,0.008370955785115708,0.0
w0.35,60,28,3,non_tail,1,-0.00021565333008766174,0.0
w0.35,60,28,5,non_tail,1,-6.844243034720421e-05,0.0
w0.35,60,28,82,tail,4,0.020687580108642578,0.0
w0.35,60,28,83,tail,2,0.0067539215087890625,0.0
w0.35,60,28,84,tail,6,0.0032939910888671875,0.0
w0.35,60,28,85,tail,2,0.01705789566040039,0.0
w0.35,60,28,86,tail,1,0.00010594166815280914,0.0
w0.35,60,28,87,tail,1,-0.0041370391845703125,0.0
w0.35,60,28,89,tail,4,0.011919975280761719,0.0
w0.35,60,28,90,tail,1,0.0001801326870918274,0.0
w0.35,60,28,91,tail,3,0.010327974955240737,0.0
w0.35,60,28,92,tail,3,0.01378011703491211,0.0
w0.35,60,28,93,tail,1,0.05454683303833008,0.0
w0.35,60,28,96,tail,3,0.019530296325683594,0.0
w0.35,60,28,97,tail,1,-0.039310455322265625,0.0
w0.35,60,28,98,tail,1,0.010453939437866211,0.0
w0.35,60,28,99,tail,4,0.012080192565917969,0.0
w0.35,60,29,1,non_tail,1,-8.5391104221344e-05,0.0
w0.35,60,29,4,non_tail,1,0.018097281455993652,0.0
w0.35,60,29,8,non_tail,1,-0.00785517692565918,0.0
w0.35,60,29,9,non_tail,1,0.00015739165246486664,0.0
w0.35,60,29,10,non_tail,1,-0.0052783191204071045,0.0
w0.35,60,29,80,tail,8,0.024631500244140625,0.0
w0.35,60,29,81,tail,4,0.013407707214355469,0.0
w0.35,60,29,84,tail,1,-0.03697013854980469,0.0
w0.35,60,29,85,tail,5,0.0009572193026542719,0.0
w0.35,60,29,87,tail,3,0.0034685134887695312,0.0
w0.35,60,29,88,tail,1,0.02604985237121582,0.0
w0.35,60,29,89,tail,1,-0.014738917350769043,0.0
w0.35,60,29,90,tail,4,0.002182329073548317,0.0
w0.35,60,29,91,tail,2,0.007603764533996582,0.0
w0.35,60,29,92,tail,2,0.029369592666625977,0.0
w0.35,60,29,95,tail,4,0.016318976879119873,0.0
w0.35,60,29,96,tail,1,0.0015936456620693207,0.0
w0.35,60,29,97,tail,3,-0.019749323527018525,0.0
w0.35,70,0,0,non_tail,1,5.5148033425211906e-05,0.0
w0.35,70,0,2,non_tail,5,-0.000906763970851876,0.0
w0.35,70,0,4,non_tail,1,0.019267678260803223,0.0
w0.35,70,0,5,non_tail,1,0.00713859498500824,0.0
w0.35,70,0,8,non_tail,1,6.793532520532608e-06,0.0
w0.35,70,0,15,non_tail,1,8.100643754005432e-06,0.0
w0.35,70,0,37,non_tail,1,0.000341187696903944,0.0
w0.35,70,0,55,non_tail,1,0.015307605266571045,0.0
w0.35,70,0,60,non_tail,1,0.04443621635437012,0.0
w0.35,70,0,66,non_tail,1,0.00026563555002212524,0.0
w0.35,70,0,69,non_tail,1,0.010007381439208984,0.0
w0.35,70,0,74,non_tail,1,-0.004175662994384766,0.0
w0.35,70,0,81,tail,1,0.028507232666015625,0.0
w0.35,70,0,83,tail,1,0.004441022872924805,0.0
w0.35,70,1,0,non_tail,3,5.8837506609658256e-05,0.0
w0.35,70,1,1,non_tail,1,0.0029692351818084717,0.0
w0.35,70,1,7,non_tail,6,-0.01156063874562574,0.0
w0.35,70,1,24,non_tail,1,0.008854329586029053,0.0
w0.35,70,1,28,non_tail,1,0.0001406506635248661,0.0
w0.35,70,1,30,non_tail,1,-0.00013381242752075195,0.0
w0.35,70,1,46,non_tail,1,0.0041228532791137695,0.0
w0.35,70,1,53,non_tail,2,-0.003974832594394684,0.0
w0.35,70,1,86,tail,1,0.026279449462890625,0.0
w0.35,70,2,0,non_tail,1,2.2873515263199806e-05,0.0
w0.35,70,2,3,non_tail,2,-0.015620827674865723,0.0
w0.35,70,2,5,non_tail,4,0.0017650484514888376,0.0
w0.35,70,2,6,non_tail,2,5.0069764256477356e-05,0.0
w0.35,70,2,10,non_tail,2,0.011635005474090576,0.0
w0.35,70,2,16,non_tail,1,-0.01191258430480957,0.0
w0.35,70,2,22,non_tail,2,-0.00564265251159668,0.0
w0.35,70,2,42,non_tail,1,-0.037485361099243164,0.0
w0.35,70,2,77,non_tail,1,-0.0057201385498046875,0.0
w0.35,70,2,82,tail,1,-0.00020701996982097626,0.0
w0.35,70,2,91,tail,1,0.021062910556793213,0.0
w0.35,70,2,95,tail,1,-0.021625995635986328,0.0
w0.35,70,3,2,non_tail,1,-0.002485036849975586,0.0
w0.35,70,3,3,non_tail,1,-0.00414658710360527,0.0
w0.35,70,3,6,non_tail,4,-0.005927481921389699,0.0
w0.35,70,3,12,non_tail,3,-0.010176445047060612,0.0
w0.35,70,3,14,non_tail,1,5.692848935723305e-05,0.0
w0.35,70,3,20,non_tail,1,1.0725343599915504e-06,0.0
w0.35,70,3,31,non_tail,1,0.00011191517114639282,0.0
w0.35,70,3,36,non_tail,1,0.0018385127186775208,0.0
w0.35,70,3,45,non_tail,1,0.006155282258987427,0.0
w0.35,70,3,77,non_tail,1,-0.01994490623474121,0.0
w0.35,70,3,79,non_tail,1,0.00339508056640625,0.0
w0.35,70,3,90,tail,1,0.003412395715713501,0.0
w0.35,70,3,94,tail,1,0.00011725141666829586,0.0
w0.35,70,4,1,non_tail,2,0.0016781575977802277,0.0
w0.35,70,4,2,non_tail,1,-0.006963849067687988,0.0
w0.35,70,4,3,non_tail,1,-0.022957801818847656,0.0
w0.35,70,4,4,non_tail,2,0.013017088174819946,0.0
w0.35,70,4,5,non_tail,1,7.2221620939672e-05,0.0
w0.35,70,4,9,non_tail,1,0.000573672354221344,0.0
w0.35,70,4,11,non_tail,2,0.0029627978801727295,0.0
w0.35,70,4,17,non_tail,1,0.00022865552455186844,0.0
w0.35,70,4,20,non_tail,2,3.0959199648350477e-06,0.0
w0.35,70,4,24,non_tail,1,0.0015553086996078491,0.0
w0.35,70,4,46,non_tail,1,0.005644679069519043,0.0
w0.35,70,4,65,non_tail,1,-0.01925945281982422,0.0
w0.35,70,4,92,tail,1,0.04278564453125,0.0
w0.35,70,4,97,tail,1,-0.0072269439697265625,0.0
w0.35,70,6,1,non_tail,1,0.0026072226464748383,0.0
w0.35,70,6,2,non_tail,2,-0.0014622509479522705,0.0
w0.35,70,6,7,non_tail,3,-0.0010665530959765857,0.0
w0.35,70,6,12,non_tail,3,-0.000670370335380234,0.0
w0.35,70,6,18,non_tail,1,-0.003199368715286255,0.0
w0.35,70,6,23,non_tail,2,-0.011891504283994436,-50.0
w0.35,70,6,32,non_tail,1,-0.03280973434448242,0.0
w0.35,70,6,38,non_tail,1,0.01388692855834961,0.0
w0.35,70,6,54,non_tail,1,0.006597980856895447,0.0
w0.35,70,6,70,non_tail,1,0.00012674089521169662,0.0
w0.35,70,6,84,tail,1,-0.0024912357330322266,0.0
w0.35,70,8,4,non_tail,1,0.0006862431764602661,0.0
w0.35,70,8,5,non_tail,1,4.383042687550187e-05,0.0
w0.35,70,8,6,non_tail,2,-0.00041784043423831463,0.0
w0.35,70,8,7,non_tail,1,6.297184154391289e-05,0.0
w0.35,70,8,15,non_tail,1,0.0002405056729912758,0.0
w0.35,70,8,17,non_tail,1,0.00032845884561538696,0.0
w0.35,70,8,21,non_tail,1,1.381023321300745e-05,0.0
w0.35,70,8,26,non_tail,3,-0.016907056172688506,0.0
w0.35,70,8,38,non_tail,1,6.912305252626538e-06,0.0
w0.35,70,8,46,non_tail,1,0.003064751625061035,0.0
w0.35,70,8,57,non_tail,1,-0.0027536004781723022,0.0
w0.35,70,8,58,non_tail,1,-0.01819777488708496,0.0
w0.35,70,8,62,non_tail,1,-0.031343698501586914,0.0
w0.35,70,8,83,tail,1,0.008864998817443848,0.0
w0.35,70,9,1,non_tail,1,0.0030341744422912598,0.0
w0.35,70,9,2,non_tail,1,-0.00039815157651901245,0.0
w0.35,70,9,4,non_tail,2,0.024030029773712158,0.0
w0.35,70,9,6,non_tail,1,2.959161065518856e-05,0.0
w0.35,70,9,7,non_tail,1,0.0001346692442893982,0.0
w0.35,70,9,13,non_tail,1,2.7029775083065033e-05,0.0
w0.35,70,9,14,non_tail,4,0.0008896477520465851,0.0
w0.35,70,9,17,non_tail,1,-1.6050878912210464e-05,0.0
w0.35,70,9,35,non_tail,1,-6.016343832015991e-06,0.0
w0.35,70,9,52,non_tail,1,-0.009749293327331543,0.0
w0.35,70,9,67,non_tail,1,0.006648838520050049,0.0
w0.35,70,9,79,non_tail,1,0.011832475662231445,0.0
w0.35,70,9,86,tail,1,0.01386973261833191,0.0
w0.35,70,9,89,tail,1,0.021018028259277344,0.0
w0.35,70,12,0,non_tail,1,3.2179232221096754e-06,0.0
w0.35,70,12,1,non_tail,2,0.05528726428747177,0.0
w0.35,70,12,3,non_tail,1,-0.0006251055747270584,0.0
w0.35,70,12,10,non_tail,1,4.1785999201238155e-05,0.0
w0.35,70,12,12,non_tail,1,-0.000589197501540184,0.0
w0.35,70,12,13,non_tail,2,0.0024337205104529858,0.0
w0.35,70,12,17,non_tail,1,0.00015712669119238853,0.0
w0.35,70,12,26,non_tail,1,1.8786638975143433e-05,0.0
w0.35,70,12,27,non_tail,2,0.019748538732528687,0.0
w0.35,70,12,28,non_tail,1,0.0013567134737968445,0.0
w0.35,70,12,38,non_tail,1,-0.007904812693595886,0.0
w0.35,70,12,41,non_tail,1,0.0005879998207092285,0.0
w0.35,70,12,59,non_tail,1,-0.010987520217895508,0.0
w0.35,70,12,85,tail,1,0.043649911880493164,0.0
w0.35,70,12,90,tail,1,0.007273197174072266,0.0
w0.35,70,13,4,non_tail,3,0.0038641244173049927,0.0
w0.35,70,13,6,non_tail,1,-0.00024370430037379265,0.0
w0.35,70,13,8,non_tail,2,8.682883344590664e-05,0.0
w0.35,70,13,11,non_tail,1,-5.568750202655792e-05,0.0
w0.35,70,13,25,non_tail,2,0.0006228163838386536,0.0
w0.35,70,13,26,non_tail,3,-0.0033093703289826526,0.0
w0.35,70,13,28,non_tail,1,0.029840469360351562,0.0
w0.35,70,13,40,non_tail,1,-6.731599569320679e-05,0.0
w0.35,70,13,58,non_tail,1,0.003935538232326508,0.0
w0.35,70,13,68,non_tail,1,0.0005309358239173889,0.0
w0.35,70,13,87,tail,1,0.001458343118429184,0.0
w0.35,70,14,1,non_tail,1,0.0008383253589272499,0.0
w0.35,70,14,4,non_tail,1,0.005133569240570068,0.0
w0.35,70,14,11,non_tail,1,0.00017010141164064407,0.0
w0.35,70,14,14,non_tail,2,0.005620897281914949,0.0
w0.35,70,14,17,non_tail,1,0.015286564826965332,0.0
w0.35,70,14,21,non_tail,2,-4.4448068365454674e-05,0.0
w0.35,70,14,28,non_tail,2,0.0018184483051300049,0.0
w0.35,70,14,32,non_tail,1,-5.698844324797392e-05,0.0
w0.35,70,14,43,non_tail,1,0.0014217644929885864,0.0
w0.35,70,14,46,non_tail,1,-0.012737154960632324,0.0
w0.35,70,14,55,non_tail,1,0.017505168914794922,0.0
w0.35,70,14,56,non_tail,1,0.006783246994018555,0.0
w0.35,70,14,75,non_tail,1,0.0034372806549072266,0.0
w0.35,70,14,85,tail,1,-0.011540889739990234,0.0
w0.35,70,14,96,tail,1,0.04517221450805664,0.0
w0.35,70,15,0,non_tail,5,0.0037576548755168804,0.0
w0.35,70,15,2,non_tail,1,-0.0002055596560239792,0.0
w0.35,70,15,3,non_tail,3,-0.0002687200903892517,0.0
w0.35,70,15,9,non_tail,1,0.0013122856616973877,0.0
w0.35,70,15,13,non_tail,1,0.010229825973510742,0.0
w0.35,70,15,16,non_tail,1,0.005729198455810547,0.0
w0.35,70,15,19,non_tail,1,2.627447247505188e-05,0.0
w0.35,70,15,53,non_tail,1,-0.00031547434628009796,0.0
w0.35,70,15,57,non_tail,1,-0.0006572604179382324,0.0
w0.35,70,15,66,non_tail,1,0.007993459701538086,0.0
w0.35,70,15,84,tail,1,0.011129379272460938,0.0
w0.35,70,15,88,tail,1,0.003258734941482544,0.0
w0.35,70,16,0,non_tail,1,0.0003271065652370453,0.0
w0.35,70,16,1,non_tail,1,0.00041614333167672157,0.0
w0.35,70,16,2,non_tail,1,-0.0004683472216129303,0.0
w0.35,70,16,4,non_tail,2,0.0045925043523311615,0.0
w0.35,70,16,10,non_tail,3,0.008840004603067997,0.0
w0.35,70,16,11,non_tail,2,0.0005614403635263443,0.0
w0.35,70,16,29,non_tail,1,4.097237251698971e-05,0.0
w0.35,70,16,30,non_tail,1,0.04490995407104492,0.0
w0.35,70,16,36,non_tail,1,0.0028466135263442993,0.0
w0.35,70,16,41,non_tail,1,-0.0004904679954051971,0.0
w0.35,70,16,59,non_tail,1,-0.012690544128417969,0.0
w0.35,70,16,74,non_tail,1,-0.008264899253845215,0.0
w0.35,70,16,93,tail,1,0.09078168869018555,0.0
w0.35,70,17,1,non_tail,1,0.00013175955973565578,0.0
w0.35,70,17,3,non_tail,1,-0.0719907283782959,0.0
w0.35,70,17,4,non_tail,2,0.04658091068267822,0.0
w0.35,70,17,5,non_tail,1,0.04645407199859619,0.0
w0.35,70,17,6,non_tail,1,-1.6668462194502354e-05,0.0
w0.35,70,17,13,non_tail,2,0.007227480411529541,0.0
w0.35,70,17,18,non_tail,2,-0.010794997215270996,0.0
w0.35,70,17,23,non_tail,1,-0.0010419059544801712,0.0
w0.35,70,17,26,non_tail,1,0.0073163509368896484,0.0
w0.35,70,17,30,non_tail,1,0.00077008455991745,0.0
w0.35,70,17,31,non_tail,1,0.025077223777770996,0.0
w0.35,70,17,33,non_tail,1,0.00556182861328125,0.0
w0.35,70,17,40,non_tail,1,-0.0006313854828476906,0.0
w0.35,70,17,80,tail,1,-0.0027947425842285156,0.0
w0.35,70,20,0,non_tail,1,0.00032616686075925827,0.0
w0.35,70,20,1,non_tail,1,0.0018468908965587616,0.0
w0.35,70,20,3,non_tail,3,-0.017405698696772248,0.0
w0.35,70,20,5,non_tail,1,0.000435560941696167,0.0
w0.35,70,20,9,non_tail,1,0.014876365661621094,0.0
w0.35,70,20,11,non_tail,2,0.0008407235145568848,0.0
w0.35,70,20,15,non_tail,1,0.0027993544936180115,0.0
w0.35,70,20,16,non_tail,2,-0.002766677178442478,0.0
w0.35,70,20,21,non_tail,1,0.002415671944618225,0.0
w0.35,70,20,32,non_tail,1,-0.011393725872039795,0.0
w0.35,70,20,33,non_tail,1,0.0008668471127748489,0.0
w0.35,70,20,34,non_tail,1,0.005615234375,0.0
w0.35,70,20,81,tail,1,0.012596368789672852,0.0
w0.35,70,20,82,tail,1,-0.022722244262695312,0.0
w0.35,70,20,87,tail,1,0.0011979416012763977,0.0
w0.35,70,21,0,non_tail,1,0.00037134066224098206,0.0
w0.35,70,21,7,non_tail,1,0.0010840445756912231,0.0
w0.35,70,21,10,non_tail,1,0.001309707760810852,0.0
w0.35,70,21,14,non_tail,4,-0.02387034147977829,0.0
w0.35,70,21,17,non_tail,3,0.0007064305245876312,0.0
w0.35,70,21,19,non_tail,1,0.001718282699584961,0.0
w0.35,70,21,23,non_tail,2,-0.006447896361351013,0.0
w0.35,70,21,26,non_tail,1,-0.005528368055820465,0.0
w0.35,70,21,29,non_tail,1,0.009744584560394287,0.0
w0.35,70,21,33,non_tail,1,0.003841876983642578,0.0
w0.35,70,21,82,tail,1,-0.013465166091918945,0.0
w0.35,70,24,2,non_tail,1,-0.0037308931350708008,0.0
w0.35,70,24,6,non_tail,3,-0.0052532777190208435,0.0
w0.35,70,24,7,non_tail,2,-0.00014074891805648804,0.0
w0.35,70,24,14,non_tail,2,-0.004098976030945778,0.0
w0.35,70,24,15,non_tail,1,0.0002880143001675606,0.0
w0.35,70,24,17,non_tail,1,9.01415478438139e-05,0.0
w0.35,70,24,18,non_tail,1,-0.0018348246812820435,0.0
w0.35,70,24,23,non_tail,1,-0.005425490438938141,0.0
w0.35,70,24,25,non_tail,1,0.00594717264175415,0.0
w0.35,70,24,30,non_tail,1,0.04555666446685791,0.0
w0.35,70,24,42,non_tail,1,-2.1770130842924118e-05,0.0
w0.35,70,24,43,non_tail,1,0.05592644214630127,0.0
w0.35,70,24,98,tail,1,-0.0009015798568725586,0.0
w0.35,70,25,3,non_tail,1,-0.00028915517032146454,0.0
w0.35,70,25,5,non_tail,2,0.0017038369551301003,0.0
w0.35,70,25,6,non_tail,1,8.920673280954361e-06,0.0
w0.35,70,25,14,non_tail,1,0.0002779001370072365,0.0
w0.35,70,25,15,non_tail,5,-0.0018801204860210419,0.0
w0.35,70,25,16,non_tail,1,2.7826055884361267e-05,0.0
w0.35,70,25,21,non_tail,3,0.0007118737945954051,0.0
w0.35,70,25,41,non_tail,1,0.007999897003173828,0.0
w0.35,70,25,45,non_tail,1,-0.06840085983276367,0.0
w0.35,70,25,80,tail,1,0.0382114052772522,0.0
w0.35,70,25,89,tail,1,0.020129919052124023,0.0
w0.35,70,25,99,tail,1,0.0018865466117858887,0.0
w0.35,70,26,0,non_tail,6,0.0008522517358263357,0.0
w0.35,70,26,1,non_tail,1,0.0021985843777656555,0.0
w0.35,70,26,8,non_tail,1,5.252356640994549e-05,0.0
w0.35,70,26,13,non_tail,2,7.408205419778824e-05,0.0
w0.35,70,26,15,non_tail,1,0.02338123321533203,0.0
w0.35,70,26,16,non_tail,1,1.9385479390621185e-05,0.0
w0.35,70,26,20,non_tail,1,2.5010667741298676e-06,0.0
w0.35,70,26,29,non_tail,1,0.04087722301483154,0.0
w0.35,70,26,37,non_tail,1,-0.0003464221954345703,0.0
w0.35,70,26,58,non_tail,1,6.254948675632477e-05,0.0
w0.35,70,26,80,tail,1,0.0006256029009819031,0.0
w0.35,70,26,88,tail,1,0.02988147735595703,0.0
w0.35,70,26,91,tail,1,0.005297660827636719,0.0
w0.35,70,27,0,non_tail,1,3.345299046486616e-05,0.0
w0.35,70,27,2,non_tail,1,-0.009219527244567871,0.0
w0.35,70,27,6,non_tail,1,-0.0009001195430755615,0.0
w0.35,70,27,7,non_tail,1,-0.01074838638305664,0.0
w0.35,70,27,81,tail,5,0.008658218383788885,0.0
w0.35,70,27,82,tail,4,0.009906629100441933,0.0
w0.35,70,27,83,tail,6,0.012395064036051506,0.0
w0.35,70,27,84,tail,1,0.016308844089508057,0.0
w0.35,70,27,86,tail,6,0.013847192128499497,0.0
w0.35,70,27,87,tail,2,0.0004966873675584793,0.0
w0.35,70,27,88,tail,5,0.021332168579101585,0.0
w0.35,70,27,93,tail,4,-0.0025328397750854492,0.0
w0.35,70,27,94,tail,5,0.028317070007324308,0.0
w0.35,70,27,95,tail,1,0.019163131713867188,0.0
w0.35,70,27,98,tail,3,-0.0015498797098794093,0.0
w0.35,70,28,3,non_tail,1,-0.0023015551269054413,0.0
w0.35,70,28,5,non_tail,1,0.00044003501534461975,0.0
w0.35,70,28,82,tail,4,0.012527883052825928,0.0
w0.35,70,28,83,tail,2,0.003931999206542969,0.0
w0.35,70,28,84,tail,6,-0.008002281188964844,0.0
w0.35,70,28,85,tail,2,0.013816356658935547,0.0
w0.35,70,28,86,tail,1,0.0001912764273583889,0.0
w0.35,70,28,87,tail,1,-0.018768787384033203,0.0
w0.35,70,28,89,tail,4,0.04492640495300293,0.0
w0.35,70,28,90,tail,1,0.0016463547945022583,0.0
w0.35,70,28,91,tail,3,0.03061389923095703,0.0
w0.35,70,28,92,tail,3,0.010633786519368194,0.0
w0.35,70,28,93,tail,1,0.024411678314208984,0.0
w0.35,70,28,96,tail,3,0.012694994608561494,0.0
w0.35,70,28,97,tail,1,-0.005729198455810547,0.0
w0.35,70,28,98,tail,1,-0.009183645248413086,0.0
w0.35,70,28,99,tail,4,-0.04140806198120117,0.0
w0.35,70,29,1,non_tail,1,0.002537354826927185,0.0
w0.35,70,29,4,non_tail,1,0.04155933856964111,0.0
w0.35,70,29,8,non_tail,1,0.06653094291687012,0.0
w0.35,70,29,9,non_tail,1,0.0006384812295436859,0.0
w0.35,70,29,10,non_tail,1,0.005124926567077637,0.0
w0.35,70,29,80,tail,8,0.009200096130371094,0.0
w0.35,70,29,81,tail,4,0.021895885467529297,0.0
w0.35,70,29,84,tail,1,0.052886009216308594,0.0
w0.35,70,29,85,tail,5,0.0007870778441429194,0.0
w0.35,70,29,87,tail,3,-0.009854952494303681,0.0
w0.35,70,29,88,tail,1,0.038066744804382324,0.0
w0.35,70,29,89,tail,1,0.06407415866851807,0.0
w0.35,70,29,90,tail,4,0.008333614096045494,0.0
w0.35,70,29,91,tail,2,0.003818988800048828,0.0
w0.35,70,29,92,tail,2,0.02852010726928711,0.0
w0.35,70,29,95,tail,4,-0.0024538636207580566,0.0
w0.35,70,29,96,tail,1,0.0016453787684440613,0.0
w0.35,70,29,97,tail,3,0.004628181457519531,0.0
w0.35,80,0,0,non_tail,1,-2.8886133804917336e-05,0.0
w0.35,80,0,2,non_tail,5,0.001556298136711154,0.0
w0.35,80,0,4,non_tail,1,-4.51207160949707e-05,0.0
w0.35,80,0,5,non_tail,1,-0.0008456707000732422,0.0
w0.35,80,0,8,non_tail,1,-1.1918018572032452e-07,0.0
w0.35,80,0,15,non_tail,1,1.2747012078762054e-05,0.0
w0.35,80,0,37,non_tail,1,-9.29906964302063e-05,0.0
w0.35,80,0,55,non_tail,1,0.0036472082138061523,0.0
w0.35,80,0,60,non_tail,1,-0.005269408226013184,0.0
w0.35,80,0,66,non_tail,1,9.166635572910309e-05,0.0
w0.35,80,0,69,non_tail,1,0.06070089340209961,0.0
w0.35,80,0,74,non_tail,1,0.062354087829589844,0.0
w0.35,80,0,81,tail,1,0.006697654724121094,0.0
w0.35,80,0,83,tail,1,0.015162825584411621,0.0
w0.35,80,1,0,non_tail,3,-1.9444463153679876e-05,0.0
w0.35,80,1,1,non_tail,1,0.00031069666147232056,0.0
w0.35,80,1,7,non_tail,6,0.000826259454091427,0.0
w0.35,80,1,24,non_tail,1,0.0159187912940979,0.0
w0.35,80,1,28,non_tail,1,5.056103691458702e-05,0.0
w0.35,80,1,30,non_tail,1,-0.0009285807609558105,0.0
w0.35,80,1,46,non_tail,1,0.003591299057006836,0.0
w0.35,80,1,53,non_tail,2,0.009059466421604156,0.0
w0.35,80,1,86,tail,1,0.01016092300415039,0.0
w0.35,80,2,0,non_tail,1,-8.934992365539074e-06,0.0
w0.35,80,2,3,non_tail,2,-0.01985269784927368,0.0
w0.35,80,2,5,non_tail,4,-0.0005571992078330368,0.0
w0.35,80,2,6,non_tail,2,7.694587111473083e-05,0.0
w0.35,80,2,10,non_tail,2,-0.00012949109077453613,0.0
w0.35,80,2,16,non_tail,1,-0.0030875205993652344,0.0
w0.35,80,2,22,non_tail,2,-0.007945775985717773,0.0
w0.35,80,2,42,non_tail,1,-0.013282299041748047,0.0
w0.35,80,2,77,non_tail,1,0.003985881805419922,0.0
w0.35,80,2,82,tail,1,0.0011673569679260254,0.0
w0.35,80,2,91,tail,1,-0.007725834846496582,0.0
w0.35,80,2,95,tail,1,0.03505134582519531,0.0
w0.35,80,3,2,non_tail,1,-0.0010421276092529297,0.0
w0.35,80,3,3,non_tail,1,-0.0035153888165950775,0.0
w0.35,80,3,6,non_tail,4,-0.001988254487514496,0.0
w0.35,80,3,12,non_tail,3,-0.005250925819079044,0.0
w0.35,80,3,14,non_tail,1,4.730583168566227e-05,0.0
w0.35,80,3,20,non_tail,1,-2.5026092771440744e-06,0.0
w0.35,80,3,31,non_tail,1,0.0002126181498169899,0.0
w0.35,80,3,36,non_tail,1,0.0011343136429786682,0.0
w0.35,80,3,45,non_tail,1,0.00881984829902649,0.0
w0.35,80,3,77,non_tail,1,0.042380332946777344,0.0
w0.35,80,3,79,non_tail,1,-0.004261016845703125,0.0
w0.35,80,3,90,tail,1,-3.094971179962158e-05,0.0
w0.35,80,3,94,tail,1,-7.842807099223137e-05,0.0
w0.35,80,4,1,non_tail,2,3.575347363948822e-06,0.0
w0.35,80,4,2,non_tail,1,-0.0024054646492004395,0.0
w0.35,80,4,3,non_tail,1,-0.08543515205383301,0.0
w0.35,80,4,4,non_tail,2,-0.001915067434310913,0.0
w0.35,80,4,5,non_tail,1,2.796272747218609e-05,0.0
w0.35,80,4,9,non_tail,1,0.0007874537259340286,0.0
w0.35,80,4,11,non_tail,2,-0.0022414103150367737,0.0
w0.35,80,4,17,non_tail,1,0.0002961577847599983,0.0
w0.35,80,4,20,non_tail,2,1.6077683540061116e-06,0.0
w0.35,80,4,24,non_tail,1,0.0020548105239868164,0.0
w0.35,80,4,46,non_tail,1,0.0024710893630981445,0.0
w0.35,80,4,65,non_tail,1,-0.005615711212158203,0.0
w0.35,80,4,92,tail,1,0.006584644317626953,0.0
w0.35,80,4,97,tail,1,-0.031838417053222656,0.0
w0.35,80,6,1,non_tail,1,0.0005396343767642975,0.0
w0.35,80,6,2,non_tail,2,0.0006605982780456543,0.0
w0.35,80,6,7,non_tail,3,-0.008279924591382382,0.0
w0.35,80,6,12,non_tail,3,-0.0012233369052410126,0.0
w0.35,80,6,18,non_tail,1,0.0008155405521392822,0.0
w0.35,80,6,23,non_tail,2,-0.00014443648979067802,0.0
w0.35,80,6,32,non_tail,1,0.006017446517944336,0.0
w0.35,80,6,38,non_tail,1,0.018458962440490723,0.0
w0.35,80,6,54,non_tail,1,0.00611114501953125,0.0
w0.35,80,6,70,non_tail,1,0.0002428404986858368,0.0
w0.35,80,6,84,tail,1,0.006290912628173828,0.0
w0.35,80,8,4,non_tail,1,-0.004062727093696594,0.0
w0.35,80,8,5,non_tail,1,3.2039242796599865e-05,0.0
w0.35,80,8,6,non_tail,2,9.022606536746025e-05,0.0
w0.35,80,8,7,non_tail,1,-2.1151499822735786e-05,0.0
w0.35,80,8,15,non_tail,1,-0.00012408103793859482,0.0
w0.35,80,8,17,non_tail,1,0.0017485283315181732,0.0
w0.35,80,8,21,non_tail,1,1.4763791114091873e-05,0.0
w0.35,80,8,26,non_tail,3,-0.0047779083251953125,0.0
w0.35,80,8,38,non_tail,1,2.0260049495846033e-06,0.0
w0.35,80,8,46,non_tail,1,-0.00033132731914520264,0.0
w0.35,80,8,57,non_tail,1,0.005324572324752808,0.0
w0.35,80,8,58,non_tail,1,0.0035104751586914062,0.0
w0.35,80,8,62,non_tail,1,0.02184319496154785,0.0
w0.35,80,8,83,tail,1,0.04451489448547363,0.0
w0.35,80,9,1,non_tail,1,0.0005240701138973236,0.0
w0.35,80,9,2,non_tail,1,0.0004312172532081604,0.0
w0.35,80,9,4,non_tail,2,0.020482182502746582,0.0
w0.35,80,9,6,non_tail,1,6.571575067937374e-05,0.0
w0.35,80,9,7,non_tail,1,-0.0015697106719017029,0.0
w0.35,80,9,13,non_tail,1,0.0001271539367735386,0.0
w0.35,80,9,14,non_tail,4,-0.0019173398613929749,0.0
w0.35,80,9,17,non_tail,1,1.6530975699424744e-05,0.0
w0.35,80,9,35,non_tail,1,-0.0005357414484024048,0.0
w0.35,80,9,52,non_tail,1,0.011247634887695312,0.0
w0.35,80,9,67,non_tail,1,0.011149704456329346,0.0
w0.35,80,9,79,non_tail,1,-0.033013343811035156,0.0
w0.35,80,9,86,tail,1,-0.0007627606391906738,0.0
w0.35,80,9,89,tail,1,-0.017666339874267578,0.0
w0.35,80,12,0,non_tail,1,-2.3836037144064903e-07,0.0
w0.35,80,12,1,non_tail,2,0.008350394666194916,0.0
w0.35,80,12,3,non_tail,1,1.6652047634124756e-05,0.0
w0.35,80,12,10,non_tail,1,-1.3215001672506332e-05,0.0
w0.35,80,12,12,non_tail,1,-0.00035493262112140656,0.0
w0.35,80,12,13,non_tail,2,0.0007908246479928493,0.0
w0.35,80,12,17,non_tail,1,4.439568147063255e-05,0.0
w0.35,80,12,26,non_tail,1,-0.0005253739655017853,0.0
w0.35,80,12,27,non_tail,2,0.03424212336540222,0.0
w0.35,80,12,28,non_tail,1,0.00012964382767677307,0.0
w0.35,80,12,38,non_tail,1,0.0011686086654663086,0.0
w0.35,80,12,41,non_tail,1,0.00040287524461746216,0.0
w0.35,80,12,59,non_tail,1,-0.0068814754486083984,0.0
w0.35,80,12,85,tail,1,0.006004810333251953,0.0
w0.35,80,12,90,tail,1,0.005956888198852539,0.0
w0.35,80,13,4,non_tail,3,-0.0013232926527659006,0.0
w0.35,80,13,6,non_tail,1,-9.647384285926819e-05,0.0
w0.35,80,13,8,non_tail,2,8.356291800737381e-07,0.0
w0.35,80,13,11,non_tail,1,-0.00013612210750579834,0.0
w0.35,80,13,25,non_tail,2,5.713757127523422e-05,0.0
w0.35,80,13,26,non_tail,3,-0.00874793529510498,0.0
w0.35,80,13,28,non_tail,1,-0.002493739128112793,0.0
w0.35,80,13,40,non_tail,1,0.0005630627274513245,0.0
w0.35,80,13,58,non_tail,1,0.0003780946135520935,0.0
w0.35,80,13,68,non_tail,1,-0.00018550455570220947,0.0
w0.35,80,13,87,tail,1,0.0007406212389469147,0.0
w0.35,80,14,1,non_tail,1,0.0002078469842672348,0.0
w0.35,80,14,4,non_tail,1,0.004986166954040527,0.0
w0.35,80,14,11,non_tail,1,-0.0002134963870048523,0.0
w0.35,80,14,14,non_tail,2,-0.0011469777673482895,0.0
w0.35,80,14,17,non_tail,1,0.014472365379333496,0.0
w0.35,80,14,21,non_tail,2,4.3118372559547424e-05,0.0
w0.35,80,14,28,non_tail,2,0.0015099197626113892,0.0
w0.35,80,14,32,non_tail,1,-1.0707881301641464e-06,0.0
w0.35,80,14,43,non_tail,1,0.0026437342166900635,0.0
w0.35,80,14,46,non_tail,1,0.0008316636085510254,0.0
w0.35,80,14,55,non_tail,1,0.005304098129272461,0.0
w0.35,80,14,56,non_tail,1,0.012840062379837036,0.0
w0.35,80,14,75,non_tail,1,0.027729511260986328,0.0
w0.35,80,14,85,tail,1,0.022577762603759766,0.0
w0.35,80,14,96,tail,1,0.018214106559753418,0.0
w0.35,80,15,0,non_tail,5,0.0011913508176803617,0.0
w0.35,80,15,2,non_tail,1,0.0006561614573001862,0.0
w0.35,80,15,3,non_tail,3,-0.000264730304479599,0.0
w0.35,80,15,9,non_tail,1,0.0005134865641593933,0.0
w0.35,80,15,13,non_tail,1,-0.0005063414573669434,0.0
w0.35,80,15,16,non_tail,1,0.005661487579345703,0.0
w0.35,80,15,19,non_tail,1,5.171820521354675e-05,0.0
w0.35,80,15,53,non_tail,1,0.0007741264998912811,0.0
w0.35,80,15,57,non_tail,1,0.006637156009674072,0.0
w0.35,80,15,66,non_tail,1,-0.002469778060913086,0.0
w0.35,80,15,84,tail,1,-0.0052051544189453125,0.0
w0.35,80,15,88,tail,1,0.001745656132698059,0.0
w0.35,80,16,0,non_tail,1,-0.00021595880389213562,0.0
w0.35,80,16,1,non_tail,1,1.7884187400341034e-05,0.0
w0.35,80,16,2,non_tail,1,0.0009412765502929688,0.0
w0.35,80,16,4,non_tail,2,0.00967475026845932,0.0
w0.35,80,16,10,non_tail,3,-0.010959863662719727,0.0
w0.35,80,16,11,non_tail,2,0.0002936944365501404,0.0
w0.35,80,16,29,non_tail,1,2.1439511328935623e-05,0.0
w0.35,80,16,30,non_tail,1,0.01660013198852539,0.0
w0.35,80,16,36,non_tail,1,0.0012668967247009277,0.0
w0.35,80,16,41,non_tail,1,0.0008211284875869751,0.0
w0.35,80,16,59,non_tail,1,0.016043663024902344,0.0
w0.35,80,16,74,non_tail,1,0.021255075931549072,0.0
w0.35,80,16,93,tail,1,0.08774781227111816,0.0
w0.35,80,17,1,non_tail,1,3.08966264128685e-06,0.0
w0.35,80,17,3,non_tail,1,-0.05015301704406738,0.0
w0.35,80,17,4,non_tail,2,0.036638110876083374,0.0
w0.35,80,17,5,non_tail,1,-0.007781863212585449,0.0
w0.35,80,17,6,non_tail,1,1.5598256140947342e-05,0.0
w0.35,80,17,13,non_tail,2,0.0009860694408416748,0.0
w0.35,80,17,18,non_tail,2,-0.013563454151153564,0.0
w0.35,80,17,23,non_tail,1,-0.00037404708564281464,0.0
w0.35,80,17,26,non_tail,1,0.006491184234619141,0.0
w0.35,80,17,30,non_tail,1,0.0003528669476509094,0.0
w0.35,80,17,31,non_tail,1,0.056296706199645996,0.0
w0.35,80,17,33,non_tail,1,-0.032530784606933594,0.0
w0.35,80,17,40,non_tail,1,-0.00013407506048679352,0.0
w0.35,80,17,80,tail,1,-0.0068454742431640625,0.0
w0.35,80,20,0,non_tail,1,-4.689116030931473e-05,0.0
w0.35,80,20,1,non_tail,1,-0.0003718473017215729,0.0
w0.35,80,20,3,non_tail,3,-0.01677959163983664,0.0
w0.35,80,20,5,non_tail,1,0.0001047956757247448,0.0
w0.35,80,20,9,non_tail,1,0.004317760467529297,0.0
w0.35,80,20,11,non_tail,2,-0.0030742883682250977,0.0
w0.35,80,20,15,non_tail,1,0.005723685026168823,0.0
w0.35,80,20,16,non_tail,2,-0.002925054170191288,0.0
w0.35,80,20,21,non_tail,1,-0.00017590820789337158,0.0
w0.35,80,20,32,non_tail,1,0.001315474510192871,0.0
w0.35,80,20,33,non_tail,1,0.0008554738014936447,0.0
w0.35,80,20,34,non_tail,1,-1.9371509552001953e-06,0.0
w0.35,80,20,81,tail,1,0.007477700710296631,0.0
w0.35,80,20,82,tail,1,0.07209610939025879,0.0
w0.35,80,20,87,tail,1,0.0004255063831806183,0.0
w0.35,80,21,0,non_tail,1,-8.113309741020203e-05,0.0
w0.35,80,21,7,non_tail,1,-0.00241890549659729,0.0
w0.35,80,21,10,non_tail,1,0.0012469738721847534,0.0
w0.35,80,21,14,non_tail,4,-0.003669888712465763,0.0
w0.35,80,21,17,non_tail,3,0.00027494505047798157,0.0
w0.35,80,21,19,non_tail,1,-0.04388308525085449,0.0
w0.35,80,21,23,non_tail,2,-0.0006658658385276794,0.0
w0.35,80,21,26,non_tail,1,-0.00119888037443161,0.0
w0.35,80,21,29,non_tail,1,0.003109872341156006,0.0
w0.35,80,21,33,non_tail,1,-0.012021541595458984,0.0
w0.35,80,21,82,tail,1,0.012468814849853516,0.0
w0.35,80,24,2,non_tail,1,0.006473749876022339,0.0
w0.35,80,24,6,non_tail,3,-0.007379906872908293,0.0
w0.35,80,24,7,non_tail,2,-0.003228403627872467,0.0
w0.35,80,24,14,non_tail,2,-0.016215670853853226,0.0
w0.35,80,24,15,non_tail,1,0.00038506463170051575,0.0
w0.35,80,24,17,non_tail,1,2.1052546799182892e-05,0.0
w0.35,80,24,18,non_tail,1,-0.009012371301651001,0.0
w0.35,80,24,23,non_tail,1,0.0009577274322509766,0.0
w0.35,80,24,25,non_tail,1,-0.002018451690673828,0.0
w0.35,80,24,30,non_tail,1,0.016002655029296875,0.0
w0.35,80,24,42,non_tail,1,3.463029861450195e-05,0.0
w0.35,80,24,43,non_tail,1,0.04624009132385254,0.0
w0.35,80,24,98,tail,1,-0.00033473968505859375,0.0
w0.35,80,25,3,non_tail,1,-0.00022986717522144318,0.0
w0.35,80,25,5,non_tail,2,0.00046276673674583435,0.0
w0.35,80,25,6,non_tail,1,2.2246036678552628e-05,0.0
w0.35,80,25,14,non_tail,1,-3.719795495271683e-05,0.0
w0.35,80,25,15,non_tail,5,6.993114948256052e-06,0.0
w0.35,80,25,16,non_tail,1,3.6393292248249054e-05,0.0
w0.35,80,25,21,non_tail,3,-0.001266339483360454,0.0
w0.35,80,25,41,non_tail,1,-0.0021462440490722656,0.0
w0.35,80,25,45,non_tail,1,-0.009883403778076172,0.0
w0.35,80,25,80,tail,1,0.05400192737579346,0.0
w0.35,80,25,89,tail,1,0.02575850486755371,0.0
w0.35,80,25,99,tail,1,0.005653947591781616,0.0
w0.35,80,26,0,non_tail,6,0.0006563030183315277,0.0
w0.35,80,26,1,non_tail,1,-0.0004592202603816986,0.0
w0.35,80,26,8,non_tail,1,2.305838279426098e-05,0.0
w0.35,80,26,13,non_tail,2,8.967239409685135e-06,0.0
w0.35,80,26,15,non_tail,1,0.032700181007385254,0.0
w0.35,80,26,16,non_tail,1,1.879362389445305e-05,0.0
w0.35,80,26,20,non_tail,1,-2.501241397112608e-06,0.0
w0.35,80,26,29,non_tail,1,0.005471467971801758,0.0
w0.35,80,26,37,non_tail,1,-0.005199909210205078,0.0
w0.35,80,26,58,non_tail,1,6.872974336147308e-05,0.0
w0.35,80,26,80,tail,1,0.0023335814476013184,0.0
w0.35,80,26,88,tail,1,0.017342090606689453,0.0
w0.35,80,26,91,tail,1,0.019751906394958496,0.0
w0.35,80,27,0,non_tail,1,-2.2738473489880562e-05,0.0
w0.35,80,27,2,non_tail,1,0.01008516550064087,0.0
w0.35,80,27,6,non_tail,1,0.0010382309556007385,0.0
w0.35,80,27,7,non_tail,1,-0.01279306411743164,0.0
w0.35,80,27,81,tail,5,0.017990684509277433,0.0
w0.35,80,27,82,tail,4,0.01407238095998764,0.0
w0.35,80,27,83,tail,6,0.012923081715901619,0.0
w0.35,80,27,84,tail,1,-0.005570471286773682,0.0
w0.35,80,27,86,tail,6,0.009637196858724106,0.0
w0.35,80,27,87,tail,2,0.000276101753115654,0.0
w0.35,80,27,88,tail,5,0.006736469268798784,0.0
w0.35,80,27,93,tail,4,0.02022373676300049,0.0
w0.35,80,27,94,tail,5,-0.009682464599609641,0.0
w0.35,80,27,95,tail,1,0.009556770324707031,0.0
w0.35,80,27,98,tail,3,0.013410091400146484,0.0
w0.35,80,28,3,non_tail,1,-0.0008164718747138977,0.0
w0.35,80,28,5,non_tail,1,6.0628633946180344e-05,0.0
w0.35,80,28,82,tail,4,0.017554819583892822,0.0
w0.35,80,28,83,tail,2,0.026954174041748047,0.0
w0.35,80,28,84,tail,6,0.01113255818684955,0.0
w0.35,80,28,85,tail,2,-0.009045124053955078,0.0
w0.35,80,28,86,tail,1,8.604396134614944e-05,0.0
w0.35,80,28,87,tail,1,-0.004954814910888672,0.0
w0.35,80,28,89,tail,4,0.005102634429931641,0.0
w0.35,80,28,90,tail,1,-1.648440957069397e-05,0.0
w0.35,80,28,91,tail,3,0.002274195353189956,0.0
w0.35,80,28,92,tail,3,0.00042994817097996574,0.0
w0.35,80,28,93,tail,1,0.08127737045288086,0.0
w0.35,80,28,96,tail,3,0.02685689926147461,0.0
w0.35,80,28,97,tail,1,-0.027061939239501953,0.0
w0.35,80,28,98,tail,1,0.007367372512817383,0.0
w0.35,80,28,99,tail,4,0.008786678314208984,0.0
w0.35,80,29,1,non_tail,1,-0.0010731890797615051,0.0
w0.35,80,29,4,non_tail,1,0.029175639152526855,0.0
w0.35,80,29,8,non_tail,1,-0.018860578536987305,0.0
w0.35,80,29,9,non_tail,1,4.9484893679618835e-05,0.0
w0.35,80,29,10,non_tail,1,-0.0014469027519226074,0.0
w0.35,80,29,80,tail,8,0.01250314712524414,0.0
w0.35,80,29,81,tail,4,0.010522842407226562,0.0
w0.35,80,29,84,tail,1,-0.01686382293701172,0.0
w0.35,80,29,85,tail,5,0.0010351359844207736,0.0
w0.35,80,29,87,tail,3,-0.001277287801107363,0.0
w0.35,80,29,88,tail,1,0.0016655921936035156,0.0
w0.35,80,29,89,tail,1,-0.015581369400024414,0.0
w0.35,80,29,90,tail,4,-0.0009870398789644241,0.0
w0.35,80,29,91,tail,2,0.0021276473999023438,0.0
w0.35,80,29,92,tail,2,0.014834403991699219,0.0
w0.35,80,29,95,tail,4,0.025046825408935547,0.0
w0.35,80,29,96,tail,1,0.0037584081292152405,0.0
w0.35,80,29,97,tail,3,-0.017863591512043975,0.0
w0.35,90,0,0,non_tail,1,-6.193993613123894e-05,0.0
w0.35,90,0,2,non_tail,5,0.0010482646524906103,0.0
w0.35,90,0,4,non_tail,1,-0.02904820442199707,0.0
w0.35,90,0,5,non_tail,1,-0.004845812916755676,0.0
w0.35,90,0,8,non_tail,1,-1.0726798791438341e-06,0.0
w0.35,90,0,15,non_tail,1,1.9419065210968256e-05,0.0
w0.35,90,0,37,non_tail,1,-0.000132076907902956,0.0
w0.35,90,0,55,non_tail,1,0.0042345523834228516,0.0
w0.35,90,0,60,non_tail,1,-0.011059343814849854,0.0
w0.35,90,0,66,non_tail,1,0.00039636529982089996,0.0
w0.35,90,0,69,non_tail,1,0.1010751724243164,0.0
w0.35,90,0,74,non_tail,1,0.06229734420776367,0.0
w0.35,90,0,81,tail,1,0.02245950698852539,0.0
w0.35,90,0,83,tail,1,0.015477895736694336,0.0
w0.35,90,1,0,non_tail,3,-3.033906493025507e-05,0.0
w0.35,90,1,1,non_tail,1,0.00054888054728508,0.0
w0.35,90,1,7,non_tail,6,-0.001408537228902218,0.0
w0.35,90,1,24,non_tail,1,0.012240469455718994,0.0
w0.35,90,1,28,non_tail,1,1.5191733837127686e-05,0.0
w0.35,90,1,30,non_tail,1,0.0024665147066116333,0.0
w0.35,90,1,46,non_tail,1,-0.005669593811035156,0.0
w0.35,90,1,53,non_tail,2,0.008800506591796875,0.0
w0.35,90,1,86,tail,1,-0.00026226043701171875,0.0
w0.35,90,2,0,non_tail,1,-1.4415127225220203e-05,0.0
w0.35,90,2,3,non_tail,2,-0.018050014972686768,0.0
w0.35,90,2,5,non_tail,4,-0.001959936780622229,0.0
w0.35,90,2,6,non_tail,2,0.00035061221569776535,0.0
w0.35,90,2,10,non_tail,2,0.009787231683731079,0.0
w0.35,90,2,16,non_tail,1,0.00011348724365234375,0.0
w0.35,90,2,22,non_tail,2,-0.0168837308883667,0.0
w0.35,90,2,42,non_tail,1,-0.01984381675720215,0.0
w0.35,90,2,77,non_tail,1,0.006383419036865234,0.0
w0.35,90,2,82,tail,1,0.0008831638842821121,0.0
w0.35,90,2,91,tail,1,-0.012142419815063477,0.0
w0.35,90,2,95,tail,1,0.0047760009765625,0.0
w0.35,90,3,2,non_tail,1,0.0003380775451660156,0.0
w0.35,90,3,3,non_tail,1,-0.0023055896162986755,0.0
w0.35,90,3,6,non_tail,4,-0.00025995541363954544,0.0
w0.35,90,3,12,non_tail,3,-0.018912896513938904,0.0
w0.35,90,3,14,non_tail,1,7.702922448515892e-05,0.0
w0.35,90,3,20,non_tail,1,3.0985393095761538e-06,0.0
w0.35,90,3,31,non_tail,1,0.0002540559507906437,0.0
w0.35,90,3,36,non_tail,1,0.002224847674369812,0.0
w0.35,90,3,45,non_tail,1,0.00965455174446106,0.0
w0.35,90,3,77,non_tail,1,0.041647911071777344,0.0
w0.35,90,3,79,non_tail,1,-0.004475593566894531,0.0
w0.35,90,3,90,tail,1,-0.0018342360854148865,0.0
w0.35,90,3,94,tail,1,-8.474825881421566e-05,0.0
w0.35,90,4,1,non_tail,2,5.4374802857637405e-05,0.0
w0.35,90,4,2,non_tail,1,-0.0009448528289794922,0.0
w0.35,90,4,3,non_tail,1,-0.10133814811706543,0.0
w0.35,90,4,4,non_tail,2,-0.006628632545471191,0.0
w0.35,90,4,5,non_tail,1,-2.963002771139145e-05,0.0
w0.35,90,4,9,non_tail,1,0.0008733682334423065,0.0
w0.35,90,4,11,non_tail,2,-0.002408970147371292,0.0
w0.35,90,4,17,non_tail,1,0.0002938639372587204,0.0
w0.35,90,4,20,non_tail,2,7.980830559972674e-06,0.0
w0.35,90,4,24,non_tail,1,0.0020053833723068237,0.0
w0.35,90,4,46,non_tail,1,-0.0015284419059753418,0.0
w0.35,90,4,65,non_tail,1,0.035907745361328125,0.0
w0.35,90,4,92,tail,1,0.005587100982666016,0.0
w0.35,90,4,97,tail,1,-0.008992195129394531,0.0
w0.35,90,6,1,non_tail,1,0.00045888498425483704,0.0
w0.35,90,6,2,non_tail,2,0.002931743860244751,0.0
w0.35,90,6,7,non_tail,3,-0.0070865067342917865,0.0
w0.35,90,6,12,non_tail,3,-0.00276339054107666,0.0
w0.35,90,6,18,non_tail,1,0.0017453283071517944,0.0
w0.35,90,6,23,non_tail,2,0.0005541103892028332,0.0
w0.35,90,6,32,non_tail,1,0.03319108486175537,0.0
w0.35,90,6,38,non_tail,1,-0.007428526878356934,0.0
w0.35,90,6,54,non_tail,1,0.006303384900093079,0.0
w0.35,90,6,70,non_tail,1,0.00017870217561721802,0.0
w0.35,90,6,84,tail,1,-0.0051577091217041016,0.0
w0.35,90,8,4,non_tail,1,-0.004816591739654541,0.0
w0.35,90,8,5,non_tail,1,-1.3101438526064157e-05,0.0
w0.35,90,8,6,non_tail,2,0.0003043930046260357,0.0
w0.35,90,8,7,non_tail,1,-1.4022458344697952e-05,0.0
w0.35,90,8,15,non_tail,1,0.000664067454636097,0.0
w0.35,90,8,17,non_tail,1,0.0005998127162456512,0.0
w0.35,90,8,21,non_tail,1,1.5836209058761597e-05,0.0
w0.35,90,8,26,non_tail,3,-0.022782643636067412,0.0
w0.35,90,8,38,non_tail,1,7.984926924109459e-06,0.0
w0.35,90,8,46,non_tail,1,5.4955482482910156e-05,0.0
w0.35,90,8,57,non_tail,1,0.006235599517822266,0.0
w0.35,90,8,58,non_tail,1,0.0022110939025878906,0.0
w0.35,90,8,62,non_tail,1,0.009705543518066406,0.0
w0.35,90,8,83,tail,1,0.05301940441131592,0.0
w0.35,90,9,1,non_tail,1,0.000722203403711319,0.0
w0.35,90,9,2,non_tail,1,3.0782073736190796e-05,0.0
w0.35,90,9,4,non_tail,2,0.009815990924835205,0.0
w0.35,90,9,6,non_tail,1,0.00013047223910689354,0.0
w0.35,90,9,7,non_tail,1,-0.001169458031654358,0.0
w0.35,90,9,13,non_tail,1,9.979633614420891e-05,0.0
w0.35,90,9,14,non_tail,4,0.0003619107883423567,0.0
w0.35,90,9,17,non_tail,1,-2.141343429684639e-06,0.0
w0.35,90,9,35,non_tail,1,-1.8835067749023438e-05,0.0
w0.35,90,9,52,non_tail,1,0.011353254318237305,0.0
w0.35,90,9,67,non_tail,1,-0.001134335994720459,0.0
w0.35,90,9,79,non_tail,1,-0.03757643699645996,0.0
w0.35,90,9,86,tail,1,0.007128626108169556,0.0
w0.35,90,9,89,tail,1,-0.01483297348022461,0.0
w0.35,90,12,0,non_tail,1,-2.0261213649064302e-06,0.0
w0.35,90,12,1,non_tail,2,0.016258612275123596,0.0
w0.35,90,12,3,non_tail,1,0.00039070285856723785,0.0
w0.35,90,12,10,non_tail,1,-8.810311555862427e-06,0.0
w0.35,90,12,12,non_tail,1,-0.0008942820131778717,0.0
w0.35,90,12,13,non_tail,2,-0.0003396125975996256,0.0
w0.35,90,12,17,non_tail,1,2.2914260625839233e-05,0.0
w0.35,90,12,26,non_tail,1,-0.0011117532849311829,0.0
w0.35,90,12,27,non_tail,2,0.009120970964431763,0.0
w0.35,90,12,28,non_tail,1,1.5342608094215393e-05,0.0
w0.35,90,12,38,non_tail,1,0.0004531443119049072,0.0
w0.35,90,12,41,non_tail,1,0.000210518017411232,0.0
w0.35,90,12,59,non_tail,1,-0.006887078285217285,0.0
w0.35,90,12,85,tail,1,0.003086566925048828,0.0
w0.35,90,12,90,tail,1,-0.010447978973388672,0.0
w0.35,90,13,4,non_tail,3,-0.0037229955196380615,0.0
w0.35,90,13,6,non_tail,1,6.254948675632477e-05,0.0
w0.35,90,13,8,non_tail,2,-2.6533263735473156e-05,0.0
w0.35,90,13,11,non_tail,1,-7.965043187141418e-05,0.0
w0.35,90,13,25,non_tail,2,0.00021682586520910263,0.0
w0.35,90,13,26,non_tail,3,-0.01043926676114404,0.0
w0.35,90,13,28,non_tail,1,0.01105952262878418,0.0
w0.35,90,13,40,non_tail,1,-4.928559064865112e-05,0.0
w0.35,90,13,58,non_tail,1,-0.0003896951675415039,0.0
w0.35,90,13,68,non_tail,1,-0.0011843368411064148,0.0
w0.35,90,13,87,tail,1,0.0002823472023010254,0.0
w0.35,90,14,1,non_tail,1,0.0003046775236725807,0.0
w0.35,90,14,4,non_tail,1,-0.004217714071273804,0.0
w0.35,90,14,11,non_tail,1,-0.00025544874370098114,0.0
w0.35,90,14,14,non_tail,2,0.0036078752018511295,0.0
w0.35,90,14,17,non_tail,1,-8.440017700195312e-05,0.0
w0.35,90,14,21,non_tail,2,0.00015475787222385406,0.0
w0.35,90,14,28,non_tail,2,0.0026875659823417664,0.0
w0.35,90,14,32,non_tail,1,1.5466008335351944e-05,0.0
w0.35,90,14,43,non_tail,1,0.009919330477714539,0.0
w0.35,90,14,46,non_tail,1,0.004292100667953491,0.0
w0.35,90,14,55,non_tail,1,0.01754140853881836,0.0
w0.35,90,14,56,non_tail,1,0.012323856353759766,0.0
w0.35,90,14,75,non_tail,1,0.03164076805114746,0.0
w0.35,90,14,85,tail,1,0.04421567916870117,0.0
w0.35,90,14,96,tail,1,0.015544295310974121,0.0
w0.35,90,15,0,non_tail,5,0.0004647962749004392,0.0
w0.35,90,15,2,non_tail,1,0.00012172013521194458,0.0
w0.35,90,15,3,non_tail,3,-0.0004119761288166046,0.0
w0.35,90,15,9,non_tail,1,-0.00017938017845153809,0.0
w0.35,90,15,13,non_tail,1,-0.0006293654441833496,0.0
w0.35,90,15,16,non_tail,1,0.04916858673095703,0.0
w0.35,90,15,19,non_tail,1,0.00010356400161981583,0.0
w0.35,90,15,53,non_tail,1,0.0005815122276544571,0.0
w0.35,90,15,57,non_tail,1,0.007558286190032959,0.0
w0.35,90,15,66,non_tail,1,-0.004813432693481445,-100.0
w0.35,90,15,84,tail,1,-0.02181863784790039,0.0
w0.35,90,15,88,tail,1,0.00036266446113586426,0.0
w0.35,90,16,0,non_tail,1,-0.00044561736285686493,0.0
w0.35,90,16,1,non_tail,1,6.669573485851288e-05,0.0
w0.35,90,16,2,non_tail,1,0.00023077428340911865,0.0
w0.35,90,16,4,non_tail,2,0.0023803450167179108,0.0
w0.35,90,16,10,non_tail,3,-0.013482491175333622,0.0
w0.35,90,16,11,non_tail,2,0.0001544225960969925,0.0
w0.35,90,16,29,non_tail,1,2.3822183720767498e-05,0.0
w0.35,90,16,30,non_tail,1,0.020918846130371094,0.0
w0.35,90,16,36,non_tail,1,0.002978965640068054,0.0
w0.35,90,16,41,non_tail,1,0.002710208296775818,0.0
w0.35,90,16,59,non_tail,1,-0.0009713172912597656,0.0
w0.35,90,16,74,non_tail,1,0.02432650327682495,0.0
w0.35,90,16,93,tail,1,0.07286286354064941,0.0
w0.35,90,17,1,non_tail,1,1.2835953384637833e-05,0.0
w0.35,90,17,3,non_tail,1,-0.006223440170288086,0.0
w0.35,90,17,4,non_tail,2,0.0011935234069824219,0.0
w0.35,90,17,5,non_tail,1,-0.041748881340026855,0.0
w0.35,90,17,6,non_tail,1,3.369979094713926e-05,0.0
w0.35,90,17,13,non_tail,2,0.00016543269157409668,0.0
w0.35,90,17,18,non_tail,2,-0.006356477737426758,0.0
w0.35,90,17,23,non_tail,1,-0.00048692338168621063,0.0
w0.35,90,17,26,non_tail,1,0.00041556358337402344,0.0
w0.35,90,17,30,non_tail,1,0.0032612010836601257,0.0
w0.35,90,17,31,non_tail,1,0.06356573104858398,0.0
w0.35,90,17,33,non_tail,1,-0.05101299285888672,0.0
w0.35,90,17,40,non_tail,1,-0.00013871397823095322,0.0
w0.35,90,17,80,tail,1,-0.003563404083251953,0.0
w0.35,90,20,0,non_tail,1,-0.00010725203901529312,0.0
w0.35,90,20,1,non_tail,1,-0.00015555508434772491,0.0
w0.35,90,20,3,non_tail,3,-0.01869507630666098,0.0
w0.35,90,20,5,non_tail,1,-0.00017739972099661827,0.0
w0.35,90,20,9,non_tail,1,0.007607460021972656,0.0
w0.35,90,20,11,non_tail,2,0.00020694732666015625,0.0
w0.35,90,20,15,non_tail,1,0.006794162094593048,0.0
w0.35,90,20,16,non_tail,2,0.0010385597124695778,0.0
w0.35,90,20,21,non_tail,1,0.007600530982017517,0.0
w0.35,90,20,32,non_tail,1,0.00460505485534668,0.0
w0.35,90,20,33,non_tail,1,0.0009520649909973145,0.0
w0.35,90,20,34,non_tail,1,0.0041921138763427734,0.0
w0.35,90,20,81,tail,1,0.013570845127105713,0.0
w0.35,90,20,82,tail,1,0.10528421401977539,0.0
w0.35,90,20,87,tail,1,0.00025466829538345337,0.0
w0.35,90,21,0,non_tail,1,-0.0002830047160387039,0.0
w0.35,90,21,7,non_tail,1,-0.002186506986618042,0.0
w0.35,90,21,10,non_tail,1,0.004487082362174988,0.0
w0.35,90,21,14,non_tail,4,0.00033737393096089363,0.0
w0.35,90,21,17,non_tail,3,4.0809313456218604e-05,0.0
w0.35,90,21,19,non_tail,1,-0.060339927673339844,0.0
w0.35,90,21,23,non_tail,2,-0.0017113611102104187,0.0
w0.35,90,21,26,non_tail,1,-0.002297237515449524,0.0
w0.35,90,21,29,non_tail,1,-0.0024352073669433594,0.0
w0.35,90,21,33,non_tail,1,0.009829044342041016,0.0
w0.35,90,21,82,tail,1,0.011768341064453125,0.0
w0.35,90,24,2,non_tail,1,0.0026861727237701416,0.0
w0.35,90,24,6,non_tail,3,0.003255342443784115,0.0
w0.35,90,24,7,non_tail,2,-0.002324044704437256,0.0
w0.35,90,24,14,non_tail,2,-0.004685699939727783,0.0
w0.35,90,24,15,non_tail,1,0.0006475448608398438,0.0
w0.35,90,24,17,non_tail,1,4.759058356285095e-07,0.0
w0.35,90,24,18,non_tail,1,-0.006037332117557526,0.0
w0.35,90,24,23,non_tail,1,0.0007554665207862854,0.0
w0.35,90,24,25,non_tail,1,0.002445995807647705,0.0
w0.35,90,24,30,non_tail,1,0.031031250953674316,0.0
w0.35,90,24,42,non_tail,1,7.225654553622007e-05,0.0
w0.35,90,24,43,non_tail,1,0.11596667766571045,0.0
w0.35,90,24,98,tail,1,-0.0006062984466552734,0.0
w0.35,90,25,3,non_tail,1,-0.0003469157963991165,0.0
w0.35,90,25,5,non_tail,2,-0.0010358206927776337,0.0
w0.35,90,25,6,non_tail,1,5.556445103138685e-05,0.0
w0.35,90,25,14,non_tail,1,0.00022274255752563477,0.0
w0.35,90,25,15,non_tail,5,0.004467741400003417,0.0
w0.35,90,25,16,non_tail,1,5.0076982006430626e-05,0.0
w0.35,90,25,21,non_tail,3,0.004477105413873986,0.0
w0.35,90,25,41,non_tail,1,-0.009044647216796875,0.0
w0.35,90,25,45,non_tail,1,-0.02884054183959961,0.0
w0.35,90,25,80,tail,1,0.021222710609436035,0.0
w0.35,90,25,89,tail,1,0.03202056884765625,0.0
w0.35,90,25,99,tail,1,0.0025796890258789062,0.0
w0.35,90,26,0,non_tail,6,0.0004719115483264105,0.0
w0.35,90,26,1,non_tail,1,0.0001412220299243927,0.0
w0.35,90,26,8,non_tail,1,6.4193736761808395e-06,0.0
w0.35,90,26,13,non_tail,2,-9.494833648204803e-07,0.0
w0.35,90,26,15,non_tail,1,0.06486356258392334,0.0
w0.35,90,26,16,non_tail,1,3.5450560972094536e-05,0.0
w0.35,90,26,20,non_tail,1,1.4532008208334446e-05,0.0
w0.35,90,26,29,non_tail,1,0.011137247085571289,0.0
w0.35,90,26,37,non_tail,1,-0.0027451515197753906,0.0
w0.35,90,26,58,non_tail,1,3.8047321140766144e-05,0.0
w0.35,90,26,80,tail,1,0.0018248558044433594,0.0
w0.35,90,26,88,tail,1,0.09311246871948242,0.0
w0.35,90,26,91,tail,1,0.008666157722473145,0.0
w0.35,90,27,0,non_tail,1,-2.3333588615059853e-05,0.0
w0.35,90,27,2,non_tail,1,0.006936609745025635,0.0
w0.35,90,27,6,non_tail,1,0.003194376826286316,0.0
w0.35,90,27,7,non_tail,1,-0.027269363403320312,0.0
w0.35,90,27,81,tail,5,0.028400421142578125,0.0
w0.35,90,27,82,tail,4,0.00820186361670494,0.0
w0.35,90,27,83,tail,6,0.015738487243652344,0.0
w0.35,90,27,84,tail,1,-0.011322855949401855,0.0
w0.35,90,27,86,tail,6,0.012145042419433594,0.0
w0.35,90,27,87,tail,2,7.420219480991364e-05,0.0
w0.35,90,27,88,tail,5,0.025647544860839866,0.0
w0.35,90,27,93,tail,4,0.02551412582397461,0.0
w0.35,90,27,94,tail,5,-0.0159412384033204,0.0
w0.35,90,27,95,tail,1,0.013884544372558594,0.0
w0.35,90,27,98,tail,3,0.006601095199584961,0.0
w0.35,90,28,3,non_tail,1,-0.001145675778388977,0.0
w0.35,90,28,5,non_tail,1,-0.00018057692795991898,0.0
w0.35,90,28,82,tail,4,0.009652256965637207,0.0
w0.35,90,28,83,tail,2,0.035181283950805664,0.0
w0.35,90,28,84,tail,6,0.009836037953695254,0.0
w0.35,90,28,85,tail,2,-0.0015320777893066406,0.0
w0.35,90,28,86,tail,1,0.00010867929086089134,0.0
w0.35,90,28,87,tail,1,-0.010277748107910156,0.0
w0.35,90,28,89,tail,4,0.013159751892089844,0.0
w0.35,90,28,90,tail,1,-0.00017129629850387573,0.0
w0.35,90,28,91,tail,3,-0.0015064875284829249,0.0
w0.35,90,28,92,tail,3,0.001258532206217744,0.0
w0.35,90,28,93,tail,1,0.058138370513916016,0.0
w0.35,90,28,96,tail,3,0.03731536865234375,0.0
w0.35,90,28,97,tail,1,0.017773151397705078,0.0
w0.35,90,28,98,tail,1,0.0029211044311523438,0.0
w0.35,90,28,99,tail,4,0.011642694473266602,0.0
w0.35,90,29,1,non_tail,1,-0.00023058801889419556,0.0
w0.35,90,29,4,non_tail,1,-0.009586930274963379,0.0
w0.35,90,29,8,non_tail,1,-0.0228729248046875,0.0
w0.35,90,29,9,non_tail,1,-8.497759699821472e-05,0.0
w0.35,90,29,10,non_tail,1,-0.0014704763889312744,0.0
w0.35,90,29,80,tail,8,0.016579866409301758,0.0
w0.35,90,29,81,tail,4,0.021291017532348633,0.0
w0.35,90,29,84,tail,1,-0.032004356384277344,0.0
w0.35,90,29,85,tail,5,0.0010438412427902222,0.0
w0.35,90,29,87,tail,3,-0.00039418538411517545,0.0
w0.35,90,29,88,tail,1,0.01744842529296875,0.0
w0.35,90,29,89,tail,1,0.005468010902404785,0.0
w0.35,90,29,90,tail,4,-0.005013294517993927,0.0
w0.35,90,29,91,tail,2,0.012867450714111328,0.0
w0.35,90,29,92,tail,2,0.010142803192138672,0.0
w0.35,90,29,95,tail,4,0.02753770351409912,0.0
w0.35,90,29,96,tail,1,0.0037621408700942993,0.0
w0.35,90,29,97,tail,3,-0.030775705973307588,0.0
w0.35,100,0,0,non_tail,1,7.03912228345871e-05,0.0
w0.35,100,0,2,non_tail,5,-0.006545045226812374,0.0
w0.35,100,0,4,non_tail,1,0.019263148307800293,0.0
w0.35,100,0,5,non_tail,1,0.009080573916435242,0.0
w0.35,100,0,8,non_tail,1,1.7878192011266947e-06,0.0
w0.35,100,0,15,non_tail,1,1.3224082067608833e-05,0.0
w0.35,100,0,37,non_tail,1,0.000185270793735981,0.0
w0.35,100,0,55,non_tail,1,0.008284389972686768,0.0
w0.35,100,0,60,non_tail,1,0.040976643562316895,0.0
w0.35,100,0,66,non_tail,1,0.0005322415381669998,0.0
w0.35,100,0,69,non_tail,1,-0.045938968658447266,0.0
w0.35,100,0,74,non_tail,1,-0.0150299072265625,0.0
w0.35,100,0,81,tail,1,-0.010605812072753906,0.0
w0.35,100,0,83,tail,1,0.003231644630432129,0.0
w0.35,100,1,0,non_tail,3,2.9239813253904238e-05,0.0
w0.35,100,1,1,non_tail,1,0.0019714292138814926,0.0
w0.35,100,1,7,non_tail,6,-0.006023228168487549,0.0
w0.35,100,1,24,non_tail,1,0.008665204048156738,0.0
w0.35,100,1,28,non_tail,1,1.5189405530691147e-05,0.0
w0.35,100,1,30,non_tail,1,0.006101727485656738,0.0
w0.35,100,1,46,non_tail,1,0.016021549701690674,0.0
w0.35,100,1,53,non_tail,2,-0.0014595091342926025,0.0
w0.35,100,1,86,tail,1,0.044474124908447266,0.0
w0.35,100,2,0,non_tail,1,2.1682761143893003e-05,0.0
w0.35,100,2,3,non_tail,2,-0.00844496488571167,0.0
w0.35,100,2,5,non_tail,4,0.002898022095905617,0.0
w0.35,100,2,6,non_tail,2,0.00011527352035045624,0.0
w0.35,100,2,10,non_tail,2,0.011437386274337769,0.0
w0.35,100,2,16,non_tail,1,-0.006529808044433594,0.0
w0.35,100,2,22,non_tail,2,0.0025315284729003906,0.0
w0.35,100,2,42,non_tail,1,-0.049445152282714844,0.0
w0.35,100,2,77,non_tail,1,-0.013379096984863281,0.0
w0.35,100,2,82,tail,1,-0.0004966631531715393,0.0
w0.35,100,2,91,tail,1,0.017481744289398193,0.0
w0.35,100,2,95,tail,1,-0.009809017181396484,0.0
w0.35,100,3,2,non_tail,1,-0.0010728836059570312,0.0
w0.35,100,3,3,non_tail,1,0.0009805075824260712,0.0
w0.35,100,3,6,non_tail,4,-0.005138080101460218,0.0
w0.35,100,3,12,non_tail,3,-0.0005201796690622595,0.0
w0.35,100,3,14,non_tail,1,1.890072599053383e-05,0.0
w0.35,100,3,20,non_tail,1,-9.414652595296502e-06,0.0
w0.35,100,3,31,non_tail,1,0.00016887066885828972,0.0
w0.35,100,3,36,non_tail,1,0.0023974180221557617,0.0
w0.35,100,3,45,non_tail,1,0.005566447973251343,0.0
w0.35,100,3,77,non_tail,1,-0.07136726379394531,0.0
w0.35,100,3,79,non_tail,1,-0.0015993118286132812,0.0
w0.35,100,3,90,tail,1,0.002102203667163849,0.0
w0.35,100,3,94,tail,1,5.9920595958828926e-05,0.0
w0.35,100,4,1,non_tail,2,0.0009762090630829334,0.0
w0.35,100,4,2,non_tail,1,-0.02186983823776245,0.0
w0.35,100,4,3,non_tail,1,0.005154609680175781,0.0
w0.35,100,4,4,non_tail,2,0.008834809064865112,0.0
w0.35,100,4,5,non_tail,1,5.3192838095128536e-05,0.0
w0.35,100,4,9,non_tail,1,-0.00017761439085006714,0.0
w0.35,100,4,11,non_tail,2,0.011369556188583374,0.0
w0.35,100,4,17,non_tail,1,0.0002527022734284401,0.0
w0.35,100,4,20,non_tail,2,-1.1614407412707806e-05,0.0
w0.35,100,4,24,non_tail,1,0.0008687376976013184,0.0
w0.35,100,4,46,non_tail,1,0.010014593601226807,0.0
w0.35,100,4,65,non_tail,1,-0.03656482696533203,0.0
w0.35,100,4,92,tail,1,0.01728200912475586,0.0
w0.35,100,4,97,tail,1,0.0498347282409668,0.0
w0.35,100,6,1,non_tail,1,0.0019300654530525208,0.0
w0.35,100,6,2,non_tail,2,-0.008758485317230225,0.0
w0.35,100,6,7,non_tail,3,0.0003500059247016907,0.0
w0.35,100,6,12,non_tail,3,0.0007682611855367796,0.0
w0.35,100,6,18,non_tail,1,-0.003376409411430359,0.0
w0.35,100,6,23,non_tail,2,-0.003666169475764036,0.0
w0.35,100,6,32,non_tail,1,-0.08539032936096191,0.0
w0.35,100,6,38,non_tail,1,0.0338975191116333,0.0
w0.35,100,6,54,non_tail,1,0.009042397141456604,0.0
w0.35,100,6,70,non_tail,1,-0.00013132765889167786,0.0
w0.35,100,6,84,tail,1,0.00751185417175293,0.0
w0.35,100,8,4,non_tail,1,0.00020668655633926392,0.0
w0.35,100,8,5,non_tail,1,4.37116832472384e-05,0.0
w0.35,100,8,6,non_tail,2,-0.0001711011864244938,0.0
w0.35,100,8,7,non_tail,1,7.451651617884636e-05,0.0
w0.35,100,8,15,non_tail,1,0.00034771300852298737,0.0
w0.35,100,8,17,non_tail,1,0.00016346946358680725,0.0
w0.35,100,8,21,non_tail,1,2.4767359718680382e-05,0.0
w0.35,100,8,26,non_tail,3,-0.008491992950439453,0.0
w0.35,100,8,38,non_tail,1,2.5027256924659014e-06,0.0
w0.35,100,8,46,non_tail,1,0.004855737090110779,0.0
w0.35,100,8,57,non_tail,1,-0.002025306224822998,0.0
w0.35,100,8,58,non_tail,1,-0.027583956718444824,0.0
w0.35,100,8,62,non_tail,1,0.01436305046081543,0.0
w0.35,100,8,83,tail,1,-0.015398025512695312,0.0
w0.35,100,9,1,non_tail,1,0.0021347030997276306,0.0
w0.35,100,9,2,non_tail,1,-0.0010617971420288086,0.0
w0.35,100,9,4,non_tail,2,0.0017828047275543213,0.0
w0.35,100,9,6,non_tail,1,6.820308044552803e-05,0.0
w0.35,100,9,7,non_tail,1,0.0011790692806243896,0.0
w0.35,100,9,13,non_tail,1,2.4689827114343643e-05,0.0
w0.35,100,9,14,non_tail,4,-0.005855323048308492,0.0
w0.35,100,9,17,non_tail,1,-4.5211054384708405e-06,0.0
w0.35,100,9,35,non_tail,1,0.0009585730731487274,0.0
w0.35,100,9,52,non_tail,1,0.010354995727539062,0.0
w0.35,100,9,67,non_tail,1,0.00318223237991333,0.0
w0.35,100,9,79,non_tail,1,0.01953721046447754,0.0
w0.35,100,9,86,tail,1,0.013920992612838745,0.0
w0.35,100,9,89,tail,1,0.05370950698852539,0.0
w0.35,100,12,0,non_tail,1,2.860426320694387e-06,0.0
w0.35,100,12,1,non_tail,2,0.0377354621887207,0.0
w0.35,100,12,3,non_tail,1,0.0002743937075138092,0.0
w0.35,100,12,10,non_tail,1,1.8930993974208832e-05,0.0
w0.35,100,12,12,non_tail,1,-0.00015733949840068817,0.0
w0.35,100,12,13,non_tail,2,0.003857795614749193,0.0
w0.35,100,12,17,non_tail,1,0.0001938177738338709,0.0
w0.35,100,12,26,non_tail,1,0.000706549733877182,0.0
w0.35,100,12,27,non_tail,2,0.018114477396011353,0.0
w0.35,100,12,28,non_tail,1,0.00020248256623744965,0.0
w0.35,100,12,38,non_tail,1,0.0017398595809936523,0.0
w0.35,100,12,41,non_tail,1,-0.00036375224590301514,0.0
w0.35,100,12,59,non_tail,1,-0.005918741226196289,0.0
w0.35,100,12,85,tail,1,0.05420887470245361,0.0
w0.35,100,12,90,tail,1,0.007238149642944336,0.0
w0.35,100,13,4,non_tail,3,0.003529926141103118,0.0
w0.35,100,13,6,non_tail,1,-0.00022657448425889015,0.0
w0.35,100,13,8,non_tail,2,6.296031642705202e-05,0.0
w0.35,100,13,11,non_tail,1,9.102374315261841e-05,0.0
w0.35,100,13,25,non_tail,2,-0.00013537798076868057,0.0
w0.35,100,13,26,non_tail,3,-0.0025426199038823816,0.0
w0.35,100,13,28,non_tail,1,0.006162762641906738,0.0
w0.35,100,13,40,non_tail,1,0.001143917441368103,0.0
w0.35,100,13,58,non_tail,1,0.00128183513879776,0.0
w0.35,100,13,68,non_tail,1,0.001455456018447876,0.0
w0.35,100,13,87,tail,1,0.000736679881811142,0.0
w0.35,100,14,1,non_tail,1,0.0005149366334080696,0.0
w0.35,100,14,4,non_tail,1,0.004528433084487915,0.0
w0.35,100,14,11,non_tail,1,0.0005018217489123344,0.0
w0.35,100,14,14,non_tail,2,0.00196476886048913,0.0
w0.35,100,14,17,non_tail,1,-0.00019884109497070312,0.0
w0.35,100,14,21,non_tail,2,1.1183321475982666e-05,0.0
w0.35,100,14,28,non_tail,2,-0.005801007151603699,0.0
w0.35,100,14,32,non_tail,1,-6.1024678871035576e-05,0.0
w0.35,100,14,43,non_tail,1,0.0017118752002716064,0.0
w0.35,100,14,46,non_tail,1,0.0006186962127685547,0.0
w0.35,100,14,55,non_tail,1,0.010259389877319336,0.0
w0.35,100,14,56,non_tail,1,0.00470086932182312,0.0
w0.35,100,14,75,non_tail,1,0.016379594802856445,0.0
w0.35,100,14,85,tail,1,-0.021799564361572266,0.0
w0.35,100,14,96,tail,1,0.04442572593688965,0.0
w0.35,100,15,0,non_tail,5,0.004779011756181714,0.0
w0.35,100,15,2,non_tail,1,-0.0010536834597587585,0.0
w0.35,100,15,3,non_tail,3,0.0007382643719514199,0.0
w0.35,100,15,9,non_tail,1,0.0011742711067199707,0.0
w0.35,100,15,13,non_tail,1,0.01673102378845215,0.0
w0.35,100,15,16,non_tail,1,-0.0064563751220703125,0.0
w0.35,100,15,19,non_tail,1,7.4910931289196014e-06,0.0
w0.35,100,15,53,non_tail,1,-3.842636942863464e-06,0.0
w0.35,100,15,57,non_tail,1,-0.0018675923347473145,0.0
w0.35,100,15,66,non_tail,1,0.011183023452758789,100.0
w0.35,100,15,84,tail,1,0.03856658935546875,0.0
w0.35,100,15,88,tail,1,0.0032404959201812744,0.0
w0.35,100,16,0,non_tail,1,0.0007641194388270378,0.0
w0.35,100,16,1,non_tail,1,0.00029235659167170525,0.0
w0.35,100,16,2,non_tail,1,-0.002247687429189682,0.0
w0.35,100,16,4,non_tail,2,0.0028243176639080048,0.0
w0.35,100,16,10,non_tail,3,0.029094139734903934,0.0
w0.35,100,16,11,non_tail,2,0.008870182558894157,0.0
w0.35,100,16,29,non_tail,1,2.0367733668535948e-05,0.0
w0.35,100,16,30,non_tail,1,0.06012725830078125,0.0
w0.35,100,16,36,non_tail,1,0.006339937448501587,0.0
w0.35,100,16,41,non_tail,1,-0.0024977847933769226,0.0
w0.35,100,16,59,non_tail,1,0.02333545684814453,0.0
w0.35,100,16,74,non_tail,1,-0.010895252227783203,0.0
w0.35,100,16,93,tail,1,0.11807680130004883,0.0
w0.35,100,17,1,non_tail,1,5.598762072622776e-05,0.0
w0.35,100,17,3,non_tail,1,-0.026697874069213867,0.0
w0.35,100,17,4,non_tail,2,-0.010495692491531372,0.0
w0.35,100,17,5,non_tail,1,0.05617356300354004,0.0
w0.35,100,17,6,non_tail,1,-1.667207106947899e-05,0.0
w0.35,100,17,13,non_tail,2,0.008108586072921753,0.0
w0.35,100,17,18,non_tail,2,-0.02880030870437622,0.0
w0.35,100,17,23,non_tail,1,5.83939254283905e-05,0.0
w0.35,100,17,26,non_tail,1,0.004643917083740234,0.0
w0.35,100,17,30,non_tail,1,-0.0012143999338150024,0.0
w0.35,100,17,31,non_tail,1,-0.009703993797302246,0.0
w0.35,100,17,33,non_tail,1,0.06141471862792969,0.0
w0.35,100,17,40,non_tail,1,-0.00042647216469049454,0.0
w0.35,100,17,80,tail,1,0.004964351654052734,0.0
w0.35,100,20,0,non_tail,1,0.0002548638731241226,0.0
w0.35,100,20,1,non_tail,1,0.0012985151261091232,0.0
w0.35,100,20,3,non_tail,3,0.0014428397019704275,0.0
w0.35,100,20,5,non_tail,1,0.00042941607534885406,0.0
w0.35,100,20,9,non_tail,1,0.017320632934570312,0.0
w0.35,100,20,11,non_tail,2,0.018476128578186035,0.0
w0.35,100,20,15,non_tail,1,0.0013074055314064026,0.0
w0.35,100,20,16,non_tail,2,0.0013425950892269611,0.0
w0.35,100,20,21,non_tail,1,-0.00417385995388031,0.0
w0.35,100,20,32,non_tail,1,-0.030726850032806396,0.0
w0.35,100,20,33,non_tail,1,0.00010897032916545868,0.0
w0.35,100,20,34,non_tail,1,0.012893199920654297,0.0
w0.35,100,20,81,tail,1,-0.008263766765594482,0.0
w0.35,100,20,82,tail,1,-0.05562424659729004,0.0
w0.35,100,20,87,tail,1,0.0007348712533712387,0.0
w0.35,100,21,0,non_tail,1,0.0004812106490135193,0.0
w0.35,100,21,7,non_tail,1,0.001093357801437378,0.0
w0.35,100,21,10,non_tail,1,-0.002912566065788269,0.0
w0.35,100,21,14,non_tail,4,-0.028312552720308304,0.0
w0.35,100,21,17,non_tail,3,0.0006684015194575003,0.0
w0.35,100,21,19,non_tail,1,0.020403027534484863,0.0
w0.35,100,21,23,non_tail,2,-0.002628639340400696,0.0
w0.35,100,21,26,non_tail,1,-0.0029957443475723267,0.0
w0.35,100,21,29,non_tail,1,-0.002625107765197754,0.0
w0.35,100,21,33,non_tail,1,-0.023496627807617188,0.0
w0.35,100,21,82,tail,1,-0.028758764266967773,0.0
w0.35,100,24,2,non_tail,1,-0.011297136545181274,0.0
w0.35,100,24,6,non_tail,3,-0.006264947354793549,0.0
w0.35,100,24,7,non_tail,2,0.0012492462992668152,0.0
w0.35,100,24,14,non_tail,2,-0.020089875906705856,0.0
w0.35,100,24,15,non_tail,1,-5.620438605546951e-05,0.0
w0.35,100,24,17,non_tail,1,9.612867143005133e-05,0.0
w0.35,100,24,18,non_tail,1,-0.003953300416469574,0.0
w0.35,100,24,23,non_tail,1,-0.0027852654457092285,0.0
w0.35,100,24,25,non_tail,1,0.004812419414520264,0.0
w0.35,100,24,30,non_tail,1,0.01393425464630127,0.0
w0.35,100,24,42,non_tail,1,-1.428648829460144e-06,0.0
w0.35,100,24,43,non_tail,1,-0.0009115934371948242,0.0
w0.35,100,24,98,tail,1,0.009212255477905273,0.0
w0.35,100,25,3,non_tail,1,0.0002494100481271744,0.0
w0.35,100,25,5,non_tail,2,0.0019712429493665695,0.0
w0.35,100,25,6,non_tail,1,5.116569809615612e-06,0.0
w0.35,100,25,14,non_tail,1,0.0002501346170902252,0.0
w0.35,100,25,15,non_tail,5,-0.00383935049176215,0.0
w0.35,100,25,16,non_tail,1,-3.5449396818876266e-05,0.0
w0.35,100,25,21,non_tail,3,0.0020016292110085487,0.0
w0.35,100,25,41,non_tail,1,0.039447784423828125,0.0
w0.35,100,25,45,non_tail,1,-0.06792068481445312,0.0
w0.35,100,25,80,tail,1,0.04642677307128906,0.0
w0.35,100,25,89,tail,1,-0.0065174102783203125,0.0
w0.35,100,25,99,tail,1,0.002580702304840088,0.0
w0.35,100,26,0,non_tail,6,0.0005727176709721532,0.0
w0.35,100,26,1,non_tail,1,0.001746131107211113,0.0
w0.35,100,26,8,non_tail,1,-2.4014385417103767e-05,0.0
w0.35,100,26,13,non_tail,2,7.137691136449575e-05,0.0
w0.35,100,26,15,non_tail,1,-0.013916611671447754,0.0
w0.35,100,26,16,non_tail,1,-1.760781742632389e-05,0.0
w0.35,100,26,20,non_tail,1,-2.608593786135316e-05,0.0
w0.35,100,26,29,non_tail,1,0.0005592107772827148,0.0
w0.35,100,26,37,non_tail,1,-0.011878609657287598,0.0
w0.35,100,26,58,non_tail,1,2.0803185179829597e-05,0.0
w0.35,100,26,80,tail,1,-8.402019739151001e-05,0.0
w0.35,100,26,88,tail,1,0.0017457008361816406,0.0
w0.35,100,26,91,tail,1,0.007819771766662598,0.0
w0.35,100,27,0,non_tail,1,2.66683055087924e-05,0.0
w0.35,100,27,2,non_tail,1,-0.023803293704986572,0.0
w0.35,100,27,6,non_tail,1,-0.003132268786430359,0.0
w0.35,100,27,7,non_tail,1,0.011775493621826172,0.0
w0.35,100,27,81,tail,5,-0.01618671417236328,0.0
w0.35,100,27,82,tail,4,0.020866749808192253,0.0
w0.35,100,27,83,tail,6,0.003310521443684822,0.0
w0.35,100,27,84,tail,1,0.022822439670562744,0.0
w0.35,100,27,86,tail,6,0.0063018798828125,0.0
w0.35,100,27,87,tail,2,0.00043267570436000824,0.0
w0.35,100,27,88,tail,5,0.020649814605712913,0.0
w0.35,100,27,93,tail,4,-0.0020951032638549805,0.0
w0.35,100,27,94,tail,5,0.027287864685058505,0.0
w0.35,100,27,95,tail,1,0.005386829376220703,0.0
w0.35,100,27,98,tail,3,0.007896820704142105,0.0
w0.35,100,28,3,non_tail,1,0.0008448027074337006,0.0
w0.35,100,28,5,non_tail,1,0.00044223200529813766,0.0
w0.35,100,28,82,tail,4,0.024863898754119873,0.0
w0.35,100,28,83,tail,2,-0.007058382034301758,0.0
w0.35,100,28,84,tail,6,-0.001190026601155303,0.0
w0.35,100,28,85,tail,2,0.01644134521484375,0.0
w0.35,100,28,86,tail,1,0.00019020074978470802,0.0
w0.35,100,28,87,tail,1,0.024929523468017578,0.0
w0.35,100,28,89,tail,4,0.028172969818115234,0.0
w0.35,100,28,90,tail,1,0.0005498901009559631,0.0
w0.35,100,28,91,tail,3,0.031065305074056138,0.0
w0.35,100,28,92,tail,3,0.004128932952880859,0.0
w0.35,100,28,93,tail,1,0.05511951446533203,0.0
w0.35,100,28,96,tail,3,-0.0024728775024414062,0.0
w0.35,100,28,97,tail,1,0.015108585357666016,0.0
w0.35,100,28,98,tail,1,0.009216070175170898,0.0
w0.35,100,28,99,tail,4,-0.05249166488647461,0.0
w0.35,100,29,1,non_tail,1,0.001512780785560608,0.0
w0.35,100,29,4,non_tail,1,0.05368685722351074,0.0
w0.35,100,29,8,non_tail,1,0.0938340425491333,0.0
w0.35,100,29,9,non_tail,1,0.00021414272487163544,0.0
w0.35,100,29,10,non_tail,1,0.004499524831771851,0.0
w0.35,100,29,80,tail,8,0.013691902160644531,0.0
w0.35,100,29,81,tail,4,-0.007064104080200195,0.0
w0.35,100,29,84,tail,1,0.06720447540283203,0.0
w0.35,100,29,85,tail,5,0.0005126804113388048,0.0
w0.35,100,29,87,tail,3,0.011931737263997988,0.0
w0.35,100,29,88,tail,1,0.02663135528564453,0.0
w0.35,100,29,89,tail,1,0.010844588279724121,0.0
w0.35,100,29,90,tail,4,0.009394099935889244,0.0
w0.35,100,29,91,tail,2,-0.008825540542602539,0.0
w0.35,100,29,92,tail,2,0.05167508125305176,0.0
w0.35,100,29,95,tail,4,-0.0034644603729248047,0.0
w0.35,100,29,96,tail,1,-0.0002010837197303772,0.0
w0.35,100,29,97,tail,3,0.026139259338378906,0.0
w0.5,30,0,0,non_tail,1,-7.523689419031143e-05,0.0
w0.5,30,0,2,non_tail,5,0.0033669129014015087,0.0
w0.5,30,0,4,non_tail,1,-0.007266879081726074,0.0
w0.5,30,0,5,non_tail,1,-0.00535215437412262,0.0
w0.5,30,0,8,non_tail,1,8.579692803323269e-06,0.0
w0.5,30,0,15,non_tail,1,1.4769902918487787e-05,0.0
w0.5,30,0,37,non_tail,1,4.738476127386093e-05,0.0
w0.5,30,0,55,non_tail,1,-0.005513012409210205,0.0
w0.5,30,0,60,non_tail,1,-0.005896329879760742,0.0
w0.5,30,0,66,non_tail,1,-3.167241811752319e-05,0.0
w0.5,30,0,69,non_tail,1,0.05017256736755371,0.0
w0.5,30,0,74,non_tail,1,0.042489051818847656,0.0
w0.5,30,0,81,tail,1,0.015130043029785156,0.0
w0.5,30,0,83,tail,1,0.0008497834205627441,0.0
w0.5,30,1,0,non_tail,3,-2.8443425738563285e-05,0.0
w0.5,30,1,1,non_tail,1,-6.16312026977539e-05,0.0
w0.5,30,1,7,non_tail,6,0.004108786582946777,0.0
w0.5,30,1,24,non_tail,1,0.012508273124694824,0.0
w0.5,30,1,28,non_tail,1,0.00017272261902689934,0.0
w0.5,30,1,30,non_tail,1,-0.005498781800270081,0.0
w0.5,30,1,46,non_tail,1,0.010130763053894043,0.0
w0.5,30,1,53,non_tail,2,0.013016164302825928,0.0
w0.5,30,1,86,tail,1,0.020609140396118164,0.0
w0.5,30,2,0,non_tail,1,-1.3459008187055588e-05,0.0
w0.5,30,2,3,non_tail,2,-0.023589491844177246,0.0
w0.5,30,2,5,non_tail,4,-0.00313826187630184,0.0
w0.5,30,2,6,non_tail,2,-0.00011520832777023315,0.0
w0.5,30,2,10,non_tail,2,0.000473707914352417,0.0
w0.5,30,2,16,non_tail,1,-0.013872385025024414,0.0
w0.5,30,2,22,non_tail,2,0.004238307476043701,0.0
w0.5,30,2,42,non_tail,1,-0.01999950408935547,0.0
w0.5,30,2,77,non_tail,1,0.004275798797607422,0.0
w0.5,30,2,82,tail,1,0.00498933345079422,0.0
w0.5,30,2,91,tail,1,-0.005323231220245361,0.0
w0.5,30,2,95,tail,1,0.03757810592651367,0.0
w0.5,30,3,2,non_tail,1,-0.003781557083129883,0.0
w0.5,30,3,3,non_tail,1,-0.003553565591573715,0.0
w0.5,30,3,6,non_tail,4,0.0007622854318469763,0.0
w0.5,30,3,12,non_tail,3,0.0059764782587687915,0.0
w0.5,30,3,14,non_tail,1,0.00018850993365049362,0.0
w0.5,30,3,20,non_tail,1,6.911868695169687e-06,0.0
w0.5,30,3,31,non_tail,1,0.0003104936331510544,0.0
w0.5,30,3,36,non_tail,1,0.0004533044993877411,0.0
w0.5,30,3,45,non_tail,1,0.020756185054779053,0.0
w0.5,30,3,77,non_tail,1,0.051904916763305664,0.0
w0.5,30,3,79,non_tail,1,-0.002369403839111328,0.0
w0.5,30,3,90,tail,1,0.0027417540550231934,0.0
w0.5,30,3,94,tail,1,5.3171999752521515e-05,0.0
w0.5,30,4,1,non_tail,2,-0.00017550447955727577,0.0
w0.5,30,4,2,non_tail,1,0.012491762638092041,0.0
w0.5,30,4,3,non_tail,1,-0.07349824905395508,0.0
w0.5,30,4,4,non_tail,2,-0.0059820860624313354,0.0
w0.5,30,4,5,non_tail,1,7.795984856784344e-05,0.0
w0.5,30,4,9,non_tail,1,0.0050930120050907135,0.0
w0.5,30,4,11,non_tail,2,-0.004084181040525436,0.0
w0.5,30,4,17,non_tail,1,0.00035047344863414764,0.0
w0.5,30,4,20,non_tail,2,2.3753789719194174e-05,0.0
w0.5,30,4,24,non_tail,1,0.003361731767654419,0.0
w0.5,30,4,46,non_tail,1,0.005726814270019531,0.0
w0.5,30,4,65,non_tail,1,0.024656295776367188,0.0
w0.5,30,4,92,tail,1,-0.01736307144165039,0.0
w0.5,30,4,97,tail,1,-0.027077674865722656,0.0
w0.5,30,6,1,non_tail,1,0.0005314536392688751,0.0
w0.5,30,6,2,non_tail,2,0.003873467445373535,0.0
w0.5,30,6,7,non_tail,3,-0.010333662231763185,0.0
w0.5,30,6,12,non_tail,3,0.0011928441623846736,0.0
w0.5,30,6,18,non_tail,1,0.004726976156234741,0.0
w0.5,30,6,23,non_tail,2,0.009973122738301754,0.0
w0.5,30,6,32,non_tail,1,0.009648323059082031,0.0
w0.5,30,6,38,non_tail,1,-0.01028895378112793,0.0
w0.5,30,6,54,non_tail,1,0.0002579614520072937,0.0
w0.5,30,6,70,non_tail,1,0.0006901826709508896,0.0
w0.5,30,6,84,tail,1,0.03188776969909668,0.0
w0.5,30,8,4,non_tail,1,-0.0026389583945274353,0.0
w0.5,30,8,5,non_tail,1,3.251340240240097e-05,0.0
w0.5,30,8,6,non_tail,2,-2.2870954126119614e-05,0.0
w0.5,30,8,7,non_tail,1,-6.028590723872185e-05,0.0
w0.5,30,8,15,non_tail,1,-0.00010790396481752396,0.0
w0.5,30,8,17,non_tail,1,0.005997359752655029,0.0
w0.5,30,8,21,non_tail,1,-1.5469267964363098e-06,0.0
w0.5,30,8,26,non_tail,3,0.0011841456095380565,0.0
w0.5,30,8,38,non_tail,1,3.932538675144315e-06,0.0
w0.5,30,8,46,non_tail,1,0.00027891993522644043,0.0
w0.5,30,8,57,non_tail,1,0.0037996694445610046,0.0
w0.5,30,8,58,non_tail,1,0.002473592758178711,0.0
w0.5,30,8,62,non_tail,1,0.019919872283935547,0.0
w0.5,30,8,83,tail,1,0.04728865623474121,0.0
w0.5,30,9,1,non_tail,1,-2.2955238819122314e-05,0.0
w0.5,30,9,2,non_tail,1,0.0015192143619060516,0.0
w0.5,30,9,4,non_tail,2,0.014034062623977661,0.0
w0.5,30,9,6,non_tail,1,3.3276155591011047e-06,0.0
w0.5,30,9,7,non_tail,1,-0.0015884414315223694,0.0
w0.5,30,9,13,non_tail,1,0.0006326604634523392,0.0
w0.5,30,9,14,non_tail,4,0.008341454667970538,0.0
w0.5,30,9,17,non_tail,1,0.00012137927114963531,0.0
w0.5,30,9,35,non_tail,1,-0.0008017793297767639,0.0
w0.5,30,9,52,non_tail,1,-0.002265453338623047,0.0
w0.5,30,9,67,non_tail,1,0.017687737941741943,0.0
w0.5,30,9,79,non_tail,1,-0.017507076263427734,0.0
w0.5,30,9,86,tail,1,0.007034808397293091,0.0
w0.5,30,9,89,tail,1,-0.002140045166015625,0.0
w0.5,30,12,0,non_tail,1,4.7669163905084133e-07,0.0
w0.5,30,12,1,non_tail,2,-0.0003761500120162964,0.0
w0.5,30,12,3,non_tail,1,-0.0003121662884950638,0.0
w0.5,30,12,10,non_tail,1,1.9266735762357712e-05,0.0
w0.5,30,12,12,non_tail,1,0.0011109113693237305,0.0
w0.5,30,12,13,non_tail,2,0.0016268230974674225,0.0
w0.5,30,12,17,non_tail,1,6.546452641487122e-05,0.0
w0.5,30,12,26,non_tail,1,-0.0005169138312339783,0.0
w0.5,30,12,27,non_tail,2,0.03299613296985626,0.0
w0.5,30,12,28,non_tail,1,0.0023449063301086426,0.0
w0.5,30,12,38,non_tail,1,-0.0070866793394088745,0.0
w0.5,30,12,41,non_tail,1,0.0013269204646348953,0.0
w0.5,30,12,59,non_tail,1,0.007386565208435059,0.0
w0.5,30,12,85,tail,1,-0.007478117942810059,0.0
w0.5,30,12,90,tail,1,0.015063762664794922,0.0
w0.5,30,13,4,non_tail,3,-0.005069474379221561,0.0
w0.5,30,13,6,non_tail,1,0.00020660273730754852,0.0
w0.5,30,13,8,non_tail,2,0.00018242094665765762,0.0
w0.5,30,13,11,non_tail,1,0.002185627818107605,0.0
w0.5,30,13,25,non_tail,2,0.0007191970944404602,0.0
w0.5,30,13,26,non_tail,3,-0.006688429663578632,0.0
w0.5,30,13,28,non_tail,1,0.00595402717590332,0.0
w0.5,30,13,40,non_tail,1,0.0015229657292366028,0.0
w0.5,30,13,58,non_tail,1,0.004252225160598755,0.0
w0.5,30,13,68,non_tail,1,0.006727665662765503,0.0
w0.5,30,13,87,tail,1,0.004596009850502014,0.0
w0.5,30,14,1,non_tail,1,0.00035283714532852173,0.0
w0.5,30,14,4,non_tail,1,0.004887491464614868,0.0
w0.5,30,14,11,non_tail,1,-9.65949147939682e-05,0.0
w0.5,30,14,14,non_tail,2,0.007952991407364607,0.0
w0.5,30,14,17,non_tail,1,0.04289364814758301,0.0
w0.5,30,14,21,non_tail,2,-0.00014879321679472923,0.0
w0.5,30,14,28,non_tail,2,0.007504791021347046,0.0
w0.5,30,14,32,non_tail,1,2.86824069917202e-05,0.0
w0.5,30,14,43,non_tail,1,0.01964893937110901,0.0
w0.5,30,14,46,non_tail,1,0.010695815086364746,0.0
w0.5,30,14,55,non_tail,1,0.0057795047760009766,0.0
w0.5,30,14,56,non_tail,1,0.014027982950210571,0.0
w0.5,30,14,75,non_tail,1,0.01876664161682129,0.0
w0.5,30,14,85,tail,1,-0.0005407333374023438,0.0
w0.5,30,14,96,tail,1,0.007395744323730469,0.0
w0.5,30,15,0,non_tail,5,-0.001638548076152796,0.0
w0.5,30,15,2,non_tail,1,0.0018293261528015137,0.0
w0.5,30,15,3,non_tail,3,-0.0007047392427921295,0.0
w0.5,30,15,9,non_tail,1,0.003091469407081604,0.0
w0.5,30,15,13,non_tail,1,0.009103894233703613,0.0
w0.5,30,15,16,non_tail,1,-0.03202199935913086,0.0
w0.5,30,15,19,non_tail,1,4.111859016120434e-05,0.0
w0.5,30,15,53,non_tail,1,0.001940898597240448,0.0
w0.5,30,15,57,non_tail,1,0.004585862159729004,0.0
w0.5,30,15,66,non_tail,1,-0.009644031524658203,0.0
w0.5,30,15,84,tail,1,-0.004832267761230469,0.0
w0.5,30,15,88,tail,1,0.0037555992603302,0.0
w0.5,30,16,0,non_tail,1,-0.0005495008081197739,0.0
w0.5,30,16,1,non_tail,1,3.8567930459976196e-05,0.0
w0.5,30,16,2,non_tail,1,0.0032151266932487488,0.0
w0.5,30,16,4,non_tail,2,0.006432943046092987,0.0
w0.5,30,16,10,non_tail,3,-0.01008351643880201,0.0
w0.5,30,16,11,non_tail,2,-0.0021205469965934753,0.0
w0.5,30,16,29,non_tail,1,4.453328438103199e-05,0.0
w0.5,30,16,30,non_tail,1,-0.028749942779541016,0.0
w0.5,30,16,36,non_tail,1,0.0017254650592803955,0.0
w0.5,30,16,41,non_tail,1,-0.0001775342971086502,0.0
w0.5,30,16,59,non_tail,1,0.0029420852661132812,0.0
w0.5,30,16,74,non_tail,1,0.015646815299987793,0.0
w0.5,30,16,93,tail,1,0.0784749984741211,0.0
w0.5,30,17,1,non_tail,1,1.1270865797996521e-05,0.0
w0.5,30,17,3,non_tail,1,-0.044657230377197266,0.0
w0.5,30,17,4,non_tail,2,0.03540566563606262,0.0
w0.5,30,17,5,non_tail,1,-0.044220805168151855,0.0
w0.5,30,17,6,non_tail,1,5.7804398238658905e-05,0.0
w0.5,30,17,13,non_tail,2,-0.001531451940536499,0.0
w0.5,30,17,18,non_tail,2,0.015657901763916016,0.0
w0.5,30,17,23,non_tail,1,0.0007195044308900833,0.0
w0.5,30,17,26,non_tail,1,0.0029376745223999023,0.0
w0.5,30,17,30,non_tail,1,-0.0010233446955680847,0.0
w0.5,30,17,31,non_tail,1,0.052365779876708984,0.0
w0.5,30,17,33,non_tail,1,-0.01675128936767578,0.0
w0.5,30,17,40,non_tail,1,0.0004954217001795769,0.0
w0.5,30,17,80,tail,1,0.013680458068847656,0.0
w0.5,30,20,0,non_tail,1,-2.3469328880310059e-07,0.0
w0.5,30,20,1,non_tail,1,-0.0007352400571107864,0.0
w0.5,30,20,3,non_tail,3,-0.013590797781944275,0.0
w0.5,30,20,5,non_tail,1,-0.00019718287512660027,0.0
w0.5,30,20,9,non_tail,1,-0.005418062210083008,0.0
w0.5,30,20,11,non_tail,2,-0.012661337852478027,0.0
w0.5,30,20,15,non_tail,1,0.005524083971977234,0.0
w0.5,30,20,16,non_tail,2,-0.011271790601313114,0.0
w0.5,30,20,21,non_tail,1,-0.007066518068313599,0.0
w0.5,30,20,32,non_tail,1,0.005302309989929199,0.0
w0.5,30,20,33,non_tail,1,0.002184484153985977,0.0
w0.5,30,20,34,non_tail,1,-0.0036398619413375854,0.0
w0.5,30,20,81,tail,1,0.003103017807006836,0.0
w0.5,30,20,82,tail,1,0.04883575439453125,0.0
w0.5,30,20,87,tail,1,0.0025483816862106323,0.0
w0.5,30,21,0,non_tail,1,-0.0005941279232501984,0.0
w0.5,30,21,7,non_tail,1,-0.00288429856300354,0.0
w0.5,30,21,10,non_tail,1,0.005294322967529297,0.0
w0.5,30,21,14,non_tail,4,0.020263358019292355,0.0
w0.5,30,21,17,non_tail,3,0.0005706300338109323,0.0
w0.5,30,21,19,non_tail,1,-0.031677842140197754,0.0
w0.5,30,21,23,non_tail,2,0.004379741847515106,0.0
w0.5,30,21,26,non_tail,1,0.00556299090385437,0.0
w0.5,30,21,29,non_tail,1,0.0010165572166442871,0.0
w0.5,30,21,33,non_tail,1,0.01003885269165039,0.0
w0.5,30,21,82,tail,1,0.028512239456176758,0.0
w0.5,30,24,2,non_tail,1,0.012324422597885132,0.0
w0.5,30,24,6,non_tail,3,-0.009202455480893434,0.0
w0.5,30,24,7,non_tail,2,-0.0006733536720275879,0.0
w0.5,30,24,14,non_tail,2,0.000943310558795929,0.0
w0.5,30,24,15,non_tail,1,0.00021525751799345016,0.0
w0.5,30,24,17,non_tail,1,6.0364603996276855e-05,0.0
w0.5,30,24,18,non_tail,1,-0.002687618136405945,0.0
w0.5,30,24,23,non_tail,1,0.004597701132297516,0.0
w0.5,30,24,25,non_tail,1,0.0018103718757629395,0.0
w0.5,30,24,30,non_tail,1,0.00853109359741211,0.0
w0.5,30,24,42,non_tail,1,0.0003509535454213619,0.0
w0.5,30,24,43,non_tail,1,0.10638785362243652,0.0
w0.5,30,24,98,tail,1,0.0038121938705444336,0.0
w0.5,30,25,3,non_tail,1,-0.0002890024334192276,0.0
w0.5,30,25,5,non_tail,2,-0.0002073058858513832,0.0
w0.5,30,25,6,non_tail,1,9.925896301865578e-05,0.0
w0.5,30,25,14,non_tail,1,0.0003661876544356346,0.0
w0.5,30,25,15,non_tail,5,0.00025308728218076393,0.0
w0.5,30,25,16,non_tail,1,4.880991764366627e-05,0.0
w0.5,30,25,21,non_tail,3,-0.003973926107088729,0.0
w0.5,30,25,41,non_tail,1,0.012378692626953125,0.0
w0.5,30,25,45,non_tail,1,-0.00018596649169921875,0.0
w0.5,30,25,80,tail,1,0.0471193790435791,0.0
w0.5,30,25,89,tail,1,0.04732203483581543,0.0
w0.5,30,25,99,tail,1,0.009045720100402832,0.0
w0.5,30,26,0,non_tail,6,-4.452808449663392e-06,0.0
w0.5,30,26,1,non_tail,1,-0.0006483905017375946,0.0
w0.5,30,26,8,non_tail,1,0.00028209714218974113,0.0
w0.5,30,26,13,non_tail,2,0.00012662401422858238,0.0
w0.5,30,26,15,non_tail,1,0.05176281929016113,0.0
w0.5,30,26,16,non_tail,1,4.2274827137589455e-05,0.0
w0.5,30,26,20,non_tail,1,3.346102312207222e-05,0.0
w0.5,30,26,29,non_tail,1,0.006944417953491211,0.0
w0.5,30,26,37,non_tail,1,0.008259296417236328,0.0
w0.5,30,26,58,non_tail,1,1.3086944818496704e-05,0.0
w0.5,30,26,80,tail,1,0.0019558966159820557,0.0
w0.5,30,26,88,tail,1,0.0742039680480957,0.0
w0.5,30,26,91,tail,1,0.03185081481933594,0.0
w0.5,30,27,0,non_tail,1,-1.7492915503680706e-05,0.0
w0.5,30,27,2,non_tail,1,0.022057414054870605,0.0
w0.5,30,27,6,non_tail,1,0.0013495385646820068,0.0
w0.5,30,27,7,non_tail,1,-0.013043403625488281,0.0
w0.5,30,27,81,tail,5,0.012837409973144531,0.0
w0.5,30,27,82,tail,4,0.006265994161367416,0.0
w0.5,30,27,83,tail,6,0.00259033838907885,0.0
w0.5,30,27,84,tail,1,0.005191326141357422,0.0
w0.5,30,27,86,tail,6,0.023549715677896987,0.0
w0.5,30,27,87,tail,2,0.0008541084825992584,0.0
w0.5,30,27,88,tail,5,0.03625679016113281,0.0
w0.5,30,27,93,tail,4,0.01588881015777588,0.0
w0.5,30,27,94,tail,5,-0.013135719299316229,0.0
w0.5,30,27,95,tail,1,-0.004767417907714844,0.0
w0.5,30,27,98,tail,3,0.012084563573201645,0.0
w0.5,30,28,3,non_tail,1,-0.0015873722732067108,0.0
w0.5,30,28,5,non_tail,1,-0.0002524568699300289,0.0
w0.5,30,28,82,tail,4,0.011588990688323975,0.0
w0.5,30,28,83,tail,2,0.012185096740722656,0.0
w0.5,30,28,84,tail,6,0.014601866404214903,0.0
w0.5,30,28,85,tail,2,-0.0037055015563964844,0.0
w0.5,30,28,86,tail,1,9.394437074661255e-05,0.0
w0.5,30,28,87,tail,1,0.029126644134521484,0.0
w0.5,30,28,89,tail,4,0.007098197937011719,0.0
w0.5,30,28,90,tail,1,0.0018618777394294739,0.0
w0.5,30,28,91,tail,3,0.004599889119466294,0.0
w0.5,30,28,92,tail,3,0.010602474212646484,0.0
w0.5,30,28,93,tail,1,0.05397367477416992,0.0
w0.5,30,28,96,tail,3,0.024219671885172378,0.0
w0.5,30,28,97,tail,1,-0.015809297561645508,0.0
w0.5,30,28,98,tail,1,0.011701345443725586,0.0
w0.5,30,28,99,tail,4,0.035408973693847656,0.0
w0.5,30,29,1,non_tail,1,-0.0008272752165794373,0.0
w0.5,30,29,4,non_tail,1,-0.0068438053131103516,0.0
w0.5,30,29,8,non_tail,1,-0.023273468017578125,0.0
w0.5,30,29,9,non_tail,1,0.0004032980650663376,0.0
w0.5,30,29,10,non_tail,1,-0.00465846061706543,0.0
w0.5,30,29,80,tail,8,0.01373434066772461,0.0
w0.5,30,29,81,tail,4,0.014521598815917969,0.0
w0.5,30,29,84,tail,1,-0.05921459197998047,0.0
w0.5,30,29,85,tail,5,0.002183413505554191,0.0
w0.5,30,29,87,tail,3,0.007422129313151338,0.0
w0.5,30,29,88,tail,1,0.0357210636138916,0.0
w0.5,30,29,89,tail,1,-0.0012862682342529297,0.0
w0.5,30,29,90,tail,4,0.0028808526694774628,0.0
w0.5,30,29,91,tail,2,0.010001897811889648,0.0
w0.5,30,29,92,tail,2,0.0023174285888671875,0.0
w0.5,30,29,95,tail,4,0.015681087970733643,0.0
w0.5,30,29,96,tail,1,0.004263579845428467,0.0
w0.5,30,29,97,tail,3,-0.040119806925456025,0.0
w0.5,40,0,0,non_tail,1,2.4812761694192886e-05,0.0
w0.5,40,0,2,non_tail,5,0.005507577955722764,0.0
w0.5,40,0,4,non_tail,1,-0.02345043420791626,0.0
w0.5,40,0,5,non_tail,1,0.0005539581179618835,0.0
w0.5,40,0,8,non_tail,1,7.984577678143978e-06,0.0
w0.5,40,0,15,non_tail,1,2.6801310013979673e-05,0.0
w0.5,40,0,37,non_tail,1,0.00015703076496720314,0.0
w0.5,40,0,55,non_tail,1,0.0034590959548950195,0.0
w0.5,40,0,60,non_tail,1,0.00899660587310791,0.0
w0.5,40,0,66,non_tail,1,0.0005960408598184586,0.0
w0.5,40,0,69,non_tail,1,0.05756938457489014,0.0
w0.5,40,0,74,non_tail,1,0.02828073501586914,0.0
w0.5,40,0,81,tail,1,0.01348257064819336,0.0
w0.5,40,0,83,tail,1,0.012147247791290283,0.0
w0.5,40,1,0,non_tail,3,5.459598226783191e-05,0.0
w0.5,40,1,1,non_tail,1,0.0012285895645618439,0.0
w0.5,40,1,7,non_tail,6,-0.0010675589243570593,0.0
w0.5,40,1,24,non_tail,1,0.005734920501708984,0.0
w0.5,40,1,28,non_tail,1,0.00017629843205213547,0.0
w0.5,40,1,30,non_tail,1,-0.0020515024662017822,0.0
w0.5,40,1,46,non_tail,1,0.004034638404846191,0.0
w0.5,40,1,53,non_tail,2,0.007884278893470764,0.0
w0.5,40,1,86,tail,1,0.02174210548400879,0.0
w0.5,40,2,0,non_tail,1,1.0244257282465696e-05,0.0
w0.5,40,2,3,non_tail,2,-0.020231127738952637,0.0
w0.5,40,2,5,non_tail,4,-0.0018908819474745542,0.0
w0.5,40,2,6,non_tail,2,0.00020776735618710518,0.0
w0.5,40,2,10,non_tail,2,-0.004201352596282959,0.0
w0.5,40,2,16,non_tail,1,-0.011928796768188477,0.0
w0.5,40,2,22,non_tail,2,0.015834152698516846,0.0
w0.5,40,2,42,non_tail,1,-0.041704654693603516,0.0
w0.5,40,2,77,non_tail,1,-0.011506080627441406,0.0
w0.5,40,2,82,tail,1,0.0025153309106826782,0.0
w0.5,40,2,91,tail,1,-0.0016441643238067627,0.0
w0.5,40,2,95,tail,1,0.015572786331176758,0.0
w0.5,40,3,2,non_tail,1,0.006275653839111328,0.0
w0.5,40,3,3,non_tail,1,-0.0017055533826351166,0.0
w0.5,40,3,6,non_tail,4,-0.0011400680523365736,0.0
w0.5,40,3,12,non_tail,3,-0.00809594988822937,0.0
w0.5,40,3,14,non_tail,1,0.0002103494480252266,0.0
w0.5,40,3,20,non_tail,1,7.388443918898702e-06,0.0
w0.5,40,3,31,non_tail,1,0.00012645311653614044,0.0
w0.5,40,3,36,non_tail,1,0.002100832760334015,0.0
w0.5,40,3,45,non_tail,1,0.02245718240737915,0.0
w0.5,40,3,77,non_tail,1,0.0038678646087646484,0.0
w0.5,40,3,79,non_tail,1,0.0010814666748046875,0.0
w0.5,40,3,90,tail,1,0.002385638654232025,0.0
w0.5,40,3,94,tail,1,0.00010411767289042473,0.0
w0.5,40,4,1,non_tail,2,0.0005688173696398735,0.0
w0.5,40,4,2,non_tail,1,0.006600797176361084,0.0
w0.5,40,4,3,non_tail,1,-0.06080508232116699,0.0
w0.5,40,4,4,non_tail,2,-0.005722016096115112,0.0
w0.5,40,4,5,non_tail,1,4.578521475195885e-05,0.0
w0.5,40,4,9,non_tail,1,0.0032015927135944366,0.0
w0.5,40,4,11,non_tail,2,-0.0037700459361076355,0.0
w0.5,40,4,17,non_tail,1,0.0005023442208766937,0.0
w0.5,40,4,20,non_tail,2,2.2859734599478543e-05,0.0
w0.5,40,4,24,non_tail,1,0.002254113554954529,0.0
w0.5,40,4,46,non_tail,1,-0.0011731386184692383,0.0
w0.5,40,4,65,non_tail,1,0.04571723937988281,0.0
w0.5,40,4,92,tail,1,0.012788772583007812,0.0
w0.5,40,4,97,tail,1,-0.010170936584472656,0.0
w0.5,40,6,1,non_tail,1,0.0006564073264598846,0.0
w0.5,40,6,2,non_tail,2,0.0006912350654602051,0.0
w0.5,40,6,7,non_tail,3,-0.0050126786033312665,0.0
w0.5,40,6,12,non_tail,3,-0.0015047745158274922,0.0
w0.5,40,6,18,non_tail,1,0.0024192258715629578,0.0
w0.5,40,6,23,non_tail,2,0.005402066744863987,0.0
w0.5,40,6,32,non_tail,1,-0.009745001792907715,0.0
w0.5,40,6,38,non_tail,1,-0.005095481872558594,0.0
w0.5,40,6,54,non_tail,1,0.00530889630317688,0.0
w0.5,40,6,70,non_tail,1,0.0007318165153264999,0.0
w0.5,40,6,84,tail,1,0.003179788589477539,0.0
w0.5,40,8,4,non_tail,1,-0.002781800925731659,0.0
w0.5,40,8,5,non_tail,1,4.9308291636407375e-05,0.0
w0.5,40,8,6,non_tail,2,0.00024127541109919548,0.0
w0.5,40,8,7,non_tail,1,-2.7783215045928955e-05,0.0
w0.5,40,8,15,non_tail,1,0.0005909670144319534,0.0
w0.5,40,8,17,non_tail,1,0.0028047189116477966,0.0
w0.5,40,8,21,non_tail,1,3.2014911994338036e-05,0.0
w0.5,40,8,26,non_tail,3,-0.024789810180664062,0.0
w0.5,40,8,38,non_tail,1,5.8394798543304205e-06,0.0
w0.5,40,8,46,non_tail,1,-0.0013851821422576904,0.0
w0.5,40,8,57,non_tail,1,0.002134650945663452,0.0
w0.5,40,8,58,non_tail,1,-0.0063492655754089355,0.0
w0.5,40,8,62,non_tail,1,0.021790027618408203,0.0
w0.5,40,8,83,tail,1,0.04119229316711426,0.0
w0.5,40,9,1,non_tail,1,0.0005296580493450165,0.0
w0.5,40,9,2,non_tail,1,0.0010803192853927612,0.0
w0.5,40,9,4,non_tail,2,0.001307070255279541,0.0
w0.5,40,9,6,non_tail,1,0.00010031159035861492,0.0
w0.5,40,9,7,non_tail,1,-0.0016356036067008972,0.0
w0.5,40,9,13,non_tail,1,0.0002799760550260544,0.0
w0.5,40,9,14,non_tail,4,0.006220697658136487,0.0
w0.5,40,9,17,non_tail,1,3.9184000343084335e-05,0.0
w0.5,40,9,35,non_tail,1,-0.0008962824940681458,0.0
w0.5,40,9,52,non_tail,1,-0.0011780261993408203,0.0
w0.5,40,9,67,non_tail,1,0.009598493576049805,0.0
w0.5,40,9,79,non_tail,1,0.003690958023071289,0.0
w0.5,40,9,86,tail,1,0.013761013746261597,0.0
w0.5,40,9,89,tail,1,0.023752212524414062,0.0
w0.5,40,12,0,non_tail,1,4.528759745880961e-06,0.0
w0.5,40,12,1,non_tail,2,0.0047503188252449036,0.0
w0.5,40,12,3,non_tail,1,0.00023858807981014252,0.0
w0.5,40,12,10,non_tail,1,9.043607860803604e-06,0.0
w0.5,40,12,12,non_tail,1,-0.0005603954195976257,0.0
w0.5,40,12,13,non_tail,2,0.002589175011962652,0.0
w0.5,40,12,17,non_tail,1,8.694222196936607e-05,0.0
w0.5,40,12,26,non_tail,1,-0.001074478030204773,0.0
w0.5,40,12,27,non_tail,2,0.011457562446594238,0.0
w0.5,40,12,28,non_tail,1,0.002556547522544861,0.0
w0.5,40,12,38,non_tail,1,-0.005657106637954712,0.0
w0.5,40,12,41,non_tail,1,0.0006913952529430389,0.0
w0.5,40,12,59,non_tail,1,0.0010398626327514648,0.0
w0.5,40,12,85,tail,1,0.017399370670318604,0.0
w0.5,40,12,90,tail,1,0.013530731201171875,0.0
w0.5,40,13,4,non_tail,3,-0.005569929877916935,0.0
w0.5,40,13,6,non_tail,1,0.0002063065767288208,0.0
w0.5,40,13,8,non_tail,2,0.00024167727679014206,0.0
w0.5,40,13,11,non_tail,1,0.0003338754177093506,0.0
w0.5,40,13,25,non_tail,2,0.0007816823199391365,0.0
w0.5,40,13,26,non_tail,3,-0.010825172066688538,0.0
w0.5,40,13,28,non_tail,1,0.0140228271484375,0.0
w0.5,40,13,40,non_tail,1,0.0009252801537513733,0.0
w0.5,40,13,58,non_tail,1,0.005231902003288269,0.0
w0.5,40,13,68,non_tail,1,0.003671213984489441,0.0
w0.5,40,13,87,tail,1,0.002676069736480713,0.0
w0.5,40,14,1,non_tail,1,0.0007313471287488937,0.0
w0.5,40,14,4,non_tail,1,0.001829773187637329,0.0
w0.5,40,14,11,non_tail,1,-0.0002160053700208664,0.0
w0.5,40,14,14,non_tail,2,0.010241018608212471,0.0
w0.5,40,14,17,non_tail,1,0.03497326374053955,0.0
w0.5,40,14,21,non_tail,2,-1.5343772247433662e-05,0.0
w0.5,40,14,28,non_tail,2,0.008622869849205017,0.0
w0.5,40,14,32,non_tail,1,1.5470548532903194e-05,0.0
w0.5,40,14,43,non_tail,1,0.015913844108581543,0.0
w0.5,40,14,46,non_tail,1,-0.009687066078186035,0.0
w0.5,40,14,55,non_tail,1,0.016523361206054688,0.0
w0.5,40,14,56,non_tail,1,0.0060652196407318115,0.0
w0.5,40,14,75,non_tail,1,0.024171829223632812,0.0
w0.5,40,14,85,tail,1,0.005124807357788086,0.0
w0.5,40,14,96,tail,1,-0.0031473636627197266,0.0
w0.5,40,15,0,non_tail,5,0.0023696154356002697,0.0
w0.5,40,15,2,non_tail,1,0.0017359573394060135,0.0
w0.5,40,15,3,non_tail,3,-0.000641812880833946,0.0
w0.5,40,15,9,non_tail,1,0.0017160922288894653,0.0
w0.5,40,15,13,non_tail,1,0.020154297351837158,0.0
w0.5,40,15,16,non_tail,1,-0.045610904693603516,0.0
w0.5,40,15,19,non_tail,1,4.005990922451019e-05,0.0
w0.5,40,15,53,non_tail,1,0.0008364394307136536,0.0
w0.5,40,15,57,non_tail,1,0.006831079721450806,0.0
w0.5,40,15,66,non_tail,1,0.005383014678955078,0.0
w0.5,40,15,84,tail,1,-0.0005602836608886719,0.0
w0.5,40,15,88,tail,1,0.0026627033948898315,0.0
w0.5,40,16,0,non_tail,1,0.00013114139437675476,0.0
w0.5,40,16,1,non_tail,1,0.00020966120064258575,0.0
w0.5,40,16,2,non_tail,1,0.002896741032600403,0.0
w0.5,40,16,4,non_tail,2,0.0019454285502433777,0.0
w0.5,40,16,10,non_tail,3,-0.005233605702718025,0.0
w0.5,40,16,11,non_tail,2,-0.004926316440105438,0.0
w0.5,40,16,29,non_tail,1,3.691896563395858e-05,0.0
w0.5,40,16,30,non_tail,1,-0.012090682983398438,0.0
w0.5,40,16,36,non_tail,1,0.0039674341678619385,0.0
w0.5,40,16,41,non_tail,1,-0.0004591532051563263,0.0
w0.5,40,16,59,non_tail,1,0.0034966468811035156,0.0
w0.5,40,16,74,non_tail,1,0.012431204319000244,0.0
w0.5,40,16,93,tail,1,0.06823277473449707,0.0
w0.5,40,17,1,non_tail,1,4.771817475557327e-05,0.0
w0.5,40,17,3,non_tail,1,-0.022527456283569336,0.0
w0.5,40,17,4,non_tail,2,0.0055956244468688965,0.0
w0.5,40,17,5,non_tail,1,-0.019965767860412598,0.0
w0.5,40,17,6,non_tail,1,8.234800770878792e-05,0.0
w0.5,40,17,13,non_tail,2,-0.00494953989982605,0.0
w0.5,40,17,18,non_tail,2,-0.005452275276184082,0.0
w0.5,40,17,23,non_tail,1,0.0008301734924316406,0.0
w0.5,40,17,26,non_tail,1,-0.01862514019012451,0.0
w0.5,40,17,30,non_tail,1,-0.0003210008144378662,0.0
w0.5,40,17,31,non_tail,1,0.03991580009460449,0.0
w0.5,40,17,33,non_tail,1,0.00853872299194336,0.0
w0.5,40,17,40,non_tail,1,0.0001584477722644806,0.0
w0.5,40,17,80,tail,1,0.01037740707397461,0.0
w0.5,40,20,0,non_tail,1,0.0003333762288093567,0.0
w0.5,40,20,1,non_tail,1,0.0006135068833827972,0.0
w0.5,40,20,3,non_tail,3,-0.012505983312924712,0.0
w0.5,40,20,5,non_tail,1,9.585218504071236e-05,0.0
w0.5,40,20,9,non_tail,1,0.014312744140625,0.0
w0.5,40,20,11,non_tail,2,-0.016823172569274902,0.0
w0.5,40,20,15,non_tail,1,0.010465472936630249,0.0
w0.5,40,20,16,non_tail,2,-0.012663127854466438,0.0
w0.5,40,20,21,non_tail,1,-4.044175148010254e-05,0.0
w0.5,40,20,32,non_tail,1,-0.01696038246154785,0.0
w0.5,40,20,33,non_tail,1,0.003084871917963028,0.0
w0.5,40,20,34,non_tail,1,0.0028605610132217407,0.0
w0.5,40,20,81,tail,1,0.007595270872116089,0.0
w0.5,40,20,82,tail,1,0.06308531761169434,0.0
w0.5,40,20,87,tail,1,0.0029045194387435913,0.0
w0.5,40,21,0,non_tail,1,0.00032160431146621704,0.0
w0.5,40,21,7,non_tail,1,-0.0019211173057556152,0.0
w0.5,40,21,10,non_tail,1,0.0009240508079528809,0.0
w0.5,40,21,14,non_tail,4,0.017201422713696957,0.0
w0.5,40,21,17,non_tail,3,0.0005399038394292184,0.0
w0.5,40,21,19,non_tail,1,-0.031430721282958984,0.0
w0.5,40,21,23,non_tail,2,0.0018401145935058594,0.0
w0.5,40,21,26,non_tail,1,-0.003921255469322205,0.0
w0.5,40,21,29,non_tail,1,-0.0010111033916473389,0.0
w0.5,40,21,33,non_tail,1,0.021921157836914062,0.0
w0.5,40,21,82,tail,1,0.029597997665405273,0.0
w0.5,40,24,2,non_tail,1,0.010011434555053711,0.0
w0.5,40,24,6,non_tail,3,0.004096212486426054,0.0
w0.5,40,24,7,non_tail,2,0.0006884410977363586,0.0
w0.5,40,24,14,non_tail,2,0.009801432490348816,0.0
w0.5,40,24,15,non_tail,1,0.000604734756052494,0.0
w0.5,40,24,17,non_tail,1,6.085587665438652e-05,0.0
w0.5,40,24,18,non_tail,1,-0.002220042049884796,0.0
w0.5,40,24,23,non_tail,1,0.0034361854195594788,0.0
w0.5,40,24,25,non_tail,1,0.002932131290435791,0.0
w0.5,40,24,30,non_tail,1,0.018990516662597656,0.0
w0.5,40,24,42,non_tail,1,0.0001794169656932354,0.0
w0.5,40,24,43,non_tail,1,0.14610052108764648,0.0
w0.5,40,24,98,tail,1,-0.00013053417205810547,0.0
w0.5,40,25,3,non_tail,1,-0.00028786808252334595,0.0
w0.5,40,25,5,non_tail,2,0.0006848638877272606,0.0
w0.5,40,25,6,non_tail,1,9.114295244216919e-05,0.0
w0.5,40,25,14,non_tail,1,0.0006094565615057945,0.0
w0.5,40,25,15,non_tail,5,0.0031713455915451383,0.0
w0.5,40,25,16,non_tail,1,4.646042361855507e-05,0.0
w0.5,40,25,21,non_tail,3,0.0020382131139437404,0.0
w0.5,40,25,41,non_tail,1,0.030023813247680664,0.0
w0.5,40,25,45,non_tail,1,-0.03597116470336914,0.0
w0.5,40,25,80,tail,1,0.03239750862121582,0.0
w0.5,40,25,89,tail,1,0.046601057052612305,0.0
w0.5,40,25,99,tail,1,0.006764441728591919,0.0
w0.5,40,26,0,non_tail,6,0.0006653779807190147,0.0
w0.5,40,26,1,non_tail,1,0.0006095580756664276,0.0
w0.5,40,26,8,non_tail,1,0.00016744062304496765,0.0
w0.5,40,26,13,non_tail,2,0.00010690954513847828,0.0
w0.5,40,26,15,non_tail,1,0.0662146806716919,0.0
w0.5,40,26,16,non_tail,1,3.2915035262703896e-05,0.0
w0.5,40,26,20,non_tail,1,3.34596261382103e-05,0.0
w0.5,40,26,29,non_tail,1,0.01129293441772461,0.0
w0.5,40,26,37,non_tail,1,0.009163498878479004,0.0
w0.5,40,26,58,non_tail,1,4.7343550249934196e-05,0.0
w0.5,40,26,80,tail,1,0.0021478310227394104,0.0
w0.5,40,26,88,tail,1,0.09540462493896484,0.0
w0.5,40,26,91,tail,1,0.025478243827819824,0.0
w0.5,40,27,0,non_tail,1,2.523302100598812e-05,0.0
w0.5,40,27,2,non_tail,1,0.015996217727661133,0.0
w0.5,40,27,6,non_tail,1,0.001074478030204773,0.0
w0.5,40,27,7,non_tail,1,-0.03723573684692383,0.0
w0.5,40,27,81,tail,5,0.012441253662109464,0.0
w0.5,40,27,82,tail,4,0.015859244391322136,0.0
w0.5,40,27,83,tail,6,0.014222780863443862,0.0
w0.5,40,27,84,tail,1,0.00038737058639526367,0.0
w0.5,40,27,86,tail,6,0.032937049865722656,0.0
w0.5,40,27,87,tail,2,0.0010631643235683441,0.0
w0.5,40,27,88,tail,5,0.04455881118774396,0.0
w0.5,40,27,93,tail,4,-0.0021708011627197266,0.0
w0.5,40,27,94,tail,5,0.0023189544677730822,0.0
w0.5,40,27,95,tail,1,-0.01495504379272461,0.0
w0.5,40,27,98,tail,3,0.010284582773844253,0.0
w0.5,40,28,3,non_tail,1,-0.0009690597653388977,0.0
w0.5,40,28,5,non_tail,1,7.64867290854454e-05,0.0
w0.5,40,28,82,tail,4,0.024771392345428467,0.0
w0.5,40,28,83,tail,2,0.004369258880615234,0.0
w0.5,40,28,84,tail,6,-0.0004353523254394531,0.0
w0.5,40,28,85,tail,2,0.003562450408935547,0.0
w0.5,40,28,86,tail,1,9.360210970044136e-05,0.0
w0.5,40,28,87,tail,1,-0.00444793701171875,0.0
w0.5,40,28,89,tail,4,0.027859210968017578,0.0
w0.5,40,28,90,tail,1,0.0012909658253192902,0.0
w0.5,40,28,91,tail,3,0.0067669550577798,0.0
w0.5,40,28,92,tail,3,0.025612036387125947,0.0
w0.5,40,28,93,tail,1,0.0339202880859375,0.0
w0.5,40,28,96,tail,3,0.03237040837605809,0.0
w0.5,40,28,97,tail,1,0.029602527618408203,0.0
w0.5,40,28,98,tail,1,0.0025320053100585938,0.0
w0.5,40,28,99,tail,4,0.013672113418579102,0.0
w0.5,40,29,1,non_tail,1,0.0008880347013473511,0.0
w0.5,40,29,4,non_tail,1,-0.03168082237243652,0.0
w0.5,40,29,8,non_tail,1,0.02111053466796875,0.0
w0.5,40,29,9,non_tail,1,0.0005965437740087509,0.0
w0.5,40,29,10,non_tail,1,-0.003813117742538452,0.0
w0.5,40,29,80,tail,8,0.018060922622680664,0.0
w0.5,40,29,81,tail,4,0.014589786529541016,0.0
w0.5,40,29,84,tail,1,-0.016717910766601562,0.0
w0.5,40,29,85,tail,5,0.000930917263031017,0.0
w0.5,40,29,87,tail,3,0.0061556498209629495,0.0
w0.5,40,29,88,tail,1,0.03638410568237305,0.0
w0.5,40,29,89,tail,1,0.010448575019836426,0.0
w0.5,40,29,90,tail,4,0.006642986088991165,0.0
w0.5,40,29,91,tail,2,0.0022132396697998047,0.0
w0.5,40,29,92,tail,2,0.027601242065429688,0.0
w0.5,40,29,95,tail,4,0.00985419750213623,0.0
w0.5,40,29,96,tail,1,0.0020786672830581665,0.0
w0.5,40,29,97,tail,3,-0.029149373372395537,0.0
w0.5,50,0,0,non_tail,1,1.0927440598607063e-05,0.0
w0.5,50,0,2,non_tail,5,0.0012659020721912384,0.0
w0.5,50,0,4,non_tail,1,-0.0433616042137146,0.0
w0.5,50,0,5,non_tail,1,-0.0006962418556213379,0.0
w0.5,50,0,8,non_tail,1,1.4301622286438942e-06,0.0
w0.5,50,0,15,non_tail,1,2.4657987523823977e-05,0.0
w0.5,50,0,37,non_tail,1,2.971850335597992e-05,0.0
w0.5,50,0,55,non_tail,1,-0.01132190227508545,0.0
w0.5,50,0,60,non_tail,1,0.011005043983459473,0.0
w0.5,50,0,66,non_tail,1,0.000597536563873291,0.0
w0.5,50,0,69,non_tail,1,0.03411424160003662,0.0
w0.5,50,0,74,non_tail,1,0.015312671661376953,0.0
w0.5,50,0,81,tail,1,0.0008258819580078125,0.0
w0.5,50,0,83,tail,1,0.014834284782409668,0.0
w0.5,50,1,0,non_tail,3,-5.606949950256492e-07,0.0
w0.5,50,1,1,non_tail,1,0.0005391240119934082,0.0
w0.5,50,1,7,non_tail,6,0.007153590520223019,0.0
w0.5,50,1,24,non_tail,1,0.008427143096923828,0.0
w0.5,50,1,28,non_tail,1,8.223904296755791e-05,0.0
w0.5,50,1,30,non_tail,1,0.00449080765247345,0.0
w0.5,50,1,46,non_tail,1,0.012435078620910645,0.0
w0.5,50,1,53,non_tail,2,0.011177510023117065,0.0
w0.5,50,1,86,tail,1,0.0458531379699707,0.0
w0.5,50,2,0,non_tail,1,-4.407716915011406e-06,0.0
w0.5,50,2,3,non_tail,2,-0.008542537689208984,0.0
w0.5,50,2,5,non_tail,4,-0.0014441538660321385,0.0
w0.5,50,2,6,non_tail,2,0.00021026656031608582,0.0
w0.5,50,2,10,non_tail,2,-0.004006922245025635,0.0
w0.5,50,2,16,non_tail,1,-0.006693124771118164,0.0
w0.5,50,2,22,non_tail,2,0.010761499404907227,0.0
w0.5,50,2,42,non_tail,1,-0.03403759002685547,0.0
w0.5,50,2,77,non_tail,1,-0.011574268341064453,0.0
w0.5,50,2,82,tail,1,0.0012701824307441711,0.0
w0.5,50,2,91,tail,1,-0.007052719593048096,0.0
w0.5,50,2,95,tail,1,0.008339405059814453,0.0
w0.5,50,3,2,non_tail,1,-0.00032639503479003906,0.0
w0.5,50,3,3,non_tail,1,0.001512136310338974,0.0
w0.5,50,3,6,non_tail,4,0.0022887226659804583,0.0
w0.5,50,3,12,non_tail,3,-0.005211144685745239,0.0
w0.5,50,3,14,non_tail,1,0.00011783582158386707,0.0
w0.5,50,3,20,non_tail,1,2.264190698042512e-06,0.0
w0.5,50,3,31,non_tail,1,0.0001299530267715454,0.0
w0.5,50,3,36,non_tail,1,0.0018708482384681702,0.0
w0.5,50,3,45,non_tail,1,0.01645529270172119,0.0
w0.5,50,3,77,non_tail,1,-0.018286943435668945,0.0
w0.5,50,3,79,non_tail,1,-0.006580352783203125,0.0
w0.5,50,3,90,tail,1,0.00012362003326416016,0.0
w0.5,50,3,94,tail,1,7.239636033773422e-06,0.0
w0.5,50,4,1,non_tail,2,0.00025434233248233795,0.0
w0.5,50,4,2,non_tail,1,-0.004488229751586914,0.0
w0.5,50,4,3,non_tail,1,-0.030440092086791992,0.0
w0.5,50,4,4,non_tail,2,-0.015605747699737549,0.0
w0.5,50,4,5,non_tail,1,9.75397415459156e-06,0.0
w0.5,50,4,9,non_tail,1,0.0022219717502593994,0.0
w0.5,50,4,11,non_tail,2,-0.00015576928853988647,0.0
w0.5,50,4,17,non_tail,1,0.0001887436956167221,0.0
w0.5,50,4,20,non_tail,2,9.822353604249656e-06,0.0
w0.5,50,4,24,non_tail,1,0.00254860520362854,0.0
w0.5,50,4,46,non_tail,1,0.004809260368347168,0.0
w0.5,50,4,65,non_tail,1,0.06272363662719727,0.0
w0.5,50,4,92,tail,1,0.004688739776611328,0.0
w0.5,50,4,97,tail,1,0.020411014556884766,0.0
w0.5,50,6,1,non_tail,1,-0.0005071498453617096,0.0
w0.5,50,6,2,non_tail,2,-0.0024293065071105957,0.0
w0.5,50,6,7,non_tail,3,-0.006806418299674988,0.0
w0.5,50,6,12,non_tail,3,-0.0005827670296033177,0.0
w0.5,50,6,18,non_tail,1,0.0025063827633857727,0.0
w0.5,50,6,23,non_tail,2,0.00445296335965395,0.0
w0.5,50,6,32,non_tail,1,-0.036365509033203125,0.0
w0.5,50,6,38,non_tail,1,-0.0160675048828125,0.0
w0.5,50,6,54,non_tail,1,0.001926124095916748,0.0
w0.5,50,6,70,non_tail,1,0.00033719930797815323,0.0
w0.5,50,6,84,tail,1,-0.00025653839111328125,0.0
w0.5,50,8,4,non_tail,1,-0.004067085683345795,0.0
w0.5,50,8,5,non_tail,1,2.9775896109640598e-05,0.0
w0.5,50,8,6,non_tail,2,0.0004115360789000988,0.0
w0.5,50,8,7,non_tail,1,-4.323245957493782e-05,0.0
w0.5,50,8,15,non_tail,1,0.0009520342573523521,0.0
w0.5,50,8,17,non_tail,1,0.001872718334197998,0.0
w0.5,50,8,21,non_tail,1,6.665708497166634e-06,0.0
w0.5,50,8,26,non_tail,3,-0.030127207438151338,0.0
w0.5,50,8,38,non_tail,1,1.7876445781439543e-06,0.0
w0.5,50,8,46,non_tail,1,0.00083962082862854,0.0
w0.5,50,8,57,non_tail,1,0.003965824842453003,0.0
w0.5,50,8,58,non_tail,1,-0.009107828140258789,0.0
w0.5,50,8,62,non_tail,1,0.02646040916442871,0.0
w0.5,50,8,83,tail,1,0.026134371757507324,0.0
w0.5,50,9,1,non_tail,1,-0.0007981806993484497,0.0
w0.5,50,9,2,non_tail,1,0.00036435946822166443,0.0
w0.5,50,9,4,non_tail,2,-0.023634225130081177,0.0
w0.5,50,9,6,non_tail,1,8.046720176935196e-05,0.0
w0.5,50,9,7,non_tail,1,-0.0018894895911216736,0.0
w0.5,50,9,13,non_tail,1,0.00018354877829551697,0.0
w0.5,50,9,14,non_tail,4,0.003460845211520791,0.0
w0.5,50,9,17,non_tail,1,2.4355249479413033e-05,0.0
w0.5,50,9,35,non_tail,1,-0.00025309622287750244,0.0
w0.5,50,9,52,non_tail,1,0.004635334014892578,0.0
w0.5,50,9,67,non_tail,1,-0.0036539435386657715,0.0
w0.5,50,9,79,non_tail,1,-0.019351720809936523,0.0
w0.5,50,9,86,tail,1,0.016653776168823242,0.0
w0.5,50,9,89,tail,1,0.03595113754272461,0.0
w0.5,50,12,0,non_tail,1,9.534414857625961e-07,0.0
w0.5,50,12,1,non_tail,2,-0.0233241468667984,0.0
w0.5,50,12,3,non_tail,1,0.0005835387855768204,0.0
w0.5,50,12,10,non_tail,1,-2.8446433134377003e-05,0.0
w0.5,50,12,12,non_tail,1,-0.0002954211086034775,0.0
w0.5,50,12,13,non_tail,2,0.002852638252079487,0.0
w0.5,50,12,17,non_tail,1,2.5266315788030624e-05,0.0
w0.5,50,12,26,non_tail,1,-0.0016001537442207336,0.0
w0.5,50,12,27,non_tail,2,-0.007722973823547363,0.0
w0.5,50,12,28,non_tail,1,0.0008455626666545868,0.0
w0.5,50,12,38,non_tail,1,0.004488557577133179,0.0
w0.5,50,12,41,non_tail,1,-0.00021536089479923248,0.0
w0.5,50,12,59,non_tail,1,0.004210114479064941,0.0
w0.5,50,12,85,tail,1,0.018596947193145752,0.0
w0.5,50,12,90,tail,1,0.016516923904418945,0.0
w0.5,50,13,4,non_tail,3,-0.007894928256670652,0.0
w0.5,50,13,6,non_tail,1,0.0002959533594548702,0.0
w0.5,50,13,8,non_tail,2,0.00012824451550841331,0.0
w0.5,50,13,11,non_tail,1,0.00089312344789505,0.0
w0.5,50,13,25,non_tail,2,0.00023419223725795746,0.0
w0.5,50,13,26,non_tail,3,-0.012369386851787567,0.0
w0.5,50,13,28,non_tail,1,-0.002053976058959961,0.0
w0.5,50,13,40,non_tail,1,0.0012846589088439941,0.0
w0.5,50,13,58,non_tail,1,0.001543380320072174,0.0
w0.5,50,13,68,non_tail,1,0.001674756407737732,0.0
w0.5,50,13,87,tail,1,0.0013294592499732971,0.0
w0.5,50,14,1,non_tail,1,0.0002935156226158142,0.0
w0.5,50,14,4,non_tail,1,-0.0023947060108184814,0.0
w0.5,50,14,11,non_tail,1,3.139674663543701e-05,0.0
w0.5,50,14,14,non_tail,2,0.00879731960594654,0.0
w0.5,50,14,17,non_tail,1,0.019774794578552246,0.0
w0.5,50,14,21,non_tail,2,-3.815162926912308e-06,0.0
w0.5,50,14,28,non_tail,2,0.007357373833656311,0.0
w0.5,50,14,32,non_tail,1,9.638257324695587e-06,0.0
w0.5,50,14,43,non_tail,1,0.00850386917591095,0.0
w0.5,50,14,46,non_tail,1,0.007377743721008301,0.0
w0.5,50,14,55,non_tail,1,0.005697727203369141,0.0
w0.5,50,14,56,non_tail,1,0.004417121410369873,0.0
w0.5,50,14,75,non_tail,1,0.03859448432922363,0.0
w0.5,50,14,85,tail,1,0.0009291172027587891,0.0
w0.5,50,14,96,tail,1,-0.0027276277542114258,0.0
w0.5,50,15,0,non_tail,5,0.003192949295043948,0.0
w0.5,50,15,2,non_tail,1,0.0005349498242139816,0.0
w0.5,50,15,3,non_tail,3,0.00024242202440897392,0.0
w0.5,50,15,9,non_tail,1,0.002104334533214569,0.0
w0.5,50,15,13,non_tail,1,0.018593430519104004,0.0
w0.5,50,15,16,non_tail,1,-0.01978158950805664,0.0
w0.5,50,15,19,non_tail,1,3.566616214811802e-05,0.0
w0.5,50,15,53,non_tail,1,0.0009952988475561142,0.0
w0.5,50,15,57,non_tail,1,0.003151237964630127,0.0
w0.5,50,15,66,non_tail,1,-0.003548145294189453,0.0
w0.5,50,15,84,tail,1,0.012336254119873047,0.0
w0.5,50,15,88,tail,1,0.00035540759563446045,0.0
w0.5,50,16,0,non_tail,1,0.0002176910638809204,0.0
w0.5,50,16,1,non_tail,1,4.577869549393654e-05,0.0
w0.5,50,16,2,non_tail,1,0.0007639676332473755,0.0
w0.5,50,16,4,non_tail,2,-0.0029558688402175903,0.0
w0.5,50,16,10,non_tail,3,0.0018448829650878906,0.0
w0.5,50,16,11,non_tail,2,0.0007673949003219604,0.0
w0.5,50,16,29,non_tail,1,3.0965893529355526e-06,0.0
w0.5,50,16,30,non_tail,1,0.007025718688964844,0.0
w0.5,50,16,36,non_tail,1,0.004883885383605957,0.0
w0.5,50,16,41,non_tail,1,-0.0003491360694169998,0.0
w0.5,50,16,59,non_tail,1,0.03027200698852539,0.0
w0.5,50,16,74,non_tail,1,0.0064356327056884766,0.0
w0.5,50,16,93,tail,1,0.0810699462890625,0.0
w0.5,50,17,1,non_tail,1,-6.292946636676788e-06,0.0
w0.5,50,17,3,non_tail,1,0.044677019119262695,0.0
w0.5,50,17,4,non_tail,2,-0.06257250905036926,-50.0
w0.5,50,17,5,non_tail,1,-0.028324365615844727,0.0
w0.5,50,17,6,non_tail,1,5.4993084631860256e-05,0.0
w0.5,50,17,13,non_tail,2,-0.002991199493408203,0.0
w0.5,50,17,18,non_tail,2,-0.014741301536560059,0.0
w0.5,50,17,23,non_tail,1,0.0010386426001787186,0.0
w0.5,50,17,26,non_tail,1,-0.034421324729919434,0.0
w0.5,50,17,30,non_tail,1,-0.00021744519472122192,0.0
w0.5,50,17,31,non_tail,1,0.02598285675048828,0.0
w0.5,50,17,33,non_tail,1,0.030922889709472656,0.0
w0.5,50,17,40,non_tail,1,0.00038828980177640915,0.0
w0.5,50,17,80,tail,1,0.030724525451660156,0.0
w0.5,50,20,0,non_tail,1,3.7251971662044525e-05,0.0
w0.5,50,20,1,non_tail,1,5.6587159633636475e-05,0.0
w0.5,50,20,3,non_tail,3,-0.0005142887433370047,0.0
w0.5,50,20,5,non_tail,1,-4.591420292854309e-05,0.0
w0.5,50,20,9,non_tail,1,0.04060029983520508,0.0
w0.5,50,20,11,non_tail,2,-0.001301884651184082,0.0
w0.5,50,20,15,non_tail,1,0.007477030158042908,0.0
w0.5,50,20,16,non_tail,2,-0.007703641429543495,0.0
w0.5,50,20,21,non_tail,1,-0.0024469196796417236,0.0
w0.5,50,20,32,non_tail,1,-0.03779029846191406,0.0
w0.5,50,20,33,non_tail,1,0.0021166913211345673,0.0
w0.5,50,20,34,non_tail,1,0.007223010063171387,0.0
w0.5,50,20,81,tail,1,-0.0002441704273223877,0.0
w0.5,50,20,82,tail,1,0.05711007118225098,0.0
w0.5,50,20,87,tail,1,0.0012536272406578064,0.0
w0.5,50,21,0,non_tail,1,0.0003588534891605377,0.0
w0.5,50,21,7,non_tail,1,-0.0019514858722686768,0.0
w0.5,50,21,10,non_tail,1,-0.0015849024057388306,0.0
w0.5,50,21,14,non_tail,4,0.03157530538737774,0.0
w0.5,50,21,17,non_tail,3,0.0002006391684214251,0.0
w0.5,50,21,19,non_tail,1,-0.029016494750976562,0.0
w0.5,50,21,23,non_tail,2,0.0015070438385009766,0.0
w0.5,50,21,26,non_tail,1,-0.0038034170866012573,0.0
w0.5,50,21,29,non_tail,1,-0.01755756139755249,0.0
w0.5,50,21,33,non_tail,1,0.03257942199707031,0.0
w0.5,50,21,82,tail,1,0.021168231964111328,0.0
w0.5,50,24,2,non_tail,1,0.0030660629272460938,0.0
w0.5,50,24,6,non_tail,3,0.007154233753681183,0.0
w0.5,50,24,7,non_tail,2,0.004749000072479248,0.0
w0.5,50,24,14,non_tail,2,0.014213129878044128,0.0
w0.5,50,24,15,non_tail,1,0.00037815049290657043,0.0
w0.5,50,24,17,non_tail,1,1.9614817574620247e-05,0.0
w0.5,50,24,18,non_tail,1,-0.0009013712406158447,0.0
w0.5,50,24,23,non_tail,1,0.002973318099975586,0.0
w0.5,50,24,25,non_tail,1,0.00031262636184692383,0.0
w0.5,50,24,30,non_tail,1,-0.010955810546875,0.0
w0.5,50,24,42,non_tail,1,0.00013368763029575348,0.0
w0.5,50,24,43,non_tail,1,0.09255790710449219,0.0
w0.5,50,24,98,tail,1,0.004721403121948242,0.0
w0.5,50,25,3,non_tail,1,0.00012173410505056381,0.0
w0.5,50,25,5,non_tail,2,5.2873045206069946e-05,0.0
w0.5,50,25,6,non_tail,1,5.587516352534294e-05,0.0
w0.5,50,25,14,non_tail,1,0.00042739138007164,0.0
w0.5,50,25,15,non_tail,5,0.004896691441535955,0.0
w0.5,50,25,16,non_tail,1,4.160450771450996e-06,0.0
w0.5,50,25,21,non_tail,3,0.003848303109407425,0.0
w0.5,50,25,41,non_tail,1,0.030731678009033203,0.0
w0.5,50,25,45,non_tail,1,-0.012905120849609375,0.0
w0.5,50,25,80,tail,1,0.02638387680053711,0.0
w0.5,50,25,89,tail,1,0.02458333969116211,0.0
w0.5,50,25,99,tail,1,0.0027723610401153564,0.0
w0.5,50,26,0,non_tail,6,0.0006609233096241951,0.0
w0.5,50,26,1,non_tail,1,-3.839656710624695e-05,0.0
w0.5,50,26,8,non_tail,1,5.2708666771650314e-05,0.0
w0.5,50,26,13,non_tail,2,4.9976748414337635e-05,0.0
w0.5,50,26,15,non_tail,1,0.06006479263305664,0.0
w0.5,50,26,16,non_tail,1,5.706213414669037e-06,0.0
w0.5,50,26,20,non_tail,1,1.512281596660614e-05,0.0
w0.5,50,26,29,non_tail,1,-0.01737689971923828,0.0
w0.5,50,26,37,non_tail,1,0.007985830307006836,0.0
w0.5,50,26,58,non_tail,1,-1.3082986697554588e-05,0.0
w0.5,50,26,80,tail,1,0.0013632327318191528,0.0
w0.5,50,26,88,tail,1,0.11145353317260742,0.0
w0.5,50,26,91,tail,1,0.024276018142700195,0.0
w0.5,50,27,0,non_tail,1,0.0,0.0
w0.5,50,27,2,non_tail,1,0.006157994270324707,0.0
w0.5,50,27,6,non_tail,1,6.935745477676392e-05,0.0
w0.5,50,27,7,non_tail,1,-0.01847696304321289,0.0
w0.5,50,27,81,tail,5,0.00255947113037136,0.0
w0.5,50,27,82,tail,4,0.0121054258197546,0.0
w0.5,50,27,83,tail,6,0.006042798360188728,0.0
w0.5,50,27,84,tail,1,-0.0024332404136657715,0.0
w0.5,50,27,86,tail,6,0.030202070871988784,0.0
w0.5,50,27,87,tail,2,0.0006063040345907211,0.0
w0.5,50,27,88,tail,5,0.03839750289916988,0.0
w0.5,50,27,93,tail,4,0.009279727935791016,0.0
w0.5,50,27,94,tail,5,-0.002775764465331676,0.0
w0.5,50,27,95,tail,1,-0.0296630859375,0.0
w0.5,50,27,98,tail,3,0.013838847478230498,0.0
w0.5,50,28,3,non_tail,1,0.0010971985757350922,0.0
w0.5,50,28,5,non_tail,1,-6.831297650933266e-05,0.0
w0.5,50,28,82,tail,4,0.020835399627685547,0.0
w0.5,50,28,83,tail,2,-0.00289154052734375,0.0
w0.5,50,28,84,tail,6,0.008356571197509766,0.0
w0.5,50,28,85,tail,2,0.010166168212890625,0.0
w0.5,50,28,86,tail,1,7.48862512409687e-05,0.0
w0.5,50,28,87,tail,1,0.021184921264648438,0.0
w0.5,50,28,89,tail,4,0.009599447250366211,0.0
w0.5,50,28,90,tail,1,4.8279762268066406e-05,0.0
w0.5,50,28,91,tail,3,0.0125195185343423,0.0
w0.5,50,28,92,tail,3,0.014795303344726562,0.0
w0.5,50,28,93,tail,1,0.05547952651977539,0.0
w0.5,50,28,96,tail,3,0.02773904800415039,0.0
w0.5,50,28,97,tail,1,0.06104087829589844,0.0
w0.5,50,28,98,tail,1,0.015502691268920898,0.0
w0.5,50,28,99,tail,4,0.01363372802734375,0.0
w0.5,50,29,1,non_tail,1,-0.0004809945821762085,0.0
w0.5,50,29,4,non_tail,1,-0.036928415298461914,0.0
w0.5,50,29,8,non_tail,1,-0.005957365036010742,0.0
w0.5,50,29,9,non_tail,1,0.0002536773681640625,0.0
w0.5,50,29,10,non_tail,1,-0.005263149738311768,0.0
w0.5,50,29,80,tail,8,0.032997846603393555,0.0
w0.5,50,29,81,tail,4,0.0023970603942871094,0.0
w0.5,50,29,84,tail,1,-0.022676467895507812,0.0
w0.5,50,29,85,tail,5,0.0002697527408599826,0.0
w0.5,50,29,87,tail,3,0.01125208536783795,0.0
w0.5,50,29,88,tail,1,0.027820825576782227,0.0
w0.5,50,29,89,tail,1,-0.016350984573364258,0.0
w0.5,50,29,90,tail,4,0.0040052421391010284,0.0
w0.5,50,29,91,tail,2,0.008014082908630371,0.0
w0.5,50,29,92,tail,2,0.018923521041870117,0.0
w0.5,50,29,95,tail,4,0.01000434160232544,0.0
w0.5,50,29,96,tail,1,0.0011047497391700745,0.0
w0.5,50,29,97,tail,3,-0.026243845621745088,0.0
w0.5,60,0,0,non_tail,1,1.758546568453312e-05,0.0
w0.5,60,0,2,non_tail,5,0.0032534621655940787,0.0
w0.5,60,0,4,non_tail,1,-0.006412982940673828,0.0
w0.5,60,0,5,non_tail,1,-0.001067139208316803,0.0
w0.5,60,0,8,non_tail,1,3.098743036389351e-06,0.0
w0.5,60,0,15,non_tail,1,2.3586559109389782e-05,0.0
w0.5,60,0,37,non_tail,1,4.8203859478235245e-05,0.0
w0.5,60,0,55,non_tail,1,-0.006168961524963379,0.0
w0.5,60,0,60,non_tail,1,0.007924795150756836,0.0
w0.5,60,0,66,non_tail,1,0.00019679591059684753,0.0
w0.5,60,0,69,non_tail,1,0.056389451026916504,0.0
w0.5,60,0,74,non_tail,1,0.025372982025146484,0.0
w0.5,60,0,81,tail,1,0.00835275650024414,0.0
w0.5,60,0,83,tail,1,0.01876819133758545,0.0
w0.5,60,1,0,non_tail,3,2.7784262783825397e-05,0.0
w0.5,60,1,1,non_tail,1,0.0008136294782161713,0.0
w0.5,60,1,7,non_tail,6,0.006242930889129639,0.0
w0.5,60,1,24,non_tail,1,0.002776622772216797,0.0
w0.5,60,1,28,non_tail,1,0.00013827113434672356,0.0
w0.5,60,1,30,non_tail,1,0.0016825348138809204,0.0
w0.5,60,1,46,non_tail,1,0.0022696256637573242,0.0
w0.5,60,1,53,non_tail,2,0.007484868168830872,0.0
w0.5,60,1,86,tail,1,0.03153276443481445,0.0
w0.5,60,2,0,non_tail,1,5.956448148936033e-06,0.0
w0.5,60,2,3,non_tail,2,-0.005959153175354004,0.0
w0.5,60,2,5,non_tail,4,-0.0021939242142252624,0.0
w0.5,60,2,6,non_tail,2,9.566638618707657e-05,0.0
w0.5,60,2,10,non_tail,2,-0.008436143398284912,0.0
w0.5,60,2,16,non_tail,1,-0.009273767471313477,0.0
w0.5,60,2,22,non_tail,2,0.01800394058227539,0.0
w0.5,60,2,42,non_tail,1,-0.02851414680480957,0.0
w0.5,60,2,77,non_tail,1,-0.0040798187255859375,0.0
w0.5,60,2,82,tail,1,0.0010919608175754547,0.0
w0.5,60,2,91,tail,1,-0.0006973147392272949,0.0
w0.5,60,2,95,tail,1,0.014987468719482422,0.0
w0.5,60,3,2,non_tail,1,-0.0006036758422851562,0.0
w0.5,60,3,3,non_tail,1,-0.0004930347204208374,0.0
w0.5,60,3,6,non_tail,4,0.0007277056574821472,0.0
w0.5,60,3,12,non_tail,3,-0.009848689039548275,0.0
w0.5,60,3,14,non_tail,1,0.00010551465675234795,0.0
w0.5,60,3,20,non_tail,1,6.554328138008714e-06,0.0
w0.5,60,3,31,non_tail,1,9.107356891036034e-05,0.0
w0.5,60,3,36,non_tail,1,0.0025596395134925842,0.0
w0.5,60,3,45,non_tail,1,0.012220561504364014,0.0
w0.5,60,3,77,non_tail,1,0.004772186279296875,0.0
w0.5,60,3,79,non_tail,1,-0.006440162658691406,0.0
w0.5,60,3,90,tail,1,0.0007954835891723633,0.0
w0.5,60,3,94,tail,1,3.241654485464096e-05,0.0
w0.5,60,4,1,non_tail,2,0.00037355441600084305,0.0
w0.5,60,4,2,non_tail,1,-0.0010236501693725586,0.0
w0.5,60,4,3,non_tail,1,-0.019131898880004883,0.0
w0.5,60,4,4,non_tail,2,-0.0036690980195999146,0.0
w0.5,60,4,5,non_tail,1,8.208910003304482e-06,0.0
w0.5,60,4,9,non_tail,1,0.0019353870302438736,0.0
w0.5,60,4,11,non_tail,2,-0.0020367391407489777,0.0
w0.5,60,4,17,non_tail,1,0.00045811571180820465,0.0
w0.5,60,4,20,non_tail,2,1.786177745088935e-05,0.0
w0.5,60,4,24,non_tail,1,0.00046665966510772705,0.0
w0.5,60,4,46,non_tail,1,-0.00028693675994873047,0.0
w0.5,60,4,65,non_tail,1,0.024697303771972656,0.0
w0.5,60,4,92,tail,1,0.007323741912841797,0.0
w0.5,60,4,97,tail,1,0.019904613494873047,0.0
w0.5,60,6,1,non_tail,1,0.00024409219622612,0.0
w0.5,60,6,2,non_tail,2,0.0007685422897338867,0.0
w0.5,60,6,7,non_tail,3,-0.003211110830307007,0.0
w0.5,60,6,12,non_tail,3,-0.0012434429178635326,0.0
w0.5,60,6,18,non_tail,1,0.003554508090019226,0.0
w0.5,60,6,23,non_tail,2,0.004206235520541668,0.0
w0.5,60,6,32,non_tail,1,-0.014592170715332031,0.0
w0.5,60,6,38,non_tail,1,-0.015926122665405273,0.0
w0.5,60,6,54,non_tail,1,0.0024509429931640625,0.0
w0.5,60,6,70,non_tail,1,0.00034100841730833054,0.0
w0.5,60,6,84,tail,1,-0.0002455711364746094,0.0
w0.5,60,8,4,non_tail,1,0.0006590858101844788,0.0
w0.5,60,8,5,non_tail,1,2.7632166165858507e-05,0.0
w0.5,60,8,6,non_tail,2,0.00013816449791193008,0.0
w0.5,60,8,7,non_tail,1,-3.682565875351429e-05,0.0
w0.5,60,8,15,non_tail,1,0.0005433596670627594,0.0
w0.5,60,8,17,non_tail,1,0.0016482174396514893,0.0
w0.5,60,8,21,non_tail,1,1.3332930393517017e-05,0.0
w0.5,60,8,26,non_tail,3,-0.021017392476399888,0.0
w0.5,60,8,38,non_tail,1,1.7876445781439543e-06,0.0
w0.5,60,8,46,non_tail,1,-0.0006852149963378906,0.0
w0.5,60,8,57,non_tail,1,0.0032804012298583984,0.0
w0.5,60,8,58,non_tail,1,-0.011260509490966797,0.0
w0.5,60,8,62,non_tail,1,0.009961128234863281,0.0
w0.5,60,8,83,tail,1,0.04289746284484863,0.0
w0.5,60,9,1,non_tail,1,0.00033158063888549805,0.0
w0.5,60,9,2,non_tail,1,0.0006320327520370483,0.0
w0.5,60,9,4,non_tail,2,-0.003393799066543579,0.0
w0.5,60,9,6,non_tail,1,3.018719144165516e-05,0.0
w0.5,60,9,7,non_tail,1,-0.001271262764930725,0.0
w0.5,60,9,13,non_tail,1,0.00011017872020602226,0.0
w0.5,60,9,14,non_tail,4,0.005058699985966086,0.0
w0.5,60,9,17,non_tail,1,3.577559255063534e-05,0.0
w0.5,60,9,35,non_tail,1,-0.0006441362202167511,0.0
w0.5,60,9,52,non_tail,1,0.004330635070800781,0.0
w0.5,60,9,67,non_tail,1,-0.0029578804969787598,0.0
w0.5,60,9,79,non_tail,1,-0.012086868286132812,0.0
w0.5,60,9,86,tail,1,0.018688291311264038,0.0
w0.5,60,9,89,tail,1,0.033000946044921875,0.0
w0.5,60,12,0,non_tail,1,3.456269041635096e-06,0.0
w0.5,60,12,1,non_tail,2,-0.0020081549882888794,0.0
w0.5,60,12,3,non_tail,1,0.0002643205225467682,0.0
w0.5,60,12,10,non_tail,1,-1.1903932318091393e-05,0.0
w0.5,60,12,12,non_tail,1,-0.0004530176520347595,0.0
w0.5,60,12,13,non_tail,2,0.0024641682393848896,0.0
w0.5,60,12,17,non_tail,1,0.00010689860209822655,0.0
w0.5,60,12,26,non_tail,1,-0.0012682974338531494,0.0
w0.5,60,12,27,non_tail,2,-0.01901867985725403,0.0
w0.5,60,12,28,non_tail,1,0.0013827234506607056,0.0
w0.5,60,12,38,non_tail,1,0.0005344599485397339,0.0
w0.5,60,12,41,non_tail,1,0.00026129186153411865,0.0
w0.5,60,12,59,non_tail,1,-0.005623459815979004,0.0
w0.5,60,12,85,tail,1,0.025255918502807617,0.0
w0.5,60,12,90,tail,1,0.013521194458007812,0.0
w0.5,60,13,4,non_tail,3,0.0005943377812703265,0.0
w0.5,60,13,6,non_tail,1,0.00014700926840305328,0.0
w0.5,60,13,8,non_tail,2,0.0001007134560495615,0.0
w0.5,60,13,11,non_tail,1,0.00010402500629425049,0.0
w0.5,60,13,25,non_tail,2,0.0006261896342039108,0.0
w0.5,60,13,26,non_tail,3,-0.010141356537739454,0.0
w0.5,60,13,28,non_tail,1,0.012441635131835938,0.0
w0.5,60,13,40,non_tail,1,0.0006007924675941467,0.0
w0.5,60,13,58,non_tail,1,0.0017998889088630676,0.0
w0.5,60,13,68,non_tail,1,0.0018386989831924438,0.0
w0.5,60,13,87,tail,1,0.0015302374958992004,0.0
w0.5,60,14,1,non_tail,1,0.00032869819551706314,0.0
w0.5,60,14,4,non_tail,1,0.0066474080085754395,0.0
w0.5,60,14,11,non_tail,1,-0.00013768021017313004,0.0
w0.5,60,14,14,non_tail,2,0.00819822633638978,0.0
w0.5,60,14,17,non_tail,1,0.02155482769012451,0.0
w0.5,60,14,21,non_tail,2,-1.9378261640667915e-05,0.0
w0.5,60,14,28,non_tail,2,0.010643154382705688,0.0
w0.5,60,14,32,non_tail,1,2.48677097260952e-05,0.0
w0.5,60,14,43,non_tail,1,0.006323695182800293,0.0
w0.5,60,14,46,non_tail,1,-0.000855863094329834,0.0
w0.5,60,14,55,non_tail,1,-0.0033020973205566406,0.0
w0.5,60,14,56,non_tail,1,0.0019775032997131348,0.0
w0.5,60,14,75,non_tail,1,0.02739739418029785,0.0
w0.5,60,14,85,tail,1,0.008777141571044922,0.0
w0.5,60,14,96,tail,1,-0.004224300384521484,0.0
w0.5,60,15,0,non_tail,5,0.0027445986866951044,0.0
w0.5,60,15,2,non_tail,1,0.0009506642818450928,0.0
w0.5,60,15,3,non_tail,3,-2.1992872158690946e-05,0.0
w0.5,60,15,9,non_tail,1,0.0011586993932724,0.0
w0.5,60,15,13,non_tail,1,0.01603633165359497,0.0
w0.5,60,15,16,non_tail,1,-0.030823707580566406,0.0
w0.5,60,15,19,non_tail,1,6.88391737639904e-05,0.0
w0.5,60,15,53,non_tail,1,0.0005308836698532104,0.0
w0.5,60,15,57,non_tail,1,0.005381345748901367,0.0
w0.5,60,15,66,non_tail,1,0.0028252601623535156,-100.0
w0.5,60,15,84,tail,1,-0.0022535324096679688,0.0
w0.5,60,15,88,tail,1,0.002395153045654297,0.0
w0.5,60,16,0,non_tail,1,0.00015765242278575897,0.0
w0.5,60,16,1,non_tail,1,0.0001086522825062275,0.0
w0.5,60,16,2,non_tail,1,0.0014887675642967224,0.0
w0.5,60,16,4,non_tail,2,0.007466595619916916,0.0
w0.5,60,16,10,non_tail,3,-0.011368115743001339,0.0
w0.5,60,16,11,non_tail,2,-0.0018284134566783905,0.0
w0.5,60,16,29,non_tail,1,1.584063284099102e-05,0.0
w0.5,60,16,30,non_tail,1,-0.022349834442138672,0.0
w0.5,60,16,36,non_tail,1,0.006553232669830322,0.0
w0.5,60,16,41,non_tail,1,-0.00048537924885749817,0.0
w0.5,60,16,59,non_tail,1,0.00946044921875,0.0
w0.5,60,16,74,non_tail,1,0.002404332160949707,0.0
w0.5,60,16,93,tail,1,0.06321454048156738,0.0
w0.5,60,17,1,non_tail,1,1.4252960681915283e-05,0.0
w0.5,60,17,3,non_tail,1,-0.010869264602661133,0.0
w0.5,60,17,4,non_tail,2,-0.0018787980079650879,0.0
w0.5,60,17,5,non_tail,1,-0.028910040855407715,0.0
w0.5,60,17,6,non_tail,1,2.892885822802782e-05,0.0
w0.5,60,17,13,non_tail,2,-0.0027362406253814697,0.0
w0.5,60,17,18,non_tail,2,0.0049550533294677734,0.0
w0.5,60,17,23,non_tail,1,0.00047900527715682983,0.0
w0.5,60,17,26,non_tail,1,-0.021818876266479492,0.0
w0.5,60,17,30,non_tail,1,-0.0007027015089988708,0.0
w0.5,60,17,31,non_tail,1,0.016826868057250977,0.0
w0.5,60,17,33,non_tail,1,0.002498626708984375,0.0
w0.5,60,17,40,non_tail,1,8.101295679807663e-05,0.0
w0.5,60,17,80,tail,1,0.040212154388427734,0.0
w0.5,60,20,0,non_tail,1,0.00014752428978681564,0.0
w0.5,60,20,1,non_tail,1,0.000323515385389328,0.0
w0.5,60,20,3,non_tail,3,-0.005582710107167571,0.0
w0.5,60,20,5,non_tail,1,-2.367096021771431e-05,0.0
w0.5,60,20,9,non_tail,1,0.032010555267333984,0.0
w0.5,60,20,11,non_tail,2,-0.010893523693084717,0.0
w0.5,60,20,15,non_tail,1,0.003855198621749878,0.0
w0.5,60,20,16,non_tail,2,-0.00965964701026678,0.0
w0.5,60,20,21,non_tail,1,-0.0009540319442749023,0.0
w0.5,60,20,32,non_tail,1,-0.015543699264526367,0.0
w0.5,60,20,33,non_tail,1,0.0018076077103614807,0.0
w0.5,60,20,34,non_tail,1,0.0017189085483551025,0.0
w0.5,60,20,81,tail,1,0.004527300596237183,0.0
w0.5,60,20,82,tail,1,0.050975799560546875,0.0
w0.5,60,20,87,tail,1,0.0016820728778839111,0.0
w0.5,60,21,0,non_tail,1,0.00045196712017059326,0.0
w0.5,60,21,7,non_tail,1,-0.0004424154758453369,0.0
w0.5,60,21,10,non_tail,1,-0.0007650852203369141,0.0
w0.5,60,21,14,non_tail,4,0.02359854569658637,0.0
w0.5,60,21,17,non_tail,3,0.00043666611115137505,0.0
w0.5,60,21,19,non_tail,1,-0.011927008628845215,0.0
w0.5,60,21,23,non_tail,2,0.00039795786142349243,0.0
w0.5,60,21,26,non_tail,1,-0.0006745606660842896,0.0
w0.5,60,21,29,non_tail,1,-0.02206254005432129,0.0
w0.5,60,21,33,non_tail,1,0.02712249755859375,0.0
w0.5,60,21,82,tail,1,0.026763439178466797,0.0
w0.5,60,24,2,non_tail,1,0.0058748722076416016,0.0
w0.5,60,24,6,non_tail,3,0.0006170620520909442,0.0
w0.5,60,24,7,non_tail,2,0.004203461110591888,0.0
w0.5,60,24,14,non_tail,2,0.007498001679778099,0.0
w0.5,60,24,15,non_tail,1,0.0002897437661886215,0.0
w0.5,60,24,17,non_tail,1,5.5050477385520935e-05,0.0
w0.5,60,24,18,non_tail,1,0.0017979368567466736,0.0
w0.5,60,24,23,non_tail,1,0.0019037574529647827,0.0
w0.5,60,24,25,non_tail,1,0.002080976963043213,0.0
w0.5,60,24,30,non_tail,1,-0.0175321102142334,0.0
w0.5,60,24,42,non_tail,1,7.241894491016865e-05,0.0
w0.5,60,24,43,non_tail,1,0.04990673065185547,0.0
w0.5,60,24,98,tail,1,-0.0011519193649291992,0.0
w0.5,60,25,3,non_tail,1,0.00010885577648878098,0.0
w0.5,60,25,5,non_tail,2,9.002070873975754e-05,0.0
w0.5,60,25,6,non_tail,1,3.638816997408867e-05,0.0
w0.5,60,25,14,non_tail,1,0.000328858382999897,0.0
w0.5,60,25,15,non_tail,5,0.0019277289509773143,0.0
w0.5,60,25,16,non_tail,1,3.471854142844677e-05,0.0
w0.5,60,25,21,non_tail,3,0.0014854700615008626,0.0
w0.5,60,25,41,non_tail,1,0.03101515769958496,0.0
w0.5,60,25,45,non_tail,1,-0.012353897094726562,0.0
w0.5,60,25,80,tail,1,0.03763604164123535,0.0
w0.5,60,25,89,tail,1,0.041321635246276855,0.0
w0.5,60,25,99,tail,1,0.007703542709350586,0.0
w0.5,60,26,0,non_tail,6,0.0007038572803139687,0.0
w0.5,60,26,1,non_tail,1,0.0003479421138763428,0.0
w0.5,60,26,8,non_tail,1,6.16519246250391e-05,0.0
w0.5,60,26,13,non_tail,2,6.360013503581285e-05,0.0
w0.5,60,26,15,non_tail,1,0.020204782485961914,0.0
w0.5,60,26,16,non_tail,1,1.8668826669454575e-05,0.0
w0.5,60,26,20,non_tail,1,2.7747242711484432e-05,0.0
w0.5,60,26,29,non_tail,1,-0.04028511047363281,0.0
w0.5,60,26,37,non_tail,1,0.002925872802734375,0.0
w0.5,60,26,58,non_tail,1,2.497481182217598e-05,0.0
w0.5,60,26,80,tail,1,0.0009812861680984497,0.0
w0.5,60,26,88,tail,1,0.07007026672363281,0.0
w0.5,60,26,91,tail,1,0.025061488151550293,0.0
w0.5,60,27,0,non_tail,1,1.19043979793787e-05,0.0
w0.5,60,27,2,non_tail,1,0.009944438934326172,0.0
w0.5,60,27,6,non_tail,1,0.0005351230502128601,0.0
w0.5,60,27,7,non_tail,1,-0.022286415100097656,0.0
w0.5,60,27,81,tail,5,0.010493659973144887,0.0
w0.5,60,27,82,tail,4,0.008251190185546875,0.0
w0.5,60,27,83,tail,6,0.013286272684733147,0.0
w0.5,60,27,84,tail,1,0.00041806697845458984,0.0
w0.5,60,27,86,tail,6,0.02971204121907567,0.0
w0.5,60,27,87,tail,2,0.0006194747984409332,0.0
w0.5,60,27,88,tail,5,0.02486362457275393,0.0
w0.5,60,27,93,tail,4,-0.0007668733596801758,0.0
w0.5,60,27,94,tail,5,0.002250862121582209,0.0
w0.5,60,27,95,tail,1,-0.01669454574584961,0.0
w0.5,60,27,98,tail,3,0.00802469253540039,0.0
w0.5,60,28,3,non_tail,1,0.0006815455853939056,0.0
w0.5,60,28,5,non_tail,1,-7.176119834184647e-05,0.0
w0.5,60,28,82,tail,4,0.017657577991485596,0.0
w0.5,60,28,83,tail,2,0.005724191665649414,0.0
w0.5,60,28,84,tail,6,0.00023492177327444352,0.0
w0.5,60,28,85,tail,2,0.022432327270507812,0.0
w0.5,60,28,86,tail,1,0.00010025547817349434,0.0
w0.5,60,28,87,tail,1,-0.0028090476989746094,0.0
w0.5,60,28,89,tail,4,0.025932788848876953,0.0
w0.5,60,28,90,tail,1,0.0005521439015865326,0.0
w0.5,60,28,91,tail,3,0.010752360026041963,0.0
w0.5,60,28,92,tail,3,0.019040743509928237,0.0
w0.5,60,28,93,tail,1,0.033242225646972656,0.0
w0.5,60,28,96,tail,3,0.026212215423583984,0.0
w0.5,60,28,97,tail,1,0.0005364418029785156,0.0
w0.5,60,28,98,tail,1,0.0074117183685302734,0.0
w0.5,60,28,99,tail,4,0.020712852478027344,0.0
w0.5,60,29,1,non_tail,1,0.0005164891481399536,0.0
w0.5,60,29,4,non_tail,1,-0.028731822967529297,0.0
w0.5,60,29,8,non_tail,1,-0.008814573287963867,0.0
w0.5,60,29,9,non_tail,1,0.0003275293856859207,0.0
w0.5,60,29,10,non_tail,1,-0.00444340705871582,0.0
w0.5,60,29,80,tail,8,0.027690410614013672,0.0
w0.5,60,29,81,tail,4,0.009566068649291992,0.0
w0.5,60,29,84,tail,1,-0.029206275939941406,0.0
w0.5,60,29,85,tail,5,0.0007989227771759005,0.0
w0.5,60,29,87,tail,3,0.0062774022420244435,0.0
w0.5,60,29,88,tail,1,0.027392983436584473,0.0
w0.5,60,29,89,tail,1,0.008934617042541504,0.0
w0.5,60,29,90,tail,4,0.00430026650428772,0.0
w0.5,60,29,91,tail,2,0.011881232261657715,0.0
w0.5,60,29,92,tail,2,0.02384328842163086,0.0
w0.5,60,29,95,tail,4,0.01298069953918457,0.0
w0.5,60,29,96,tail,1,0.0011580362915992737,0.0
w0.5,60,29,97,tail,3,-0.02442518870035837,0.0
w0.5,70,0,0,non_tail,1,6.180419586598873e-05,0.0
w0.5,70,0,2,non_tail,5,-0.0013088375329971536,0.0
w0.5,70,0,4,non_tail,1,0.012144386768341064,0.0
w0.5,70,0,5,non_tail,1,0.006684340536594391,0.0
w0.5,70,0,8,non_tail,1,6.435977411456406e-06,0.0
w0.5,70,0,15,non_tail,1,1.536740455776453e-05,0.0
w0.5,70,0,37,non_tail,1,0.00031607039272785187,0.0
w0.5,70,0,55,non_tail,1,0.005425095558166504,0.0
w0.5,70,0,60,non_tail,1,0.044419169425964355,0.0
w0.5,70,0,66,non_tail,1,0.00048688147217035294,0.0
w0.5,70,0,69,non_tail,1,0.00838327407836914,0.0
w0.5,70,0,74,non_tail,1,-0.016754627227783203,0.0
w0.5,70,0,81,tail,1,0.022412776947021484,0.0
w0.5,70,0,83,tail,1,0.005269825458526611,0.0
w0.5,70,1,0,non_tail,3,5.880198053394769e-05,0.0
w0.5,70,1,1,non_tail,1,0.0026648491621017456,0.0
w0.5,70,1,7,non_tail,6,-0.0056032538414001465,0.0
w0.5,70,1,24,non_tail,1,0.00533682107925415,0.0
w0.5,70,1,28,non_tail,1,0.0001582200638949871,0.0
w0.5,70,1,30,non_tail,1,0.002560943365097046,0.0
w0.5,70,1,46,non_tail,1,0.004631161689758301,0.0
w0.5,70,1,53,non_tail,2,-0.0015656277537345886,0.0
w0.5,70,1,86,tail,1,0.033232927322387695,0.0
w0.5,70,2,0,non_tail,1,2.5017885491251945e-05,0.0
w0.5,70,2,3,non_tail,2,-0.011496961116790771,0.0
w0.5,70,2,5,non_tail,4,0.0012436552497092634,0.0
w0.5,70,2,6,non_tail,2,0.00020609423518180847,0.0
w0.5,70,2,10,non_tail,2,0.003912091255187988,0.0
w0.5,70,2,16,non_tail,1,-0.01382589340209961,0.0
w0.5,70,2,22,non_tail,2,0.006769895553588867,0.0
w0.5,70,2,42,non_tail,1,-0.049520015716552734,0.0
w0.5,70,2,77,non_tail,1,-0.011168956756591797,0.0
w0.5,70,2,82,tail,1,-0.00018336810171604156,0.0
w0.5,70,2,91,tail,1,0.021407365798950195,0.0
w0.5,70,2,95,tail,1,-0.02299785614013672,0.0
w0.5,70,3,2,non_tail,1,-0.002991199493408203,0.0
w0.5,70,3,3,non_tail,1,-0.0023738890886306763,0.0
w0.5,70,3,6,non_tail,4,-0.0023132639471441507,0.0
w0.5,70,3,12,non_tail,3,-0.009524861971537346,0.0
w0.5,70,3,14,non_tail,1,7.285294122993946e-05,0.0
w0.5,70,3,20,non_tail,1,2.2642489057034254e-06,0.0
w0.5,70,3,31,non_tail,1,6.837304681539536e-05,0.0
w0.5,70,3,36,non_tail,1,0.002017661929130554,0.0
w0.5,70,3,45,non_tail,1,0.008149504661560059,0.0
w0.5,70,3,77,non_tail,1,-0.03492331504821777,0.0
w0.5,70,3,79,non_tail,1,0.0012960433959960938,0.0
w0.5,70,3,90,tail,1,0.0033420175313949585,0.0
w0.5,70,3,94,tail,1,0.00011499598622322083,0.0
w0.5,70,4,1,non_tail,2,0.001548128668218851,0.0
w0.5,70,4,2,non_tail,1,-0.008869707584381104,0.0
w0.5,70,4,3,non_tail,1,-0.01132345199584961,0.0
w0.5,70,4,4,non_tail,2,0.009312957525253296,0.0
w0.5,70,4,5,non_tail,1,6.63920072838664e-05,0.0
w0.5,70,4,9,non_tail,1,0.0007339101284742355,0.0
w0.5,70,4,11,non_tail,2,0.003998026251792908,0.0
w0.5,70,4,17,non_tail,1,0.0003399783745408058,0.0
w0.5,70,4,20,non_tail,2,6.251750164665282e-06,0.0
w0.5,70,4,24,non_tail,1,0.0008345991373062134,0.0
w0.5,70,4,46,non_tail,1,0.0049474239349365234,0.0
w0.5,70,4,65,non_tail,1,-0.004536628723144531,0.0
w0.5,70,4,92,tail,1,0.03357124328613281,0.0
w0.5,70,4,97,tail,1,0.022514820098876953,0.0
w0.5,70,6,1,non_tail,1,0.002019718289375305,0.0
w0.5,70,6,2,non_tail,2,-0.003150075674057007,0.0
w0.5,70,6,7,non_tail,3,0.000650810698668236,0.0
w0.5,70,6,12,non_tail,3,-0.0003482699394226074,0.0
w0.5,70,6,18,non_tail,1,-0.001858152449131012,0.0
w0.5,70,6,23,non_tail,2,-0.009042146150022745,-50.0
w0.5,70,6,32,non_tail,1,-0.04471182823181152,0.0
w0.5,70,6,38,non_tail,1,0.005355119705200195,0.0
w0.5,70,6,54,non_tail,1,0.004619717597961426,0.0
w0.5,70,6,70,non_tail,1,0.00015594251453876495,0.0
w0.5,70,6,84,tail,1,-0.0008854866027832031,0.0
w0.5,70,8,4,non_tail,1,0.0013579949736595154,0.0
w0.5,70,8,5,non_tail,1,4.930974682793021e-05,0.0
w0.5,70,8,6,non_tail,2,-0.00014475523494184017,0.0
w0.5,70,8,7,non_tail,1,4.455330781638622e-05,0.0
w0.5,70,8,15,non_tail,1,0.0007606372237205505,0.0
w0.5,70,8,17,non_tail,1,0.0003425776958465576,0.0
w0.5,70,8,21,non_tail,1,1.1428957805037498e-05,0.0
w0.5,70,8,26,non_tail,3,-0.022907257080078125,0.0
w0.5,70,8,38,non_tail,1,6.912305252626538e-06,0.0
w0.5,70,8,46,non_tail,1,0.002785921096801758,0.0
w0.5,70,8,57,non_tail,1,-0.002020895481109619,0.0
w0.5,70,8,58,non_tail,1,-0.022827625274658203,0.0
w0.5,70,8,62,non_tail,1,-0.03000807762145996,0.0
w0.5,70,8,83,tail,1,0.008300423622131348,0.0
w0.5,70,9,1,non_tail,1,0.0024285949766635895,0.0
w0.5,70,9,2,non_tail,1,-0.00042286142706871033,0.0
w0.5,70,9,4,non_tail,2,0.011832386255264282,0.0
w0.5,70,9,6,non_tail,1,6.262795068323612e-05,0.0
w0.5,70,9,7,non_tail,1,4.169344902038574e-05,0.0
w0.5,70,9,13,non_tail,1,2.643745392560959e-05,0.0
w0.5,70,9,14,non_tail,4,0.0029283256735652685,0.0
w0.5,70,9,17,non_tail,1,-8.203787729144096e-06,0.0
w0.5,70,9,35,non_tail,1,5.2422285079956055e-05,0.0
w0.5,70,9,52,non_tail,1,-0.006756424903869629,0.0
w0.5,70,9,67,non_tail,1,0.0013665556907653809,0.0
w0.5,70,9,79,non_tail,1,0.010446786880493164,0.0
w0.5,70,9,86,tail,1,0.017758041620254517,0.0
w0.5,70,9,89,tail,1,0.04433155059814453,0.0
w0.5,70,12,0,non_tail,1,4.648129106499255e-06,0.0
w0.5,70,12,1,non_tail,2,0.03887953609228134,0.0
w0.5,70,12,3,non_tail,1,-0.00039068982005119324,0.0
w0.5,70,12,10,non_tail,1,3.0238530598580837e-05,0.0
w0.5,70,12,12,non_tail,1,-0.0004952847957611084,0.0
w0.5,70,12,13,non_tail,2,0.0031134523451328278,0.0
w0.5,70,12,17,non_tail,1,0.00018596742302179337,0.0
w0.5,70,12,26,non_tail,1,-0.0005884319543838501,0.0
w0.5,70,12,27,non_tail,2,-0.0006034523248672485,0.0
w0.5,70,12,28,non_tail,1,0.0013789385557174683,0.0
w0.5,70,12,38,non_tail,1,-0.003892049193382263,0.0
w0.5,70,12,41,non_tail,1,0.0004515126347541809,0.0
w0.5,70,12,59,non_tail,1,-0.011612653732299805,0.0
w0.5,70,12,85,tail,1,0.047880470752716064,0.0
w0.5,70,12,90,tail,1,0.011344671249389648,0.0
w0.5,70,13,4,non_tail,3,0.0036389678716659546,0.0
w0.5,70,13,6,non_tail,1,-2.242857590317726e-05,0.0
w0.5,70,13,8,non_tail,2,0.00010127294808626175,0.0
w0.5,70,13,11,non_tail,1,-1.4474615454673767e-05,0.0
w0.5,70,13,25,non_tail,2,0.0006384607404470444,0.0
w0.5,70,13,26,non_tail,3,-0.00567607705791795,0.0
w0.5,70,13,28,non_tail,1,0.0246427059173584,0.0
w0.5,70,13,40,non_tail,1,0.00012689828872680664,0.0
w0.5,70,13,58,non_tail,1,0.003399096429347992,0.0
w0.5,70,13,68,non_tail,1,0.001117125153541565,0.0
w0.5,70,13,87,tail,1,0.0014143362641334534,0.0
w0.5,70,14,1,non_tail,1,0.0007573887705802917,0.0
w0.5,70,14,4,non_tail,1,0.00618743896484375,0.0
w0.5,70,14,11,non_tail,1,0.0001928163692355156,0.0
w0.5,70,14,14,non_tail,2,0.007777602411806583,0.0
w0.5,70,14,17,non_tail,1,0.01721799373626709,0.0
w0.5,70,14,21,non_tail,2,-4.285294562578201e-05,0.0
w0.5,70,14,28,non_tail,2,0.0043489933013916016,0.0
w0.5,70,14,32,non_tail,1,-4.437786992639303e-05,0.0
w0.5,70,14,43,non_tail,1,0.004622429609298706,0.0
w0.5,70,14,46,non_tail,1,-0.012582838535308838,0.0
w0.5,70,14,55,non_tail,1,0.004557132720947266,0.0
w0.5,70,14,56,non_tail,1,0.004640400409698486,0.0
w0.5,70,14,75,non_tail,1,0.004878520965576172,0.0
w0.5,70,14,85,tail,1,-0.01369786262512207,0.0
w0.5,70,14,96,tail,1,0.03736770153045654,0.0
w0.5,70,15,0,non_tail,5,0.00423237681388855,0.0
w0.5,70,15,2,non_tail,1,-0.00024918653070926666,0.0
w0.5,70,15,3,non_tail,3,2.0357469717659227e-05,0.0
w0.5,70,15,9,non_tail,1,0.0014733076095581055,0.0
w0.5,70,15,13,non_tail,1,0.01685088872909546,0.0
w0.5,70,15,16,non_tail,1,-0.012294292449951172,0.0
w0.5,70,15,19,non_tail,1,3.4955330193042755e-05,0.0
w0.5,70,15,53,non_tail,1,-9.427033364772797e-05,0.0
w0.5,70,15,57,non_tail,1,0.0005176663398742676,0.0
w0.5,70,15,66,non_tail,1,0.0076029300689697266,-100.0
w0.5,70,15,84,tail,1,0.015418052673339844,0.0
w0.5,70,15,88,tail,1,0.00294572114944458,0.0
w0.5,70,16,0,non_tail,1,0.0004399586468935013,0.0
w0.5,70,16,1,non_tail,1,0.0003732619807124138,0.0
w0.5,70,16,2,non_tail,1,-0.0006674826145172119,0.0
w0.5,70,16,4,non_tail,2,0.0032276399433612823,0.0
w0.5,70,16,10,non_tail,3,0.006134033203125,0.0
w0.5,70,16,11,non_tail,2,0.0015962347388267517,0.0
w0.5,70,16,29,non_tail,1,3.668467979878187e-05,0.0
w0.5,70,16,30,non_tail,1,0.03555917739868164,0.0
w0.5,70,16,36,non_tail,1,0.003635495901107788,0.0
w0.5,70,16,41,non_tail,1,-0.0004220008850097656,0.0
w0.5,70,16,59,non_tail,1,-0.0066242218017578125,0.0
w0.5,70,16,74,non_tail,1,-0.014864861965179443,0.0
w0.5,70,16,93,tail,1,0.08801627159118652,0.0
w0.5,70,17,1,non_tail,1,0.0001152439508587122,0.0
w0.5,70,17,3,non_tail,1,-0.04073953628540039,0.0
w0.5,70,17,4,non_tail,2,0.014914542436599731,0.0
w0.5,70,17,5,non_tail,1,0.03166818618774414,0.0
w0.5,70,17,6,non_tail,1,2.500368282198906e-06,0.0
w0.5,70,17,13,non_tail,2,0.005824238061904907,0.0
w0.5,70,17,18,non_tail,2,-0.010105490684509277,0.0
w0.5,70,17,23,non_tail,1,-0.0005747172981500626,0.0
w0.5,70,17,26,non_tail,1,-0.008490324020385742,0.0
w0.5,70,17,30,non_tail,1,0.0006935372948646545,0.0
w0.5,70,17,31,non_tail,1,0.009876489639282227,0.0
w0.5,70,17,33,non_tail,1,0.017388343811035156,0.0
w0.5,70,17,40,non_tail,1,-0.00048775412142276764,0.0
w0.5,70,17,80,tail,1,0.01791095733642578,0.0
w0.5,70,20,0,non_tail,1,0.0003334619104862213,0.0
w0.5,70,20,1,non_tail,1,0.001798182725906372,0.0
w0.5,70,20,3,non_tail,3,-0.011363138755162566,0.0
w0.5,70,20,5,non_tail,1,0.00040135951712727547,0.0
w0.5,70,20,9,non_tail,1,0.0350489616394043,0.0
w0.5,70,20,11,non_tail,2,0.0011332035064697266,0.0
w0.5,70,20,15,non_tail,1,0.0031738579273223877,0.0
w0.5,70,20,16,non_tail,2,-0.005700096487998962,0.0
w0.5,70,20,21,non_tail,1,0.00080852210521698,0.0
w0.5,70,20,32,non_tail,1,-0.024220526218414307,0.0
w0.5,70,20,33,non_tail,1,0.0009516999125480652,0.0
w0.5,70,20,34,non_tail,1,0.008808523416519165,0.0
w0.5,70,20,81,tail,1,0.009844481945037842,0.0
w0.5,70,20,82,tail,1,-0.017405033111572266,0.0
w0.5,70,20,87,tail,1,0.0013641566038131714,0.0
w0.5,70,21,0,non_tail,1,0.0005917772650718689,0.0
w0.5,70,21,7,non_tail,1,0.0014141649007797241,0.0
w0.5,70,21,10,non_tail,1,-0.00010156631469726562,0.0
w0.5,70,21,14,non_tail,4,-0.006246865261346102,0.0
w0.5,70,21,17,non_tail,3,0.0007400636871655805,0.0
w0.5,70,21,19,non_tail,1,-0.0005933046340942383,0.0
w0.5,70,21,23,non_tail,2,-0.005380965769290924,0.0
w0.5,70,21,26,non_tail,1,-0.004894241690635681,0.0
w0.5,70,21,29,non_tail,1,-0.003336191177368164,0.0
w0.5,70,21,33,non_tail,1,0.009488105773925781,0.0
w0.5,70,21,82,tail,1,-4.1484832763671875e-05,0.0
w0.5,70,24,2,non_tail,1,-0.004646480083465576,0.0
w0.5,70,24,6,non_tail,3,0.001797681053479494,0.0
w0.5,70,24,7,non_tail,2,0.003530077636241913,0.0
w0.5,70,24,14,non_tail,2,0.005298491567373276,0.0
w0.5,70,24,15,non_tail,1,0.0003304583951830864,0.0
w0.5,70,24,17,non_tail,1,9.870552457869053e-05,0.0
w0.5,70,24,18,non_tail,1,0.001271270215511322,0.0
w0.5,70,24,23,non_tail,1,-0.004468373954296112,0.0
w0.5,70,24,25,non_tail,1,0.005652189254760742,0.0
w0.5,70,24,30,non_tail,1,0.025281786918640137,0.0
w0.5,70,24,42,non_tail,1,7.018912583589554e-06,0.0
w0.5,70,24,43,non_tail,1,0.06612575054168701,0.0
w0.5,70,24,98,tail,1,-0.00036835670471191406,0.0
w0.5,70,25,3,non_tail,1,-0.00013420172035694122,0.0
w0.5,70,25,5,non_tail,2,0.001565355807542801,0.0
w0.5,70,25,6,non_tail,1,3.140070475637913e-05,0.0
w0.5,70,25,14,non_tail,1,0.0003701290115714073,0.0
w0.5,70,25,15,non_tail,5,0.00047730207443236194,0.0
w0.5,70,25,16,non_tail,1,2.1524261683225632e-05,0.0
w0.5,70,25,21,non_tail,3,0.0032494220261772566,0.0
w0.5,70,25,41,non_tail,1,0.02617931365966797,0.0
w0.5,70,25,45,non_tail,1,-0.0494842529296875,0.0
w0.5,70,25,80,tail,1,0.03458184003829956,0.0
w0.5,70,25,89,tail,1,0.023084640502929688,0.0
w0.5,70,25,99,tail,1,0.002107858657836914,0.0
w0.5,70,26,0,non_tail,6,0.0007572507796188149,0.0
w0.5,70,26,1,non_tail,1,0.0020288825035095215,0.0
w0.5,70,26,8,non_tail,1,4.016561433672905e-05,0.0
w0.5,70,26,13,non_tail,2,8.887588046491146e-05,0.0
w0.5,70,26,15,non_tail,1,0.023482322692871094,0.0
w0.5,70,26,16,non_tail,1,1.0346993803977966e-05,0.0
w0.5,70,26,20,non_tail,1,8.217757567763329e-06,0.0
w0.5,70,26,29,non_tail,1,0.02047443389892578,0.0
w0.5,70,26,37,non_tail,1,-0.0016292333602905273,0.0
w0.5,70,26,58,non_tail,1,4.138238728046417e-05,0.0
w0.5,70,26,80,tail,1,0.0007531419396400452,0.0
w0.5,70,26,88,tail,1,0.05943632125854492,0.0
w0.5,70,26,91,tail,1,0.011010408401489258,0.0
w0.5,70,27,0,non_tail,1,3.833393566310406e-05,0.0
w0.5,70,27,2,non_tail,1,-0.011047720909118652,0.0
w0.5,70,27,6,non_tail,1,-0.0004406943917274475,0.0
w0.5,70,27,7,non_tail,1,-0.023521900177001953,0.0
w0.5,70,27,81,tail,5,0.005442237854003995,0.0
w0.5,70,27,82,tail,4,0.007905000820755959,0.0
w0.5,70,27,83,tail,6,0.011471907297770256,0.0
w0.5,70,27,84,tail,1,0.017182588577270508,0.0
w0.5,70,27,86,tail,6,0.021135012308756362,0.0
w0.5,70,27,87,tail,2,0.0006221532821655273,0.0
w0.5,70,27,88,tail,5,0.03171672821044924,0.0
w0.5,70,27,93,tail,4,-0.005232691764831543,0.0
w0.5,70,27,94,tail,5,0.02806568145751953,0.0
w0.5,70,27,95,tail,1,0.0015940666198730469,0.0
w0.5,70,27,98,tail,3,-0.00021958351135253906,0.0
w0.5,70,28,3,non_tail,1,-0.001400291919708252,0.0
w0.5,70,28,5,non_tail,1,0.0003841347061097622,0.0
w0.5,70,28,82,tail,4,0.011115610599517822,0.0
w0.5,70,28,83,tail,2,-0.002227306365966797,0.0
w0.5,70,28,84,tail,6,-0.008337020874023438,0.0
w0.5,70,28,85,tail,2,0.020056724548339844,0.0
w0.5,70,28,86,tail,1,0.0001743324100971222,0.0
w0.5,70,28,87,tail,1,-0.005883693695068359,0.0
w0.5,70,28,89,tail,4,0.0471651554107666,0.0
w0.5,70,28,90,tail,1,0.0015141554176807404,0.0
w0.5,70,28,91,tail,3,0.034774462381998994,0.0
w0.5,70,28,92,tail,3,0.01261933644612645,0.0
w0.5,70,28,93,tail,1,0.022584915161132812,0.0
w0.5,70,28,96,tail,3,0.012602488199869644,0.0
w0.5,70,28,97,tail,1,0.020154953002929688,0.0
w0.5,70,28,98,tail,1,-0.005056142807006836,0.0
w0.5,70,28,99,tail,4,-0.03465723991394043,0.0
w0.5,70,29,1,non_tail,1,0.002437293529510498,0.0
w0.5,70,29,4,non_tail,1,0.01710677146911621,0.0
w0.5,70,29,8,non_tail,1,0.05605196952819824,0.0
w0.5,70,29,9,non_tail,1,0.0006595924496650696,0.0
w0.5,70,29,10,non_tail,1,0.0028343498706817627,0.0
w0.5,70,29,80,tail,8,0.016516685485839844,0.0
w0.5,70,29,81,tail,4,0.01742720603942871,0.0
w0.5,70,29,84,tail,1,0.04173469543457031,0.0
w0.5,70,29,85,tail,5,0.0005939066410064753,0.0
w0.5,70,29,87,tail,3,-0.0016053517659502248,0.0
w0.5,70,29,88,tail,1,0.04233360290527344,0.0
w0.5,70,29,89,tail,1,0.05993807315826416,0.0
w0.5,70,29,90,tail,4,0.009593755006790161,0.0
w0.5,70,29,91,tail,2,0.006454944610595703,0.0
w0.5,70,29,92,tail,2,0.0269010066986084,0.0
w0.5,70,29,95,tail,4,-0.0041103363037109375,0.0
w0.5,70,29,96,tail,1,0.0008526444435119629,0.0
w0.5,70,29,97,tail,3,0.0010992685953779002,0.0
w0.5,80,0,0,non_tail,1,-1.901993528008461e-06,0.0
w0.5,80,0,2,non_tail,5,0.0012039050459861644,0.0
w0.5,80,0,4,non_tail,1,-0.014907777309417725,0.0
w0.5,80,0,5,non_tail,1,0.0008234977722167969,0.0
w0.5,80,0,8,non_tail,1,1.0726798791438341e-06,0.0
w0.5,80,0,15,non_tail,1,1.7154787201434374e-05,0.0
w0.5,80,0,37,non_tail,1,-1.2320466339588165e-05,0.0
w0.5,80,0,55,non_tail,1,-0.005558907985687256,0.0
w0.5,80,0,60,non_tail,1,0.006107211112976074,0.0
w0.5,80,0,66,non_tail,1,0.00036395061761140823,0.0
w0.5,80,0,69,non_tail,1,0.041488051414489746,0.0
w0.5,80,0,74,non_tail,1,0.030561447143554688,0.0
w0.5,80,0,81,tail,1,0.004115581512451172,0.0
w0.5,80,0,83,tail,1,0.013682007789611816,0.0
w0.5,80,1,0,non_tail,3,-2.972597333912759e-06,0.0
w0.5,80,1,1,non_tail,1,0.0005697626620531082,0.0
w0.5,80,1,7,non_tail,6,0.00293731689453125,0.0
w0.5,80,1,24,non_tail,1,0.008807659149169922,0.0
w0.5,80,1,28,non_tail,1,6.195669993758202e-05,0.0
w0.5,80,1,30,non_tail,1,0.0023697763681411743,0.0
w0.5,80,1,46,non_tail,1,0.005460858345031738,0.0
w0.5,80,1,53,non_tail,2,0.006639115512371063,0.0
w0.5,80,1,86,tail,1,0.02411961555480957,0.0
w0.5,80,2,0,non_tail,1,-1.9061262719333172e-06,0.0
w0.5,80,2,3,non_tail,2,-0.015400409698486328,0.0
w0.5,80,2,5,non_tail,4,-9.270748705603182e-05,0.0
w0.5,80,2,6,non_tail,2,0.00018727686256170273,0.0
w0.5,80,2,10,non_tail,2,0.0022904276847839355,0.0
w0.5,80,2,16,non_tail,1,-0.006035804748535156,0.0
w0.5,80,2,22,non_tail,2,-0.0015978813171386719,0.0
w0.5,80,2,42,non_tail,1,-0.026412010192871094,0.0
w0.5,80,2,77,non_tail,1,-0.003955364227294922,0.0
w0.5,80,2,82,tail,1,0.0007389727979898453,0.0
w0.5,80,2,91,tail,1,-0.0019242465496063232,0.0
w0.5,80,2,95,tail,1,0.016181468963623047,0.0
w0.5,80,3,2,non_tail,1,-0.002159595489501953,0.0
w0.5,80,3,3,non_tail,1,-0.0011060312390327454,0.0
w0.5,80,3,6,non_tail,4,8.022738620638847e-05,0.0
w0.5,80,3,12,non_tail,3,-0.007666856050491333,0.0
w0.5,80,3,14,non_tail,1,5.1583629101514816e-05,0.0
w0.5,80,3,20,non_tail,1,-8.342030923813581e-07,0.0
w0.5,80,3,31,non_tail,1,0.00014634616672992706,0.0
w0.5,80,3,36,non_tail,1,0.0011886358261108398,0.0
w0.5,80,3,45,non_tail,1,0.007947593927383423,0.0
w0.5,80,3,77,non_tail,1,0.0038442611694335938,0.0
w0.5,80,3,79,non_tail,1,-0.00027370452880859375,0.0
w0.5,80,3,90,tail,1,0.000583648681640625,0.0
w0.5,80,3,94,tail,1,-1.9013648852705956e-05,0.0
w0.5,80,4,1,non_tail,2,0.00028038397431373596,0.0
w0.5,80,4,2,non_tail,1,-0.003997921943664551,0.0
w0.5,80,4,3,non_tail,1,-0.05337405204772949,0.0
w0.5,80,4,4,non_tail,2,-0.006144419312477112,0.0
w0.5,80,4,5,non_tail,1,2.8438866138458252e-05,0.0
w0.5,80,4,9,non_tail,1,0.0007918979972600937,0.0
w0.5,80,4,11,non_tail,2,-0.0005444735288619995,0.0
w0.5,80,4,17,non_tail,1,0.00031135696917772293,0.0
w0.5,80,4,20,non_tail,2,2.9177172109484673e-06,0.0
w0.5,80,4,24,non_tail,1,0.0014271438121795654,0.0
w0.5,80,4,46,non_tail,1,0.002327859401702881,0.0
w0.5,80,4,65,non_tail,1,0.02350473403930664,0.0
w0.5,80,4,92,tail,1,0.010120391845703125,0.0
w0.5,80,4,97,tail,1,0.021351337432861328,0.0
w0.5,80,6,1,non_tail,1,0.00016302615404129028,0.0
w0.5,80,6,2,non_tail,2,-0.00040146708488464355,0.0
w0.5,80,6,7,non_tail,3,-0.005586338539918301,0.0
w0.5,80,6,12,non_tail,3,-0.0008343796556194646,0.0
w0.5,80,6,18,non_tail,1,0.0011941418051719666,0.0
w0.5,80,6,23,non_tail,2,0.001786325592547655,50.0
w0.5,80,6,32,non_tail,1,-0.023234128952026367,0.0
w0.5,80,6,38,non_tail,1,-0.0004087686538696289,0.0
w0.5,80,6,54,non_tail,1,0.004098564386367798,0.0
w0.5,80,6,70,non_tail,1,0.00017869099974632263,0.0
w0.5,80,6,84,tail,1,0.007481098175048828,0.0
w0.5,80,8,4,non_tail,1,-0.0030306577682495117,0.0
w0.5,80,8,5,non_tail,1,3.728026058524847e-05,0.0
w0.5,80,8,6,non_tail,2,0.00017457152716815472,0.0
w0.5,80,8,7,non_tail,1,-1.8536346033215523e-05,0.0
w0.5,80,8,15,non_tail,1,0.0006045326590538025,0.0
w0.5,80,8,17,non_tail,1,0.0013332217931747437,0.0
w0.5,80,8,21,non_tail,1,7.381895557045937e-06,0.0
w0.5,80,8,26,non_tail,3,-0.01968129475911473,0.0
w0.5,80,8,38,non_tail,1,2.02603405341506e-06,0.0
w0.5,80,8,46,non_tail,1,0.00024509429931640625,0.0
w0.5,80,8,57,non_tail,1,0.004062294960021973,0.0
w0.5,80,8,58,non_tail,1,-0.004642009735107422,0.0
w0.5,80,8,62,non_tail,1,0.014122962951660156,0.0
w0.5,80,8,83,tail,1,0.0326918363571167,0.0
w0.5,80,9,1,non_tail,1,6.210058927536011e-06,0.0
w0.5,80,9,2,non_tail,1,0.00027699023485183716,0.0
w0.5,80,9,4,non_tail,2,0.0009042620658874512,0.0
w0.5,80,9,6,non_tail,1,7.617124356329441e-05,0.0
w0.5,80,9,7,non_tail,1,-0.0017204061150550842,0.0
w0.5,80,9,13,non_tail,1,8.219946175813675e-05,0.0
w0.5,80,9,14,non_tail,4,0.0007654596120119095,0.0
w0.5,80,9,17,non_tail,1,1.843390055000782e-05,0.0
w0.5,80,9,35,non_tail,1,-0.0004419498145580292,0.0
w0.5,80,9,52,non_tail,1,0.007522702217102051,0.0
w0.5,80,9,67,non_tail,1,0.0023061633110046387,0.0
w0.5,80,9,79,non_tail,1,-0.019895315170288086,0.0
w0.5,80,9,86,tail,1,0.010733485221862793,0.0
w0.5,80,9,89,tail,1,0.020739078521728516,0.0
w0.5,80,12,0,non_tail,1,5.95915480516851e-07,0.0
w0.5,80,12,1,non_tail,2,-0.004251398146152496,0.0
w0.5,80,12,3,non_tail,1,0.0001694224774837494,0.0
w0.5,80,12,10,non_tail,1,8.334172889590263e-07,0.0
w0.5,80,12,12,non_tail,1,-0.000336548313498497,0.0
w0.5,80,12,13,non_tail,2,0.0016232416965067387,0.0
w0.5,80,12,17,non_tail,1,7.466785609722137e-05,0.0
w0.5,80,12,26,non_tail,1,-0.0009437613189220428,0.0
w0.5,80,12,27,non_tail,2,0.009287551045417786,0.0
w0.5,80,12,28,non_tail,1,0.0002472866326570511,0.0
w0.5,80,12,38,non_tail,1,0.003023892641067505,0.0
w0.5,80,12,41,non_tail,1,0.00031411461532115936,0.0
w0.5,80,12,59,non_tail,1,-0.005913972854614258,0.0
w0.5,80,12,85,tail,1,0.021471619606018066,0.0
w0.5,80,12,90,tail,1,0.010215282440185547,0.0
w0.5,80,13,4,non_tail,3,-0.002763991554578127,0.0
w0.5,80,13,6,non_tail,1,8.877366781234741e-05,0.0
w0.5,80,13,8,non_tail,2,4.6514905989170074e-05,0.0
w0.5,80,13,11,non_tail,1,-3.546290099620819e-05,0.0
w0.5,80,13,25,non_tail,2,0.00013440195471048355,0.0
w0.5,80,13,26,non_tail,3,-0.00911843528350198,0.0
w0.5,80,13,28,non_tail,1,-0.0005857944488525391,0.0
w0.5,80,13,40,non_tail,1,0.0005749315023422241,0.0
w0.5,80,13,58,non_tail,1,0.0008382052183151245,0.0
w0.5,80,13,68,non_tail,1,-1.870095729827881e-05,0.0
w0.5,80,13,87,tail,1,0.0009259916841983795,0.0
w0.5,80,14,1,non_tail,1,0.00021326076239347458,0.0
w0.5,80,14,4,non_tail,1,0.003320246934890747,0.0
w0.5,80,14,11,non_tail,1,-0.0001116972416639328,0.0
w0.5,80,14,14,non_tail,2,0.003381888847798109,0.0
w0.5,80,14,17,non_tail,1,0.01635432243347168,0.0
w0.5,80,14,21,non_tail,2,-7.175840437412262e-07,0.0
w0.5,80,14,28,non_tail,2,0.0019193291664123535,0.0
w0.5,80,14,32,non_tail,1,7.138587534427643e-07,0.0
w0.5,80,14,43,non_tail,1,0.004618525505065918,0.0
w0.5,80,14,46,non_tail,1,-0.0001671314239501953,0.0
w0.5,80,14,55,non_tail,1,-0.0004723072052001953,0.0
w0.5,80,14,56,non_tail,1,0.009102940559387207,0.0
w0.5,80,14,75,non_tail,1,0.02698826789855957,0.0
w0.5,80,14,85,tail,1,0.014185667037963867,0.0
w0.5,80,14,96,tail,1,0.015877723693847656,0.0
w0.5,80,15,0,non_tail,5,0.0026725359261035864,0.0
w0.5,80,15,2,non_tail,1,0.00044724345207214355,0.0
w0.5,80,15,3,non_tail,3,5.7787944873172875e-05,0.0
w0.5,80,15,9,non_tail,1,0.0007988139986991882,0.0
w0.5,80,15,13,non_tail,1,0.006738603115081787,0.0
w0.5,80,15,16,non_tail,1,-0.006150722503662109,0.0
w0.5,80,15,19,non_tail,1,5.136430263519287e-05,0.0
w0.5,80,15,53,non_tail,1,0.00046975724399089813,0.0
w0.5,80,15,57,non_tail,1,0.004403054714202881,0.0
w0.5,80,15,66,non_tail,1,-0.002902984619140625,-100.0
w0.5,80,15,84,tail,1,0.002666473388671875,0.0
w0.5,80,15,88,tail,1,0.0007195472717285156,0.0
w0.5,80,16,0,non_tail,1,4.634261131286621e-05,0.0
w0.5,80,16,1,non_tail,1,5.744257941842079e-05,0.0
w0.5,80,16,2,non_tail,1,0.0006475597620010376,0.0
w0.5,80,16,4,non_tail,2,0.0012974701821804047,0.0
w0.5,80,16,10,non_tail,3,0.002403100331624386,0.0
w0.5,80,16,11,non_tail,2,0.0004506576806306839,0.0
w0.5,80,16,29,non_tail,1,1.2268137652426958e-05,0.0
w0.5,80,16,30,non_tail,1,0.014004707336425781,0.0
w0.5,80,16,36,non_tail,1,0.0024759620428085327,0.0
w0.5,80,16,41,non_tail,1,0.0002625472843647003,0.0
w0.5,80,16,59,non_tail,1,0.01574420928955078,0.0
w0.5,80,16,74,non_tail,1,0.008524000644683838,0.0
w0.5,80,16,93,tail,1,0.08525490760803223,0.0
w0.5,80,17,1,non_tail,1,1.3071112334728241e-05,0.0
w0.5,80,17,3,non_tail,1,0.0010995864868164062,0.0
w0.5,80,17,4,non_tail,2,-0.012157976627349854,0.0
w0.5,80,17,5,non_tail,1,-0.004154562950134277,0.0
w0.5,80,17,6,non_tail,1,2.2028223611414433e-05,0.0
w0.5,80,17,13,non_tail,2,-0.0007380247116088867,0.0
w0.5,80,17,18,non_tail,2,-0.007994651794433594,0.0
w0.5,80,17,23,non_tail,1,0.00012783706188201904,0.0
w0.5,80,17,26,non_tail,1,-0.011883735656738281,0.0
w0.5,80,17,30,non_tail,1,0.00039849430322647095,0.0
w0.5,80,17,31,non_tail,1,0.030973315238952637,0.0
w0.5,80,17,33,non_tail,1,-0.001163482666015625,0.0
w0.5,80,17,40,non_tail,1,-4.539266228675842e-05,0.0
w0.5,80,17,80,tail,1,0.014328479766845703,0.0
w0.5,80,20,0,non_tail,1,-1.1781230568885803e-06,0.0
w0.5,80,20,1,non_tail,1,6.266962736845016e-05,0.0
w0.5,80,20,3,non_tail,3,-0.009179373582204192,0.0
w0.5,80,20,5,non_tail,1,0.0001186588779091835,0.0
w0.5,80,20,9,non_tail,1,0.02350616455078125,0.0
w0.5,80,20,11,non_tail,2,-0.0016194581985473633,0.0
w0.5,80,20,15,non_tail,1,0.004476606845855713,0.0
w0.5,80,20,16,non_tail,2,-0.00587124191224575,0.0
w0.5,80,20,21,non_tail,1,-0.00035606324672698975,0.0
w0.5,80,20,32,non_tail,1,-0.013839781284332275,0.0
w0.5,80,20,33,non_tail,1,0.0010025426745414734,0.0
w0.5,80,20,34,non_tail,1,0.004798918962478638,0.0
w0.5,80,20,81,tail,1,0.004580050706863403,0.0
w0.5,80,20,82,tail,1,0.0479273796081543,0.0
w0.5,80,20,87,tail,1,0.0007033348083496094,0.0
w0.5,80,21,0,non_tail,1,8.80751758813858e-05,0.0
w0.5,80,21,7,non_tail,1,-0.0011253952980041504,0.0
w0.5,80,21,10,non_tail,1,0.0009053200483322144,0.0
w0.5,80,21,14,non_tail,4,0.01308506540954113,0.0
w0.5,80,21,17,non_tail,3,0.0003090637425581626,0.0
w0.5,80,21,19,non_tail,1,-0.02601754665374756,0.0
w0.5,80,21,23,non_tail,2,1.2166798114776611e-05,0.0
w0.5,80,21,26,non_tail,1,-0.0021361038088798523,0.0
w0.5,80,21,29,non_tail,1,-0.010897994041442871,0.0
w0.5,80,21,33,non_tail,1,0.00856161117553711,0.0
w0.5,80,21,82,tail,1,0.02126789093017578,0.0
w0.5,80,24,2,non_tail,1,0.003810018301010132,0.0
w0.5,80,24,6,non_tail,3,0.001540161669254303,0.0
w0.5,80,24,7,non_tail,2,0.0014237388968467712,0.0
w0.5,80,24,14,non_tail,2,-0.002070695161819458,0.0
w0.5,80,24,15,non_tail,1,0.00028055161237716675,0.0
w0.5,80,24,17,non_tail,1,3.56829259544611e-05,0.0
w0.5,80,24,18,non_tail,1,-0.0028225407004356384,0.0
w0.5,80,24,23,non_tail,1,0.001068606972694397,0.0
w0.5,80,24,25,non_tail,1,0.0008109807968139648,0.0
w0.5,80,24,30,non_tail,1,0.0033202171325683594,0.0
w0.5,80,24,42,non_tail,1,3.8439175114035606e-05,0.0
w0.5,80,24,43,non_tail,1,0.060994744300842285,0.0
w0.5,80,24,98,tail,1,-0.0007090568542480469,0.0
w0.5,80,25,3,non_tail,1,-9.470153599977493e-05,0.0
w0.5,80,25,5,non_tail,2,0.0005929293110966682,0.0
w0.5,80,25,6,non_tail,1,2.474384382367134e-05,0.0
w0.5,80,25,14,non_tail,1,0.00018174480646848679,0.0
w0.5,80,25,15,non_tail,5,0.001718344539403921,0.0
w0.5,80,25,16,non_tail,1,2.354942262172699e-05,0.0
w0.5,80,25,21,non_tail,3,0.00270867192496857,0.0
w0.5,80,25,41,non_tail,1,0.0251922607421875,0.0
w0.5,80,25,45,non_tail,1,-0.007210731506347656,0.0
w0.5,80,25,80,tail,1,0.03394925594329834,0.0
w0.5,80,25,89,tail,1,0.026702880859375,0.0
w0.5,80,25,99,tail,1,0.0031519830226898193,0.0
w0.5,80,26,0,non_tail,6,0.000570461076373853,0.0
w0.5,80,26,1,non_tail,1,-6.023421883583069e-05,0.0
w0.5,80,26,8,non_tail,1,2.258317545056343e-05,0.0
w0.5,80,26,13,non_tail,2,2.3052445612847805e-05,0.0
w0.5,80,26,15,non_tail,1,0.035950660705566406,0.0
w0.5,80,26,16,non_tail,1,1.2370524927973747e-05,0.0
w0.5,80,26,20,non_tail,1,3.573368303477764e-07,0.0
w0.5,80,26,29,non_tail,1,-0.010064959526062012,0.0
w0.5,80,26,37,non_tail,1,-0.003099203109741211,0.0
w0.5,80,26,58,non_tail,1,4.090438596904278e-05,0.0
w0.5,80,26,80,tail,1,0.0013666823506355286,0.0
w0.5,80,26,88,tail,1,0.0704946517944336,0.0
w0.5,80,26,91,tail,1,0.0181272029876709,0.0
w0.5,80,27,0,non_tail,1,-1.2619304470717907e-05,0.0
w0.5,80,27,2,non_tail,1,0.006312906742095947,0.0
w0.5,80,27,6,non_tail,1,0.00047329068183898926,0.0
w0.5,80,27,7,non_tail,1,-0.019073963165283203,0.0
w0.5,80,27,81,tail,5,0.00820789337158212,0.0
w0.5,80,27,82,tail,4,0.011931998655200005,0.0
w0.5,80,27,83,tail,6,0.010839144388834487,0.0
w0.5,80,27,84,tail,1,0.0026931166648864746,0.0
w0.5,80,27,86,tail,6,0.017772515614827178,0.0
w0.5,80,27,87,tail,2,0.00037624873220920563,0.0
w0.5,80,27,88,tail,5,0.0206867218017579,0.0
w0.5,80,27,93,tail,4,0.011508941650390625,0.0
w0.5,80,27,94,tail,5,-0.0009540557861327237,0.0
w0.5,80,27,95,tail,1,-0.009303092956542969,0.0
w0.5,80,27,98,tail,3,0.010781049728393555,0.0
w0.5,80,28,3,non_tail,1,-0.00032696500420570374,0.0
w0.5,80,28,5,non_tail,1,8.459435775876045e-05,0.0
w0.5,80,28,82,tail,4,0.019081413745880127,0.0
w0.5,80,28,83,tail,2,0.014951229095458984,0.0
w0.5,80,28,84,tail,6,0.006722609202067353,0.0
w0.5,80,28,85,tail,2,0.0033359527587890625,0.0
w0.5,80,28,86,tail,1,0.00011982489377260208,0.0
w0.5,80,28,87,tail,1,-0.0028710365295410156,0.0
w0.5,80,28,89,tail,4,0.017707347869873047,0.0
w0.5,80,28,90,tail,1,0.00033156201243400574,0.0
w0.5,80,28,91,tail,3,0.011830012003581025,0.0
w0.5,80,28,92,tail,3,0.0036304791768388966,0.0
w0.5,80,28,93,tail,1,0.05923891067504883,0.0
w0.5,80,28,96,tail,3,0.02538442611694336,0.0
w0.5,80,28,97,tail,1,0.01896381378173828,0.0
w0.5,80,28,98,tail,1,0.006578683853149414,0.0
w0.5,80,28,99,tail,4,0.0046656131744384766,0.0
w0.5,80,29,1,non_tail,1,-0.0003848448395729065,0.0
w0.5,80,29,4,non_tail,1,-0.00279998779296875,0.0
w0.5,80,29,8,non_tail,1,-0.002897024154663086,0.0
w0.5,80,29,9,non_tail,1,0.0001796223223209381,0.0
w0.5,80,29,10,non_tail,1,0.00014668703079223633,0.0
w0.5,80,29,80,tail,8,0.02040886878967285,0.0
w0.5,80,29,81,tail,4,0.004155635833740234,0.0
w0.5,80,29,84,tail,1,-0.0024862289428710938,0.0
w0.5,80,29,85,tail,5,0.0007559150457382147,0.0
w0.5,80,29,87,tail,3,0.0051403045654296875,0.0
w0.5,80,29,88,tail,1,0.01735687255859375,0.0
w0.5,80,29,89,tail,1,0.0014477968215942383,0.0
w0.5,80,29,90,tail,4,0.0027047116309404373,0.0
w0.5,80,29,91,tail,2,0.006932497024536133,0.0
w0.5,80,29,92,tail,2,0.015734434127807617,0.0
w0.5,80,29,95,tail,4,0.014530837535858154,0.0
w0.5,80,29,96,tail,1,0.0022849813103675842,0.0
w0.5,80,29,97,tail,3,-0.014616966247558594,0.0
w0.5,90,0,0,non_tail,1,-4.803086631000042e-05,0.0
w0.5,90,0,2,non_tail,5,0.0003446996212005671,0.0
w0.5,90,0,4,non_tail,1,-0.021425306797027588,0.0
w0.5,90,0,5,non_tail,1,-0.003140196204185486,0.0
w0.5,90,0,8,non_tail,1,0.0,0.0
w0.5,90,0,15,non_tail,1,2.3945991415530443e-05,0.0
w0.5,90,0,37,non_tail,1,-9.452970698475838e-05,0.0
w0.5,90,0,55,non_tail,1,-0.004024386405944824,0.0
w0.5,90,0,60,non_tail,1,-0.003131568431854248,0.0
w0.5,90,0,66,non_tail,1,0.0005444642156362534,0.0
w0.5,90,0,69,non_tail,1,0.07272660732269287,0.0
w0.5,90,0,74,non_tail,1,0.03723573684692383,0.0
w0.5,90,0,81,tail,1,0.01969432830810547,0.0
w0.5,90,0,83,tail,1,0.009819447994232178,0.0
w0.5,90,1,0,non_tail,3,-2.2221977512041583e-05,0.0
w0.5,90,1,1,non_tail,1,0.0005588233470916748,0.0
w0.5,90,1,7,non_tail,6,0.006132026513417599,0.0
w0.5,90,1,24,non_tail,1,0.00767749547958374,0.0
w0.5,90,1,28,non_tail,1,4.450790584087372e-05,0.0
w0.5,90,1,30,non_tail,1,0.0043804943561553955,0.0
w0.5,90,1,46,non_tail,1,-0.00363004207611084,0.0
w0.5,90,1,53,non_tail,2,0.006895042955875397,0.0
w0.5,90,1,86,tail,1,0.01805424690246582,0.0
w0.5,90,2,0,non_tail,1,-1.0364630725234747e-05,0.0
w0.5,90,2,3,non_tail,2,-0.01259160041809082,0.0
w0.5,90,2,5,non_tail,4,-0.0021112320537213236,0.0
w0.5,90,2,6,non_tail,2,0.00026272330433130264,0.0
w0.5,90,2,10,non_tail,2,0.003655940294265747,0.0
w0.5,90,2,16,non_tail,1,-0.004225015640258789,0.0
w0.5,90,2,22,non_tail,2,-0.0051021575927734375,0.0
w0.5,90,2,42,non_tail,1,-0.03191781044006348,0.0
w0.5,90,2,77,non_tail,1,0.0008072853088378906,0.0
w0.5,90,2,82,tail,1,0.0006763003766536713,0.0
w0.5,90,2,91,tail,1,-0.005835473537445068,0.0
w0.5,90,2,95,tail,1,0.0018339157104492188,0.0
w0.5,90,3,2,non_tail,1,-0.0046956539154052734,0.0
w0.5,90,3,3,non_tail,1,-0.0009800903499126434,0.0
w0.5,90,3,6,non_tail,4,0.0016983719542622566,0.0
w0.5,90,3,12,non_tail,3,-0.01716000835100806,0.0
w0.5,90,3,14,non_tail,1,7.072696462273598e-05,0.0
w0.5,90,3,20,non_tail,1,3.6944111343473196e-06,0.0
w0.5,90,3,31,non_tail,1,0.00018978724256157875,0.0
w0.5,90,3,36,non_tail,1,0.002586357295513153,0.0
w0.5,90,3,45,non_tail,1,0.009954839944839478,0.0
w0.5,90,3,77,non_tail,1,0.022890567779541016,0.0
w0.5,90,3,79,non_tail,1,-0.009935379028320312,0.0
w0.5,90,3,90,tail,1,-0.0010121017694473267,0.0
w0.5,90,3,94,tail,1,-4.6476954594254494e-05,0.0
w0.5,90,4,1,non_tail,2,0.00015517184510827065,0.0
w0.5,90,4,2,non_tail,1,-0.0035329461097717285,0.0
w0.5,90,4,3,non_tail,1,-0.06729316711425781,0.0
w0.5,90,4,4,non_tail,2,-0.006870701909065247,0.0
w0.5,90,4,5,non_tail,1,-1.5588593669235706e-05,0.0
w0.5,90,4,9,non_tail,1,0.0009016012772917747,0.0
w0.5,90,4,11,non_tail,2,-0.0007075779139995575,0.0
w0.5,90,4,17,non_tail,1,0.00044912658631801605,0.0
w0.5,90,4,20,non_tail,2,8.695373253431171e-06,0.0
w0.5,90,4,24,non_tail,1,0.001041710376739502,0.0
w0.5,90,4,46,non_tail,1,-0.001822829246520996,0.0
w0.5,90,4,65,non_tail,1,0.03864288330078125,0.0
w0.5,90,4,92,tail,1,0.004881858825683594,0.0
w0.5,90,4,97,tail,1,0.026070117950439453,0.0
w0.5,90,6,1,non_tail,1,0.00019969046115875244,0.0
w0.5,90,6,2,non_tail,2,0.0002491474151611328,0.0
w0.5,90,6,7,non_tail,3,-0.003197041650613186,0.0
w0.5,90,6,12,non_tail,3,-0.0021642670035362244,0.0
w0.5,90,6,18,non_tail,1,0.0026798397302627563,0.0
w0.5,90,6,23,non_tail,2,0.004365658853203058,50.0
w0.5,90,6,32,non_tail,1,0.009900331497192383,0.0
w0.5,90,6,38,non_tail,1,-0.0032378435134887695,0.0
w0.5,90,6,54,non_tail,1,0.0029608309268951416,0.0
w0.5,90,6,70,non_tail,1,0.00020133145153522491,0.0
w0.5,90,6,84,tail,1,0.0036163330078125,0.0
w0.5,90,8,4,non_tail,1,-0.0021834522485733032,0.0
w0.5,90,8,5,non_tail,1,1.0600429959595203e-05,0.0
w0.5,90,8,6,non_tail,2,0.00022303545847535133,0.0
w0.5,90,8,7,non_tail,1,-5.941838026046753e-07,0.0
w0.5,90,8,15,non_tail,1,0.0011264840140938759,0.0
w0.5,90,8,17,non_tail,1,0.0007612481713294983,0.0
w0.5,90,8,21,non_tail,1,2.1670362912118435e-05,0.0
w0.5,90,8,26,non_tail,3,-0.02148977915445993,0.0
w0.5,90,8,38,non_tail,1,6.673973985016346e-06,0.0
w0.5,90,8,46,non_tail,1,-6.89774751663208e-05,0.0
w0.5,90,8,57,non_tail,1,0.005238071084022522,0.0
w0.5,90,8,58,non_tail,1,-0.006288766860961914,0.0
w0.5,90,8,62,non_tail,1,0.007001399993896484,0.0
w0.5,90,8,83,tail,1,0.042493343353271484,0.0
w0.5,90,9,1,non_tail,1,0.00030451640486717224,0.0
w0.5,90,9,2,non_tail,1,2.8599053621292114e-05,0.0
w0.5,90,9,4,non_tail,2,-0.0019246935844421387,0.0
w0.5,90,9,6,non_tail,1,9.256042540073395e-05,0.0
w0.5,90,9,7,non_tail,1,-0.0005123317241668701,0.0
w0.5,90,9,13,non_tail,1,8.531985804438591e-05,0.0
w0.5,90,9,14,non_tail,4,0.0030662999488413334,0.0
w0.5,90,9,17,non_tail,1,1.617823727428913e-05,0.0
w0.5,90,9,35,non_tail,1,-0.00010447949171066284,0.0
w0.5,90,9,52,non_tail,1,0.0117570161819458,0.0
w0.5,90,9,67,non_tail,1,-0.004557490348815918,0.0
w0.5,90,9,79,non_tail,1,-0.028823375701904297,0.0
w0.5,90,9,86,tail,1,0.013757079839706421,0.0
w0.5,90,9,89,tail,1,0.018839359283447266,0.0
w0.5,90,12,0,non_tail,1,-1.1918455129489303e-06,0.0
w0.5,90,12,1,non_tail,2,0.004644550383090973,0.0
w0.5,90,12,3,non_tail,1,0.00045819394290447235,0.0
w0.5,90,12,10,non_tail,1,-2.0239967852830887e-06,0.0
w0.5,90,12,12,non_tail,1,-0.0007049348205327988,0.0
w0.5,90,12,13,non_tail,2,0.0007062731310725212,0.0
w0.5,90,12,17,non_tail,1,7.385294884443283e-05,0.0
w0.5,90,12,26,non_tail,1,-0.0013114586472511292,0.0
w0.5,90,12,27,non_tail,2,-0.008054032921791077,0.0
w0.5,90,12,28,non_tail,1,0.00010695680975914001,0.0
w0.5,90,12,38,non_tail,1,0.0031196624040603638,0.0
w0.5,90,12,41,non_tail,1,0.00019150041043758392,0.0
w0.5,90,12,59,non_tail,1,-0.006894469261169434,0.0
w0.5,90,12,85,tail,1,0.01896566152572632,0.0
w0.5,90,12,90,tail,1,0.0050504207611083984,0.0
w0.5,90,13,4,non_tail,3,-0.0027085940043131695,0.0
w0.5,90,13,6,non_tail,1,0.00017710169777274132,0.0
w0.5,90,13,8,non_tail,2,5.652895197272301e-06,0.0
w0.5,90,13,11,non_tail,1,-0.0001611858606338501,0.0
w0.5,90,13,25,non_tail,2,0.00035613682121038437,0.0
w0.5,90,13,26,non_tail,3,-0.011410770316918617,0.0
w0.5,90,13,28,non_tail,1,0.0023326873779296875,0.0
w0.5,90,13,40,non_tail,1,0.0002698972821235657,0.0
w0.5,90,13,58,non_tail,1,-4.470348358154297e-07,0.0
w0.5,90,13,68,non_tail,1,-0.0005247741937637329,0.0
w0.5,90,13,87,tail,1,0.0006695389747619629,0.0
w0.5,90,14,1,non_tail,1,0.00025891512632369995,0.0
w0.5,90,14,4,non_tail,1,-0.0008800029754638672,0.0
w0.5,90,14,11,non_tail,1,-0.00021533481776714325,0.0
w0.5,90,14,14,non_tail,2,0.006386880297213793,0.0
w0.5,90,14,17,non_tail,1,0.008725643157958984,0.0
w0.5,90,14,21,non_tail,2,0.00011317688040435314,0.0
w0.5,90,14,28,non_tail,2,0.003371506929397583,0.0
w0.5,90,14,32,non_tail,1,1.9748928025364876e-05,0.0
w0.5,90,14,43,non_tail,1,0.008719310164451599,0.0
w0.5,90,14,46,non_tail,1,0.0028580427169799805,0.0
w0.5,90,14,55,non_tail,1,0.003741025924682617,0.0
w0.5,90,14,56,non_tail,1,0.010543137788772583,0.0
w0.5,90,14,75,non_tail,1,0.02092432975769043,0.0
w0.5,90,14,85,tail,1,0.042841434478759766,0.0
w0.5,90,14,96,tail,1,0.014026999473571777,0.0
w0.5,90,15,0,non_tail,5,0.0007578678429126795,0.0
w0.5,90,15,2,non_tail,1,0.00012032687664031982,0.0
w0.5,90,15,3,non_tail,3,-1.411760846773552e-05,0.0
w0.5,90,15,9,non_tail,1,0.0004922002553939819,0.0
w0.5,90,15,13,non_tail,1,0.0036772489547729492,0.0
w0.5,90,15,16,non_tail,1,0.027604103088378906,0.0
w0.5,90,15,19,non_tail,1,9.072711691260338e-05,0.0
w0.5,90,15,53,non_tail,1,0.00040636584162712097,0.0
w0.5,90,15,57,non_tail,1,0.009028911590576172,0.0
w0.5,90,15,66,non_tail,1,-0.0027124881744384766,-100.0
w0.5,90,15,84,tail,1,-0.012725830078125,0.0
w0.5,90,15,88,tail,1,0.0011496543884277344,0.0
w0.5,90,16,0,non_tail,1,-0.00032564811408519745,0.0
w0.5,90,16,1,non_tail,1,7.19074159860611e-05,0.0
w0.5,90,16,2,non_tail,1,0.0002818480134010315,0.0
w0.5,90,16,4,non_tail,2,0.002050701528787613,0.0
w0.5,90,16,10,non_tail,3,-0.007667938868204716,0.0
w0.5,90,16,11,non_tail,2,0.0007961355149745941,0.0
w0.5,90,16,29,non_tail,1,1.9057828467339277e-05,0.0
w0.5,90,16,30,non_tail,1,-0.002192974090576172,0.0
w0.5,90,16,36,non_tail,1,0.004271507263183594,0.0
w0.5,90,16,41,non_tail,1,0.001699291169643402,0.0
w0.5,90,16,59,non_tail,1,-0.0049686431884765625,0.0
w0.5,90,16,74,non_tail,1,0.01379615068435669,0.0
w0.5,90,16,93,tail,1,0.07429337501525879,0.0
w0.5,90,17,1,non_tail,1,1.9253697246313095e-05,0.0
w0.5,90,17,3,non_tail,1,0.005428314208984375,0.0
w0.5,90,17,4,non_tail,2,-0.017774969339370728,0.0
w0.5,90,17,5,non_tail,1,-0.03597390651702881,0.0
w0.5,90,17,6,non_tail,1,2.4292385205626488e-05,0.0
w0.5,90,17,13,non_tail,2,-0.0018393397331237793,0.0
w0.5,90,17,18,non_tail,2,0.0004890561103820801,0.0
w0.5,90,17,23,non_tail,1,-0.0001735873520374298,0.0
w0.5,90,17,26,non_tail,1,-0.010941147804260254,0.0
w0.5,90,17,30,non_tail,1,0.001981094479560852,0.0
w0.5,90,17,31,non_tail,1,0.04302573204040527,0.0
w0.5,90,17,33,non_tail,1,-0.021601200103759766,0.0
w0.5,90,17,40,non_tail,1,6.823800504207611e-06,0.0
w0.5,90,17,80,tail,1,0.015622615814208984,0.0
w0.5,90,20,0,non_tail,1,-0.00010182801634073257,0.0
w0.5,90,20,1,non_tail,1,6.539840251207352e-05,0.0
w0.5,90,20,3,non_tail,3,-0.011504143476486206,0.0
w0.5,90,20,5,non_tail,1,-0.0001313420943915844,0.0
w0.5,90,20,9,non_tail,1,0.0223236083984375,0.0
w0.5,90,20,11,non_tail,2,0.0008296370506286621,0.0
w0.5,90,20,15,non_tail,1,0.006056509912014008,0.0
w0.5,90,20,16,non_tail,2,-0.0034188274294137955,0.0
w0.5,90,20,21,non_tail,1,0.0047248899936676025,0.0
w0.5,90,20,32,non_tail,1,-0.005063652992248535,0.0
w0.5,90,20,33,non_tail,1,0.0010278858244419098,0.0
w0.5,90,20,34,non_tail,1,0.004518777132034302,0.0
w0.5,90,20,81,tail,1,0.009880989789962769,0.0
w0.5,90,20,82,tail,1,0.07527303695678711,0.0
w0.5,90,20,87,tail,1,0.0005944184958934784,0.0
w0.5,90,21,0,non_tail,1,-0.0002575591206550598,0.0
w0.5,90,21,7,non_tail,1,-0.000278279185295105,0.0
w0.5,90,21,10,non_tail,1,0.0035671889781951904,0.0
w0.5,90,21,14,non_tail,4,0.01813524914905429,0.0
w0.5,90,21,17,non_tail,3,0.00021062915523846829,0.0
w0.5,90,21,19,non_tail,1,-0.04786217212677002,0.0
w0.5,90,21,23,non_tail,2,7.379800081253052e-05,0.0
w0.5,90,21,26,non_tail,1,-0.0009701624512672424,0.0
w0.5,90,21,29,non_tail,1,-0.012270331382751465,0.0
w0.5,90,21,33,non_tail,1,0.018526554107666016,0.0
w0.5,90,21,82,tail,1,0.01905035972595215,0.0
w0.5,90,24,2,non_tail,1,0.0016682446002960205,0.0
w0.5,90,24,6,non_tail,3,0.0045934394001960754,0.0
w0.5,90,24,7,non_tail,2,0.0028148293495178223,0.0
w0.5,90,24,14,non_tail,2,0.004674229770898819,0.0
w0.5,90,24,15,non_tail,1,0.0005921861156821251,0.0
w0.5,90,24,17,non_tail,1,3.176205791532993e-05,0.0
w0.5,90,24,18,non_tail,1,-0.0011679381132125854,0.0
w0.5,90,24,23,non_tail,1,0.0012634843587875366,0.0
w0.5,90,24,25,non_tail,1,0.002987802028656006,0.0
w0.5,90,24,30,non_tail,1,0.009102106094360352,0.0
w0.5,90,24,42,non_tail,1,7.047166582196951e-05,0.0
w0.5,90,24,43,non_tail,1,0.09367895126342773,0.0
w0.5,90,24,98,tail,1,-0.002237558364868164,0.0
w0.5,90,25,3,non_tail,1,-0.00013361498713493347,0.0
w0.5,90,25,5,non_tail,2,-0.0006285384297370911,0.0
w0.5,90,25,6,non_tail,1,5.163729656487703e-05,0.0
w0.5,90,25,14,non_tail,1,0.000266319140791893,0.0
w0.5,90,25,15,non_tail,5,0.005715118348598502,0.0
w0.5,90,25,16,non_tail,1,2.545560710132122e-05,0.0
w0.5,90,25,21,non_tail,3,0.005302264976004764,0.0
w0.5,90,25,41,non_tail,1,0.019060850143432617,0.0
w0.5,90,25,45,non_tail,1,-0.008045196533203125,0.0
w0.5,90,25,80,tail,1,0.023950695991516113,0.0
w0.5,90,25,89,tail,1,0.034802794456481934,0.0
w0.5,90,25,99,tail,1,0.0017374753952026367,0.0
w0.5,90,26,0,non_tail,6,0.0001115091921140704,0.0
w0.5,90,26,1,non_tail,1,0.00027245283126831055,0.0
w0.5,90,26,8,non_tail,1,5.8247242122888565e-06,0.0
w0.5,90,26,13,non_tail,2,1.788698136806488e-05,0.0
w0.5,90,26,15,non_tail,1,0.05259907245635986,0.0
w0.5,90,26,16,non_tail,1,2.1770130842924118e-05,0.0
w0.5,90,26,20,non_tail,1,1.5127588994801044e-05,0.0
w0.5,90,26,29,non_tail,1,-0.010059356689453125,0.0
w0.5,90,26,37,non_tail,1,-0.008457183837890625,0.0
w0.5,90,26,58,non_tail,1,3.673904575407505e-05,0.0
w0.5,90,26,80,tail,1,0.0014254450798034668,0.0
w0.5,90,26,88,tail,1,0.09673404693603516,0.0
w0.5,90,26,91,tail,1,0.014812350273132324,0.0
w0.5,90,27,0,non_tail,1,-2.035719808191061e-05,0.0
w0.5,90,27,2,non_tail,1,0.0043792724609375,0.0
w0.5,90,27,6,non_tail,1,0.0026676729321479797,0.0
w0.5,90,27,7,non_tail,1,-0.02451944351196289,0.0
w0.5,90,27,81,tail,5,0.021102523803711026,0.0
w0.5,90,27,82,tail,4,0.0027438830584287643,0.0
w0.5,90,27,83,tail,6,0.010725657145182366,0.0
w0.5,90,27,84,tail,1,-0.0016373395919799805,0.0
w0.5,90,27,86,tail,6,0.017643769582112778,0.0
w0.5,90,27,87,tail,2,0.00022583641111850739,0.0
w0.5,90,27,88,tail,5,0.02913675308227537,0.0
w0.5,90,27,93,tail,4,0.018023371696472168,0.0
w0.5,90,27,94,tail,5,-0.009329605102538885,0.0
w0.5,90,27,95,tail,1,-0.008016586303710938,0.0
w0.5,90,27,98,tail,3,0.0066950321197509766,0.0
w0.5,90,28,3,non_tail,1,-0.00029593706130981445,0.0
w0.5,90,28,5,non_tail,1,-0.0001268298365175724,0.0
w0.5,90,28,82,tail,4,0.005856513977050781,0.0
w0.5,90,28,83,tail,2,0.019788742065429688,0.0
w0.5,90,28,84,tail,6,0.009070237477621035,0.0
w0.5,90,28,85,tail,2,0.016138076782226562,0.0
w0.5,90,28,86,tail,1,0.00015490828081965446,0.0
w0.5,90,28,87,tail,1,0.0007834434509277344,0.0
w0.5,90,28,89,tail,4,0.025128602981567383,0.0
w0.5,90,28,90,tail,1,7.291510701179504e-05,0.0
w0.5,90,28,91,tail,3,0.0069805781046548,0.0
w0.5,90,28,92,tail,3,0.0009582837422685841,0.0
w0.5,90,28,93,tail,1,0.04914093017578125,0.0
w0.5,90,28,96,tail,3,0.03287728627522801,0.0
w0.5,90,28,97,tail,1,0.03864908218383789,0.0
w0.5,90,28,98,tail,1,0.004458427429199219,0.0
w0.5,90,28,99,tail,4,0.01575016975402832,0.0
w0.5,90,29,1,non_tail,1,-5.5655837059020996e-05,0.0
w0.5,90,29,4,non_tail,1,-0.032332420349121094,0.0
w0.5,90,29,8,non_tail,1,-0.030526161193847656,0.0
w0.5,90,29,9,non_tail,1,8.520577102899551e-05,0.0
w0.5,90,29,10,non_tail,1,-0.0003628730773925781,0.0
w0.5,90,29,80,tail,8,0.023088455200195312,0.0
w0.5,90,29,81,tail,4,0.013967752456665039,0.0
w0.5,90,29,84,tail,1,-0.02505207061767578,0.0
w0.5,90,29,85,tail,5,0.0013690978288650457,0.0
w0.5,90,29,87,tail,3,0.0075893402099609375,0.0
w0.5,90,29,88,tail,1,0.02324199676513672,0.0
w0.5,90,29,89,tail,1,0.01519167423248291,0.0
w0.5,90,29,90,tail,4,-0.0011546667665243149,0.0
w0.5,90,29,91,tail,2,0.014458417892456055,0.0
w0.5,90,29,92,tail,2,0.0040988922119140625,0.0
w0.5,90,29,95,tail,4,0.02118539810180664,0.0
w0.5,90,29,96,tail,1,0.0027268826961517334,0.0
w0.5,90,29,97,tail,3,-0.022777557373046875,0.0
w0.5,100,0,0,non_tail,1,6.634811870753765e-05,0.0
w0.5,100,0,2,non_tail,5,-0.0053084902465343475,0.0
w0.5,100,0,4,non_tail,1,0.00728917121887207,0.0
w0.5,100,0,5,non_tail,1,0.007951907813549042,0.0
w0.5,100,0,8,non_tail,1,2.5029585231095552e-06,0.0
w0.5,100,0,15,non_tail,1,1.9061611965298653e-05,0.0
w0.5,100,0,37,non_tail,1,0.00019273394718766212,0.0
w0.5,100,0,55,non_tail,1,0.00045984983444213867,0.0
w0.5,100,0,60,non_tail,1,0.0386996865272522,0.0
w0.5,100,0,66,non_tail,1,0.0006983298808336258,0.0
w0.5,100,0,69,non_tail,1,-0.029013872146606445,0.0
w0.5,100,0,74,non_tail,1,-0.028192520141601562,0.0
w0.5,100,0,81,tail,1,0.0010867118835449219,0.0
w0.5,100,0,83,tail,1,0.0037253499031066895,0.0
w0.5,100,1,0,non_tail,3,3.5969006906574116e-05,0.0
w0.5,100,1,1,non_tail,1,0.0019831582903862,0.0
w0.5,100,1,7,non_tail,6,-0.0018445650736490515,0.0
w0.5,100,1,24,non_tail,1,0.0062691569328308105,0.0
w0.5,100,1,28,non_tail,1,5.458947271108627e-05,0.0
w0.5,100,1,30,non_tail,1,0.00661131739616394,0.0
w0.5,100,1,46,non_tail,1,0.011225879192352295,0.0
w0.5,100,1,53,non_tail,2,0.00018893927335739136,0.0
w0.5,100,1,86,tail,1,0.05145740509033203,0.0
w0.5,100,2,0,non_tail,1,2.2516760509461164e-05,0.0
w0.5,100,2,3,non_tail,2,-0.004074752330780029,0.0
w0.5,100,2,5,non_tail,4,0.0021400789555627853,0.0
w0.5,100,2,6,non_tail,2,0.00025001633912324905,0.0
w0.5,100,2,10,non_tail,2,0.006953388452529907,0.0
w0.5,100,2,16,non_tail,1,-0.007168292999267578,0.0
w0.5,100,2,22,non_tail,2,0.005852222442626953,0.0
w0.5,100,2,42,non_tail,1,-0.05439043045043945,0.0
w0.5,100,2,77,non_tail,1,-0.015001773834228516,0.0
w0.5,100,2,82,tail,1,-0.00048039481043815613,0.0
w0.5,100,2,91,tail,1,0.01737123727798462,0.0
w0.5,100,2,95,tail,1,-0.01934051513671875,0.0
w0.5,100,3,2,non_tail,1,-0.0034046173095703125,0.0
w0.5,100,3,3,non_tail,1,0.0019873864948749542,0.0
w0.5,100,3,6,non_tail,4,-0.002104561310261488,0.0
w0.5,100,3,12,non_tail,3,-0.005783796310424805,0.0
w0.5,100,3,14,non_tail,1,2.3892847821116447e-05,0.0
w0.5,100,3,20,non_tail,1,-5.481968400999904e-06,0.0
w0.5,100,3,31,non_tail,1,0.0001385682262480259,0.0
w0.5,100,3,36,non_tail,1,0.0024443715810775757,0.0
w0.5,100,3,45,non_tail,1,0.006812989711761475,0.0
w0.5,100,3,77,non_tail,1,-0.0730600357055664,0.0
w0.5,100,3,79,non_tail,1,-0.0015764236450195312,0.0
w0.5,100,3,90,tail,1,0.0020364299416542053,0.0
w0.5,100,3,94,tail,1,6.812578067183495e-05,0.0
w0.5,100,4,1,non_tail,2,0.0010433197021484375,0.0
w0.5,100,4,2,non_tail,1,-0.01931101083755493,0.0
w0.5,100,4,3,non_tail,1,0.016702890396118164,0.0
w0.5,100,4,4,non_tail,2,0.004931598901748657,0.0
w0.5,100,4,5,non_tail,1,4.9979775212705135e-05,0.0
w0.5,100,4,9,non_tail,1,0.00012601260095834732,0.0
w0.5,100,4,11,non_tail,2,0.009888708591461182,0.0
w0.5,100,4,17,non_tail,1,0.00033227819949388504,0.0
w0.5,100,4,20,non_tail,2,-6.075526471249759e-06,0.0
w0.5,100,4,24,non_tail,1,0.0006218478083610535,0.0
w0.5,100,4,46,non_tail,1,0.007242083549499512,0.0
w0.5,100,4,65,non_tail,1,-0.011093616485595703,0.0
w0.5,100,4,92,tail,1,0.014745712280273438,0.0
w0.5,100,4,97,tail,1,0.0832061767578125,0.0
w0.5,100,6,1,non_tail,1,0.0014228969812393188,0.0
w0.5,100,6,2,non_tail,2,-0.007726788520812988,0.0
w0.5,100,6,7,non_tail,3,0.0007799466451009485,0.0
w0.5,100,6,12,non_tail,3,0.0005167201161384583,0.0
w0.5,100,6,18,non_tail,1,-0.0015401244163513184,0.0
w0.5,100,6,23,non_tail,2,-0.0031501571647822857,0.0
w0.5,100,6,32,non_tail,1,-0.0789799690246582,0.0
w0.5,100,6,38,non_tail,1,0.01515340805053711,0.0
w0.5,100,6,54,non_tail,1,0.006170943379402161,0.0
w0.5,100,6,70,non_tail,1,-5.7462602853775024e-05,0.0
w0.5,100,6,84,tail,1,0.007974386215209961,0.0
w0.5,100,8,4,non_tail,1,0.0015773624181747437,0.0
w0.5,100,8,5,non_tail,1,4.4307729694992304e-05,0.0
w0.5,100,8,6,non_tail,2,1.306622289121151e-05,0.0
w0.5,100,8,7,non_tail,1,5.4667703807353973e-05,0.0
w0.5,100,8,15,non_tail,1,0.0009298007935285568,0.0
w0.5,100,8,17,non_tail,1,0.00010978803038597107,0.0
w0.5,100,8,21,non_tail,1,2.4290988221764565e-05,0.0
w0.5,100,8,26,non_tail,3,-0.014901161193847656,0.0
w0.5,100,8,38,non_tail,1,3.2178068067878485e-06,0.0
w0.5,100,8,46,non_tail,1,0.004202648997306824,0.0
w0.5,100,8,57,non_tail,1,-0.0010784119367599487,0.0
w0.5,100,8,58,non_tail,1,-0.02906489372253418,0.0
w0.5,100,8,62,non_tail,1,0.004113197326660156,0.0
w0.5,100,8,83,tail,1,-0.007783412933349609,0.0
w0.5,100,9,1,non_tail,1,0.0017897747457027435,0.0
w0.5,100,9,2,non_tail,1,-0.0009771659970283508,0.0
w0.5,100,9,4,non_tail,2,-0.006758600473403931,0.0
w0.5,100,9,6,non_tail,1,8.031842298805714e-05,0.0
w0.5,100,9,7,non_tail,1,0.0006849169731140137,0.0
w0.5,100,9,13,non_tail,1,1.7212238162755966e-05,0.0
w0.5,100,9,14,non_tail,4,-0.0024300343357026577,0.0
w0.5,100,9,17,non_tail,1,2.7364585548639297e-06,0.0
w0.5,100,9,35,non_tail,1,0.00077834352850914,0.0
w0.5,100,9,52,non_tail,1,0.0069332122802734375,0.0
w0.5,100,9,67,non_tail,1,-0.0031558871269226074,0.0
w0.5,100,9,79,non_tail,1,0.013754129409790039,0.0
w0.5,100,9,86,tail,1,0.02055656909942627,0.0
w0.5,100,9,89,tail,1,0.06949615478515625,0.0
w0.5,100,12,0,non_tail,1,3.3371616154909134e-06,0.0
w0.5,100,12,1,non_tail,2,0.02680303156375885,0.0
w0.5,100,12,3,non_tail,1,0.00044580549001693726,0.0
w0.5,100,12,10,non_tail,1,1.6906997188925743e-05,0.0
w0.5,100,12,12,non_tail,1,-0.00024712085723876953,0.0
w0.5,100,12,13,non_tail,2,0.0036936751566827297,0.0
w0.5,100,12,17,non_tail,1,0.00020570470951497555,0.0
w0.5,100,12,26,non_tail,1,5.025789141654968e-05,0.0
w0.5,100,12,27,non_tail,2,-0.0041448622941970825,0.0
w0.5,100,12,28,non_tail,1,0.00031963735818862915,0.0
w0.5,100,12,38,non_tail,1,0.003119036555290222,0.0
w0.5,100,12,41,non_tail,1,-0.00015816837549209595,0.0
w0.5,100,12,59,non_tail,1,-0.0052340030670166016,0.0
w0.5,100,12,85,tail,1,0.05405479669570923,0.0
w0.5,100,12,90,tail,1,0.01060628890991211,0.0
w0.5,100,13,4,non_tail,3,0.0033696393171946115,0.0
w0.5,100,13,6,non_tail,1,-3.557652235031128e-07,0.0
w0.5,100,13,8,non_tail,2,7.069821003824472e-05,0.0
w0.5,100,13,11,non_tail,1,5.457364022731781e-05,0.0
w0.5,100,13,25,non_tail,2,5.430635064840317e-05,0.0
w0.5,100,13,26,non_tail,3,-0.006120070815086365,0.0
w0.5,100,13,28,non_tail,1,0.006456255912780762,0.0
w0.5,100,13,40,non_tail,1,0.0007440745830535889,0.0
w0.5,100,13,58,non_tail,1,0.001503683626651764,0.0
w0.5,100,13,68,non_tail,1,0.0011530518531799316,0.0
w0.5,100,13,87,tail,1,0.0008301548659801483,0.0
w0.5,100,14,1,non_tail,1,0.0004970887675881386,0.0
w0.5,100,14,4,non_tail,1,0.00397077202796936,0.0
w0.5,100,14,11,non_tail,1,0.0004193149507045746,0.0
w0.5,100,14,14,non_tail,2,0.004119666758924723,0.0
w0.5,100,14,17,non_tail,1,0.002231121063232422,0.0
w0.5,100,14,21,non_tail,2,1.5622004866600037e-05,0.0
w0.5,100,14,28,non_tail,2,-0.0010592564940452576,0.0
w0.5,100,14,32,non_tail,1,-4.484783858060837e-05,0.0
w0.5,100,14,43,non_tail,1,0.004912659525871277,0.0
w0.5,100,14,46,non_tail,1,-0.00025847554206848145,0.0
w0.5,100,14,55,non_tail,1,0.00022482872009277344,0.0
w0.5,100,14,56,non_tail,1,0.004519432783126831,0.0
w0.5,100,14,75,non_tail,1,0.015099763870239258,0.0
w0.5,100,14,85,tail,1,-0.016455650329589844,0.0
w0.5,100,14,96,tail,1,0.03963744640350342,0.0
w0.5,100,15,0,non_tail,5,0.005042938143014916,0.0
w0.5,100,15,2,non_tail,1,-0.0010049417614936829,0.0
w0.5,100,15,3,non_tail,3,0.000913402686516445,0.0
w0.5,100,15,9,non_tail,1,0.0008822977542877197,0.0
w0.5,100,15,13,non_tail,1,0.01620626449584961,0.0
w0.5,100,15,16,non_tail,1,0.003323078155517578,0.0
w0.5,100,15,19,non_tail,1,3.1987205147743225e-05,0.0
w0.5,100,15,53,non_tail,1,-2.5266781449317932e-05,0.0
w0.5,100,15,57,non_tail,1,-0.00037860870361328125,0.0
w0.5,100,15,66,non_tail,1,0.013621330261230469,0.0
w0.5,100,15,84,tail,1,0.030820846557617188,0.0
w0.5,100,15,88,tail,1,0.0027922391891479492,0.0
w0.5,100,16,0,non_tail,1,0.0007218439131975174,0.0
w0.5,100,16,1,non_tail,1,0.0002975631505250931,0.0
w0.5,100,16,2,non_tail,1,-0.001949310302734375,0.0
w0.5,100,16,4,non_tail,2,-0.0002457760274410248,0.0
w0.5,100,16,10,non_tail,3,0.023887793223063114,0.0
w0.5,100,16,11,non_tail,2,0.007244471460580826,0.0
w0.5,100,16,29,non_tail,1,1.9415048882365227e-05,0.0
w0.5,100,16,30,non_tail,1,0.03565263748168945,0.0
w0.5,100,16,36,non_tail,1,0.00675491988658905,0.0
w0.5,100,16,41,non_tail,1,-0.0016149356961250305,0.0
w0.5,100,16,59,non_tail,1,0.013474464416503906,0.0
w0.5,100,16,74,non_tail,1,-0.016655325889587402,0.0
w0.5,100,16,93,tail,1,0.10060453414916992,0.0
w0.5,100,17,1,non_tail,1,6.347638554871082e-05,0.0
w0.5,100,17,3,non_tail,1,0.0027763843536376953,0.0
w0.5,100,17,4,non_tail,2,-0.038070231676101685,0.0
w0.5,100,17,5,non_tail,1,0.039396047592163086,0.0
w0.5,100,17,6,non_tail,1,-4.882575012743473e-06,0.0
w0.5,100,17,13,non_tail,2,0.007991164922714233,0.0
w0.5,100,17,18,non_tail,2,-0.016661763191223145,0.0
w0.5,100,17,23,non_tail,1,0.00010354630649089813,0.0
w0.5,100,17,26,non_tail,1,-0.006162166595458984,0.0
w0.5,100,17,30,non_tail,1,-0.000517629086971283,0.0
w0.5,100,17,31,non_tail,1,-0.019289612770080566,0.0
w0.5,100,17,33,non_tail,1,0.04918527603149414,0.0
w0.5,100,17,40,non_tail,1,-0.00037750229239463806,0.0
w0.5,100,17,80,tail,1,0.0203399658203125,0.0
w0.5,100,20,0,non_tail,1,0.0002326788380742073,0.0
w0.5,100,20,1,non_tail,1,0.00134324561804533,0.0
w0.5,100,20,3,non_tail,3,0.005011171102523804,0.0
w0.5,100,20,5,non_tail,1,0.0003588208928704262,0.0
w0.5,100,20,9,non_tail,1,0.03504180908203125,0.0
w0.5,100,20,11,non_tail,2,0.01622241735458374,0.0
w0.5,100,20,15,non_tail,1,0.001988157629966736,0.0
w0.5,100,20,16,non_tail,2,0.0006067198701202869,0.0
w0.5,100,20,21,non_tail,1,-0.002197965979576111,0.0
w0.5,100,20,32,non_tail,1,-0.0323258638381958,0.0
w0.5,100,20,33,non_tail,1,0.00033935345709323883,0.0
w0.5,100,20,34,non_tail,1,0.013904064893722534,0.0
w0.5,100,20,81,tail,1,-0.003268122673034668,0.0
w0.5,100,20,82,tail,1,-0.03852653503417969,0.0
w0.5,100,20,87,tail,1,0.0009019337594509125,0.0
w0.5,100,21,0,non_tail,1,0.0005591027438640594,0.0
w0.5,100,21,7,non_tail,1,0.0014233589172363281,0.0
w0.5,100,21,10,non_tail,1,-0.0027859359979629517,0.0
w0.5,100,21,14,non_tail,4,-0.009393896907567978,0.0
w0.5,100,21,17,non_tail,3,0.0006689826647440604,0.0
w0.5,100,21,19,non_tail,1,0.014962911605834961,0.0
w0.5,100,21,23,non_tail,2,-0.0025561973452568054,0.0
w0.5,100,21,26,non_tail,1,-0.0020035281777381897,0.0
w0.5,100,21,29,non_tail,1,-0.01503250002861023,0.0
w0.5,100,21,33,non_tail,1,-0.008087635040283203,0.0
w0.5,100,21,82,tail,1,-0.015446901321411133,0.0
w0.5,100,24,2,non_tail,1,-0.01063641905784607,0.0
w0.5,100,24,6,non_tail,3,0.0016594876845677786,0.0
w0.5,100,24,7,non_tail,2,0.00457223504781723,0.0
w0.5,100,24,14,non_tail,2,-0.007940907031297684,0.0
w0.5,100,24,15,non_tail,1,3.601144999265671e-05,0.0
w0.5,100,24,17,non_tail,1,0.0001013673609122634,0.0
w0.5,100,24,18,non_tail,1,0.0004812479019165039,0.0
w0.5,100,24,23,non_tail,1,-0.002414695918560028,0.0
w0.5,100,24,25,non_tail,1,0.005840659141540527,0.0
w0.5,100,24,30,non_tail,1,-0.0023294687271118164,0.0
w0.5,100,24,42,non_tail,1,8.929520845413208e-06,0.0
w0.5,100,24,43,non_tail,1,0.008536100387573242,0.0
w0.5,100,24,98,tail,1,0.005609035491943359,0.0
w0.5,100,25,3,non_tail,1,0.0003154287114739418,0.0
w0.5,100,25,5,non_tail,2,0.0017119478434324265,0.0
w0.5,100,25,6,non_tail,1,1.5587778761982918e-05,0.0
w0.5,100,25,14,non_tail,1,0.00030870549380779266,0.0
w0.5,100,25,15,non_tail,5,-0.0010134257376193945,0.0
w0.5,100,25,16,non_tail,1,-1.0825693607330322e-05,0.0
w0.5,100,25,21,non_tail,3,0.004577616850535066,0.0
w0.5,100,25,41,non_tail,1,0.04648780822753906,0.0
w0.5,100,25,45,non_tail,1,-0.044008731842041016,0.0
w0.5,100,25,80,tail,1,0.03356051445007324,0.0
w0.5,100,25,89,tail,1,0.0021796226501464844,0.0
w0.5,100,25,99,tail,1,0.002222597599029541,0.0
w0.5,100,26,0,non_tail,6,0.0005326905132581813,0.0
w0.5,100,26,1,non_tail,1,0.0018300395458936691,0.0
w0.5,100,26,8,non_tail,1,-1.70005951076746e-05,0.0
w0.5,100,26,13,non_tail,2,7.203570567071438e-05,0.0
w0.5,100,26,15,non_tail,1,-0.007440805435180664,0.0
w0.5,100,26,16,non_tail,1,-3.3311080187559128e-06,0.0
w0.5,100,26,20,non_tail,1,-1.5842204447835684e-05,0.0
w0.5,100,26,29,non_tail,1,-0.01427316665649414,0.0
w0.5,100,26,37,non_tail,1,-0.012160181999206543,0.0
w0.5,100,26,58,non_tail,1,1.9376864656805992e-05,0.0
w0.5,100,26,80,tail,1,0.00011665374040603638,0.0
w0.5,100,26,88,tail,1,0.042142391204833984,0.0
w0.5,100,26,91,tail,1,0.008663415908813477,0.0
w0.5,100,27,0,non_tail,1,2.666795626282692e-05,0.0
w0.5,100,27,2,non_tail,1,-0.021491944789886475,0.0
w0.5,100,27,6,non_tail,1,-0.0021306201815605164,0.0
w0.5,100,27,7,non_tail,1,-0.005721569061279297,0.0
w0.5,100,27,81,tail,5,-0.010936737060546875,0.0
w0.5,100,27,82,tail,4,0.014168797060847282,0.0
w0.5,100,27,83,tail,6,0.004603226979573494,0.0
w0.5,100,27,84,tail,1,0.02218395471572876,0.0
w0.5,100,27,86,tail,6,0.013573646545409934,0.0
w0.5,100,27,87,tail,2,0.0004595573991537094,0.0
w0.5,100,27,88,tail,5,0.029485130310058616,0.0
w0.5,100,27,93,tail,4,-0.0066547393798828125,0.0
w0.5,100,27,94,tail,5,0.026970100402831765,0.0
w0.5,100,27,95,tail,1,-0.0041046142578125,0.0
w0.5,100,27,98,tail,3,0.006661732991536606,0.0
w0.5,100,28,3,non_tail,1,0.0012130588293075562,0.0
w0.5,100,28,5,non_tail,1,0.00038286810740828514,0.0
w0.5,100,28,82,tail,4,0.01959550380706787,0.0
w0.5,100,28,83,tail,2,-0.010623693466186523,0.0
w0.5,100,28,84,tail,6,-0.0015177726745605469,0.0
w0.5,100,28,85,tail,2,0.026108741760253906,0.0
w0.5,100,28,86,tail,1,0.00021758954972028732,0.0
w0.5,100,28,87,tail,1,0.02342367172241211,0.0
w0.5,100,28,89,tail,4,0.037612199783325195,0.0
w0.5,100,28,90,tail,1,0.0007700733840465546,0.0
w0.5,100,28,91,tail,3,0.034374554951985825,0.0
w0.5,100,28,92,tail,3,0.004547119140625,0.0
w0.5,100,28,93,tail,1,0.0380401611328125,0.0
w0.5,100,28,96,tail,3,0.0050042470296221,0.0
w0.5,100,28,97,tail,1,0.03967857360839844,0.0
w0.5,100,28,98,tail,1,0.006689548492431641,0.0
w0.5,100,28,99,tail,4,-0.0378260612487793,0.0
w0.5,100,29,1,non_tail,1,0.001697339117527008,0.0
w0.5,100,29,4,non_tail,1,0.019009709358215332,0.0
w0.5,100,29,8,non_tail,1,0.0732882022857666,0.0
w0.5,100,29,9,non_tail,1,0.00029888469725847244,0.0
w0.5,100,29,10,non_tail,1,0.0034779012203216553,0.0
w0.5,100,29,80,tail,8,0.01997089385986328,0.0
w0.5,100,29,81,tail,4,-0.002732515335083008,0.0
w0.5,100,29,84,tail,1,0.055728912353515625,0.0
w0.5,100,29,85,tail,5,0.0006311088800430298,0.0
w0.5,100,29,87,tail,3,0.015272776285807588,0.0
w0.5,100,29,88,tail,1,0.03918004035949707,0.0
w0.5,100,29,89,tail,1,0.025379300117492676,0.0
w0.5,100,29,90,tail,4,0.009271925315260887,0.0
w0.5,100,29,91,tail,2,0.0007227659225463867,0.0
w0.5,100,29,92,tail,2,0.04071927070617676,0.0
w0.5,100,29,95,tail,4,-0.0034557580947875977,0.0
w0.5,100,29,96,tail,1,-0.00020936131477355957,0.0
w0.5,100,29,97,tail,3,0.01975663503011038,0.0
old_shared,30,0,0,non_tail,1,-5.2096787840127945e-05,0.0
old_shared,30,0,2,non_tail,5,0.0020770400762558094,0.0
old_shared,30,0,4,non_tail,1,-0.014764249324798584,0.0
old_shared,30,0,5,non_tail,1,-0.003774501383304596,0.0
old_shared,30,0,8,non_tail,1,9.413837688043714e-06,0.0
old_shared,30,0,15,non_tail,1,2.322695218026638e-05,0.0
old_shared,30,0,37,non_tail,1,6.912834942340851e-05,0.0
old_shared,30,0,55,non_tail,1,-0.016467034816741943,0.0
old_shared,30,0,60,non_tail,1,-0.0024338960647583008,0.0
old_shared,30,0,66,non_tail,1,0.0001764446496963501,0.0
old_shared,30,0,69,non_tail,1,0.03409266471862793,0.0
old_shared,30,0,74,non_tail,1,0.022284984588623047,0.0
old_shared,30,0,81,tail,1,0.009252071380615234,0.0
old_shared,30,0,83,tail,1,-0.00347059965133667,0.0
old_shared,30,1,0,non_tail,3,-1.630460610613227e-05,0.0
old_shared,30,1,1,non_tail,1,8.039921522140503e-05,0.0
old_shared,30,1,7,non_tail,6,0.009065131346384647,0.0
old_shared,30,1,24,non_tail,1,0.005573630332946777,0.0
old_shared,30,1,28,non_tail,1,0.0001713000237941742,0.0
old_shared,30,1,30,non_tail,1,-0.00510859489440918,0.0
old_shared,30,1,46,non_tail,1,0.014210224151611328,0.0
old_shared,30,1,53,non_tail,2,0.010518565773963928,0.0
old_shared,30,1,86,tail,1,0.03066110610961914,0.0
old_shared,30,2,0,non_tail,1,-1.1076859664171934e-05,0.0
old_shared,30,2,3,non_tail,2,-0.01366567611694336,0.0
old_shared,30,2,5,non_tail,4,-0.001966183539479971,0.0
old_shared,30,2,6,non_tail,2,-8.910242468118668e-05,0.0
old_shared,30,2,10,non_tail,2,0.008539259433746338,0.0
old_shared,30,2,16,non_tail,1,-0.01860642433166504,0.0
old_shared,30,2,22,non_tail,2,0.0019071698188781738,0.0
old_shared,30,2,42,non_tail,1,-0.031100749969482422,0.0
old_shared,30,2,77,non_tail,1,-0.004641532897949219,0.0
old_shared,30,2,82,tail,1,0.004480831325054169,0.0
old_shared,30,2,91,tail,1,-0.0014174282550811768,0.0
old_shared,30,2,95,tail,1,0.03444075584411621,0.0
old_shared,30,3,2,non_tail,1,-0.005403041839599609,0.0
old_shared,30,3,3,non_tail,1,-0.00044977664947509766,0.0
old_shared,30,3,6,non_tail,4,0.0038796972949057817,0.0
old_shared,30,3,12,non_tail,3,0.010213345289230347,0.0
old_shared,30,3,14,non_tail,1,0.00016337307170033455,0.0
old_shared,30,3,20,non_tail,1,6.435177056118846e-06,0.0
old_shared,30,3,31,non_tail,1,0.00026269257068634033,0.0
old_shared,30,3,36,non_tail,1,0.0004454515874385834,0.0
old_shared,30,3,45,non_tail,1,0.022370994091033936,0.0
old_shared,30,3,77,non_tail,1,0.03134918212890625,0.0
old_shared,30,3,79,non_tail,1,-0.0038194656372070312,0.0
old_shared,30,3,90,tail,1,0.002877280116081238,0.0
old_shared,30,3,94,tail,1,6.359349936246872e-05,0.0
old_shared,30,4,1,non_tail,2,-7.952563464641571e-06,0.0
old_shared,30,4,2,non_tail,1,0.010534882545471191,0.0
old_shared,30,4,3,non_tail,1,-0.047742605209350586,0.0
old_shared,30,4,4,non_tail,2,-0.007707148790359497,0.0
old_shared,30,4,5,non_tail,1,0.00010018446482717991,0.0
old_shared,30,4,9,non_tail,1,0.004576042294502258,0.0
old_shared,30,4,11,non_tail,2,-0.002497240900993347,0.0
old_shared,30,4,17,non_tail,1,0.00035351887345314026,0.0
old_shared,30,4,20,non_tail,2,2.089590998366475e-05,0.0
old_shared,30,4,24,non_tail,1,0.0017951428890228271,0.0
old_shared,30,4,46,non_tail,1,0.011203527450561523,0.0
old_shared,30,4,65,non_tail,1,0.025861263275146484,0.0
old_shared,30,4,92,tail,1,-0.01969432830810547,0.0
old_shared,30,4,97,tail,1,-0.008825540542602539,0.0
old_shared,30,6,1,non_tail,1,-0.00023220479488372803,0.0
old_shared,30,6,2,non_tail,2,0.002246469259262085,0.0
old_shared,30,6,7,non_tail,3,-0.007077333827813448,0.0
old_shared,30,6,12,non_tail,3,0.003096220393975571,0.0
old_shared,30,6,18,non_tail,1,0.005297273397445679,0.0
old_shared,30,6,23,non_tail,2,0.010748986154794693,0.0
old_shared,30,6,32,non_tail,1,-0.007810473442077637,0.0
old_shared,30,6,38,non_tail,1,-0.007373809814453125,0.0
old_shared,30,6,54,non_tail,1,-0.0010333210229873657,0.0
old_shared,30,6,70,non_tail,1,0.0007060710340738297,0.0
old_shared,30,6,84,tail,1,0.03309774398803711,0.0
old_shared,30,8,4,non_tail,1,-0.002253115177154541,0.0
old_shared,30,8,5,non_tail,1,3.858743002638221e-05,0.0
old_shared,30,8,6,non_tail,2,0.00012372294440865517,0.0
old_shared,30,8,7,non_tail,1,-3.3229123800992966e-05,0.0
old_shared,30,8,15,non_tail,1,0.00023298431187868118,0.0
old_shared,30,8,17,non_tail,1,0.00567280501127243,0.0
old_shared,30,8,21,non_tail,1,4.997709766030312e-06,0.0
old_shared,30,8,26,non_tail,3,-0.0035429000854492188,0.0
old_shared,30,8,38,non_tail,1,4.885892849415541e-06,0.0
old_shared,30,8,46,non_tail,1,0.001610875129699707,0.0
old_shared,30,8,57,non_tail,1,0.0029735267162323,0.0
old_shared,30,8,58,non_tail,1,-0.004447996616363525,0.0
old_shared,30,8,62,non_tail,1,0.019698143005371094,0.0
old_shared,30,8,83,tail,1,0.03794527053833008,0.0
old_shared,30,9,1,non_tail,1,-0.00038137286901474,0.0
old_shared,30,9,2,non_tail,1,0.001260552555322647,0.0
old_shared,30,9,4,non_tail,2,0.002948582172393799,0.0
old_shared,30,9,6,non_tail,1,9.388430044054985e-06,0.0
old_shared,30,9,7,non_tail,1,-0.0011952891945838928,0.0
old_shared,30,9,13,non_tail,1,0.0006614644080400467,0.0
old_shared,30,9,14,non_tail,4,0.010730997659265995,0.0
old_shared,30,9,17,non_tail,1,0.00011853128671646118,0.0
old_shared,30,9,35,non_tail,1,-0.0004333481192588806,0.0
old_shared,30,9,52,non_tail,1,-0.0016062259674072266,0.0
old_shared,30,9,67,non_tail,1,0.012433350086212158,0.0
old_shared,30,9,79,non_tail,1,-0.008674383163452148,0.0
old_shared,30,9,86,tail,1,0.011310696601867676,0.0
old_shared,30,9,89,tail,1,0.01936817169189453,0.0
old_shared,30,12,0,non_tail,1,1.430074917152524e-06,0.0
old_shared,30,12,1,non_tail,2,-0.014514967799186707,0.0
old_shared,30,12,3,non_tail,1,0.0003060903400182724,0.0
old_shared,30,12,10,non_tail,1,4.0436629205942154e-05,0.0
old_shared,30,12,12,non_tail,1,0.0016911253333091736,0.0
old_shared,30,12,13,non_tail,2,0.003124513663351536,0.0
old_shared,30,12,17,non_tail,1,8.112005889415741e-05,0.0
old_shared,30,12,26,non_tail,1,-0.0006941482424736023,0.0
old_shared,30,12,27,non_tail,2,0.018917620182037354,0.0
old_shared,30,12,28,non_tail,1,0.002268180251121521,0.0
old_shared,30,12,38,non_tail,1,-0.001066356897354126,0.0
old_shared,30,12,41,non_tail,1,0.0011240094900131226,0.0
old_shared,30,12,59,non_tail,1,0.006494045257568359,0.0
old_shared,30,12,85,tail,1,-0.0009634494781494141,0.0
old_shared,30,12,90,tail,1,0.013166427612304688,0.0
old_shared,30,13,4,non_tail,3,-0.004369661211967468,0.0
old_shared,30,13,6,non_tail,1,0.0004899827763438225,0.0
old_shared,30,13,8,non_tail,2,0.0002596089616417885,0.0
old_shared,30,13,11,non_tail,1,0.003178626298904419,0.0
old_shared,30,13,25,non_tail,2,0.0007073841989040375,0.0
old_shared,30,13,26,non_tail,3,-0.007546219974756241,0.0
old_shared,30,13,28,non_tail,1,0.0016164779663085938,0.0
old_shared,30,13,40,non_tail,1,0.0016357675194740295,0.0
old_shared,30,13,58,non_tail,1,0.004794999957084656,0.0
old_shared,30,13,68,non_tail,1,0.007016211748123169,0.0
old_shared,30,13,87,tail,1,0.004537120461463928,0.0
old_shared,30,14,1,non_tail,1,0.00028027966618537903,0.0
old_shared,30,14,4,non_tail,1,0.004170596599578857,0.0
old_shared,30,14,11,non_tail,1,0.00014630891382694244,0.0
old_shared,30,14,14,non_tail,2,0.011173770297318697,0.0
old_shared,30,14,17,non_tail,1,0.03891098499298096,0.0
old_shared,30,14,21,non_tail,2,-0.00012744893319904804,0.0
old_shared,30,14,28,non_tail,2,0.005665823817253113,0.0
old_shared,30,14,32,non_tail,1,2.77302460744977e-05,0.0
old_shared,30,14,43,non_tail,1,0.019093841314315796,0.0
old_shared,30,14,46,non_tail,1,0.014508485794067383,0.0
old_shared,30,14,55,non_tail,1,-0.0067920684814453125,0.0
old_shared,30,14,56,non_tail,1,0.011669337749481201,0.0
old_shared,30,14,75,non_tail,1,0.01456308364868164,0.0
old_shared,30,14,85,tail,1,-0.005722522735595703,0.0
old_shared,30,14,96,tail,1,0.0071218013763427734,0.0
old_shared,30,15,0,non_tail,5,-0.0010829016566276523,0.0
old_shared,30,15,2,non_tail,1,0.0014925487339496613,0.0
old_shared,30,15,3,non_tail,3,0.00027356172601381706,0.0
old_shared,30,15,9,non_tail,1,0.002905339002609253,0.0
old_shared,30,15,13,non_tail,1,0.017207860946655273,0.0
old_shared,30,15,16,non_tail,1,-0.0377659797668457,0.0
old_shared,30,15,19,non_tail,1,4.313909448683262e-05,0.0
old_shared,30,15,53,non_tail,1,0.0015815049409866333,0.0
old_shared,30,15,57,non_tail,1,0.004016250371932983,0.0
old_shared,30,15,66,non_tail,1,-0.017060279846191406,0.0
old_shared,30,15,84,tail,1,-5.7220458984375e-05,0.0
old_shared,30,15,88,tail,1,0.00256328284740448,0.0
old_shared,30,16,0,non_tail,1,-0.0004222989082336426,0.0
old_shared,30,16,1,non_tail,1,1.946091651916504e-05,0.0
old_shared,30,16,2,non_tail,1,0.0025296732783317566,0.0
old_shared,30,16,4,non_tail,2,0.006699115037918091,0.0
old_shared,30,16,10,non_tail,3,-0.000741879145304436,0.0
old_shared,30,16,11,non_tail,2,0.0010911598801612854,0.0
old_shared,30,16,29,non_tail,1,3.4888158552348614e-05,0.0
old_shared,30,16,30,non_tail,1,-0.0362401008605957,0.0
old_shared,30,16,36,non_tail,1,0.0023976266384124756,0.0
old_shared,30,16,41,non_tail,1,-0.00031124986708164215,0.0
old_shared,30,16,59,non_tail,1,0.0015559196472167969,0.0
old_shared,30,16,74,non_tail,1,0.00975644588470459,0.0
old_shared,30,16,93,tail,1,0.07520818710327148,0.0
old_shared,30,17,1,non_tail,1,1.744041219353676e-05,0.0
old_shared,30,17,3,non_tail,1,0.0014224052429199219,0.0
old_shared,30,17,4,non_tail,2,-0.01338796317577362,0.0
old_shared,30,17,5,non_tail,1,-0.03258216381072998,0.0
old_shared,30,17,6,non_tail,1,6.648711860179901e-05,0.0
old_shared,30,17,13,non_tail,2,-0.0014933943748474121,0.0
old_shared,30,17,18,non_tail,2,0.024265527725219727,0.0
old_shared,30,17,23,non_tail,1,0.0010728295892477036,0.0
old_shared,30,17,26,non_tail,1,-0.007968902587890625,0.0
old_shared,30,17,30,non_tail,1,-0.0010841041803359985,0.0
old_shared,30,17,31,non_tail,1,0.03584754467010498,0.0
old_shared,30,17,33,non_tail,1,-0.00018644332885742188,0.0
old_shared,30,17,40,non_tail,1,0.00043678563088178635,0.0
old_shared,30,17,80,tail,1,0.01577615737915039,0.0
old_shared,30,20,0,non_tail,1,3.544054925441742e-05,0.0
old_shared,30,20,1,non_tail,1,-0.000515282154083252,0.0
old_shared,30,20,3,non_tail,3,-0.0023965984582901,0.0
old_shared,30,20,5,non_tail,1,-0.00011261319741606712,0.0
old_shared,30,20,9,non_tail,1,2.384185791015625e-05,0.0
old_shared,30,20,11,non_tail,2,-0.008636951446533203,0.0
old_shared,30,20,15,non_tail,1,0.005240723490715027,0.0
old_shared,30,20,16,non_tail,2,-0.01324287336319685,0.0
old_shared,30,20,21,non_tail,1,-0.008502960205078125,0.0
old_shared,30,20,32,non_tail,1,-0.006320834159851074,0.0
old_shared,30,20,33,non_tail,1,0.0019229799509048462,0.0
old_shared,30,20,34,non_tail,1,-0.0037553608417510986,0.0
old_shared,30,20,81,tail,1,0.0002633333206176758,0.0
old_shared,30,20,82,tail,1,0.03607964515686035,0.0
old_shared,30,20,87,tail,1,0.002908483147621155,0.0
old_shared,30,21,0,non_tail,1,-0.0006053820252418518,0.0
old_shared,30,21,7,non_tail,1,-0.0010513663291931152,0.0
old_shared,30,21,10,non_tail,1,0.007300823926925659,0.0
old_shared,30,21,14,non_tail,4,0.03333064913749695,0.0
old_shared,30,21,17,non_tail,3,0.0005964065591494254,0.0
old_shared,30,21,19,non_tail,1,-0.0290907621383667,0.0
old_shared,30,21,23,non_tail,2,0.004791557788848877,0.0
old_shared,30,21,26,non_tail,1,0.005166247487068176,0.0
old_shared,30,21,29,non_tail,1,-0.006694436073303223,0.0
old_shared,30,21,33,non_tail,1,0.009511947631835938,0.0
old_shared,30,21,82,tail,1,0.03168153762817383,0.0
old_shared,30,24,2,non_tail,1,0.008762121200561523,0.0
old_shared,30,24,6,non_tail,3,-0.0026605973641077862,0.0
old_shared,30,24,7,non_tail,2,0.003013923764228821,0.0
old_shared,30,24,14,non_tail,2,0.007229413837194443,0.0
old_shared,30,24,15,non_tail,1,0.0002141948789358139,0.0
old_shared,30,24,17,non_tail,1,6.666267290711403e-05,0.0
old_shared,30,24,18,non_tail,1,0.001001022756099701,0.0
old_shared,30,24,23,non_tail,1,0.004784241318702698,0.0
old_shared,30,24,25,non_tail,1,0.0007812976837158203,0.0
old_shared,30,24,30,non_tail,1,-0.02892124652862549,0.0
old_shared,30,24,42,non_tail,1,0.0004026549868285656,0.0
old_shared,30,24,43,non_tail,1,0.07157015800476074,0.0
old_shared,30,24,98,tail,1,0.007443785667419434,0.0
old_shared,30,25,3,non_tail,1,0.00026932917535305023,0.0
old_shared,30,25,5,non_tail,2,1.4903955161571503e-05,0.0
old_shared,30,25,6,non_tail,1,0.0001188511960208416,0.0
old_shared,30,25,14,non_tail,1,0.00040528737008571625,0.0
old_shared,30,25,15,non_tail,5,0.0033257350325584523,0.0
old_shared,30,25,16,non_tail,1,2.9095681384205818e-05,0.0
old_shared,30,25,21,non_tail,3,-0.002403734872738525,0.0
old_shared,30,25,41,non_tail,1,0.018204450607299805,0.0
old_shared,30,25,45,non_tail,1,0.018665790557861328,0.0
old_shared,30,25,80,tail,1,0.03254115581512451,0.0
old_shared,30,25,89,tail,1,0.04237031936645508,0.0
old_shared,30,25,99,tail,1,0.009322285652160645,0.0
old_shared,30,26,0,non_tail,6,3.255934764941765e-05,0.0
old_shared,30,26,1,non_tail,1,-0.0005274750292301178,0.0
old_shared,30,26,8,non_tail,1,0.0002708542160689831,0.0
old_shared,30,26,13,non_tail,2,0.00017154449597001076,0.0
old_shared,30,26,15,non_tail,1,0.046011924743652344,0.0
old_shared,30,26,16,non_tail,1,3.087450750172138e-05,0.0
old_shared,30,26,20,non_tail,1,2.8697773814201355e-05,0.0
old_shared,30,26,29,non_tail,1,-0.0009104013442993164,0.0
old_shared,30,26,37,non_tail,1,0.00716710090637207,0.0
old_shared,30,26,58,non_tail,1,4.639849066734314e-06,0.0
old_shared,30,26,80,tail,1,0.0017044544219970703,0.0
old_shared,30,26,88,tail,1,0.09876298904418945,0.0
old_shared,30,26,91,tail,1,0.03496241569519043,0.0
old_shared,30,27,0,non_tail,1,-1.5350989997386932e-05,0.0
old_shared,30,27,2,non_tail,1,0.01709163188934326,0.0
old_shared,30,27,6,non_tail,1,0.001684047281742096,0.0
old_shared,30,27,7,non_tail,1,-0.015378475189208984,0.0
old_shared,30,27,81,tail,5,0.006856536865234464,0.0
old_shared,30,27,82,tail,4,0.0024788901209831238,0.0
old_shared,30,27,83,tail,6,-0.000606377919515122,0.0
old_shared,30,27,84,tail,1,0.011565089225769043,0.0
old_shared,30,27,86,tail,6,0.024053255716959487,0.0
old_shared,30,27,87,tail,2,0.0007414817810058594,0.0
old_shared,30,27,88,tail,5,0.04090728759765638,0.0
old_shared,30,27,93,tail,4,0.012839555740356445,0.0
old_shared,30,27,94,tail,5,-0.012794113159179776,0.0
old_shared,30,27,95,tail,1,-0.014680862426757812,0.0
old_shared,30,27,98,tail,3,0.01284480094909668,0.0
old_shared,30,28,3,non_tail,1,0.0010403543710708618,0.0
old_shared,30,28,5,non_tail,1,-0.00018718652427196503,0.0
old_shared,30,28,82,tail,4,0.00650334358215332,0.0
old_shared,30,28,83,tail,2,0.0029332637786865234,0.0
old_shared,30,28,84,tail,6,0.014399051666259766,0.0
old_shared,30,28,85,tail,2,0.0031652450561523438,0.0
old_shared,30,28,86,tail,1,0.00011467747390270233,0.0
old_shared,30,28,87,tail,1,0.02970266342163086,0.0
old_shared,30,28,89,tail,4,0.013195276260375977,0.0
old_shared,30,28,90,tail,1,0.001988545060157776,0.0
old_shared,30,28,91,tail,3,0.009660720825195312,0.0
old_shared,30,28,92,tail,3,0.011217117309570312,0.0
old_shared,30,28,93,tail,1,0.04726123809814453,0.0
old_shared,30,28,96,tail,3,0.021969159444173325,0.0
old_shared,30,28,97,tail,1,0.014049768447875977,0.0
old_shared,30,28,98,tail,1,0.014317035675048828,0.0
old_shared,30,28,99,tail,4,0.03453826904296875,0.0
old_shared,30,29,1,non_tail,1,-0.0007358379662036896,0.0
old_shared,30,29,4,non_tail,1,-0.023255586624145508,0.0
old_shared,30,29,8,non_tail,1,-0.024887800216674805,0.0
old_shared,30,29,9,non_tail,1,0.00047486089169979095,0.0
old_shared,30,29,10,non_tail,1,-0.0027023255825042725,0.0
old_shared,30,29,80,tail,8,0.011751413345336914,0.0
old_shared,30,29,81,tail,4,0.009961843490600586,0.0
old_shared,30,29,84,tail,1,-0.044585227966308594,0.0
old_shared,30,29,85,tail,5,0.002008926868438718,0.0
old_shared,30,29,87,tail,3,0.008785565694172881,0.0
old_shared,30,29,88,tail,1,0.028281688690185547,0.0
old_shared,30,29,89,tail,1,0.001383662223815918,0.0
old_shared,30,29,90,tail,4,0.004093155264854431,0.0
old_shared,30,29,91,tail,2,0.01240074634552002,0.0
old_shared,30,29,92,tail,2,-0.0005719661712646484,0.0
old_shared,30,29,95,tail,4,0.013192206621170044,0.0
old_shared,30,29,96,tail,1,0.0037116780877113342,0.0
old_shared,30,29,97,tail,3,-0.03589057922363281,0.0
old_shared,40,0,0,non_tail,1,5.283067002892494e-05,0.0
old_shared,40,0,2,non_tail,5,0.0007131591439247242,0.0
old_shared,40,0,4,non_tail,1,-0.019152283668518066,0.0
old_shared,40,0,5,non_tail,1,-9.851157665252686e-05,0.0
old_shared,40,0,8,non_tail,1,8.222938049584627e-06,0.0
old_shared,40,0,15,non_tail,1,3.1566189136356115e-05,0.0
old_shared,40,0,37,non_tail,1,0.00012732530012726784,0.0
old_shared,40,0,55,non_tail,1,-0.009526729583740234,0.0
old_shared,40,0,60,non_tail,1,0.01867842674255371,0.0
old_shared,40,0,66,non_tail,1,0.0007074065506458282,0.0
old_shared,40,0,69,non_tail,1,0.02082526683807373,0.0
old_shared,40,0,74,non_tail,1,-0.0032806396484375,0.0
old_shared,40,0,81,tail,1,0.014275074005126953,0.0
old_shared,40,0,83,tail,1,0.0029028654098510742,0.0
old_shared,40,1,0,non_tail,3,5.078761023469269e-05,0.0
old_shared,40,1,1,non_tail,1,0.001264672726392746,0.0
old_shared,40,1,7,non_tail,6,0.013686080773671505,0.0
old_shared,40,1,24,non_tail,1,-0.00460505485534668,0.0
old_shared,40,1,28,non_tail,1,0.00018056994304060936,0.0
old_shared,40,1,30,non_tail,1,0.0011495798826217651,0.0
old_shared,40,1,46,non_tail,1,0.01006472110748291,0.0
old_shared,40,1,53,non_tail,2,0.006725043058395386,0.0
old_shared,40,1,86,tail,1,0.03241848945617676,0.0
old_shared,40,2,0,non_tail,1,1.0125106200575829e-05,0.0
old_shared,40,2,3,non_tail,2,0.01060640811920166,0.0
old_shared,40,2,5,non_tail,4,-0.002554832783062011,0.0
old_shared,40,2,6,non_tail,2,0.00010171672329306602,0.0
old_shared,40,2,10,non_tail,2,-0.011314243078231812,0.0
old_shared,40,2,16,non_tail,1,-0.009442329406738281,0.0
old_shared,40,2,22,non_tail,2,0.009236276149749756,0.0
old_shared,40,2,42,non_tail,1,-0.04463958740234375,0.0
old_shared,40,2,77,non_tail,1,-0.01718902587890625,0.0
old_shared,40,2,82,tail,1,0.0021207593381404877,0.0
old_shared,40,2,91,tail,1,0.007204204797744751,0.0
old_shared,40,2,95,tail,1,0.009034395217895508,0.0
old_shared,40,3,2,non_tail,1,-0.004213809967041016,0.0
old_shared,40,3,3,non_tail,1,0.003207612782716751,0.0
old_shared,40,3,6,non_tail,4,0.00354879186488688,0.0
old_shared,40,3,12,non_tail,3,-0.0030046006043752405,0.0
old_shared,40,3,14,non_tail,1,0.00013947347179055214,0.0
old_shared,40,3,20,non_tail,1,7.388414815068245e-06,0.0
old_shared,40,3,31,non_tail,1,0.00012527033686637878,0.0
old_shared,40,3,36,non_tail,1,0.0019575729966163635,0.0
old_shared,40,3,45,non_tail,1,0.019541561603546143,0.0
old_shared,40,3,77,non_tail,1,-0.007921695709228516,0.0
old_shared,40,3,79,non_tail,1,-0.016840457916259766,0.0
old_shared,40,3,90,tail,1,0.0015136674046516418,0.0
old_shared,40,3,94,tail,1,9.55779105424881e-05,0.0
old_shared,40,4,1,non_tail,2,0.0005910568870604038,0.0
old_shared,40,4,2,non_tail,1,-0.0010368824005126953,0.0
old_shared,40,4,3,non_tail,1,0.014208793640136719,0.0
old_shared,40,4,4,non_tail,2,-0.00493130087852478,0.0
old_shared,40,4,5,non_tail,1,4.4358428567647934e-05,0.0
old_shared,40,4,9,non_tail,1,0.002588823437690735,0.0
old_shared,40,4,11,non_tail,2,-0.00014138966798782349,0.0
old_shared,40,4,17,non_tail,1,0.0005254484713077545,0.0
old_shared,40,4,20,non_tail,2,1.875279122032225e-05,0.0
old_shared,40,4,24,non_tail,1,-0.0015822947025299072,0.0
old_shared,40,4,46,non_tail,1,0.007597208023071289,0.0
old_shared,40,4,65,non_tail,1,0.017948627471923828,0.0
old_shared,40,4,92,tail,1,0.0009298324584960938,0.0
old_shared,40,4,97,tail,1,0.03574848175048828,0.0
old_shared,40,6,1,non_tail,1,-0.000562809407711029,0.0
old_shared,40,6,2,non_tail,2,-0.0015158653259277344,0.0
old_shared,40,6,7,non_tail,3,0.004251105089982388,0.0
old_shared,40,6,12,non_tail,3,-0.0002590678632259369,0.0
old_shared,40,6,18,non_tail,1,0.0036129429936408997,0.0
old_shared,40,6,23,non_tail,2,0.004397328943014145,0.0
old_shared,40,6,32,non_tail,1,-0.03124415874481201,0.0
old_shared,40,6,38,non_tail,1,0.01377725601196289,0.0
old_shared,40,6,54,non_tail,1,0.0008813142776489258,0.0
old_shared,40,6,70,non_tail,1,0.0006780121475458145,0.0
old_shared,40,6,84,tail,1,0.0011525154113769531,0.0
old_shared,40,8,4,non_tail,1,0.001004047691822052,0.0
old_shared,40,8,5,non_tail,1,4.0970975533127785e-05,0.0
old_shared,40,8,6,non_tail,2,0.0003345389850437641,0.0
old_shared,40,8,7,non_tail,1,7.088622078299522e-05,0.0
old_shared,40,8,15,non_tail,1,0.001021742820739746,0.0
old_shared,40,8,17,non_tail,1,0.0023932084441184998,0.0
old_shared,40,8,21,non_tail,1,5.260517355054617e-05,0.0
old_shared,40,8,26,non_tail,3,-0.015278816223144531,0.0
old_shared,40,8,38,non_tail,1,8.699658792465925e-06,0.0
old_shared,40,8,46,non_tail,1,0.002095252275466919,0.0
old_shared,40,8,57,non_tail,1,0.0013636946678161621,0.0
old_shared,40,8,58,non_tail,1,-0.01253741979598999,0.0
old_shared,40,8,62,non_tail,1,0.009182929992675781,0.0
old_shared,40,8,83,tail,1,0.02452707290649414,0.0
old_shared,40,9,1,non_tail,1,-0.0002546235918998718,0.0
old_shared,40,9,2,non_tail,1,0.0005014389753341675,0.0
old_shared,40,9,4,non_tail,2,-0.009476006031036377,0.0
old_shared,40,9,6,non_tail,1,5.0273025408387184e-05,0.0
old_shared,40,9,7,non_tail,1,0.0002024322748184204,0.0
old_shared,40,9,13,non_tail,1,0.00023900344967842102,0.0
old_shared,40,9,14,non_tail,4,0.008098464692011476,0.0
old_shared,40,9,17,non_tail,1,5.8658188208937645e-05,0.0
old_shared,40,9,35,non_tail,1,-0.00026742368936538696,0.0
old_shared,40,9,52,non_tail,1,0.0011953115463256836,0.0
old_shared,40,9,67,non_tail,1,0.00020372867584228516,0.0
old_shared,40,9,79,non_tail,1,-0.0046558380126953125,0.0
old_shared,40,9,86,tail,1,0.016466975212097168,0.0
old_shared,40,9,89,tail,1,0.04780292510986328,0.0
old_shared,40,12,0,non_tail,1,5.839683581143618e-06,0.0
old_shared,40,12,1,non_tail,2,-0.019713550806045532,0.0
old_shared,40,12,3,non_tail,1,0.0010067559778690338,0.0
old_shared,40,12,10,non_tail,1,-1.154246274381876e-05,0.0
old_shared,40,12,12,non_tail,1,-6.912648677825928e-05,0.0
old_shared,40,12,13,non_tail,2,0.0027465559542179108,0.0
old_shared,40,12,17,non_tail,1,0.00011458154767751694,0.0
old_shared,40,12,26,non_tail,1,-0.001058623194694519,0.0
old_shared,40,12,27,non_tail,2,-0.024459153413772583,0.0
old_shared,40,12,28,non_tail,1,0.0019858479499816895,0.0
old_shared,40,12,38,non_tail,1,0.006936103105545044,0.0
old_shared,40,12,41,non_tail,1,0.0002055130898952484,0.0
old_shared,40,12,59,non_tail,1,0.0007925033569335938,0.0
old_shared,40,12,85,tail,1,0.018850386142730713,0.0
old_shared,40,12,90,tail,1,0.018061161041259766,0.0
old_shared,40,13,4,non_tail,3,0.0024965405464172363,0.0
old_shared,40,13,6,non_tail,1,0.00039004115387797356,0.0
old_shared,40,13,8,non_tail,2,0.00024032453075051308,0.0
old_shared,40,13,11,non_tail,1,0.0014702603220939636,0.0
old_shared,40,13,25,non_tail,2,0.0010021617636084557,0.0
old_shared,40,13,26,non_tail,3,-0.009795197596152605,0.0
old_shared,40,13,28,non_tail,1,-0.0013232231140136719,0.0
old_shared,40,13,40,non_tail,1,0.0015812143683433533,0.0
old_shared,40,13,58,non_tail,1,0.004509404301643372,0.0
old_shared,40,13,68,non_tail,1,0.0024029165506362915,0.0
old_shared,40,13,87,tail,1,0.003092855215072632,0.0
old_shared,40,14,1,non_tail,1,0.0005089081823825836,0.0
old_shared,40,14,4,non_tail,1,0.007627576589584351,0.0
old_shared,40,14,11,non_tail,1,0.00011641625314950943,0.0
old_shared,40,14,14,non_tail,2,0.010559040121734142,0.0
old_shared,40,14,17,non_tail,1,0.021739602088928223,0.0
old_shared,40,14,21,non_tail,2,4.514539614319801e-05,0.0
old_shared,40,14,28,non_tail,2,0.009726926684379578,0.0
old_shared,40,14,32,non_tail,1,1.380452886223793e-05,0.0
old_shared,40,14,43,non_tail,1,0.017507702112197876,0.0
old_shared,40,14,46,non_tail,1,0.0036394596099853516,0.0
old_shared,40,14,55,non_tail,1,-0.00887441635131836,0.0
old_shared,40,14,56,non_tail,1,0.003978461027145386,0.0
old_shared,40,14,75,non_tail,1,0.033158302307128906,0.0
old_shared,40,14,85,tail,1,-0.005641460418701172,0.0
old_shared,40,14,96,tail,1,0.005158424377441406,0.0
old_shared,40,15,0,non_tail,5,0.0018147379159927368,0.0
old_shared,40,15,2,non_tail,1,0.0007697176188230515,0.0
old_shared,40,15,3,non_tail,3,0.0014172829687595367,0.0
old_shared,40,15,9,non_tail,1,0.001018419861793518,0.0
old_shared,40,15,13,non_tail,1,0.015569090843200684,0.0
old_shared,40,15,16,non_tail,1,-0.02151012420654297,0.0
old_shared,40,15,19,non_tail,1,4.7430628910660744e-05,0.0
old_shared,40,15,53,non_tail,1,0.0008909925818443298,0.0
old_shared,40,15,57,non_tail,1,0.005315333604812622,0.0
old_shared,40,15,66,non_tail,1,0.003957271575927734,0.0
old_shared,40,15,84,tail,1,0.0026221275329589844,0.0
old_shared,40,15,88,tail,1,0.001981765031814575,0.0
old_shared,40,16,0,non_tail,1,0.0003346391022205353,0.0
old_shared,40,16,1,non_tail,1,0.00012420490384101868,0.0
old_shared,40,16,2,non_tail,1,0.0013355240225791931,0.0
old_shared,40,16,4,non_tail,2,0.01094035804271698,0.0
old_shared,40,16,10,non_tail,3,-0.013233820597330803,0.0
old_shared,40,16,11,non_tail,2,0.0007406026124954224,0.0
old_shared,40,16,29,non_tail,1,1.5720201190561056e-05,0.0
old_shared,40,16,30,non_tail,1,-0.029853343963623047,0.0
old_shared,40,16,36,non_tail,1,0.005711197853088379,0.0
old_shared,40,16,41,non_tail,1,-0.0005105305463075638,0.0
old_shared,40,16,59,non_tail,1,-0.0008487701416015625,0.0
old_shared,40,16,74,non_tail,1,-0.0001418590545654297,0.0
old_shared,40,16,93,tail,1,0.05680394172668457,0.0
old_shared,40,17,1,non_tail,1,5.211075767874718e-05,0.0
old_shared,40,17,3,non_tail,1,0.03453969955444336,0.0
old_shared,40,17,4,non_tail,2,-0.07457306981086731,0.0
old_shared,40,17,5,non_tail,1,-0.02312016487121582,0.0
old_shared,40,17,6,non_tail,1,4.652806092053652e-05,0.0
old_shared,40,17,13,non_tail,2,-0.00017371773719787598,0.0
old_shared,40,17,18,non_tail,2,0.004605650901794434,0.0
old_shared,40,17,23,non_tail,1,0.0005268193781375885,0.0
old_shared,40,17,26,non_tail,1,-0.02469480037689209,0.0
old_shared,40,17,30,non_tail,1,-0.0013478845357894897,0.0
old_shared,40,17,31,non_tail,1,-0.006579995155334473,0.0
old_shared,40,17,33,non_tail,1,0.028017520904541016,0.0
old_shared,40,17,40,non_tail,1,0.00012305378913879395,0.0
old_shared,40,17,80,tail,1,0.030460357666015625,0.0
old_shared,40,20,0,non_tail,1,0.00024280138313770294,0.0
old_shared,40,20,1,non_tail,1,0.0005036052316427231,0.0
old_shared,40,20,3,non_tail,3,0.011001929640769958,0.0
old_shared,40,20,5,non_tail,1,7.987720891833305e-05,0.0
old_shared,40,20,9,non_tail,1,0.016048431396484375,0.0
old_shared,40,20,11,non_tail,2,-0.002193450927734375,0.0
old_shared,40,20,15,non_tail,1,0.006606489419937134,0.0
old_shared,40,20,16,non_tail,2,-0.008553638122975826,0.0
old_shared,40,20,21,non_tail,1,-0.0018420815467834473,0.0
old_shared,40,20,32,non_tail,1,-0.033812642097473145,0.0
old_shared,40,20,33,non_tail,1,0.0026963353157043457,0.0
old_shared,40,20,34,non_tail,1,0.0017058700323104858,0.0
old_shared,40,20,81,tail,1,0.00716012716293335,0.0
old_shared,40,20,82,tail,1,0.033997535705566406,0.0
old_shared,40,20,87,tail,1,0.003192231059074402,0.0
old_shared,40,21,0,non_tail,1,0.0005380846560001373,0.0
old_shared,40,21,7,non_tail,1,0.004377961158752441,0.0
old_shared,40,21,10,non_tail,1,-0.0012747347354888916,0.0
old_shared,40,21,14,non_tail,4,0.03634744370356202,0.0
old_shared,40,21,17,non_tail,3,0.0006009340286254883,0.0
old_shared,40,21,19,non_tail,1,-0.01605057716369629,0.0
old_shared,40,21,23,non_tail,2,0.0010775327682495117,0.0
old_shared,40,21,26,non_tail,1,-0.00033180415630340576,0.0
old_shared,40,21,29,non_tail,1,-0.02782517671585083,0.0
old_shared,40,21,33,non_tail,1,0.029021263122558594,0.0
old_shared,40,21,82,tail,1,0.02477407455444336,0.0
old_shared,40,24,2,non_tail,1,0.002534806728363037,0.0
old_shared,40,24,6,non_tail,3,0.005383200943470001,0.0
old_shared,40,24,7,non_tail,2,0.008260570466518402,0.0
old_shared,40,24,14,non_tail,2,0.013806398957967758,0.0
old_shared,40,24,15,non_tail,1,0.0004566861316561699,0.0
old_shared,40,24,17,non_tail,1,8.14199447631836e-05,0.0
old_shared,40,24,18,non_tail,1,0.0036727935075759888,0.0
old_shared,40,24,23,non_tail,1,0.002225518226623535,0.0
old_shared,40,24,25,non_tail,1,0.0013712644577026367,0.0
old_shared,40,24,30,non_tail,1,-0.07379567623138428,0.0
old_shared,40,24,42,non_tail,1,0.00023602694272994995,0.0
old_shared,40,24,43,non_tail,1,0.04394042491912842,0.0
old_shared,40,24,98,tail,1,0.006778836250305176,0.0
old_shared,40,25,3,non_tail,1,0.0007790960371494293,0.0
old_shared,40,25,5,non_tail,2,0.0004343818873167038,0.0
old_shared,40,25,6,non_tail,1,6.642541848123074e-05,0.0
old_shared,40,25,14,non_tail,1,0.00042430125176906586,0.0
old_shared,40,25,15,non_tail,5,0.007736656814813614,0.0
old_shared,40,25,16,non_tail,1,3.505265340209007e-05,0.0
old_shared,40,25,21,non_tail,3,0.0024090074002742767,0.0
old_shared,40,25,41,non_tail,1,0.027988672256469727,0.0
old_shared,40,25,45,non_tail,1,0.023014068603515625,0.0
old_shared,40,25,80,tail,1,0.02136969566345215,0.0
old_shared,40,25,89,tail,1,0.04638242721557617,0.0
old_shared,40,25,99,tail,1,0.004364609718322754,0.0
old_shared,40,26,0,non_tail,6,0.0005907945645352228,0.0
old_shared,40,26,1,non_tail,1,0.0004170164465904236,0.0
old_shared,40,26,8,non_tail,1,0.0001464500091969967,0.0
old_shared,40,26,13,non_tail,2,0.00012268521822988987,0.0
old_shared,40,26,15,non_tail,1,0.02093183994293213,0.0
old_shared,40,26,16,non_tail,1,2.6973430067300797e-05,0.0
old_shared,40,26,20,non_tail,1,2.9291841201484203e-05,0.0
old_shared,40,26,29,non_tail,1,-0.03992044925689697,0.0
old_shared,40,26,37,non_tail,1,-0.0025517940521240234,0.0
old_shared,40,26,58,non_tail,1,3.413925878703594e-05,0.0
old_shared,40,26,80,tail,1,0.00181569904088974,0.0
old_shared,40,26,88,tail,1,0.09389877319335938,0.0
old_shared,40,26,91,tail,1,0.03343796730041504,0.0
old_shared,40,27,0,non_tail,1,1.547299325466156e-05,0.0
old_shared,40,27,2,non_tail,1,0.0056340694427490234,0.0
old_shared,40,27,6,non_tail,1,0.000790812075138092,0.0
old_shared,40,27,7,non_tail,1,-0.01796865463256836,0.0
old_shared,40,27,81,tail,5,0.008671188354492099,0.0
old_shared,40,27,82,tail,4,0.003222299739718437,0.0
old_shared,40,27,83,tail,6,0.004946549733479744,0.0
old_shared,40,27,84,tail,1,0.007231712341308594,0.0
old_shared,40,27,86,tail,6,0.026185035705566406,0.0
old_shared,40,27,87,tail,2,0.0009287521243095398,0.0
old_shared,40,27,88,tail,5,0.04754753112792964,0.0
old_shared,40,27,93,tail,4,-0.005055069923400879,0.0
old_shared,40,27,94,tail,5,0.003498268127441584,0.0
old_shared,40,27,95,tail,1,-0.025557994842529297,0.0
old_shared,40,27,98,tail,3,0.008303642272949219,0.0
old_shared,40,28,3,non_tail,1,0.0037833787500858307,0.0
old_shared,40,28,5,non_tail,1,2.834061160683632e-05,0.0
old_shared,40,28,82,tail,4,0.011697590351104736,0.0
old_shared,40,28,83,tail,2,-0.012580156326293945,0.0
old_shared,40,28,84,tail,6,0.0026653607686357716,0.0
old_shared,40,28,85,tail,2,0.012176513671875,0.0
old_shared,40,28,86,tail,1,0.00016197515651583672,0.0
old_shared,40,28,87,tail,1,-0.0019059181213378906,0.0
old_shared,40,28,89,tail,4,0.03475689888000488,0.0
old_shared,40,28,90,tail,1,0.0010181702673435211,0.0
old_shared,40,28,91,tail,3,0.021496136983235825,0.0
old_shared,40,28,92,tail,3,0.017314116160074722,0.0
old_shared,40,28,93,tail,1,0.031040668487548828,0.0
old_shared,40,28,96,tail,3,0.0271752675374346,0.0
old_shared,40,28,97,tail,1,0.06248188018798828,0.0
old_shared,40,28,98,tail,1,0.012722969055175781,0.0
old_shared,40,28,99,tail,4,0.016974449157714844,0.0
old_shared,40,29,1,non_tail,1,0.00015815719962120056,0.0
old_shared,40,29,4,non_tail,1,-0.03066563606262207,0.0
old_shared,40,29,8,non_tail,1,-0.00968170166015625,0.0
old_shared,40,29,9,non_tail,1,0.000415164977312088,0.0
old_shared,40,29,10,non_tail,1,-0.0037321150302886963,0.0
old_shared,40,29,80,tail,8,0.010337591171264648,0.0
old_shared,40,29,81,tail,4,0.01103520393371582,0.0
old_shared,40,29,84,tail,1,-0.02531719207763672,0.0
old_shared,40,29,85,tail,5,0.0008775293827056885,0.0
old_shared,40,29,87,tail,3,0.005318959554036162,0.0
old_shared,40,29,88,tail,1,0.02380061149597168,0.0
old_shared,40,29,89,tail,1,0.018224477767944336,0.0
old_shared,40,29,90,tail,4,0.005973435938358307,0.0
old_shared,40,29,91,tail,2,0.015491008758544922,0.0
old_shared,40,29,92,tail,2,0.012676000595092773,0.0
old_shared,40,29,95,tail,4,0.010890275239944458,0.0
old_shared,40,29,96,tail,1,0.0018981248140335083,0.0
old_shared,40,29,97,tail,3,-0.018079121907551787,0.0
old_shared,50,0,0,non_tail,1,4.632328636944294e-05,0.0
old_shared,50,0,2,non_tail,5,0.004451735317707095,0.0
old_shared,50,0,4,non_tail,1,0.0032619237899780273,0.0
old_shared,50,0,5,non_tail,1,0.0013299137353897095,0.0
old_shared,50,0,8,non_tail,1,8.580886060371995e-06,0.0
old_shared,50,0,15,non_tail,1,2.0488747395575047e-05,0.0
old_shared,50,0,37,non_tail,1,0.00019004521891474724,0.0
old_shared,50,0,55,non_tail,1,-0.014422416687011719,0.0
old_shared,50,0,60,non_tail,1,0.012854933738708496,0.0
old_shared,50,0,66,non_tail,1,0.00038137659430503845,0.0
old_shared,50,0,69,non_tail,1,0.00952291488647461,0.0
old_shared,50,0,74,non_tail,1,-0.020250320434570312,0.0
old_shared,50,0,81,tail,1,0.024340152740478516,0.0
old_shared,50,0,83,tail,1,0.009090304374694824,0.0
old_shared,50,1,0,non_tail,3,4.4670285812268944e-05,0.0
old_shared,50,1,1,non_tail,1,0.0010220259428024292,0.0
old_shared,50,1,7,non_tail,6,0.0024019678433736535,0.0
old_shared,50,1,24,non_tail,1,0.0016961097717285156,0.0
old_shared,50,1,28,non_tail,1,0.00017671147361397743,0.0
old_shared,50,1,30,non_tail,1,0.0018042176961898804,0.0
old_shared,50,1,46,non_tail,1,-0.004125237464904785,0.0
old_shared,50,1,53,non_tail,2,0.0014880746603012085,0.0
old_shared,50,1,86,tail,1,0.04141402244567871,0.0
old_shared,50,2,0,non_tail,1,1.1317082680761814e-05,0.0
old_shared,50,2,3,non_tail,2,-0.002839207649230957,0.0
old_shared,50,2,5,non_tail,4,-0.0018481346487533301,0.0
old_shared,50,2,6,non_tail,2,8.645933121442795e-05,0.0
old_shared,50,2,10,non_tail,2,0.001994192600250244,0.0
old_shared,50,2,16,non_tail,1,-0.012682676315307617,0.0
old_shared,50,2,22,non_tail,2,0.0129469633102417,0.0
old_shared,50,2,42,non_tail,1,-0.046112060546875,0.0
old_shared,50,2,77,non_tail,1,-0.02047443389892578,0.0
old_shared,50,2,82,tail,1,0.0009524673223495483,0.0
old_shared,50,2,91,tail,1,0.011588096618652344,0.0
old_shared,50,2,95,tail,1,0.002238750457763672,0.0
old_shared,50,3,2,non_tail,1,-0.010720014572143555,0.0
old_shared,50,3,3,non_tail,1,-0.00019053742289543152,0.0
old_shared,50,3,6,non_tail,4,0.0011023676488548517,0.0
old_shared,50,3,12,non_tail,3,-0.004028956095377678,0.0
old_shared,50,3,14,non_tail,1,9.632925502955914e-05,0.0
old_shared,50,3,20,non_tail,1,9.652634616941214e-06,0.0
old_shared,50,3,31,non_tail,1,9.649153798818588e-05,0.0
old_shared,50,3,36,non_tail,1,0.0012451261281967163,0.0
old_shared,50,3,45,non_tail,1,0.011880666017532349,0.0
old_shared,50,3,77,non_tail,1,-0.009302139282226562,0.0
old_shared,50,3,79,non_tail,1,-0.0003566741943359375,0.0
old_shared,50,3,90,tail,1,0.003342181444168091,0.0
old_shared,50,3,94,tail,1,9.708106517791748e-05,0.0
old_shared,50,4,1,non_tail,2,0.0008786641992628574,0.0
old_shared,50,4,2,non_tail,1,0.005008816719055176,0.0
old_shared,50,4,3,non_tail,1,0.0046041011810302734,0.0
old_shared,50,4,4,non_tail,2,0.004820510745048523,0.0
old_shared,50,4,5,non_tail,1,5.5314041674137115e-05,0.0
old_shared,50,4,9,non_tail,1,0.001782447099685669,0.0
old_shared,50,4,11,non_tail,2,-0.00263030081987381,0.0
old_shared,50,4,17,non_tail,1,0.00048249028623104095,0.0
old_shared,50,4,20,non_tail,2,2.208695514127612e-05,0.0
old_shared,50,4,24,non_tail,1,0.0007545799016952515,0.0
old_shared,50,4,46,non_tail,1,-0.0043912529945373535,0.0
old_shared,50,4,65,non_tail,1,0.0031409263610839844,0.0
old_shared,50,4,92,tail,1,0.02460193634033203,0.0
old_shared,50,4,97,tail,1,0.030288219451904297,0.0
old_shared,50,6,1,non_tail,1,0.0004975982010364532,0.0
old_shared,50,6,2,non_tail,2,0.0008365511894226074,0.0
old_shared,50,6,7,non_tail,3,-0.001955526570479038,0.0
old_shared,50,6,12,non_tail,3,2.982094883918762e-06,0.0
old_shared,50,6,18,non_tail,1,0.0017517656087875366,0.0
old_shared,50,6,23,non_tail,2,0.0031744474545121193,0.0
old_shared,50,6,32,non_tail,1,-0.0325925350189209,0.0
old_shared,50,6,38,non_tail,1,-0.014066576957702637,0.0
old_shared,50,6,54,non_tail,1,0.0010083913803100586,0.0
old_shared,50,6,70,non_tail,1,0.0004906859248876572,0.0
old_shared,50,6,84,tail,1,0.011752843856811523,0.0
old_shared,50,8,4,non_tail,1,0.002642996609210968,0.0
old_shared,50,8,5,non_tail,1,6.324483547359705e-05,0.0
old_shared,50,8,6,non_tail,2,0.00011201249435544014,0.0
old_shared,50,8,7,non_tail,1,-1.1877855286002159e-05,0.0
old_shared,50,8,15,non_tail,1,0.00096080731600523,0.0
old_shared,50,8,17,non_tail,1,0.002095520496368408,0.0
old_shared,50,8,21,non_tail,1,2.297363243997097e-05,0.0
old_shared,50,8,26,non_tail,3,-0.022131919860839844,0.0
old_shared,50,8,38,non_tail,1,5.124573362991214e-06,0.0
old_shared,50,8,46,non_tail,1,-0.0017234086990356445,0.0
old_shared,50,8,57,non_tail,1,-0.0002707839012145996,0.0
old_shared,50,8,58,non_tail,1,-0.015350580215454102,0.0
old_shared,50,8,62,non_tail,1,-0.011846065521240234,0.0
old_shared,50,8,83,tail,1,0.025849580764770508,0.0
old_shared,50,9,1,non_tail,1,0.0004833638668060303,0.0
old_shared,50,9,2,non_tail,1,0.0009691119194030762,0.0
old_shared,50,9,4,non_tail,2,0.009076684713363647,0.0
old_shared,50,9,6,non_tail,1,3.2921554520726204e-05,0.0
old_shared,50,9,7,non_tail,1,-0.0009664073586463928,0.0
old_shared,50,9,13,non_tail,1,0.00011491170153021812,0.0
old_shared,50,9,14,non_tail,4,0.008375634672120214,0.0
old_shared,50,9,17,non_tail,1,5.667190998792648e-05,0.0
old_shared,50,9,35,non_tail,1,-0.001124214380979538,0.0
old_shared,50,9,52,non_tail,1,-0.004173398017883301,0.0
old_shared,50,9,67,non_tail,1,0.0006017684936523438,0.0
old_shared,50,9,79,non_tail,1,-0.0003859996795654297,0.0
old_shared,50,9,86,tail,1,0.018109172582626343,0.0
old_shared,50,9,89,tail,1,0.032462120056152344,0.0
old_shared,50,12,0,non_tail,1,4.171306500211358e-06,0.0
old_shared,50,12,1,non_tail,2,-0.0062197670340538025,0.0
old_shared,50,12,3,non_tail,1,1.4062970876693726e-06,0.0
old_shared,50,12,10,non_tail,1,2.7018715627491474e-05,0.0
old_shared,50,12,12,non_tail,1,-1.2425705790519714e-05,0.0
old_shared,50,12,13,non_tail,2,0.0028606425039470196,0.0
old_shared,50,12,17,non_tail,1,8.861534297466278e-05,0.0
old_shared,50,12,26,non_tail,1,-0.0010436251759529114,0.0
old_shared,50,12,27,non_tail,2,-0.021264836192131042,0.0
old_shared,50,12,28,non_tail,1,0.001595858484506607,0.0
old_shared,50,12,38,non_tail,1,-0.0002269744873046875,0.0
old_shared,50,12,41,non_tail,1,0.0007603336125612259,0.0
old_shared,50,12,59,non_tail,1,-0.005760550498962402,0.0
old_shared,50,12,85,tail,1,0.027450084686279297,0.0
old_shared,50,12,90,tail,1,0.020354270935058594,0.0
old_shared,50,13,4,non_tail,3,0.005182549357414246,0.0
old_shared,50,13,6,non_tail,1,0.0002870643511414528,0.0
old_shared,50,13,8,non_tail,2,0.00017946609295904636,0.0
old_shared,50,13,11,non_tail,1,-0.00026776641607284546,0.0
old_shared,50,13,25,non_tail,2,0.0007436992600560188,0.0
old_shared,50,13,26,non_tail,3,-0.0086866480608781,0.0
old_shared,50,13,28,non_tail,1,0.005867481231689453,0.0
old_shared,50,13,40,non_tail,1,0.0005020350217819214,0.0
old_shared,50,13,58,non_tail,1,0.004559412598609924,0.0
old_shared,50,13,68,non_tail,1,0.0017424970865249634,0.0
old_shared,50,13,87,tail,1,0.002360232174396515,0.0
old_shared,50,14,1,non_tail,1,0.00047543924301862717,0.0
old_shared,50,14,4,non_tail,1,0.012778013944625854,0.0
old_shared,50,14,11,non_tail,1,-0.00020449049770832062,0.0
old_shared,50,14,14,non_tail,2,0.010170833207666874,0.0
old_shared,50,14,17,non_tail,1,0.03954052925109863,0.0
old_shared,50,14,21,non_tail,2,-8.004321716725826e-05,0.0
old_shared,50,14,28,non_tail,2,0.006206482648849487,0.0
old_shared,50,14,32,non_tail,1,-9.757233783602715e-06,0.0
old_shared,50,14,43,non_tail,1,0.009481817483901978,0.0
old_shared,50,14,46,non_tail,1,-0.022396385669708252,0.0
old_shared,50,14,55,non_tail,1,-0.024479150772094727,0.0
old_shared,50,14,56,non_tail,1,-0.0003763735294342041,0.0
old_shared,50,14,75,non_tail,1,-0.0012536048889160156,0.0
old_shared,50,14,85,tail,1,0.0040628910064697266,0.0
old_shared,50,14,96,tail,1,0.013321399688720703,0.0
old_shared,50,15,0,non_tail,5,0.002585472166538247,0.0
old_shared,50,15,2,non_tail,1,0.0012004021555185318,0.0
old_shared,50,15,3,non_tail,3,0.00025689353545507027,0.0
old_shared,50,15,9,non_tail,1,0.001553662121295929,0.0
old_shared,50,15,13,non_tail,1,0.01998615264892578,0.0
old_shared,50,15,16,non_tail,1,-0.04761457443237305,0.0
old_shared,50,15,19,non_tail,1,5.290633998811245e-05,0.0
old_shared,50,15,53,non_tail,1,0.00014470890164375305,0.0
old_shared,50,15,57,non_tail,1,0.0045773983001708984,0.0
old_shared,50,15,66,non_tail,1,-0.012477874755859375,0.0
old_shared,50,15,84,tail,1,0.010018348693847656,0.0
old_shared,50,15,88,tail,1,0.0020525753498077393,0.0
old_shared,50,16,0,non_tail,1,0.00011708587408065796,0.0
old_shared,50,16,1,non_tail,1,0.0001794588752090931,0.0
old_shared,50,16,2,non_tail,1,0.0024061203002929688,0.0
old_shared,50,16,4,non_tail,2,0.01023828610777855,0.0
old_shared,50,16,10,non_tail,3,0.0003504753112792969,0.0
old_shared,50,16,11,non_tail,2,-0.005513817071914673,0.0
old_shared,50,16,29,non_tail,1,1.881783828139305e-05,0.0
old_shared,50,16,30,non_tail,1,-0.024141311645507812,0.0
old_shared,50,16,36,non_tail,1,0.001295432448387146,0.0
old_shared,50,16,41,non_tail,1,-0.000951150432229042,0.0
old_shared,50,16,59,non_tail,1,-0.0006132125854492188,0.0
old_shared,50,16,74,non_tail,1,-0.013892948627471924,0.0
old_shared,50,16,93,tail,1,0.05571174621582031,0.0
old_shared,50,17,1,non_tail,1,7.504923269152641e-05,0.0
old_shared,50,17,3,non_tail,1,-0.010710954666137695,0.0
old_shared,50,17,4,non_tail,2,-0.017841607332229614,0.0
old_shared,50,17,5,non_tail,1,-0.007650852203369141,0.0
old_shared,50,17,6,non_tail,1,3.0233408324420452e-05,0.0
old_shared,50,17,13,non_tail,2,-0.003838181495666504,0.0
old_shared,50,17,18,non_tail,2,0.0054405927658081055,0.0
old_shared,50,17,23,non_tail,1,0.00020691007375717163,0.0
old_shared,50,17,26,non_tail,1,-0.017750144004821777,0.0
old_shared,50,17,30,non_tail,1,0.00024440884590148926,0.0
old_shared,50,17,31,non_tail,1,0.011145353317260742,0.0
old_shared,50,17,33,non_tail,1,0.01408243179321289,0.0
old_shared,50,17,40,non_tail,1,-0.00011814571917057037,0.0
old_shared,50,17,80,tail,1,0.030477523803710938,0.0
old_shared,50,20,0,non_tail,1,0.00015135295689105988,0.0
old_shared,50,20,1,non_tail,1,0.000951400026679039,0.0
old_shared,50,20,3,non_tail,3,0.0007405678431192941,0.0
old_shared,50,20,5,non_tail,1,0.0002085324376821518,0.0
old_shared,50,20,9,non_tail,1,0.038826942443847656,0.0
old_shared,50,20,11,non_tail,2,-0.015341639518737793,0.0
old_shared,50,20,15,non_tail,1,0.006097689270973206,0.0
old_shared,50,20,16,non_tail,2,-0.014295374974608421,0.0
old_shared,50,20,21,non_tail,1,-0.0011269748210906982,0.0
old_shared,50,20,32,non_tail,1,-0.030903220176696777,0.0
old_shared,50,20,33,non_tail,1,0.0016116313636302948,0.0
old_shared,50,20,34,non_tail,1,-0.0008771121501922607,0.0
old_shared,50,20,81,tail,1,0.008204638957977295,0.0
old_shared,50,20,82,tail,1,0.0072824954986572266,0.0
old_shared,50,20,87,tail,1,0.0019980482757091522,0.0
old_shared,50,21,0,non_tail,1,0.00018250569701194763,0.0
old_shared,50,21,7,non_tail,1,1.3262033462524414e-05,0.0
old_shared,50,21,10,non_tail,1,0.0021712929010391235,0.0
old_shared,50,21,14,non_tail,4,0.02972680004313588,0.0
old_shared,50,21,17,non_tail,3,0.0005872473120689392,0.0
old_shared,50,21,19,non_tail,1,-0.02015697956085205,0.0
old_shared,50,21,23,non_tail,2,0.0003881603479385376,0.0
old_shared,50,21,26,non_tail,1,-0.0024018585681915283,0.0
old_shared,50,21,29,non_tail,1,-0.02220618724822998,0.0
old_shared,50,21,33,non_tail,1,0.03272247314453125,0.0
old_shared,50,21,82,tail,1,0.034571170806884766,0.0
old_shared,50,24,2,non_tail,1,0.008040934801101685,0.0
old_shared,50,24,6,non_tail,3,0.005781004826227787,0.0
old_shared,50,24,7,non_tail,2,0.005598664283752441,0.0
old_shared,50,24,14,non_tail,2,0.012258123606443405,0.0
old_shared,50,24,15,non_tail,1,0.0004976121708750725,0.0
old_shared,50,24,17,non_tail,1,6.728805601596832e-05,0.0
old_shared,50,24,18,non_tail,1,0.00492946058511734,0.0
old_shared,50,24,23,non_tail,1,0.0004486367106437683,0.0
old_shared,50,24,25,non_tail,1,0.0026676058769226074,0.0
old_shared,50,24,30,non_tail,1,-0.03435957431793213,0.0
old_shared,50,24,42,non_tail,1,6.547686643898487e-05,0.0
old_shared,50,24,43,non_tail,1,0.047982215881347656,0.0
old_shared,50,24,98,tail,1,-0.008992910385131836,0.0
old_shared,50,25,3,non_tail,1,0.00022966507822275162,0.0
old_shared,50,25,5,non_tail,2,0.0008059749379754066,0.0
old_shared,50,25,6,non_tail,1,5.57552557438612e-05,0.0
old_shared,50,25,14,non_tail,1,0.000359569676220417,0.0
old_shared,50,25,15,non_tail,5,0.00590703189373018,0.0
old_shared,50,25,16,non_tail,1,3.3640069887042046e-05,0.0
old_shared,50,25,21,non_tail,3,0.00046787938723961975,0.0
old_shared,50,25,41,non_tail,1,0.017171621322631836,0.0
old_shared,50,25,45,non_tail,1,0.01549530029296875,0.0
old_shared,50,25,80,tail,1,0.02646183967590332,0.0
old_shared,50,25,89,tail,1,0.04436981678009033,0.0
old_shared,50,25,99,tail,1,0.0038961172103881836,0.0
old_shared,50,26,0,non_tail,6,0.0004620406155784948,0.0
old_shared,50,26,1,non_tail,1,0.0007250048220157623,0.0
old_shared,50,26,8,non_tail,1,0.0001342729665338993,0.0
old_shared,50,26,13,non_tail,2,9.147520177066326e-05,0.0
old_shared,50,26,15,non_tail,1,0.025142192840576172,0.0
old_shared,50,26,16,non_tail,1,1.842598430812359e-05,0.0
old_shared,50,26,20,non_tail,1,3.322248812764883e-05,0.0
old_shared,50,26,29,non_tail,1,-0.021875977516174316,0.0
old_shared,50,26,37,non_tail,1,-0.003126859664916992,0.0
old_shared,50,26,58,non_tail,1,4.543480463325977e-05,0.0
old_shared,50,26,80,tail,1,0.002037450671195984,0.0
old_shared,50,26,88,tail,1,0.09123563766479492,0.0
old_shared,50,26,91,tail,1,0.02347707748413086,0.0
old_shared,50,27,0,non_tail,1,7.3802657425403595e-06,0.0
old_shared,50,27,2,non_tail,1,0.013427138328552246,0.0
old_shared,50,27,6,non_tail,1,0.0013156458735466003,0.0
old_shared,50,27,7,non_tail,1,-0.02691936492919922,0.0
old_shared,50,27,81,tail,5,0.010550308227539329,0.0
old_shared,50,27,82,tail,4,-0.0015686117112636566,0.0
old_shared,50,27,83,tail,6,0.010653336842854966,0.0
old_shared,50,27,84,tail,1,0.012744426727294922,0.0
old_shared,50,27,86,tail,6,0.030731678009033203,0.0
old_shared,50,27,87,tail,2,0.0007756799459457397,0.0
old_shared,50,27,88,tail,5,0.03394899368286142,0.0
old_shared,50,27,93,tail,4,-0.008332252502441406,0.0
old_shared,50,27,94,tail,5,0.005137062072753995,0.0
old_shared,50,27,95,tail,1,-0.024682044982910156,0.0
old_shared,50,27,98,tail,3,0.0003531773885092626,0.0
old_shared,50,28,3,non_tail,1,0.0009151548147201538,0.0
old_shared,50,28,5,non_tail,1,0.00010757520794868469,0.0
old_shared,50,28,82,tail,4,0.0082511305809021,0.0
old_shared,50,28,83,tail,2,-0.004728078842163086,0.0
old_shared,50,28,84,tail,6,-0.00015942255655954085,0.0
old_shared,50,28,85,tail,2,0.020741939544677734,0.0
old_shared,50,28,86,tail,1,9.266473352909088e-05,0.0
old_shared,50,28,87,tail,1,0.02147197723388672,0.0
old_shared,50,28,89,tail,4,0.03977060317993164,0.0
old_shared,50,28,90,tail,1,0.0016448311507701874,0.0
old_shared,50,28,91,tail,3,0.019756317138671875,0.0
old_shared,50,28,92,tail,3,0.014706770579020034,0.0
old_shared,50,28,93,tail,1,0.01630544662475586,0.0
old_shared,50,28,96,tail,3,0.03270562489827489,0.0
old_shared,50,28,97,tail,1,0.03457927703857422,0.0
old_shared,50,28,98,tail,1,-0.006352424621582031,0.0
old_shared,50,28,99,tail,4,0.011185646057128906,0.0
old_shared,50,29,1,non_tail,1,0.0011669248342514038,0.0
old_shared,50,29,4,non_tail,1,-0.019638419151306152,0.0
old_shared,50,29,8,non_tail,1,0.0022389888763427734,0.0
old_shared,50,29,9,non_tail,1,0.0006560869514942169,0.0
old_shared,50,29,10,non_tail,1,-0.00017347931861877441,0.0
old_shared,50,29,80,tail,8,0.017208337783813477,0.0
old_shared,50,29,81,tail,4,0.010836601257324219,0.0
old_shared,50,29,84,tail,1,0.0063457489013671875,0.0
old_shared,50,29,85,tail,5,0.0008927524089813316,0.0
old_shared,50,29,87,tail,3,0.008778889973958037,0.0
old_shared,50,29,88,tail,1,0.02391040325164795,0.0
old_shared,50,29,89,tail,1,0.037930846214294434,0.0
old_shared,50,29,90,tail,4,0.009482532739639282,0.0
old_shared,50,29,91,tail,2,0.01188814640045166,0.0
old_shared,50,29,92,tail,2,0.011362075805664062,0.0
old_shared,50,29,95,tail,4,0.004048049449920654,0.0
old_shared,50,29,96,tail,1,0.001591801643371582,0.0
old_shared,50,29,97,tail,3,-0.017656962076823213,0.0
old_shared,60,0,0,non_tail,1,4.348950460553169e-05,0.0
old_shared,60,0,2,non_tail,5,0.0008855484426021354,0.0
old_shared,60,0,4,non_tail,1,0.0015169382095336914,0.0
old_shared,60,0,5,non_tail,1,0.0006659030914306641,0.0
old_shared,60,0,8,non_tail,1,4.886474926024675e-06,0.0
old_shared,60,0,15,non_tail,1,2.6445428375154734e-05,0.0
old_shared,60,0,37,non_tail,1,0.00010423082858324051,0.0
old_shared,60,0,55,non_tail,1,-0.014877498149871826,0.0
old_shared,60,0,60,non_tail,1,0.026982784271240234,0.0
old_shared,60,0,66,non_tail,1,0.0003013294190168381,0.0
old_shared,60,0,69,non_tail,1,0.03053736686706543,0.0
old_shared,60,0,74,non_tail,1,-0.01277923583984375,0.0
old_shared,60,0,81,tail,1,0.020950794219970703,0.0
old_shared,60,0,83,tail,1,0.012893617153167725,0.0
old_shared,60,1,0,non_tail,3,3.6571359184260025e-05,0.0
old_shared,60,1,1,non_tail,1,0.0013880133628845215,0.0
old_shared,60,1,7,non_tail,6,0.004242519537607792,0.0
old_shared,60,1,24,non_tail,1,0.00022011995315551758,0.0
old_shared,60,1,28,non_tail,1,8.177617564797401e-05,0.0
old_shared,60,1,30,non_tail,1,0.004459470510482788,0.0
old_shared,60,1,46,non_tail,1,-0.0032466650009155273,0.0
old_shared,60,1,53,non_tail,2,0.0015283450484275818,0.0
old_shared,60,1,86,tail,1,0.041432857513427734,0.0
old_shared,60,2,0,non_tail,1,1.143652480095625e-05,0.0
old_shared,60,2,3,non_tail,2,-0.0008404254913330078,0.0
old_shared,60,2,5,non_tail,4,-0.0005775882455054671,0.0
old_shared,60,2,6,non_tail,2,8.617434650659561e-05,0.0
old_shared,60,2,10,non_tail,2,0.018793731927871704,0.0
old_shared,60,2,16,non_tail,1,-0.017679691314697266,0.0
old_shared,60,2,22,non_tail,2,0.002308964729309082,0.0
old_shared,60,2,42,non_tail,1,-0.04491853713989258,0.0
old_shared,60,2,77,non_tail,1,-0.015283584594726562,0.0
old_shared,60,2,82,tail,1,0.00031149014830589294,0.0
old_shared,60,2,91,tail,1,0.008016258478164673,0.0
old_shared,60,2,95,tail,1,-0.010390758514404297,0.0
old_shared,60,3,2,non_tail,1,-0.007898092269897461,0.0
old_shared,60,3,3,non_tail,1,0.0007196143269538879,0.0
old_shared,60,3,6,non_tail,4,0.00023370352573692799,0.0
old_shared,60,3,12,non_tail,3,-0.009446452061335209,0.0
old_shared,60,3,14,non_tail,1,7.093348540365696e-05,0.0
old_shared,60,3,20,non_tail,1,8.103554137051105e-06,0.0
old_shared,60,3,31,non_tail,1,9.793555364012718e-05,0.0
old_shared,60,3,36,non_tail,1,0.0033804625272750854,0.0
old_shared,60,3,45,non_tail,1,0.009701728820800781,0.0
old_shared,60,3,77,non_tail,1,-0.026051759719848633,0.0
old_shared,60,3,79,non_tail,1,-0.008977890014648438,0.0
old_shared,60,3,90,tail,1,0.0010798200964927673,0.0
old_shared,60,3,94,tail,1,5.83035871386528e-05,0.0
old_shared,60,4,1,non_tail,2,0.0008496688678860664,0.0
old_shared,60,4,2,non_tail,1,-0.005451679229736328,0.0
old_shared,60,4,3,non_tail,1,0.010947704315185547,0.0
old_shared,60,4,4,non_tail,2,0.0034383833408355713,0.0
old_shared,60,4,5,non_tail,1,2.1295854821801186e-05,0.0
old_shared,60,4,9,non_tail,1,0.0015960391610860825,0.0
old_shared,60,4,11,non_tail,2,0.0007555410265922546,0.0
old_shared,60,4,17,non_tail,1,0.0004698876291513443,0.0
old_shared,60,4,20,non_tail,2,1.7325568478554487e-05,0.0
old_shared,60,4,24,non_tail,1,-0.0002357959747314453,0.0
old_shared,60,4,46,non_tail,1,-0.0019813179969787598,0.0
old_shared,60,4,65,non_tail,1,0.016330242156982422,0.0
old_shared,60,4,92,tail,1,0.010098934173583984,0.0
old_shared,60,4,97,tail,1,0.04221820831298828,0.0
old_shared,60,6,1,non_tail,1,0.00022201985120773315,0.0
old_shared,60,6,2,non_tail,2,-0.0007242858409881592,0.0
old_shared,60,6,7,non_tail,3,0.001257215936978584,0.0
old_shared,60,6,12,non_tail,3,-0.0006409067039688382,0.0
old_shared,60,6,18,non_tail,1,0.001641973853111267,0.0
old_shared,60,6,23,non_tail,2,-4.916265606880188e-05,0.0
old_shared,60,6,32,non_tail,1,-0.031054377555847168,0.0
old_shared,60,6,38,non_tail,1,-0.009418487548828125,0.0
old_shared,60,6,54,non_tail,1,0.002101883292198181,0.0
old_shared,60,6,70,non_tail,1,0.00025087036192417145,0.0
old_shared,60,6,84,tail,1,0.012096405029296875,0.0
old_shared,60,8,4,non_tail,1,0.003588631749153137,0.0
old_shared,60,8,5,non_tail,1,4.001945490017533e-05,0.0
old_shared,60,8,6,non_tail,2,-4.371325485408306e-05,0.0
old_shared,60,8,7,non_tail,1,1.1879950761795044e-05,0.0
old_shared,60,8,15,non_tail,1,0.0012504886835813522,0.0
old_shared,60,8,17,non_tail,1,0.0009171068668365479,0.0
old_shared,60,8,21,non_tail,1,1.976161729544401e-05,0.0
old_shared,60,8,26,non_tail,3,-0.01810042063395212,0.0
old_shared,60,8,38,non_tail,1,4.171219188719988e-06,0.0
old_shared,60,8,46,non_tail,1,0.00017502903938293457,0.0
old_shared,60,8,57,non_tail,1,0.0016790926456451416,0.0
old_shared,60,8,58,non_tail,1,-0.017150402069091797,0.0
old_shared,60,8,62,non_tail,1,-0.002298593521118164,0.0
old_shared,60,8,83,tail,1,0.02721846103668213,0.0
old_shared,60,9,1,non_tail,1,0.0006196647882461548,0.0
old_shared,60,9,2,non_tail,1,0.00012755393981933594,0.0
old_shared,60,9,4,non_tail,2,0.0025450289249420166,0.0
old_shared,60,9,6,non_tail,1,1.1052470654249191e-05,0.0
old_shared,60,9,7,non_tail,1,0.00021842122077941895,0.0
old_shared,60,9,13,non_tail,1,7.013604044914246e-05,0.0
old_shared,60,9,14,non_tail,4,0.00584766804240644,0.0
old_shared,60,9,17,non_tail,1,2.9595335945487022e-05,0.0
old_shared,60,9,35,non_tail,1,-0.00042359158396720886,0.0
old_shared,60,9,52,non_tail,1,0.008978486061096191,0.0
old_shared,60,9,67,non_tail,1,-0.0054114460945129395,0.0
old_shared,60,9,79,non_tail,1,-0.0018186569213867188,0.0
old_shared,60,9,86,tail,1,0.025784164667129517,0.0
old_shared,60,9,89,tail,1,0.056279659271240234,0.0
old_shared,60,12,0,non_tail,1,3.575463779270649e-06,0.0
old_shared,60,12,1,non_tail,2,0.002356015145778656,0.0
old_shared,60,12,3,non_tail,1,0.0002652294933795929,0.0
old_shared,60,12,10,non_tail,1,3.4165335819125175e-05,0.0
old_shared,60,12,12,non_tail,1,-0.0003634374588727951,0.0
old_shared,60,12,13,non_tail,2,0.0025989655405282974,0.0
old_shared,60,12,17,non_tail,1,0.0001637367531657219,0.0
old_shared,60,12,26,non_tail,1,-0.0008349455893039703,0.0
old_shared,60,12,27,non_tail,2,-0.03194059431552887,0.0
old_shared,60,12,28,non_tail,1,0.0007169060409069061,0.0
old_shared,60,12,38,non_tail,1,0.004665464162826538,0.0
old_shared,60,12,41,non_tail,1,0.0004547610878944397,0.0
old_shared,60,12,59,non_tail,1,-0.012151718139648438,0.0
old_shared,60,12,85,tail,1,0.04538917541503906,0.0
old_shared,60,12,90,tail,1,0.0087432861328125,0.0
old_shared,60,13,4,non_tail,3,0.0063356061776479455,0.0
old_shared,60,13,6,non_tail,1,0.00014060596004128456,0.0
old_shared,60,13,8,non_tail,2,0.0001105903647840023,0.0
old_shared,60,13,11,non_tail,1,-0.0001608915627002716,0.0
old_shared,60,13,25,non_tail,2,0.0005389023572206497,0.0
old_shared,60,13,26,non_tail,3,-0.008253650118907274,0.0
old_shared,60,13,28,non_tail,1,0.009719610214233398,0.0
old_shared,60,13,40,non_tail,1,0.0006627887487411499,0.0
old_shared,60,13,58,non_tail,1,0.002330183982849121,0.0
old_shared,60,13,68,non_tail,1,0.00010742247104644775,0.0
old_shared,60,13,87,tail,1,0.0013958700001239777,0.0
old_shared,60,14,1,non_tail,1,0.0004725158214569092,0.0
old_shared,60,14,4,non_tail,1,0.01043584942817688,0.0
old_shared,60,14,11,non_tail,1,-6.77863135933876e-05,0.0
old_shared,60,14,14,non_tail,2,0.010895038954913616,0.0
old_shared,60,14,17,non_tail,1,0.01992964744567871,0.0
old_shared,60,14,21,non_tail,2,6.263144314289093e-07,0.0
old_shared,60,14,28,non_tail,2,0.0009278357028961182,0.0
old_shared,60,14,32,non_tail,1,-1.7846468836069107e-06,0.0
old_shared,60,14,43,non_tail,1,0.003323659300804138,0.0
old_shared,60,14,46,non_tail,1,-0.00689321756362915,0.0
old_shared,60,14,55,non_tail,1,-0.023701190948486328,0.0
old_shared,60,14,56,non_tail,1,0.0023573637008666992,0.0
old_shared,60,14,75,non_tail,1,0.005610466003417969,0.0
old_shared,60,14,85,tail,1,0.008894681930541992,0.0
old_shared,60,14,96,tail,1,0.016428232192993164,0.0
old_shared,60,15,0,non_tail,5,0.003988348692655561,0.0
old_shared,60,15,2,non_tail,1,0.00021004490554332733,0.0
old_shared,60,15,3,non_tail,3,0.000598690162102386,0.0
old_shared,60,15,9,non_tail,1,0.0019189119338989258,0.0
old_shared,60,15,13,non_tail,1,0.015763401985168457,0.0
old_shared,60,15,16,non_tail,1,-0.014972686767578125,0.0
old_shared,60,15,19,non_tail,1,7.026782259345055e-05,0.0
old_shared,60,15,53,non_tail,1,2.9027462005615234e-05,0.0
old_shared,60,15,57,non_tail,1,0.005890846252441406,0.0
old_shared,60,15,66,non_tail,1,-0.00154876708984375,-100.0
old_shared,60,15,84,tail,1,0.00786447525024414,0.0
old_shared,60,15,88,tail,1,0.002856433391571045,0.0
old_shared,60,16,0,non_tail,1,0.000242745503783226,0.0
old_shared,60,16,1,non_tail,1,0.00018014712259173393,0.0
old_shared,60,16,2,non_tail,1,0.0005017518997192383,0.0
old_shared,60,16,4,non_tail,2,0.00790242850780487,0.0
old_shared,60,16,10,non_tail,3,0.014251550038655636,0.0
old_shared,60,16,11,non_tail,2,-0.0005320683121681213,0.0
old_shared,60,16,29,non_tail,1,1.6436271835118532e-05,0.0
old_shared,60,16,30,non_tail,1,-0.017571449279785156,0.0
old_shared,60,16,36,non_tail,1,0.007318839430809021,0.0
old_shared,60,16,41,non_tail,1,-0.0005311258137226105,0.0
old_shared,60,16,59,non_tail,1,-0.005250453948974609,0.0
old_shared,60,16,74,non_tail,1,-0.013483166694641113,0.0
old_shared,60,16,93,tail,1,0.0579531192779541,0.0
old_shared,60,17,1,non_tail,1,5.8321282267570496e-05,0.0
old_shared,60,17,3,non_tail,1,-0.0026242733001708984,0.0
old_shared,60,17,4,non_tail,2,-0.018087774515151978,0.0
old_shared,60,17,5,non_tail,1,-0.008110523223876953,0.0
old_shared,60,17,6,non_tail,1,4.285713657736778e-06,0.0
old_shared,60,17,13,non_tail,2,0.0008654594421386719,0.0
old_shared,60,17,18,non_tail,2,0.003996074199676514,0.0
old_shared,60,17,23,non_tail,1,0.00016359053552150726,0.0
old_shared,60,17,26,non_tail,1,-0.0187605619430542,0.0
old_shared,60,17,30,non_tail,1,0.0003508254885673523,0.0
old_shared,60,17,31,non_tail,1,0.00684356689453125,0.0
old_shared,60,17,33,non_tail,1,0.015703678131103516,0.0
old_shared,60,17,40,non_tail,1,-8.992571383714676e-05,0.0
old_shared,60,17,80,tail,1,0.03526115417480469,0.0
old_shared,60,20,0,non_tail,1,0.00014976225793361664,0.0
old_shared,60,20,1,non_tail,1,0.0009652171283960342,0.0
old_shared,60,20,3,non_tail,3,0.0014284352461496896,0.0
old_shared,60,20,5,non_tail,1,6.096065044403076e-05,0.0
old_shared,60,20,9,non_tail,1,0.04357433319091797,0.0
old_shared,60,20,11,non_tail,2,-0.0018267035484313965,0.0
old_shared,60,20,15,non_tail,1,0.0035194456577301025,0.0
old_shared,60,20,16,non_tail,2,-0.011267832480370998,0.0
old_shared,60,20,21,non_tail,1,0.0004005134105682373,0.0
old_shared,60,20,32,non_tail,1,-0.023905694484710693,0.0
old_shared,60,20,33,non_tail,1,0.0012497641146183014,0.0
old_shared,60,20,34,non_tail,1,0.002200186252593994,0.0
old_shared,60,20,81,tail,1,0.005107402801513672,0.0
old_shared,60,20,82,tail,1,0.016438007354736328,0.0
old_shared,60,20,87,tail,1,0.0016070939600467682,0.0
old_shared,60,21,0,non_tail,1,0.0003170967102050781,0.0
old_shared,60,21,7,non_tail,1,0.0012643039226531982,0.0
old_shared,60,21,10,non_tail,1,0.0037181228399276733,0.0
old_shared,60,21,14,non_tail,4,0.024514093063771725,0.0
old_shared,60,21,17,non_tail,3,0.0005707119901974984,0.0
old_shared,60,21,19,non_tail,1,-0.0018260478973388672,0.0
old_shared,60,21,23,non_tail,2,-0.001698523759841919,0.0
old_shared,60,21,26,non_tail,1,-0.0010705888271331787,0.0
old_shared,60,21,29,non_tail,1,-0.024410247802734375,0.0
old_shared,60,21,33,non_tail,1,0.026968002319335938,0.0
old_shared,60,21,82,tail,1,0.0210721492767334,0.0
old_shared,60,24,2,non_tail,1,0.0003215372562408447,0.0
old_shared,60,24,6,non_tail,3,0.002834123869736971,0.0
old_shared,60,24,7,non_tail,2,0.007681690156459808,0.0
old_shared,60,24,14,non_tail,2,0.013017673045396805,0.0
old_shared,60,24,15,non_tail,1,0.0004476727917790413,0.0
old_shared,60,24,17,non_tail,1,8.822651579976082e-05,0.0
old_shared,60,24,18,non_tail,1,0.005487091839313507,0.0
old_shared,60,24,23,non_tail,1,-0.0009154677391052246,0.0
old_shared,60,24,25,non_tail,1,0.0047110915184021,0.0
old_shared,60,24,30,non_tail,1,-0.019794821739196777,0.0
old_shared,60,24,42,non_tail,1,4.0668295696377754e-05,0.0
old_shared,60,24,43,non_tail,1,0.009947419166564941,0.0
old_shared,60,24,98,tail,1,-0.0054291486740112305,0.0
old_shared,60,25,3,non_tail,1,0.0003071743994951248,0.0
old_shared,60,25,5,non_tail,2,0.00018560700118541718,0.0
old_shared,60,25,6,non_tail,1,2.4020671844482422e-05,0.0
old_shared,60,25,14,non_tail,1,0.00038706976920366287,0.0
old_shared,60,25,15,non_tail,5,0.00635825321078301,0.0
old_shared,60,25,16,non_tail,1,1.9975006580352783e-05,0.0
old_shared,60,25,21,non_tail,3,0.0035280557349324226,0.0
old_shared,60,25,41,non_tail,1,0.02772831916809082,0.0
old_shared,60,25,45,non_tail,1,-0.006811618804931641,0.0
old_shared,60,25,80,tail,1,0.02074122428894043,0.0
old_shared,60,25,89,tail,1,0.032158493995666504,0.0
old_shared,60,25,99,tail,1,0.0021874606609344482,0.0
old_shared,60,26,0,non_tail,6,0.0008080466650426388,0.0
old_shared,60,26,1,non_tail,1,0.0011758655309677124,0.0
old_shared,60,26,8,non_tail,1,4.561711102724075e-05,0.0
old_shared,60,26,13,non_tail,2,6.325193680822849e-05,0.0
old_shared,60,26,15,non_tail,1,0.011377453804016113,0.0
old_shared,60,26,16,non_tail,1,1.8074410036206245e-05,0.0
old_shared,60,26,20,non_tail,1,2.5960966013371944e-05,0.0
old_shared,60,26,29,non_tail,1,-0.031135916709899902,0.0
old_shared,60,26,37,non_tail,1,-0.007857084274291992,0.0
old_shared,60,26,58,non_tail,1,2.854294143617153e-05,0.0
old_shared,60,26,80,tail,1,0.00019884109497070312,0.0
old_shared,60,26,88,tail,1,0.06517934799194336,0.0
old_shared,60,26,91,tail,1,0.016669034957885742,0.0
old_shared,60,27,0,non_tail,1,1.9642291590571404e-05,0.0
old_shared,60,27,2,non_tail,1,-0.001344919204711914,0.0
old_shared,60,27,6,non_tail,1,0.0006719380617141724,0.0
old_shared,60,27,7,non_tail,1,-0.017903804779052734,0.0
old_shared,60,27,81,tail,5,0.007428932189941229,0.0
old_shared,60,27,82,tail,4,0.003589129075407982,0.0
old_shared,60,27,83,tail,6,0.008687019348144531,0.0
old_shared,60,27,84,tail,1,0.012766003608703613,0.0
old_shared,60,27,86,tail,6,0.024743715922037612,0.0
old_shared,60,27,87,tail,2,0.00041019730269908905,0.0
old_shared,60,27,88,tail,5,0.024709224700927734,0.0
old_shared,60,27,93,tail,4,-0.006239652633666992,0.0
old_shared,60,27,94,tail,5,0.006947898864746005,0.0
old_shared,60,27,95,tail,1,-0.01505279541015625,0.0
old_shared,60,27,98,tail,3,0.0007453759511308888,0.0
old_shared,60,28,3,non_tail,1,0.0011388659477233887,0.0
old_shared,60,28,5,non_tail,1,1.613236963748932e-05,0.0
old_shared,60,28,82,tail,4,0.012788355350494385,0.0
old_shared,60,28,83,tail,2,-0.009290933609008789,0.0
old_shared,60,28,84,tail,6,0.00043789545695016585,0.0
old_shared,60,28,85,tail,2,0.034815311431884766,0.0
old_shared,60,28,86,tail,1,0.00018250849097967148,0.0
old_shared,60,28,87,tail,1,0.004261016845703125,0.0
old_shared,60,28,89,tail,4,0.042395591735839844,0.0
old_shared,60,28,90,tail,1,0.0009367801249027252,0.0
old_shared,60,28,91,tail,3,0.020269393920898438,0.0
old_shared,60,28,92,tail,3,0.014846642812092803,0.0
old_shared,60,28,93,tail,1,0.007376194000244141,0.0
old_shared,60,28,96,tail,3,0.024822870890299775,0.0
old_shared,60,28,97,tail,1,0.02230358123779297,0.0
old_shared,60,28,98,tail,1,-0.0014927387237548828,0.0
old_shared,60,28,99,tail,4,0.0016107559204101562,0.0
old_shared,60,29,1,non_tail,1,0.0013395249843597412,0.0
old_shared,60,29,4,non_tail,1,-0.021425247192382812,0.0
old_shared,60,29,8,non_tail,1,0.005693912506103516,0.0
old_shared,60,29,9,non_tail,1,0.0006048399955034256,0.0
old_shared,60,29,10,non_tail,1,0.0027735233306884766,0.0
old_shared,60,29,80,tail,8,0.02306056022644043,0.0
old_shared,60,29,81,tail,4,0.009106159210205078,0.0
old_shared,60,29,84,tail,1,0.01810455322265625,0.0
old_shared,60,29,85,tail,5,0.001140359044075015,0.0
old_shared,60,29,87,tail,3,0.01175816853841205,0.0
old_shared,60,29,88,tail,1,0.02770078182220459,0.0
old_shared,60,29,89,tail,1,0.03972184658050537,0.0
old_shared,60,29,90,tail,4,0.00606125220656395,0.0
old_shared,60,29,91,tail,2,0.013988018035888672,0.0
old_shared,60,29,92,tail,2,0.022081851959228516,0.0
old_shared,60,29,95,tail,4,0.008129417896270752,0.0
old_shared,60,29,96,tail,1,0.0012132152915000916,0.0
old_shared,60,29,97,tail,3,-0.011759440104166963,0.0
old_shared,70,0,0,non_tail,1,4.290579818189144e-05,0.0
old_shared,70,0,2,non_tail,5,-0.005250760912895169,0.0
old_shared,70,0,4,non_tail,1,-0.004340112209320068,0.0
old_shared,70,0,5,non_tail,1,0.0019811689853668213,0.0
old_shared,70,0,8,non_tail,1,2.0261359168216586e-06,0.0
old_shared,70,0,15,non_tail,1,2.001324901357293e-05,0.0
old_shared,70,0,37,non_tail,1,6.479443982243538e-05,0.0
old_shared,70,0,55,non_tail,1,-0.011927962303161621,0.0
old_shared,70,0,60,non_tail,1,0.030230402946472168,0.0
old_shared,70,0,66,non_tail,1,0.0006020935252308846,0.0
old_shared,70,0,69,non_tail,1,-0.004888176918029785,0.0
old_shared,70,0,74,non_tail,1,-0.0384058952331543,0.0
old_shared,70,0,81,tail,1,0.018476486206054688,0.0
old_shared,70,0,83,tail,1,-0.0104217529296875,0.0
old_shared,70,1,0,non_tail,3,7.3578072867044354e-06,0.0
old_shared,70,1,1,non_tail,1,0.0018851570785045624,0.0
old_shared,70,1,7,non_tail,6,0.008539577325185177,0.0
old_shared,70,1,24,non_tail,1,-0.0020716190338134766,0.0
old_shared,70,1,28,non_tail,1,3.251992166042328e-05,0.0
old_shared,70,1,30,non_tail,1,0.008611246943473816,0.0
old_shared,70,1,46,non_tail,1,0.00013875961303710938,0.0
old_shared,70,1,53,non_tail,2,-0.0019933581352233887,0.0
old_shared,70,1,86,tail,1,0.05138278007507324,0.0
old_shared,70,2,0,non_tail,1,8.339236956089735e-06,0.0
old_shared,70,2,3,non_tail,2,0.010290920734405518,0.0
old_shared,70,2,5,non_tail,4,-0.00011235490092076361,0.0
old_shared,70,2,6,non_tail,2,0.00020918343216180801,0.0
old_shared,70,2,10,non_tail,2,0.006885647773742676,0.0
old_shared,70,2,16,non_tail,1,-0.006134510040283203,0.0
old_shared,70,2,22,non_tail,2,-0.012708306312561035,0.0
old_shared,70,2,42,non_tail,1,-0.04656219482421875,0.0
old_shared,70,2,77,non_tail,1,-0.01177358627319336,0.0
old_shared,70,2,82,tail,1,-0.0004142317920923233,0.0
old_shared,70,2,91,tail,1,0.016506969928741455,0.0
old_shared,70,2,95,tail,1,-0.030619144439697266,0.0
old_shared,70,3,2,non_tail,1,-0.01602625846862793,0.0
old_shared,70,3,3,non_tail,1,0.002666942775249481,0.0
old_shared,70,3,6,non_tail,4,0.0022460035979747772,0.0
old_shared,70,3,12,non_tail,3,-0.009375438094139099,0.0
old_shared,70,3,14,non_tail,1,-1.8775928765535355e-05,0.0
old_shared,70,3,20,non_tail,1,1.9067374523729086e-06,0.0
old_shared,70,3,31,non_tail,1,8.458597585558891e-05,0.0
old_shared,70,3,36,non_tail,1,0.0028887689113616943,0.0
old_shared,70,3,45,non_tail,1,0.0051419734954833984,0.0
old_shared,70,3,77,non_tail,1,-0.04352617263793945,0.0
old_shared,70,3,79,non_tail,1,-0.0060062408447265625,0.0
old_shared,70,3,90,tail,1,0.0005022957921028137,0.0
old_shared,70,3,94,tail,1,4.680408164858818e-05,0.0
old_shared,70,4,1,non_tail,2,0.0011175069957971573,0.0
old_shared,70,4,2,non_tail,1,-0.013410389423370361,0.0
old_shared,70,4,3,non_tail,1,0.0337529182434082,0.0
old_shared,70,4,4,non_tail,2,0.000843346118927002,0.0
old_shared,70,4,5,non_tail,1,1.3920478522777557e-05,0.0
old_shared,70,4,9,non_tail,1,0.0005323756486177444,0.0
old_shared,70,4,11,non_tail,2,0.006036464124917984,0.0
old_shared,70,4,17,non_tail,1,0.0004131365567445755,0.0
old_shared,70,4,20,non_tail,2,2.6796478778123856e-06,0.0
old_shared,70,4,24,non_tail,1,-0.000718340277671814,0.0
old_shared,70,4,46,non_tail,1,0.004032492637634277,0.0
old_shared,70,4,65,non_tail,1,0.009926319122314453,0.0
old_shared,70,4,92,tail,1,0.0009388923645019531,0.0
old_shared,70,4,97,tail,1,0.08376312255859375,0.0
old_shared,70,6,1,non_tail,1,0.00039326027035713196,0.0
old_shared,70,6,2,non_tail,2,-0.001491636037826538,0.0
old_shared,70,6,7,non_tail,3,0.005842233697573307,0.0
old_shared,70,6,12,non_tail,3,-0.00020997381458679604,0.0
old_shared,70,6,18,non_tail,1,0.0008352100849151611,0.0
old_shared,70,6,23,non_tail,2,-0.00042738672345876694,0.0
old_shared,70,6,32,non_tail,1,-0.05337393283843994,0.0
old_shared,70,6,38,non_tail,1,0.0049811601638793945,0.0
old_shared,70,6,54,non_tail,1,-0.0005703717470169067,0.0
old_shared,70,6,70,non_tail,1,-3.544893115758896e-05,0.0
old_shared,70,6,84,tail,1,0.011900663375854492,0.0
old_shared,70,8,4,non_tail,1,0.003011569380760193,0.0
old_shared,70,8,5,non_tail,1,2.0128616597503424e-05,0.0
old_shared,70,8,6,non_tail,2,0.00016938289627432823,0.0
old_shared,70,8,7,non_tail,1,8.126976899802685e-05,0.0
old_shared,70,8,15,non_tail,1,0.0013706246390938759,0.0
old_shared,70,8,17,non_tail,1,-6.757676601409912e-05,0.0
old_shared,70,8,21,non_tail,1,1.8691527657210827e-05,0.0
old_shared,70,8,26,non_tail,3,-0.026589075724283706,0.0
old_shared,70,8,38,non_tail,1,5.601381417363882e-06,0.0
old_shared,70,8,46,non_tail,1,0.003995388746261597,0.0
old_shared,70,8,57,non_tail,1,-0.00010003149509429932,0.0
old_shared,70,8,58,non_tail,1,-0.023537635803222656,0.0
old_shared,70,8,62,non_tail,1,-0.019616365432739258,0.0
old_shared,70,8,83,tail,1,-0.00440526008605957,0.0
old_shared,70,9,1,non_tail,1,0.0007808282971382141,0.0
old_shared,70,9,2,non_tail,1,-0.0008958727121353149,0.0
old_shared,70,9,4,non_tail,2,-0.014225602149963379,0.0
old_shared,70,9,6,non_tail,1,4.860409535467625e-05,0.0
old_shared,70,9,7,non_tail,1,0.0010851919651031494,0.0
old_shared,70,9,13,non_tail,1,3.1298957765102386e-05,0.0
old_shared,70,9,14,non_tail,4,0.0022728396579623222,0.0
old_shared,70,9,17,non_tail,1,2.199597656726837e-05,0.0
old_shared,70,9,35,non_tail,1,0.0003258362412452698,0.0
old_shared,70,9,52,non_tail,1,0.004857182502746582,0.0
old_shared,70,9,67,non_tail,1,-0.014401853084564209,0.0
old_shared,70,9,79,non_tail,1,-0.007842302322387695,0.0
old_shared,70,9,86,tail,1,0.027431577444076538,0.0
old_shared,70,9,89,tail,1,0.0631723403930664,0.0
old_shared,70,12,0,non_tail,1,1.7877318896353245e-06,0.0
old_shared,70,12,1,non_tail,2,0.0010299086570739746,0.0
old_shared,70,12,3,non_tail,1,0.0004574041813611984,0.0
old_shared,70,12,10,non_tail,1,1.023826189339161e-05,0.0
old_shared,70,12,12,non_tail,1,-0.0002828054130077362,0.0
old_shared,70,12,13,non_tail,2,0.002040326129645109,0.0
old_shared,70,12,17,non_tail,1,0.00019060028716921806,0.0
old_shared,70,12,26,non_tail,1,-0.0009377449750900269,0.0
old_shared,70,12,27,non_tail,2,-0.03986787796020508,0.0
old_shared,70,12,28,non_tail,1,-0.00018748268485069275,0.0
old_shared,70,12,38,non_tail,1,0.00425662100315094,0.0
old_shared,70,12,41,non_tail,1,0.00012424960732460022,0.0
old_shared,70,12,59,non_tail,1,-0.0020939111709594727,0.0
old_shared,70,12,85,tail,1,0.0474509596824646,0.0
old_shared,70,12,90,tail,1,0.013803720474243164,0.0
old_shared,70,13,4,non_tail,3,0.004860520362854004,0.0
old_shared,70,13,6,non_tail,1,0.00025019049644470215,0.0
old_shared,70,13,8,non_tail,2,5.922047421336174e-05,0.0
old_shared,70,13,11,non_tail,1,-9.311921894550323e-05,0.0
old_shared,70,13,25,non_tail,2,0.00038910284638404846,0.0
old_shared,70,13,26,non_tail,3,-0.006577833245197895,0.0
old_shared,70,13,28,non_tail,1,-0.007678985595703125,0.0
old_shared,70,13,40,non_tail,1,0.0006048902869224548,0.0
old_shared,70,13,58,non_tail,1,0.0003194361925125122,0.0
old_shared,70,13,68,non_tail,1,-0.0019504576921463013,0.0
old_shared,70,13,87,tail,1,0.0010901354253292084,0.0
old_shared,70,14,1,non_tail,1,0.00047171488404273987,0.0
old_shared,70,14,4,non_tail,1,0.005192548036575317,0.0
old_shared,70,14,11,non_tail,1,0.0001568049192428589,0.0
old_shared,70,14,14,non_tail,2,0.006830424536019564,0.0
old_shared,70,14,17,non_tail,1,0.003898143768310547,0.0
old_shared,70,14,21,non_tail,2,5.6388555094599724e-05,0.0
old_shared,70,14,28,non_tail,2,-0.0013252347707748413,0.0
old_shared,70,14,32,non_tail,1,-1.4157965779304504e-05,0.0
old_shared,70,14,43,non_tail,1,0.009214535355567932,0.0
old_shared,70,14,46,non_tail,1,0.0021438002586364746,0.0
old_shared,70,14,55,non_tail,1,-0.012475013732910156,0.0
old_shared,70,14,56,non_tail,1,0.009202659130096436,0.0
old_shared,70,14,75,non_tail,1,0.022305011749267578,0.0
old_shared,70,14,85,tail,1,0.017428159713745117,0.0
old_shared,70,14,96,tail,1,0.03994297981262207,0.0
old_shared,70,15,0,non_tail,5,0.003617732226848608,0.0
old_shared,70,15,2,non_tail,1,-0.0012358501553535461,0.0
old_shared,70,15,3,non_tail,3,0.0012078223129113538,0.0
old_shared,70,15,9,non_tail,1,0.0006615445017814636,0.0
old_shared,70,15,13,non_tail,1,0.008497953414916992,0.0
old_shared,70,15,16,non_tail,1,0.045365333557128906,0.0
old_shared,70,15,19,non_tail,1,3.57883982360363e-05,0.0
old_shared,70,15,53,non_tail,1,-0.0001563187688589096,0.0
old_shared,70,15,57,non_tail,1,0.0015856623649597168,0.0
old_shared,70,15,66,non_tail,1,-0.0005939006805419922,-100.0
old_shared,70,15,84,tail,1,0.016331195831298828,0.0
old_shared,70,15,88,tail,1,0.00023218989372253418,0.0
old_shared,70,16,0,non_tail,1,0.00040460191667079926,0.0
old_shared,70,16,1,non_tail,1,0.00024392688646912575,0.0
old_shared,70,16,2,non_tail,1,-0.0018341243267059326,0.0
old_shared,70,16,4,non_tail,2,0.0023491457104682922,0.0
old_shared,70,16,10,non_tail,3,0.011281410853068108,0.0
old_shared,70,16,11,non_tail,2,0.004545524716377258,0.0
old_shared,70,16,29,non_tail,1,7.384573109447956e-06,0.0
old_shared,70,16,30,non_tail,1,0.022433757781982422,0.0
old_shared,70,16,36,non_tail,1,0.007256835699081421,0.0
old_shared,70,16,41,non_tail,1,0.0005449019372463226,0.0
old_shared,70,16,59,non_tail,1,-0.0035462379455566406,0.0
old_shared,70,16,74,non_tail,1,-0.019452691078186035,0.0
old_shared,70,16,93,tail,1,0.07845568656921387,0.0
old_shared,70,17,1,non_tail,1,7.473118603229523e-05,0.0
old_shared,70,17,3,non_tail,1,0.032347679138183594,0.0
old_shared,70,17,4,non_tail,2,-0.06696221232414246,0.0
old_shared,70,17,5,non_tail,1,-0.001095890998840332,0.0
old_shared,70,17,6,non_tail,1,2.9765069484710693e-06,0.0
old_shared,70,17,13,non_tail,2,0.0053160786628723145,0.0
old_shared,70,17,18,non_tail,2,0.0034612417221069336,0.0
old_shared,70,17,23,non_tail,1,-9.963847696781158e-05,0.0
old_shared,70,17,26,non_tail,1,-0.029747962951660156,0.0
old_shared,70,17,30,non_tail,1,0.0005428940057754517,0.0
old_shared,70,17,31,non_tail,1,-0.021586060523986816,0.0
old_shared,70,17,33,non_tail,1,0.031026840209960938,0.0
old_shared,70,17,40,non_tail,1,-7.596518844366074e-05,0.0
old_shared,70,17,80,tail,1,0.03807640075683594,0.0
old_shared,70,20,0,non_tail,1,-3.7671998143196106e-06,0.0
old_shared,70,20,1,non_tail,1,0.0011781761422753334,0.0
old_shared,70,20,3,non_tail,3,0.010100553433100373,0.0
old_shared,70,20,5,non_tail,1,7.469858974218369e-05,0.0
old_shared,70,20,9,non_tail,1,0.04197216033935547,0.0
old_shared,70,20,11,non_tail,2,0.021016955375671387,0.0
old_shared,70,20,15,non_tail,1,0.002899348735809326,0.0
old_shared,70,20,16,non_tail,2,-0.0003885207697749138,0.0
old_shared,70,20,21,non_tail,1,-0.0016628950834274292,0.0
old_shared,70,20,32,non_tail,1,-0.03668564558029175,0.0
old_shared,70,20,33,non_tail,1,0.0004234984517097473,0.0
old_shared,70,20,34,non_tail,1,0.00805935263633728,0.0
old_shared,70,20,81,tail,1,0.00882771611213684,0.0
old_shared,70,20,82,tail,1,-0.02037525177001953,0.0
old_shared,70,20,87,tail,1,0.0011031180620193481,0.0
old_shared,70,21,0,non_tail,1,0.0003288574516773224,0.0
old_shared,70,21,7,non_tail,1,0.004275321960449219,0.0
old_shared,70,21,10,non_tail,1,0.0007457733154296875,0.0
old_shared,70,21,14,non_tail,4,0.020614183973520994,0.0
old_shared,70,21,17,non_tail,3,0.0005192334453264884,0.0
old_shared,70,21,19,non_tail,1,0.004921317100524902,0.0
old_shared,70,21,23,non_tail,2,-0.001600019633769989,0.0
old_shared,70,21,26,non_tail,1,-0.0020427703857421875,0.0
old_shared,70,21,29,non_tail,1,-0.027136504650115967,0.0
old_shared,70,21,33,non_tail,1,0.02385997772216797,0.0
old_shared,70,21,82,tail,1,-0.0003571510314941406,0.0
old_shared,70,24,2,non_tail,1,-0.007787346839904785,0.0
old_shared,70,24,6,non_tail,3,0.009890109300613431,0.0
old_shared,70,24,7,non_tail,2,0.010725870728492737,0.0
old_shared,70,24,14,non_tail,2,0.008038975298404694,0.0
old_shared,70,24,15,non_tail,1,0.00018934812396764755,0.0
old_shared,70,24,17,non_tail,1,9.882636368274689e-05,0.0
old_shared,70,24,18,non_tail,1,0.006483212113380432,0.0
old_shared,70,24,23,non_tail,1,-0.0017803534865379333,0.0
old_shared,70,24,25,non_tail,1,0.008159637451171875,0.0
old_shared,70,24,30,non_tail,1,-0.02778315544128418,0.0
old_shared,70,24,42,non_tail,1,4.603993147611618e-05,0.0
old_shared,70,24,43,non_tail,1,0.022624969482421875,0.0
old_shared,70,24,98,tail,1,-0.0009839534759521484,0.0
old_shared,70,25,3,non_tail,1,0.0004483005031943321,0.0
old_shared,70,25,5,non_tail,2,0.00019742455333471298,0.0
old_shared,70,25,6,non_tail,1,3.4850090742111206e-05,0.0
old_shared,70,25,14,non_tail,1,0.000246342271566391,0.0
old_shared,70,25,15,non_tail,5,0.006638991832733143,0.0
old_shared,70,25,16,non_tail,1,-5.827052518725395e-06,0.0
old_shared,70,25,21,non_tail,3,0.0048197085658709254,0.0
old_shared,70,25,41,non_tail,1,0.031683921813964844,0.0
old_shared,70,25,45,non_tail,1,-0.010913372039794922,0.0
old_shared,70,25,80,tail,1,0.006350278854370117,0.0
old_shared,70,25,89,tail,1,0.01470327377319336,0.0
old_shared,70,25,99,tail,1,-0.00290071964263916,0.0
old_shared,70,26,0,non_tail,6,0.00046739657409489155,0.0
old_shared,70,26,1,non_tail,1,0.0015223585069179535,0.0
old_shared,70,26,8,non_tail,1,-1.3665761798620224e-05,0.0
old_shared,70,26,13,non_tail,2,5.709205288439989e-05,0.0
old_shared,70,26,15,non_tail,1,0.003856062889099121,0.0
old_shared,70,26,16,non_tail,1,3.0922237783670425e-06,0.0
old_shared,70,26,20,non_tail,1,3.811088390648365e-06,0.0
old_shared,70,26,29,non_tail,1,-0.0283890962600708,0.0
old_shared,70,26,37,non_tail,1,-0.022094130516052246,0.0
old_shared,70,26,58,non_tail,1,-5.469890311360359e-06,0.0
old_shared,70,26,80,tail,1,-0.000614359974861145,0.0
old_shared,70,26,88,tail,1,0.0827484130859375,0.0
old_shared,70,26,91,tail,1,0.007660627365112305,0.0
old_shared,70,27,0,non_tail,1,-4.52378299087286e-06,0.0
old_shared,70,27,2,non_tail,1,-0.013158023357391357,0.0
old_shared,70,27,6,non_tail,1,0.0003077313303947449,0.0
old_shared,70,27,7,non_tail,1,-0.006151676177978516,0.0
old_shared,70,27,81,tail,5,0.003808212280273171,0.0
old_shared,70,27,82,tail,4,-0.0035249292850494385,0.0
old_shared,70,27,83,tail,6,-0.003931840260823494,0.0
old_shared,70,27,84,tail,1,0.016036689281463623,0.0
old_shared,70,27,86,tail,6,0.015384356180827119,0.0
old_shared,70,27,87,tail,2,0.0003093704581260681,0.0
old_shared,70,27,88,tail,5,0.036862945556640714,0.0
old_shared,70,27,93,tail,4,-0.004506945610046387,0.0
old_shared,70,27,94,tail,5,0.014415359497070401,0.0
old_shared,70,27,95,tail,1,-0.01523590087890625,0.0
old_shared,70,27,98,tail,3,-0.003386100133260239,0.0
old_shared,70,28,3,non_tail,1,0.0015433207154273987,0.0
old_shared,70,28,5,non_tail,1,0.0001123286783695221,0.0
old_shared,70,28,82,tail,4,-0.0021825432777404785,0.0
old_shared,70,28,83,tail,2,-0.015750408172607422,0.0
old_shared,70,28,84,tail,6,0.007320721944173769,0.0
old_shared,70,28,85,tail,2,0.027076244354248047,0.0
old_shared,70,28,86,tail,1,0.00028184475377202034,0.0
old_shared,70,28,87,tail,1,0.014430522918701172,0.0
old_shared,70,28,89,tail,4,0.03876447677612305,0.0
old_shared,70,28,90,tail,1,0.0007095672190189362,0.0
old_shared,70,28,91,tail,3,0.0373846689860029,0.0
old_shared,70,28,92,tail,3,-0.00724029541015625,0.0
old_shared,70,28,93,tail,1,0.018039703369140625,0.0
old_shared,70,28,96,tail,3,0.013545831044515122,0.0
old_shared,70,28,97,tail,1,0.07367610931396484,0.0
old_shared,70,28,98,tail,1,0.0018875598907470703,0.0
old_shared,70,28,99,tail,4,-0.008535146713256836,0.0
old_shared,70,29,1,non_tail,1,0.0008912235498428345,0.0
old_shared,70,29,4,non_tail,1,-0.01265418529510498,0.0
old_shared,70,29,8,non_tail,1,0.004928112030029297,0.0
old_shared,70,29,9,non_tail,1,0.00026334822177886963,0.0
old_shared,70,29,10,non_tail,1,0.004848450422286987,0.0
old_shared,70,29,80,tail,8,0.020381689071655273,0.0
old_shared,70,29,81,tail,4,0.0077245235443115234,0.0
old_shared,70,29,84,tail,1,0.026544570922851562,0.0
old_shared,70,29,85,tail,5,0.0013198271393776023,0.0
old_shared,70,29,87,tail,3,0.014948844909667969,0.0
old_shared,70,29,88,tail,1,0.030786752700805664,0.0
old_shared,70,29,89,tail,1,0.036003708839416504,0.0
old_shared,70,29,90,tail,4,0.005666036158800125,0.0
old_shared,70,29,91,tail,2,0.018234729766845703,0.0
old_shared,70,29,92,tail,2,-0.0017812252044677734,0.0
old_shared,70,29,95,tail,4,0.003617405891418457,0.0
old_shared,70,29,96,tail,1,0.0009082965552806854,0.0
old_shared,70,29,97,tail,3,0.005923271179199219,0.0
old_shared,80,0,0,non_tail,1,5.5158743634819984e-05,0.0
old_shared,80,0,2,non_tail,5,0.0011043474078178406,0.0
old_shared,80,0,4,non_tail,1,0.010500550270080566,0.0
old_shared,80,0,5,non_tail,1,0.004418320953845978,0.0
old_shared,80,0,8,non_tail,1,5.244204658083618e-06,0.0
old_shared,80,0,15,non_tail,1,1.7869286239147186e-05,0.0
old_shared,80,0,37,non_tail,1,0.0002498505637049675,0.0
old_shared,80,0,55,non_tail,1,-0.009805738925933838,0.0
old_shared,80,0,60,non_tail,1,0.0288543701171875,0.0
old_shared,80,0,66,non_tail,1,0.00044059567153453827,0.0
old_shared,80,0,69,non_tail,1,0.01103067398071289,0.0
old_shared,80,0,74,non_tail,1,-0.0265045166015625,0.0
old_shared,80,0,81,tail,1,0.015666961669921875,0.0
old_shared,80,0,83,tail,1,0.012581706047058105,0.0
old_shared,80,1,0,non_tail,3,5.3141401925434813e-05,0.0
old_shared,80,1,1,non_tail,1,0.0017184223979711533,0.0
old_shared,80,1,7,non_tail,6,-0.0018869837125142785,0.0
old_shared,80,1,24,non_tail,1,-0.0008984804153442383,0.0
old_shared,80,1,28,non_tail,1,0.0001502600498497486,0.0
old_shared,80,1,30,non_tail,1,0.001818135380744934,0.0
old_shared,80,1,46,non_tail,1,0.0014252662658691406,0.0
old_shared,80,1,53,non_tail,2,0.00021005421876907349,0.0
old_shared,80,1,86,tail,1,0.034113168716430664,0.0
old_shared,80,2,0,non_tail,1,2.0491075702011585e-05,0.0
old_shared,80,2,3,non_tail,2,-0.00544428825378418,0.0
old_shared,80,2,5,non_tail,4,3.585417289286852e-05,0.0
old_shared,80,2,6,non_tail,2,0.0002192249521613121,0.0
old_shared,80,2,10,non_tail,2,0.007088005542755127,0.0
old_shared,80,2,16,non_tail,1,-0.01698136329650879,0.0
old_shared,80,2,22,non_tail,2,0.016458511352539062,0.0
old_shared,80,2,42,non_tail,1,-0.04883694648742676,0.0
old_shared,80,2,77,non_tail,1,-0.018262863159179688,0.0
old_shared,80,2,82,tail,1,6.850436329841614e-05,0.0
old_shared,80,2,91,tail,1,0.017291337251663208,0.0
old_shared,80,2,95,tail,1,-0.0038423538208007812,0.0
old_shared,80,3,2,non_tail,1,-0.006090879440307617,0.0
old_shared,80,3,3,non_tail,1,3.6329030990600586e-05,0.0
old_shared,80,3,6,non_tail,4,-0.00034132273867726326,0.0
old_shared,80,3,12,non_tail,3,-0.0076062679290771484,0.0
old_shared,80,3,14,non_tail,1,7.760804146528244e-05,0.0
old_shared,80,3,20,non_tail,1,5.839508958160877e-06,0.0
old_shared,80,3,31,non_tail,1,5.501648411154747e-05,0.0
old_shared,80,3,36,non_tail,1,0.0012493878602981567,0.0
old_shared,80,3,45,non_tail,1,0.006765544414520264,0.0
old_shared,80,3,77,non_tail,1,-0.037690162658691406,0.0
old_shared,80,3,79,non_tail,1,0.0023784637451171875,0.0
old_shared,80,3,90,tail,1,0.002965375781059265,0.0
old_shared,80,3,94,tail,1,0.00010528997518122196,0.0
old_shared,80,4,1,non_tail,2,0.0010684323497116566,0.0
old_shared,80,4,2,non_tail,1,-0.006299257278442383,0.0
old_shared,80,4,3,non_tail,1,-0.0003077983856201172,0.0
old_shared,80,4,4,non_tail,2,0.007888346910476685,0.0
old_shared,80,4,5,non_tail,1,5.449727177619934e-05,0.0
old_shared,80,4,9,non_tail,1,0.0007590735331177711,0.0
old_shared,80,4,11,non_tail,2,0.0019651949405670166,0.0
old_shared,80,4,17,non_tail,1,0.00045895855873823166,0.0
old_shared,80,4,20,non_tail,2,1.2803080608136952e-05,0.0
old_shared,80,4,24,non_tail,1,0.00014768540859222412,0.0
old_shared,80,4,46,non_tail,1,-0.00018721818923950195,0.0
old_shared,80,4,65,non_tail,1,0.0005540847778320312,0.0
old_shared,80,4,92,tail,1,0.025574684143066406,0.0
old_shared,80,4,97,tail,1,0.05128765106201172,0.0
old_shared,80,6,1,non_tail,1,0.0010982416570186615,0.0
old_shared,80,6,2,non_tail,2,-0.004353940486907959,0.0
old_shared,80,6,7,non_tail,3,0.00030387441317236696,0.0
old_shared,80,6,12,non_tail,3,-6.786671777566505e-05,0.0
old_shared,80,6,18,non_tail,1,-8.225440979003906e-06,0.0
old_shared,80,6,23,non_tail,2,-0.001657362561672926,0.0
old_shared,80,6,32,non_tail,1,-0.05192363262176514,0.0
old_shared,80,6,38,non_tail,1,-0.001376032829284668,0.0
old_shared,80,6,54,non_tail,1,0.003538981080055237,0.0
old_shared,80,6,70,non_tail,1,0.00020991452038288116,0.0
old_shared,80,6,84,tail,1,0.011984825134277344,0.0
old_shared,80,8,4,non_tail,1,0.0026879385113716125,0.0
old_shared,80,8,5,non_tail,1,6.229261634871364e-05,0.0
old_shared,80,8,6,non_tail,2,-7.93440267443657e-06,0.0
old_shared,80,8,7,non_tail,1,8.912291377782822e-06,0.0
old_shared,80,8,15,non_tail,1,0.0010108370333909988,0.0
old_shared,80,8,17,non_tail,1,0.0009004175662994385,0.0
old_shared,80,8,21,non_tail,1,9.525101631879807e-06,0.0
old_shared,80,8,26,non_tail,3,-0.019650777180989287,0.0
old_shared,80,8,38,non_tail,1,3.6945275496691465e-06,0.0
old_shared,80,8,46,non_tail,1,0.00010041892528533936,0.0
old_shared,80,8,57,non_tail,1,-0.0005860477685928345,0.0
old_shared,80,8,58,non_tail,1,-0.019096851348876953,0.0
old_shared,80,8,62,non_tail,1,-0.016082286834716797,0.0
old_shared,80,8,83,tail,1,0.01534879207611084,0.0
old_shared,80,9,1,non_tail,1,0.001298263669013977,0.0
old_shared,80,9,2,non_tail,1,0.00011596828699111938,0.0
old_shared,80,9,4,non_tail,2,0.01000186800956726,0.0
old_shared,80,9,6,non_tail,1,6.083957850933075e-05,0.0
old_shared,80,9,7,non_tail,1,-0.00025641173124313354,0.0
old_shared,80,9,13,non_tail,1,1.719919964671135e-05,0.0
old_shared,80,9,14,non_tail,4,0.004412478534504771,0.0
old_shared,80,9,17,non_tail,1,2.1764542907476425e-05,0.0
old_shared,80,9,35,non_tail,1,-0.00029740482568740845,0.0
old_shared,80,9,52,non_tail,1,-0.001317143440246582,0.0
old_shared,80,9,67,non_tail,1,-0.001473069190979004,0.0
old_shared,80,9,79,non_tail,1,0.01396632194519043,0.0
old_shared,80,9,86,tail,1,0.018093526363372803,0.0
old_shared,80,9,89,tail,1,0.05471324920654297,0.0
old_shared,80,12,0,non_tail,1,4.528978024609387e-06,0.0
old_shared,80,12,1,non_tail,2,0.01761719584465027,0.0
old_shared,80,12,3,non_tail,1,-3.164634108543396e-06,0.0
old_shared,80,12,10,non_tail,1,3.393122460693121e-05,0.0
old_shared,80,12,12,non_tail,1,-0.00026740506291389465,0.0
old_shared,80,12,13,non_tail,2,0.00288566411472857,0.0
old_shared,80,12,17,non_tail,1,0.00018044933676719666,0.0
old_shared,80,12,26,non_tail,1,-0.000550534576177597,0.0
old_shared,80,12,27,non_tail,2,-0.012360900640487671,0.0
old_shared,80,12,28,non_tail,1,0.0010369028896093369,0.0
old_shared,80,12,38,non_tail,1,-7.838010787963867e-06,0.0
old_shared,80,12,41,non_tail,1,0.0005666762590408325,0.0
old_shared,80,12,59,non_tail,1,-0.013268232345581055,0.0
old_shared,80,12,85,tail,1,0.04586756229400635,0.0
old_shared,80,12,90,tail,1,0.013078689575195312,0.0
old_shared,80,13,4,non_tail,3,0.005227302511533083,33.333333333333336
old_shared,80,13,6,non_tail,1,0.00010694004595279694,0.0
old_shared,80,13,8,non_tail,2,9.964173659682274e-05,0.0
old_shared,80,13,11,non_tail,1,-0.00018443726003170013,0.0
old_shared,80,13,25,non_tail,2,0.0005911514163017273,0.0
old_shared,80,13,26,non_tail,3,-0.005728773772716522,0.0
old_shared,80,13,28,non_tail,1,0.020205259323120117,0.0
old_shared,80,13,40,non_tail,1,0.00027630478143692017,0.0
old_shared,80,13,58,non_tail,1,0.0028604865074157715,0.0
old_shared,80,13,68,non_tail,1,0.001252874732017517,0.0
old_shared,80,13,87,tail,1,0.0013055317103862762,0.0
old_shared,80,14,1,non_tail,1,0.0004883231595158577,0.0
old_shared,80,14,4,non_tail,1,0.010121434926986694,0.0
old_shared,80,14,11,non_tail,1,3.4254975616931915e-05,0.0
old_shared,80,14,14,non_tail,2,0.008823744487017393,0.0
old_shared,80,14,17,non_tail,1,0.029927730560302734,0.0
old_shared,80,14,21,non_tail,2,-0.00010870350524783134,0.0
old_shared,80,14,28,non_tail,2,0.003908947110176086,0.0
old_shared,80,14,32,non_tail,1,-2.438877709209919e-05,0.0
old_shared,80,14,43,non_tail,1,0.0035620927810668945,0.0
old_shared,80,14,46,non_tail,1,-0.011348694562911987,0.0
old_shared,80,14,55,non_tail,1,-0.019885540008544922,0.0
old_shared,80,14,56,non_tail,1,0.0015724897384643555,0.0
old_shared,80,14,75,non_tail,1,-0.0025587081909179688,0.0
old_shared,80,14,85,tail,1,-0.001383066177368164,0.0
old_shared,80,14,96,tail,1,0.018239736557006836,0.0
old_shared,80,15,0,non_tail,5,0.004234789311885839,0.0
old_shared,80,15,2,non_tail,1,0.0002742912620306015,0.0
old_shared,80,15,3,non_tail,3,0.00037561357021331787,0.0
old_shared,80,15,9,non_tail,1,0.0012177303433418274,0.0
old_shared,80,15,13,non_tail,1,0.015740156173706055,0.0
old_shared,80,15,16,non_tail,1,-0.04112720489501953,0.0
old_shared,80,15,19,non_tail,1,5.731172859668732e-05,0.0
old_shared,80,15,53,non_tail,1,-0.0001702476292848587,0.0
old_shared,80,15,57,non_tail,1,0.0019946694374084473,0.0
old_shared,80,15,66,non_tail,1,-5.459785461425781e-05,0.0
old_shared,80,15,84,tail,1,0.012943744659423828,0.0
old_shared,80,15,88,tail,1,0.0022087395191192627,0.0
old_shared,80,16,0,non_tail,1,0.0004037152975797653,0.0
old_shared,80,16,1,non_tail,1,0.0002514645457267761,0.0
old_shared,80,16,2,non_tail,1,0.0004673376679420471,0.0
old_shared,80,16,4,non_tail,2,0.0037912018597126007,0.0
old_shared,80,16,10,non_tail,3,0.008746147155761719,0.0
old_shared,80,16,11,non_tail,2,-4.9894675612449646e-05,0.0
old_shared,80,16,29,non_tail,1,3.04920831695199e-05,0.0
old_shared,80,16,30,non_tail,1,0.004863739013671875,0.0
old_shared,80,16,36,non_tail,1,0.002393171191215515,0.0
old_shared,80,16,41,non_tail,1,-0.000974215567111969,0.0
old_shared,80,16,59,non_tail,1,-0.006556987762451172,0.0
old_shared,80,16,74,non_tail,1,-0.020617902278900146,0.0
old_shared,80,16,93,tail,1,0.06573843955993652,0.0
old_shared,80,17,1,non_tail,1,8.223485201597214e-05,0.0
old_shared,80,17,3,non_tail,1,-0.007570981979370117,0.0
old_shared,80,17,4,non_tail,2,-0.014325052499771118,0.0
old_shared,80,17,5,non_tail,1,0.010762333869934082,0.0
old_shared,80,17,6,non_tail,1,9.049312211573124e-06,0.0
old_shared,80,17,13,non_tail,2,0.0008265078067779541,0.0
old_shared,80,17,18,non_tail,2,-0.0008965730667114258,0.0
old_shared,80,17,23,non_tail,1,5.736947059631348e-06,0.0
old_shared,80,17,26,non_tail,1,-0.008013010025024414,0.0
old_shared,80,17,30,non_tail,1,0.00027333199977874756,0.0
old_shared,80,17,31,non_tail,1,0.0003139972686767578,0.0
old_shared,80,17,33,non_tail,1,0.024424076080322266,0.0
old_shared,80,17,40,non_tail,1,-0.0002953875809907913,0.0
old_shared,80,17,80,tail,1,0.02348804473876953,0.0
old_shared,80,20,0,non_tail,1,0.00024374015629291534,0.0
old_shared,80,20,1,non_tail,1,0.0012432709336280823,0.0
old_shared,80,20,3,non_tail,3,-0.0008927484353383475,0.0
old_shared,80,20,5,non_tail,1,0.00024998653680086136,0.0
old_shared,80,20,9,non_tail,1,0.03857278823852539,0.0
old_shared,80,20,11,non_tail,2,-0.006804764270782471,0.0
old_shared,80,20,15,non_tail,1,0.0022594183683395386,0.0
old_shared,80,20,16,non_tail,2,-0.010480973869562149,0.0
old_shared,80,20,21,non_tail,1,-0.0014097094535827637,0.0
old_shared,80,20,32,non_tail,1,-0.02122586965560913,0.0
old_shared,80,20,33,non_tail,1,0.0009342283010482788,0.0
old_shared,80,20,34,non_tail,1,0.007867604494094849,0.0
old_shared,80,20,81,tail,1,0.005574643611907959,0.0
old_shared,80,20,82,tail,1,-0.009929418563842773,0.0
old_shared,80,20,87,tail,1,0.0011761486530303955,0.0
old_shared,80,21,0,non_tail,1,0.0004489850252866745,0.0
old_shared,80,21,7,non_tail,1,0.0012033283710479736,0.0
old_shared,80,21,10,non_tail,1,0.000639796257019043,0.0
old_shared,80,21,14,non_tail,4,0.010262757539749146,0.0
old_shared,80,21,17,non_tail,3,0.0007066453496615104,0.0
old_shared,80,21,19,non_tail,1,-0.002375483512878418,0.0
old_shared,80,21,23,non_tail,2,-0.0021841898560523987,0.0
old_shared,80,21,26,non_tail,1,-0.002293199300765991,0.0
old_shared,80,21,29,non_tail,1,-0.01372373104095459,0.0
old_shared,80,21,33,non_tail,1,0.0197296142578125,0.0
old_shared,80,21,82,tail,1,0.019286394119262695,0.0
old_shared,80,24,2,non_tail,1,-0.0004017353057861328,0.0
old_shared,80,24,6,non_tail,3,0.005207916100819887,0.0
old_shared,80,24,7,non_tail,2,0.004063405096530914,0.0
old_shared,80,24,14,non_tail,2,0.0068573616445064545,0.0
old_shared,80,24,15,non_tail,1,0.00025268737226724625,0.0
old_shared,80,24,17,non_tail,1,9.408826008439064e-05,0.0
old_shared,80,24,18,non_tail,1,0.0038733631372451782,0.0
old_shared,80,24,23,non_tail,1,-0.001901276409626007,0.0
old_shared,80,24,25,non_tail,1,0.005950570106506348,0.0
old_shared,80,24,30,non_tail,1,-0.009438157081604004,0.0
old_shared,80,24,42,non_tail,1,9.04453918337822e-06,0.0
old_shared,80,24,43,non_tail,1,0.02292931079864502,0.0
old_shared,80,24,98,tail,1,-0.0059816837310791016,0.0
old_shared,80,25,3,non_tail,1,0.00017007999122142792,0.0
old_shared,80,25,5,non_tail,2,0.0012014759704470634,0.0
old_shared,80,25,6,non_tail,1,3.247661516070366e-05,0.0
old_shared,80,25,14,non_tail,1,0.00042729172855615616,0.0
old_shared,80,25,15,non_tail,5,0.0015996448695659582,0.0
old_shared,80,25,16,non_tail,1,1.4034099876880646e-05,0.0
old_shared,80,25,21,non_tail,3,0.0021356350431839533,0.0
old_shared,80,25,41,non_tail,1,0.030830860137939453,0.0
old_shared,80,25,45,non_tail,1,-0.0219879150390625,0.0
old_shared,80,25,80,tail,1,0.02369093894958496,0.0
old_shared,80,25,89,tail,1,0.03425121307373047,0.0
old_shared,80,25,99,tail,1,0.004291564226150513,0.0
old_shared,80,26,0,non_tail,6,0.0007834180723875761,0.0
old_shared,80,26,1,non_tail,1,0.0013192184269428253,0.0
old_shared,80,26,8,non_tail,1,4.5048538595438004e-05,0.0
old_shared,80,26,13,non_tail,2,6.690854206681252e-05,0.0
old_shared,80,26,15,non_tail,1,0.009017705917358398,0.0
old_shared,80,26,16,non_tail,1,1.3082753866910934e-06,0.0
old_shared,80,26,20,non_tail,1,1.7508689779788256e-05,0.0
old_shared,80,26,29,non_tail,1,-0.002725839614868164,0.0
old_shared,80,26,37,non_tail,1,-0.004296541213989258,0.0
old_shared,80,26,58,non_tail,1,4.8513058573007584e-05,0.0
old_shared,80,26,80,tail,1,0.0008578523993492126,0.0
old_shared,80,26,88,tail,1,0.0711526870727539,0.0
old_shared,80,26,91,tail,1,0.01478111743927002,0.0
old_shared,80,27,0,non_tail,1,2.9166927561163902e-05,0.0
old_shared,80,27,2,non_tail,1,-0.004945337772369385,0.0
old_shared,80,27,6,non_tail,1,0.0003446042537689209,0.0
old_shared,80,27,7,non_tail,1,-0.027743816375732422,0.0
old_shared,80,27,81,tail,5,0.0032621383666988635,0.0
old_shared,80,27,82,tail,4,0.00684514082968235,0.0
old_shared,80,27,83,tail,6,0.011826197306315178,0.0
old_shared,80,27,84,tail,1,0.018615424633026123,0.0
old_shared,80,27,86,tail,6,0.02604961395263694,0.0
old_shared,80,27,87,tail,2,0.0005460605025291443,0.0
old_shared,80,27,88,tail,5,0.02642822265625,0.0
old_shared,80,27,93,tail,4,-0.0064852237701416016,0.0
old_shared,80,27,94,tail,5,0.020157241821288974,0.0
old_shared,80,27,95,tail,1,-0.012696266174316406,0.0
old_shared,80,27,98,tail,3,0.0017105738321938624,0.0
old_shared,80,28,3,non_tail,1,0.0003108009696006775,0.0
old_shared,80,28,5,non_tail,1,0.00022197235375642776,0.0
old_shared,80,28,82,tail,4,0.01402747631072998,0.0
old_shared,80,28,83,tail,2,-0.0029256343841552734,0.0
old_shared,80,28,84,tail,6,-0.006832440694173769,0.0
old_shared,80,28,85,tail,2,0.023420333862304688,0.0
old_shared,80,28,86,tail,1,0.00011402135714888573,0.0
old_shared,80,28,87,tail,1,-0.00154876708984375,0.0
old_shared,80,28,89,tail,4,0.04944658279418945,0.0
old_shared,80,28,90,tail,1,0.0014846809208393097,0.0
old_shared,80,28,91,tail,3,0.028140703837076675,0.0
old_shared,80,28,92,tail,3,0.016645749409993638,0.0
old_shared,80,28,93,tail,1,0.014073848724365234,0.0
old_shared,80,28,96,tail,3,0.017532825469970703,0.0
old_shared,80,28,97,tail,1,0.029265880584716797,0.0
old_shared,80,28,98,tail,1,-0.004564523696899414,0.0
old_shared,80,28,99,tail,4,-0.016117572784423828,0.0
old_shared,80,29,1,non_tail,1,0.0019368752837181091,0.0
old_shared,80,29,4,non_tail,1,-0.003690958023071289,0.0
old_shared,80,29,8,non_tail,1,0.045332908630371094,0.0
old_shared,80,29,9,non_tail,1,0.0006069950759410858,0.0
old_shared,80,29,10,non_tail,1,0.0020089447498321533,0.0
old_shared,80,29,80,tail,8,0.014655351638793945,0.0
old_shared,80,29,81,tail,4,0.009410619735717773,0.0
old_shared,80,29,84,tail,1,0.028812408447265625,0.0
old_shared,80,29,85,tail,5,0.0008355379104614258,0.0
old_shared,80,29,87,tail,3,0.007244427998861269,0.0
old_shared,80,29,88,tail,1,0.03192543983459473,0.0
old_shared,80,29,89,tail,1,0.055486440658569336,0.0
old_shared,80,29,90,tail,4,0.00953117199242115,0.0
old_shared,80,29,91,tail,2,0.010703802108764648,0.0
old_shared,80,29,92,tail,2,0.028154373168945312,0.0
old_shared,80,29,95,tail,4,0.0010424256324768066,0.0
old_shared,80,29,96,tail,1,0.0003395751118659973,0.0
old_shared,80,29,97,tail,3,0.00177764892578125,0.0
old_shared,90,0,0,non_tail,1,1.7239246517419815e-05,0.0
old_shared,90,0,2,non_tail,5,-0.004964905977249162,0.0
old_shared,90,0,4,non_tail,1,0.0016129016876220703,0.0
old_shared,90,0,5,non_tail,1,0.0017040148377418518,0.0
old_shared,90,0,8,non_tail,1,1.3110693544149399e-06,0.0
old_shared,90,0,15,non_tail,1,1.9418424926698208e-05,0.0
old_shared,90,0,37,non_tail,1,2.0139850676059723e-05,0.0
old_shared,90,0,55,non_tail,1,-0.008304119110107422,0.0
old_shared,90,0,60,non_tail,1,0.026200532913208008,0.0
old_shared,90,0,66,non_tail,1,0.0005586352199316025,0.0
old_shared,90,0,69,non_tail,1,0.002088308334350586,0.0
old_shared,90,0,74,non_tail,1,-0.025015830993652344,0.0
old_shared,90,0,81,tail,1,0.014500617980957031,0.0
old_shared,90,0,83,tail,1,-0.005627095699310303,0.0
old_shared,90,1,0,non_tail,3,-8.146162144839764e-08,0.0
old_shared,90,1,1,non_tail,1,0.001598617061972618,0.0
old_shared,90,1,7,non_tail,6,0.004957238833109501,0.0
old_shared,90,1,24,non_tail,1,0.0034824013710021973,0.0
old_shared,90,1,28,non_tail,1,4.486320540308952e-05,0.0
old_shared,90,1,30,non_tail,1,0.006746992468833923,0.0
old_shared,90,1,46,non_tail,1,0.00044083595275878906,0.0
old_shared,90,1,53,non_tail,2,0.00039283186197280884,0.0
old_shared,90,1,86,tail,1,0.05253791809082031,0.0
old_shared,90,2,0,non_tail,1,5.7184952311217785e-06,0.0
old_shared,90,2,3,non_tail,2,-0.00044417381286621094,0.0
old_shared,90,2,5,non_tail,4,-0.0004635220975615084,0.0
old_shared,90,2,6,non_tail,2,0.00013965927064418793,0.0
old_shared,90,2,10,non_tail,2,0.003422856330871582,0.0
old_shared,90,2,16,non_tail,1,-0.005220890045166016,0.0
old_shared,90,2,22,non_tail,2,-0.0040541887283325195,0.0
old_shared,90,2,42,non_tail,1,-0.04255867004394531,0.0
old_shared,90,2,77,non_tail,1,-0.009854316711425781,0.0
old_shared,90,2,82,tail,1,-0.00018674321472644806,0.0
old_shared,90,2,91,tail,1,0.01359492540359497,0.0
old_shared,90,2,95,tail,1,-0.019130229949951172,0.0
old_shared,90,3,2,non_tail,1,-0.013874530792236328,0.0
old_shared,90,3,3,non_tail,1,0.001673337072134018,0.0
old_shared,90,3,6,non_tail,4,1.4743534848093987e-05,0.0
old_shared,90,3,12,non_tail,3,-0.00830128788948059,0.0
old_shared,90,3,14,non_tail,1,-3.5669654607772827e-07,0.0
old_shared,90,3,20,non_tail,1,5.958718247711658e-07,0.0
old_shared,90,3,31,non_tail,1,0.0001590382307767868,0.0
old_shared,90,3,36,non_tail,1,0.002676233649253845,0.0
old_shared,90,3,45,non_tail,1,0.0057318806648254395,0.0
old_shared,90,3,77,non_tail,1,-0.03772926330566406,0.0
old_shared,90,3,79,non_tail,1,-0.005721092224121094,0.0
old_shared,90,3,90,tail,1,0.000498257577419281,0.0
old_shared,90,3,94,tail,1,2.5200890377163887e-05,0.0
old_shared,90,4,1,non_tail,2,0.0008660778403282166,0.0
old_shared,90,4,2,non_tail,1,-0.014260053634643555,0.0
old_shared,90,4,3,non_tail,1,0.014045000076293945,0.0
old_shared,90,4,4,non_tail,2,-0.0006167441606521606,0.0
old_shared,90,4,5,non_tail,1,1.630245242267847e-05,0.0
old_shared,90,4,9,non_tail,1,0.00042899511754512787,0.0
old_shared,90,4,11,non_tail,2,0.006616692990064621,0.0
old_shared,90,4,17,non_tail,1,0.0004456229507923126,0.0
old_shared,90,4,20,non_tail,2,2.7394271455705166e-06,0.0
old_shared,90,4,24,non_tail,1,1.1838972568511963e-05,0.0
old_shared,90,4,46,non_tail,1,0.003249824047088623,0.0
old_shared,90,4,65,non_tail,1,0.005235195159912109,0.0
old_shared,90,4,92,tail,1,0.0034732818603515625,0.0
old_shared,90,4,97,tail,1,0.07723522186279297,0.0
old_shared,90,6,1,non_tail,1,0.0008948221802711487,0.0
old_shared,90,6,2,non_tail,2,-0.00412297248840332,0.0
old_shared,90,6,7,non_tail,3,0.0012805759906768799,0.0
old_shared,90,6,12,non_tail,3,-7.821464290221763e-05,0.0
old_shared,90,6,18,non_tail,1,0.0010412409901618958,0.0
old_shared,90,6,23,non_tail,2,0.00018269894644618034,0.0
old_shared,90,6,32,non_tail,1,-0.051719069480895996,0.0
old_shared,90,6,38,non_tail,1,-0.0012778043746948242,0.0
old_shared,90,6,54,non_tail,1,0.001172080636024475,0.0
old_shared,90,6,70,non_tail,1,-3.820937126874924e-05,0.0
old_shared,90,6,84,tail,1,0.016216516494750977,0.0
old_shared,90,8,4,non_tail,1,0.0017757564783096313,0.0
old_shared,90,8,5,non_tail,1,2.822832902893424e-05,0.0
old_shared,90,8,6,non_tail,2,2.0652776584029198e-05,0.0
old_shared,90,8,7,non_tail,1,4.408927634358406e-05,0.0
old_shared,90,8,15,non_tail,1,0.0010264134034514427,0.0
old_shared,90,8,17,non_tail,1,0.0001102052628993988,0.0
old_shared,90,8,21,non_tail,1,2.3218686692416668e-05,0.0
old_shared,90,8,26,non_tail,3,-0.014863808949788115,0.0
old_shared,90,8,38,non_tail,1,3.813707735389471e-06,0.0
old_shared,90,8,46,non_tail,1,0.0030152499675750732,0.0
old_shared,90,8,57,non_tail,1,0.0014276951551437378,0.0
old_shared,90,8,58,non_tail,1,-0.026813030242919922,0.0
old_shared,90,8,62,non_tail,1,-0.004424095153808594,0.0
old_shared,90,8,83,tail,1,0.009002327919006348,0.0
old_shared,90,9,1,non_tail,1,0.0012556090950965881,0.0
old_shared,90,9,2,non_tail,1,-0.0007614828646183014,0.0
old_shared,90,9,4,non_tail,2,-0.013242512941360474,0.0
old_shared,90,9,6,non_tail,1,3.2317591831088066e-05,0.0
old_shared,90,9,7,non_tail,1,0.0008220821619033813,0.0
old_shared,90,9,13,non_tail,1,4.877150058746338e-05,0.0
old_shared,90,9,14,non_tail,4,0.0010544371325522661,0.0
old_shared,90,9,17,non_tail,1,2.414872869849205e-05,0.0
old_shared,90,9,35,non_tail,1,0.0004228055477142334,0.0
old_shared,90,9,52,non_tail,1,0.007587432861328125,0.0
old_shared,90,9,67,non_tail,1,-0.010644316673278809,0.0
old_shared,90,9,79,non_tail,1,-0.007483482360839844,0.0
old_shared,90,9,86,tail,1,0.023616880178451538,0.0
old_shared,90,9,89,tail,1,0.06358766555786133,0.0
old_shared,90,12,0,non_tail,1,8.342904038727283e-07,0.0
old_shared,90,12,1,non_tail,2,0.010180190205574036,0.0
old_shared,90,12,3,non_tail,1,0.00037012994289398193,0.0
old_shared,90,12,10,non_tail,1,3.0955998227000237e-06,0.0
old_shared,90,12,12,non_tail,1,-0.00023609958589076996,0.0
old_shared,90,12,13,non_tail,2,0.0025918909814208746,0.0
old_shared,90,12,17,non_tail,1,0.00019260658882558346,0.0
old_shared,90,12,26,non_tail,1,-0.0004574880003929138,0.0
old_shared,90,12,27,non_tail,2,-0.021041348576545715,0.0
old_shared,90,12,28,non_tail,1,3.162212669849396e-05,0.0
old_shared,90,12,38,non_tail,1,0.0021843165159225464,0.0
old_shared,90,12,41,non_tail,1,0.00015983916819095612,0.0
old_shared,90,12,59,non_tail,1,-0.004202842712402344,0.0
old_shared,90,12,85,tail,1,0.04648280143737793,0.0
old_shared,90,12,90,tail,1,0.007992982864379883,0.0
old_shared,90,13,4,non_tail,3,0.0019259353478749408,0.0
old_shared,90,13,6,non_tail,1,0.00014019012451171875,0.0
old_shared,90,13,8,non_tail,2,4.111439920961857e-05,0.0
old_shared,90,13,11,non_tail,1,-0.0001604091376066208,0.0
old_shared,90,13,25,non_tail,2,0.00028249341994524,0.0
old_shared,90,13,26,non_tail,3,-0.006622451047102684,0.0
old_shared,90,13,28,non_tail,1,-0.004890322685241699,0.0
old_shared,90,13,40,non_tail,1,0.0005549415946006775,0.0
old_shared,90,13,58,non_tail,1,0.00015723705291748047,0.0
old_shared,90,13,68,non_tail,1,-0.0009477958083152771,0.0
old_shared,90,13,87,tail,1,0.0008910447359085083,0.0
old_shared,90,14,1,non_tail,1,0.00040623731911182404,0.0
old_shared,90,14,4,non_tail,1,0.0030529797077178955,0.0
old_shared,90,14,11,non_tail,1,0.00016466528177261353,0.0
old_shared,90,14,14,non_tail,2,0.005836907308548689,0.0
old_shared,90,14,17,non_tail,1,0.005102872848510742,0.0
old_shared,90,14,21,non_tail,2,7.856171578168869e-05,0.0
old_shared,90,14,28,non_tail,2,0.0010871589183807373,0.0
old_shared,90,14,32,non_tail,1,-9.993324056267738e-06,0.0
old_shared,90,14,43,non_tail,1,0.008711129426956177,0.0
old_shared,90,14,46,non_tail,1,0.0017802417278289795,0.0
old_shared,90,14,55,non_tail,1,-0.010499715805053711,0.0
old_shared,90,14,56,non_tail,1,0.010040968656539917,0.0
old_shared,90,14,75,non_tail,1,0.006206512451171875,0.0
old_shared,90,14,85,tail,1,0.014059066772460938,0.0
old_shared,90,14,96,tail,1,0.0375901460647583,0.0
old_shared,90,15,0,non_tail,5,0.003232473880052572,0.0
old_shared,90,15,2,non_tail,1,-0.0010063350200653076,0.0
old_shared,90,15,3,non_tail,3,0.0008645008007685355,0.0
old_shared,90,15,9,non_tail,1,0.0001843273639678955,0.0
old_shared,90,15,13,non_tail,1,0.011633813381195068,0.0
old_shared,90,15,16,non_tail,1,0.03684854507446289,0.0
old_shared,90,15,19,non_tail,1,5.196407437324524e-05,0.0
old_shared,90,15,53,non_tail,1,-7.585994899272919e-05,0.0
old_shared,90,15,57,non_tail,1,0.003507852554321289,0.0
old_shared,90,15,66,non_tail,1,-0.004431724548339844,0.0
old_shared,90,15,84,tail,1,0.012427330017089844,0.0
old_shared,90,15,88,tail,1,0.0013180524110794067,0.0
old_shared,90,16,0,non_tail,1,0.0002847779542207718,0.0
old_shared,90,16,1,non_tail,1,0.0002329186536371708,0.0
old_shared,90,16,2,non_tail,1,-0.0014515668153762817,0.0
old_shared,90,16,4,non_tail,2,-0.002409808337688446,0.0
old_shared,90,16,10,non_tail,3,0.010903676350911495,33.333333333333336
old_shared,90,16,11,non_tail,2,0.005653431639075279,0.0
old_shared,90,16,29,non_tail,1,1.5484692994505167e-05,0.0
old_shared,90,16,30,non_tail,1,0.01232767105102539,0.0
old_shared,90,16,36,non_tail,1,0.006259262561798096,0.0
old_shared,90,16,41,non_tail,1,0.0008832216262817383,0.0
old_shared,90,16,59,non_tail,1,0.00025081634521484375,0.0
old_shared,90,16,74,non_tail,1,-0.01330876350402832,0.0
old_shared,90,16,93,tail,1,0.08617734909057617,0.0
old_shared,90,17,1,non_tail,1,5.8120815083384514e-05,0.0
old_shared,90,17,3,non_tail,1,0.01517486572265625,0.0
old_shared,90,17,4,non_tail,2,-0.04252365231513977,0.0
old_shared,90,17,5,non_tail,1,-0.0009334087371826172,0.0
old_shared,90,17,6,non_tail,1,-8.454662747681141e-06,0.0
old_shared,90,17,13,non_tail,2,0.006387263536453247,0.0
old_shared,90,17,18,non_tail,2,0.0020064711570739746,0.0
old_shared,90,17,23,non_tail,1,-5.8628618717193604e-05,0.0
old_shared,90,17,26,non_tail,1,-0.012271404266357422,0.0
old_shared,90,17,30,non_tail,1,0.0004459172487258911,0.0
old_shared,90,17,31,non_tail,1,-0.008264303207397461,0.0
old_shared,90,17,33,non_tail,1,0.020453929901123047,0.0
old_shared,90,17,40,non_tail,1,-3.999099135398865e-06,0.0
old_shared,90,17,80,tail,1,0.026400089263916016,0.0
old_shared,90,20,0,non_tail,1,-6.835907697677612e-06,0.0
old_shared,90,20,1,non_tail,1,0.0009353337809443474,0.0
old_shared,90,20,3,non_tail,3,0.004714151223500579,0.0
old_shared,90,20,5,non_tail,1,6.999727338552475e-05,0.0
old_shared,90,20,9,non_tail,1,0.036774635314941406,0.0
old_shared,90,20,11,non_tail,2,0.01700425148010254,0.0
old_shared,90,20,15,non_tail,1,0.002268753945827484,0.0
old_shared,90,20,16,non_tail,2,-0.00019973749294877052,0.0
old_shared,90,20,21,non_tail,1,-0.0004444420337677002,0.0
old_shared,90,20,32,non_tail,1,-0.02632009983062744,0.0
old_shared,90,20,33,non_tail,1,0.0002687200903892517,0.0
old_shared,90,20,34,non_tail,1,0.007489651441574097,0.0
old_shared,90,20,81,tail,1,0.004254430532455444,0.0
old_shared,90,20,82,tail,1,-0.013923168182373047,0.0
old_shared,90,20,87,tail,1,0.0008636657148599625,0.0
old_shared,90,21,0,non_tail,1,0.00013070367276668549,0.0
old_shared,90,21,7,non_tail,1,0.002290472388267517,0.0
old_shared,90,21,10,non_tail,1,-0.00036557018756866455,0.0
old_shared,90,21,14,non_tail,4,0.010991177055984735,0.0
old_shared,90,21,17,non_tail,3,0.0005535135666529349,0.0
old_shared,90,21,19,non_tail,1,0.005399465560913086,0.0
old_shared,90,21,23,non_tail,2,-0.0012678354978561401,0.0
old_shared,90,21,26,non_tail,1,-0.00024775415658950806,0.0
old_shared,90,21,29,non_tail,1,-0.02061977982521057,0.0
old_shared,90,21,33,non_tail,1,0.007814407348632812,0.0
old_shared,90,21,82,tail,1,0.0019788742065429688,0.0
old_shared,90,24,2,non_tail,1,-0.0073379576206207275,0.0
old_shared,90,24,6,non_tail,3,0.0024870385726292743,0.0
old_shared,90,24,7,non_tail,2,0.006704002618789673,0.0
old_shared,90,24,14,non_tail,2,-0.0003163386136293411,0.0
old_shared,90,24,15,non_tail,1,0.00012431759387254715,0.0
old_shared,90,24,17,non_tail,1,9.457836858928204e-05,0.0
old_shared,90,24,18,non_tail,1,0.003702707588672638,0.0
old_shared,90,24,23,non_tail,1,-0.0012290552258491516,0.0
old_shared,90,24,25,non_tail,1,0.007148087024688721,0.0
old_shared,90,24,30,non_tail,1,-0.012680411338806152,0.0
old_shared,90,24,42,non_tail,1,4.190136678516865e-05,0.0
old_shared,90,24,43,non_tail,1,0.023236393928527832,0.0
old_shared,90,24,98,tail,1,-0.0017096996307373047,0.0
old_shared,90,25,3,non_tail,1,0.00033845193684101105,0.0
old_shared,90,25,5,non_tail,2,0.00033497996628284454,0.0
old_shared,90,25,6,non_tail,1,1.677614636719227e-05,0.0
old_shared,90,25,14,non_tail,1,0.00021212361752986908,0.0
old_shared,90,25,15,non_tail,5,0.0022421978414058907,0.0
old_shared,90,25,16,non_tail,1,8.683186024427414e-06,0.0
old_shared,90,25,21,non_tail,3,0.005323146469891071,0.0
old_shared,90,25,41,non_tail,1,0.03581666946411133,0.0
old_shared,90,25,45,non_tail,1,-0.012232780456542969,0.0
old_shared,90,25,80,tail,1,0.020314812660217285,0.0
old_shared,90,25,89,tail,1,0.016923904418945312,0.0
old_shared,90,25,99,tail,1,0.0005274415016174316,0.0
old_shared,90,26,0,non_tail,6,0.00012996365937094356,0.0
old_shared,90,26,1,non_tail,1,0.0013733170926570892,0.0
old_shared,90,26,8,non_tail,1,-2.2705644369125366e-05,0.0
old_shared,90,26,13,non_tail,2,5.9963902458548546e-05,0.0
old_shared,90,26,15,non_tail,1,-0.0011289119720458984,0.0
old_shared,90,26,16,non_tail,1,1.5108147636055946e-05,0.0
old_shared,90,26,20,non_tail,1,4.7642970457673073e-07,0.0
old_shared,90,26,29,non_tail,1,-0.01966226100921631,0.0
old_shared,90,26,37,non_tail,1,-0.02271866798400879,0.0
old_shared,90,26,58,non_tail,1,-1.3078097254037857e-06,0.0
old_shared,90,26,80,tail,1,-6.692111492156982e-05,0.0
old_shared,90,26,88,tail,1,0.07556390762329102,0.0
old_shared,90,26,91,tail,1,0.008872270584106445,0.0
old_shared,90,27,0,non_tail,1,-4.881061613559723e-06,0.0
old_shared,90,27,2,non_tail,1,-0.01401209831237793,0.0
old_shared,90,27,6,non_tail,1,-0.0003567412495613098,0.0
old_shared,90,27,7,non_tail,1,-0.002697467803955078,0.0
old_shared,90,27,81,tail,5,0.00421905517578125,0.0
old_shared,90,27,82,tail,4,0.003304937854409218,0.0
old_shared,90,27,83,tail,6,0.0029972394307455907,0.0
old_shared,90,27,84,tail,1,0.0157967209815979,0.0
old_shared,90,27,86,tail,6,0.014971892038981194,0.0
old_shared,90,27,87,tail,2,0.00031122565269470215,0.0
old_shared,90,27,88,tail,5,0.029102897644042947,0.0
old_shared,90,27,93,tail,4,-0.0009194612503051758,0.0
old_shared,90,27,94,tail,5,0.013145065307617276,0.0
old_shared,90,27,95,tail,1,-0.010985851287841797,0.0
old_shared,90,27,98,tail,3,0.0014231204986572266,0.0
old_shared,90,28,3,non_tail,1,0.0007905550301074982,0.0
old_shared,90,28,5,non_tail,1,0.0001071365550160408,0.0
old_shared,90,28,82,tail,4,0.007081210613250732,0.0
old_shared,90,28,83,tail,2,-0.0028951168060302734,0.0
old_shared,90,28,84,tail,6,0.008193492889404297,0.0
old_shared,90,28,85,tail,2,0.028891563415527344,0.0
old_shared,90,28,86,tail,1,0.0002665664069354534,0.0
old_shared,90,28,87,tail,1,0.01788616180419922,0.0
old_shared,90,28,89,tail,4,0.038069725036621094,0.0
old_shared,90,28,90,tail,1,0.0005798377096652985,0.0
old_shared,90,28,91,tail,3,0.02998065948486328,0.0
old_shared,90,28,92,tail,3,-0.00370025634765625,0.0
old_shared,90,28,93,tail,1,0.033806800842285156,0.0
old_shared,90,28,96,tail,3,0.012949943542480469,0.0
old_shared,90,28,97,tail,1,0.044660091400146484,0.0
old_shared,90,28,98,tail,1,0.003940105438232422,0.0
old_shared,90,28,99,tail,4,-0.006307125091552734,0.0
old_shared,90,29,1,non_tail,1,0.0008430704474449158,0.0
old_shared,90,29,4,non_tail,1,-0.01767098903656006,0.0
old_shared,90,29,8,non_tail,1,0.008703231811523438,0.0
old_shared,90,29,9,non_tail,1,9.506195783615112e-05,0.0
old_shared,90,29,10,non_tail,1,0.00279352068901062,0.0
old_shared,90,29,80,tail,8,0.020928621292114258,0.0
old_shared,90,29,81,tail,4,0.005564689636230469,0.0
old_shared,90,29,84,tail,1,0.02805042266845703,0.0
old_shared,90,29,85,tail,5,0.0016317263245582622,0.0
old_shared,90,29,87,tail,3,0.022655487060546875,0.0
old_shared,90,29,88,tail,1,0.03263747692108154,0.0
old_shared,90,29,89,tail,1,0.030677080154418945,0.0
old_shared,90,29,90,tail,4,0.005278877913951874,0.0
old_shared,90,29,91,tail,2,0.013484954833984375,0.0
old_shared,90,29,92,tail,2,0.012143373489379883,0.0
old_shared,90,29,95,tail,4,0.0050040483474731445,0.0
old_shared,90,29,96,tail,1,0.0010577589273452759,0.0
old_shared,90,29,97,tail,3,0.0034186045328779002,0.0
old_shared,100,0,0,non_tail,1,8.00217967480421e-05,0.0
old_shared,100,0,2,non_tail,5,-0.006700041890144337,0.0
old_shared,100,0,4,non_tail,1,-0.010110855102539062,0.0
old_shared,100,0,5,non_tail,1,0.008598864078521729,0.0
old_shared,100,0,8,non_tail,1,2.502943971194327e-06,0.0
old_shared,100,0,15,non_tail,1,2.4303037207573652e-05,0.0
old_shared,100,0,37,non_tail,1,0.0001936838962137699,0.0
old_shared,100,0,55,non_tail,1,-0.007279157638549805,0.0
old_shared,100,0,60,non_tail,1,0.044503629207611084,0.0
old_shared,100,0,66,non_tail,1,0.0010964768007397652,0.0
old_shared,100,0,69,non_tail,1,-0.03545689582824707,0.0
old_shared,100,0,74,non_tail,1,-0.041217803955078125,0.0
old_shared,100,0,81,tail,1,-0.0025968551635742188,0.0
old_shared,100,0,83,tail,1,-0.006836414337158203,0.0
old_shared,100,1,0,non_tail,3,3.7038669688627124e-05,0.0
old_shared,100,1,1,non_tail,1,0.0019544530659914017,0.0
old_shared,100,1,7,non_tail,6,0.0023992061614990234,0.0
old_shared,100,1,24,non_tail,1,0.001826941967010498,0.0
old_shared,100,1,28,non_tail,1,2.598809078335762e-05,0.0
old_shared,100,1,30,non_tail,1,0.008239895105361938,0.0
old_shared,100,1,46,non_tail,1,0.012705504894256592,0.0
old_shared,100,1,53,non_tail,2,-0.0030251145362854004,0.0
old_shared,100,1,86,tail,1,0.054767608642578125,0.0
old_shared,100,2,0,non_tail,1,2.4542096070945263e-05,0.0
old_shared,100,2,3,non_tail,2,-0.004842400550842285,0.0
old_shared,100,2,5,non_tail,4,0.0028211190074216574,0.0
old_shared,100,2,6,non_tail,2,0.00046111084520816803,0.0
old_shared,100,2,10,non_tail,2,0.014467835426330566,0.0
old_shared,100,2,16,non_tail,1,-0.007817268371582031,0.0
old_shared,100,2,22,non_tail,2,0.0021791458129882812,0.0
old_shared,100,2,42,non_tail,1,-0.058214426040649414,0.0
old_shared,100,2,77,non_tail,1,-0.015526771545410156,0.0
old_shared,100,2,82,tail,1,-0.0007135123014450073,0.0
old_shared,100,2,91,tail,1,0.01977360248565674,0.0
old_shared,100,2,95,tail,1,-0.03353691101074219,0.0
old_shared,100,3,2,non_tail,1,-0.006101369857788086,0.0
old_shared,100,3,3,non_tail,1,0.0025247856974601746,0.0
old_shared,100,3,6,non_tail,4,0.001862665405496955,0.0
old_shared,100,3,12,non_tail,3,-0.008211866021156311,0.0
old_shared,100,3,14,non_tail,1,6.5374188125133514e-06,0.0
old_shared,100,3,20,non_tail,1,-4.8861256800591946e-06,0.0
old_shared,100,3,31,non_tail,1,6.781471893191338e-05,0.0
old_shared,100,3,36,non_tail,1,0.002355709671974182,0.0
old_shared,100,3,45,non_tail,1,0.006875216960906982,0.0
old_shared,100,3,77,non_tail,1,-0.10101127624511719,0.0
old_shared,100,3,79,non_tail,1,0.0033473968505859375,0.0
old_shared,100,3,90,tail,1,0.0020040571689605713,0.0
old_shared,100,3,94,tail,1,8.286954835057259e-05,0.0
old_shared,100,4,1,non_tail,2,0.0011171521618962288,0.0
old_shared,100,4,2,non_tail,1,-0.022658169269561768,0.0
old_shared,100,4,3,non_tail,1,0.019309520721435547,0.0
old_shared,100,4,4,non_tail,2,-0.000151902437210083,0.0
old_shared,100,4,5,non_tail,1,4.8669520765542984e-05,0.0
old_shared,100,4,9,non_tail,1,-0.00014337711036205292,0.0
old_shared,100,4,11,non_tail,2,0.011322010308504105,0.0
old_shared,100,4,17,non_tail,1,0.0003234799951314926,0.0
old_shared,100,4,20,non_tail,2,-6.790200131945312e-06,0.0
old_shared,100,4,24,non_tail,1,0.000532589852809906,0.0
old_shared,100,4,46,non_tail,1,0.007909297943115234,0.0
old_shared,100,4,65,non_tail,1,0.016650676727294922,0.0
old_shared,100,4,92,tail,1,0.008221626281738281,0.0
old_shared,100,4,97,tail,1,0.11388158798217773,0.0
old_shared,100,6,1,non_tail,1,0.0006792359054088593,0.0
old_shared,100,6,2,non_tail,2,-0.009066134691238403,0.0
old_shared,100,6,7,non_tail,3,0.002983598659435982,0.0
old_shared,100,6,12,non_tail,3,0.00046699975306789543,0.0
old_shared,100,6,18,non_tail,1,-0.0015890374779701233,0.0
old_shared,100,6,23,non_tail,2,-0.003650893922895193,0.0
old_shared,100,6,32,non_tail,1,-0.10164594650268555,0.0
old_shared,100,6,38,non_tail,1,0.015573501586914062,0.0
old_shared,100,6,54,non_tail,1,0.003179103136062622,0.0
old_shared,100,6,70,non_tail,1,-0.00011526886373758316,0.0
old_shared,100,6,84,tail,1,0.006357431411743164,0.0
old_shared,100,8,4,non_tail,1,0.0012428387999534607,0.0
old_shared,100,8,5,non_tail,1,4.7642679419368505e-05,0.0
old_shared,100,8,6,non_tail,2,0.0002733420114964247,0.0
old_shared,100,8,7,non_tail,1,6.037391722202301e-05,0.0
old_shared,100,8,15,non_tail,1,0.0017626993358135223,0.0
old_shared,100,8,17,non_tail,1,-0.00012647733092308044,0.0
old_shared,100,8,21,non_tail,1,1.7623184248805046e-05,0.0
old_shared,100,8,26,non_tail,3,-0.027443408966064453,0.0
old_shared,100,8,38,non_tail,1,3.813707735389471e-06,0.0
old_shared,100,8,46,non_tail,1,0.00451013445854187,0.0
old_shared,100,8,57,non_tail,1,-0.002117156982421875,0.0
old_shared,100,8,58,non_tail,1,-0.03529191017150879,0.0
old_shared,100,8,62,non_tail,1,-0.0007562637329101562,0.0
old_shared,100,8,83,tail,1,-0.023659944534301758,0.0
old_shared,100,9,1,non_tail,1,0.001050613820552826,0.0
old_shared,100,9,2,non_tail,1,-0.0012381188571453094,0.0
old_shared,100,9,4,non_tail,2,-0.022869348526000977,0.0
old_shared,100,9,6,non_tail,1,0.00013129040598869324,0.0
old_shared,100,9,7,non_tail,1,0.0006298720836639404,0.0
old_shared,100,9,13,non_tail,1,1.6144011169672012e-05,0.0
old_shared,100,9,14,non_tail,4,-0.0012337358202785254,0.0
old_shared,100,9,17,non_tail,1,6.4248451963067055e-06,0.0
old_shared,100,9,35,non_tail,1,0.0010741278529167175,0.0
old_shared,100,9,52,non_tail,1,0.008032441139221191,0.0
old_shared,100,9,67,non_tail,1,-0.010020911693572998,0.0
old_shared,100,9,79,non_tail,1,0.016549348831176758,0.0
old_shared,100,9,86,tail,1,0.028974562883377075,0.0
old_shared,100,9,89,tail,1,0.09174871444702148,0.0
old_shared,100,12,0,non_tail,1,3.0988012440502644e-06,0.0
old_shared,100,12,1,non_tail,2,0.009503461420536041,0.0
old_shared,100,12,3,non_tail,1,0.0004810355603694916,0.0
old_shared,100,12,10,non_tail,1,1.595413777977228e-05,0.0
old_shared,100,12,12,non_tail,1,-0.0002715401351451874,0.0
old_shared,100,12,13,non_tail,2,0.003389923833310604,0.0
old_shared,100,12,17,non_tail,1,0.0002168850041925907,0.0
old_shared,100,12,26,non_tail,1,-0.0007268711924552917,0.0
old_shared,100,12,27,non_tail,2,-0.01901838183403015,0.0
old_shared,100,12,28,non_tail,1,0.00020366348326206207,0.0
old_shared,100,12,38,non_tail,1,0.008723393082618713,0.0
old_shared,100,12,41,non_tail,1,-0.0001398921012878418,0.0
old_shared,100,12,59,non_tail,1,-0.008251309394836426,0.0
old_shared,100,12,85,tail,1,0.0569150447845459,0.0
old_shared,100,12,90,tail,1,0.008455991744995117,0.0
old_shared,100,13,4,non_tail,3,0.00021938979625701904,0.0
old_shared,100,13,6,non_tail,1,0.00024587614461779594,0.0
old_shared,100,13,8,non_tail,2,7.182802073657513e-05,0.0
old_shared,100,13,11,non_tail,1,0.0001483093947172165,0.0
old_shared,100,13,25,non_tail,2,-1.3547949492931366e-05,0.0
old_shared,100,13,26,non_tail,3,-0.009521109362443325,0.0
old_shared,100,13,28,non_tail,1,0.0020107030868530273,0.0
old_shared,100,13,40,non_tail,1,0.001073211431503296,0.0
old_shared,100,13,58,non_tail,1,0.0009755268692970276,0.0
old_shared,100,13,68,non_tail,1,0.0007688850164413452,0.0
old_shared,100,13,87,tail,1,0.000683952122926712,0.0
old_shared,100,14,1,non_tail,1,0.0004995986819267273,0.0
old_shared,100,14,4,non_tail,1,0.0010515451431274414,0.0
old_shared,100,14,11,non_tail,1,0.0005127312615513802,0.0
old_shared,100,14,14,non_tail,2,0.0043625119142234325,0.0
old_shared,100,14,17,non_tail,1,-0.0010074377059936523,0.0
old_shared,100,14,21,non_tail,2,1.0464107617735863e-05,0.0
old_shared,100,14,28,non_tail,2,-0.0031274333596229553,0.0
old_shared,100,14,32,non_tail,1,-5.2817631512880325e-05,0.0
old_shared,100,14,43,non_tail,1,0.0012723356485366821,0.0
old_shared,100,14,46,non_tail,1,-0.0008040964603424072,0.0
old_shared,100,14,55,non_tail,1,-0.0034821033477783203,0.0
old_shared,100,14,56,non_tail,1,0.0037182867527008057,0.0
old_shared,100,14,75,non_tail,1,0.019092798233032227,100.0
old_shared,100,14,85,tail,1,-0.014231681823730469,0.0
old_shared,100,14,96,tail,1,0.03973889350891113,0.0
old_shared,100,15,0,non_tail,5,0.005499157309532168,0.0
old_shared,100,15,2,non_tail,1,-0.0013881810009479523,0.0
old_shared,100,15,3,non_tail,3,0.000978848586479824,0.0
old_shared,100,15,9,non_tail,1,0.0004688054323196411,0.0
old_shared,100,15,13,non_tail,1,0.018110156059265137,0.0
old_shared,100,15,16,non_tail,1,0.011373043060302734,0.0
old_shared,100,15,19,non_tail,1,2.59235966950655e-05,0.0
old_shared,100,15,53,non_tail,1,-0.00026131607592105865,0.0
old_shared,100,15,57,non_tail,1,-0.0015853643417358398,0.0
old_shared,100,15,66,non_tail,1,0.01597738265991211,0.0
old_shared,100,15,84,tail,1,0.03467130661010742,0.0
old_shared,100,15,88,tail,1,0.001274198293685913,0.0
old_shared,100,16,0,non_tail,1,0.0008431375026702881,0.0
old_shared,100,16,1,non_tail,1,0.00027966592460870743,0.0
old_shared,100,16,2,non_tail,1,-0.002498611807823181,0.0
old_shared,100,16,4,non_tail,2,-0.005609329789876938,0.0
old_shared,100,16,10,non_tail,3,0.031156380971272712,0.0
old_shared,100,16,11,non_tail,2,0.00839156098663807,0.0
old_shared,100,16,29,non_tail,1,1.0124524123966694e-05,0.0
old_shared,100,16,30,non_tail,1,0.050673484802246094,0.0
old_shared,100,16,36,non_tail,1,0.006144896149635315,0.0
old_shared,100,16,41,non_tail,1,-0.0004759877920150757,0.0
old_shared,100,16,59,non_tail,1,0.01668262481689453,0.0
old_shared,100,16,74,non_tail,1,-0.021882295608520508,0.0
old_shared,100,16,93,tail,1,0.09386801719665527,0.0
old_shared,100,17,1,non_tail,1,6.383447907865047e-05,0.0
old_shared,100,17,3,non_tail,1,0.044077396392822266,0.0
old_shared,100,17,4,non_tail,2,-0.06444650888442993,0.0
old_shared,100,17,5,non_tail,1,0.03735321760177612,0.0
old_shared,100,17,6,non_tail,1,1.226598396897316e-05,0.0
old_shared,100,17,13,non_tail,2,0.008428215980529785,0.0
old_shared,100,17,18,non_tail,2,-0.015300869941711426,0.0
old_shared,100,17,23,non_tail,1,0.0003683995455503464,0.0
old_shared,100,17,26,non_tail,1,-0.029919981956481934,0.0
old_shared,100,17,30,non_tail,1,0.0003622323274612427,0.0
old_shared,100,17,31,non_tail,1,-0.02543950080871582,0.0
old_shared,100,17,33,non_tail,1,0.06263923645019531,0.0
old_shared,100,17,40,non_tail,1,-0.0003266967833042145,0.0
old_shared,100,17,80,tail,1,0.03211784362792969,0.0
old_shared,100,20,0,non_tail,1,0.00024185329675674438,0.0
old_shared,100,20,1,non_tail,1,0.0014931261539459229,0.0
old_shared,100,20,3,non_tail,3,0.00552945335706076,0.0
old_shared,100,20,5,non_tail,1,0.0003939964808523655,0.0
old_shared,100,20,9,non_tail,1,0.051851749420166016,0.0
old_shared,100,20,11,non_tail,2,0.01943296194076538,0.0
old_shared,100,20,15,non_tail,1,0.003338724374771118,0.0
old_shared,100,20,16,non_tail,2,0.0009683612734079361,0.0
old_shared,100,20,21,non_tail,1,-0.003248542547225952,0.0
old_shared,100,20,32,non_tail,1,-0.04405778646469116,0.0
old_shared,100,20,33,non_tail,1,0.0002444479614496231,0.0
old_shared,100,20,34,non_tail,1,0.020480036735534668,0.0
old_shared,100,20,81,tail,1,-0.005164086818695068,0.0
old_shared,100,20,82,tail,1,-0.04990267753601074,0.0
old_shared,100,20,87,tail,1,0.0008688103407621384,0.0
old_shared,100,21,0,non_tail,1,0.0005798302590847015,0.0
old_shared,100,21,7,non_tail,1,0.002347111701965332,0.0
old_shared,100,21,10,non_tail,1,-0.002664700150489807,0.0
old_shared,100,21,14,non_tail,4,0.00444831745699048,0.0
old_shared,100,21,17,non_tail,3,0.0006656187276045493,0.0
old_shared,100,21,19,non_tail,1,0.0042896270751953125,0.0
old_shared,100,21,23,non_tail,2,-0.0025088265538215637,0.0
old_shared,100,21,26,non_tail,1,-0.0034964904189109802,0.0
old_shared,100,21,29,non_tail,1,-0.01495024561882019,0.0
old_shared,100,21,33,non_tail,1,0.006833076477050781,0.0
old_shared,100,21,82,tail,1,-0.006597995758056641,0.0
old_shared,100,24,2,non_tail,1,-0.013117045164108276,0.0
old_shared,100,24,6,non_tail,3,0.01426582783460617,0.0
old_shared,100,24,7,non_tail,2,0.009181976318359375,0.0
old_shared,100,24,14,non_tail,2,0.006491063162684441,0.0
old_shared,100,24,15,non_tail,1,0.00016968324780464172,0.0
old_shared,100,24,17,non_tail,1,0.00010208552703261375,0.0
old_shared,100,24,18,non_tail,1,0.003175213932991028,0.0
old_shared,100,24,23,non_tail,1,-0.0025947988033294678,0.0
old_shared,100,24,25,non_tail,1,0.005678355693817139,0.0
old_shared,100,24,30,non_tail,1,0.00041413307189941406,0.0
old_shared,100,24,42,non_tail,1,1.190591137856245e-05,0.0
old_shared,100,24,43,non_tail,1,0.0437922477722168,0.0
old_shared,100,24,98,tail,1,0.006252884864807129,0.0
old_shared,100,25,3,non_tail,1,0.0002863481640815735,0.0
old_shared,100,25,5,non_tail,2,0.0018524415791034698,0.0
old_shared,100,25,6,non_tail,1,3.296090289950371e-05,0.0
old_shared,100,25,14,non_tail,1,0.0003371685743331909,0.0
old_shared,100,25,15,non_tail,5,0.0053956471383571625,0.0
old_shared,100,25,16,non_tail,1,-2.058013342320919e-05,0.0
old_shared,100,25,21,non_tail,3,0.008305157845218986,0.0
old_shared,100,25,41,non_tail,1,0.0643761157989502,0.0
old_shared,100,25,45,non_tail,1,-0.03233909606933594,0.0
old_shared,100,25,80,tail,1,0.01022326946258545,0.0
old_shared,100,25,89,tail,1,-0.0005190372467041016,0.0
old_shared,100,25,99,tail,1,-0.005605101585388184,0.0
old_shared,100,26,0,non_tail,6,0.000504471051196255,0.0
old_shared,100,26,1,non_tail,1,0.0019009169191122055,0.0
old_shared,100,26,8,non_tail,1,-3.44766303896904e-05,0.0
old_shared,100,26,13,non_tail,2,6.865267641842365e-05,0.0
old_shared,100,26,15,non_tail,1,0.015267610549926758,0.0
old_shared,100,26,16,non_tail,1,-7.376540452241898e-06,0.0
old_shared,100,26,20,non_tail,1,-1.7509853933006525e-05,0.0
old_shared,100,26,29,non_tail,1,-0.015058755874633789,0.0
old_shared,100,26,37,non_tail,1,-0.015298724174499512,0.0
old_shared,100,26,58,non_tail,1,-1.6879290342330933e-05,0.0
old_shared,100,26,80,tail,1,-0.0005648359656333923,0.0
old_shared,100,26,88,tail,1,0.05720996856689453,0.0
old_shared,100,26,91,tail,1,0.005392670631408691,0.0
old_shared,100,27,0,non_tail,1,3.0001276172697544e-05,0.0
old_shared,100,27,2,non_tail,1,-0.02622818946838379,0.0
old_shared,100,27,6,non_tail,1,-0.001603446900844574,0.0
old_shared,100,27,7,non_tail,1,-0.009899616241455078,0.0
old_shared,100,27,81,tail,5,-0.015712738037109375,0.0
old_shared,100,27,82,tail,4,0.005493130534887314,0.0
old_shared,100,27,83,tail,6,-0.0024811426798503344,0.0
old_shared,100,27,84,tail,1,0.022481560707092285,0.0
old_shared,100,27,86,tail,6,0.022332191467285156,0.0
old_shared,100,27,87,tail,2,0.00044382549822330475,0.0
old_shared,100,27,88,tail,5,0.036065959930419944,0.0
old_shared,100,27,93,tail,4,-0.0120774507522583,0.0
old_shared,100,27,94,tail,5,0.028512001037597656,0.0
old_shared,100,27,95,tail,1,-0.017498493194580078,0.0
old_shared,100,27,98,tail,3,0.005872090657552231,0.0
old_shared,100,28,3,non_tail,1,0.0008866302669048309,0.0
old_shared,100,28,5,non_tail,1,0.0004180949181318283,0.0
old_shared,100,28,82,tail,4,0.011327683925628662,0.0
old_shared,100,28,83,tail,2,-0.02550649642944336,0.0
old_shared,100,28,84,tail,6,-0.000648816426594756,0.0
old_shared,100,28,85,tail,2,0.026748180389404297,0.0
old_shared,100,28,86,tail,1,0.00027887383475899696,0.0
old_shared,100,28,87,tail,1,0.033843040466308594,0.0
old_shared,100,28,89,tail,4,0.041529178619384766,0.0
old_shared,100,28,90,tail,1,0.000710412859916687,0.0
old_shared,100,28,91,tail,3,0.0412066777547202,0.0
old_shared,100,28,92,tail,3,0.0022187232971191406,0.0
old_shared,100,28,93,tail,1,0.01831531524658203,0.0
old_shared,100,28,96,tail,3,0.004669030507405747,0.0
old_shared,100,28,97,tail,1,0.09433460235595703,0.0
old_shared,100,28,98,tail,1,0.009920358657836914,0.0
old_shared,100,28,99,tail,4,-0.04062938690185547,0.0
old_shared,100,29,1,non_tail,1,0.0018479451537132263,0.0
old_shared,100,29,4,non_tail,1,-0.00042259693145751953,0.0
old_shared,100,29,8,non_tail,1,0.07631325721740723,0.0
old_shared,100,29,9,non_tail,1,0.00024344399571418762,0.0
old_shared,100,29,10,non_tail,1,0.004764258861541748,0.0
old_shared,100,29,80,tail,8,0.024535655975341797,0.0
old_shared,100,29,81,tail,4,-0.007396697998046875,0.0
old_shared,100,29,84,tail,1,0.06208610534667969,0.0
old_shared,100,29,85,tail,5,0.0003960400819778484,0.0
old_shared,100,29,87,tail,3,0.019195556640625,0.0
old_shared,100,29,88,tail,1,0.04131770133972168,0.0
old_shared,100,29,89,tail,1,0.034777045249938965,0.0
old_shared,100,29,90,tail,4,0.009583190083503723,0.0
old_shared,100,29,91,tail,2,0.0021424293518066406,0.0
old_shared,100,29,92,tail,2,0.025699377059936523,0.0
old_shared,100,29,95,tail,4,-0.011181890964508057,0.0
old_shared,100,29,96,tail,1,-0.0006124302744865417,0.0
old_shared,100,29,97,tail,3,0.02671051025390625,0.0
