编号,整理建议,故事环节,实验用途,已有结果如何理解,下一步,证据质量提醒,协议组,实验族,记录方法,划分,记录seed,LoRA rank,精度类型,本地状态,首记录轮,末记录轮,记录点数,末20轮起点,末20轮终点,末20轮Overall,末20轮Head20,末20轮Middle60,末20轮Tail20,末20轮NonTail80,末20轮Many大于100,末20轮Medium20至100,末20轮Few小于20,最后记录Overall,最后记录Tail,观测Tail峰值,观测峰值轮,观测峰值至最后回落pp,逐类复算状态,缺类逐类文件数,相同曲线副本组,跨seed同曲线组,正常训练,额外训练,损失,聚合,正常steps,额外steps,本地总steps,功能修正steps,原始路径,推荐结果入口,曲线来源
Re4a3a6cc1,建议归档,旧 A 方案,CE/gap刷新A pilot,C3相对C2 late Tail更低3.55点；更新幅度也更大；当前配方失败。,已有相同曲线的推荐入口；此副本保留追溯，不算新增重复实验。,,P3 CE/rank4/FP32/旧刷新与固定边际桥接,a_refresh_c1_c2_c3_analysis,ClipLora,client-longtail,42,4,fp32,已记录到第100轮或以后,0,100,101,81,100,67.6975,77.44,64.435,67.74249999999999,67.68625,73.25142857142858,64.14285714285714,65.365,67.77,67.55,68.05,84,0.5,逐类核对通过,0,Dce7f9475,,冻结当前A，只更新B；每轮3 epoch,9次额外B更新，各1 epoch,普通 CE,按样本量聚合,,,,,output/a_refresh_c1_c2_c3_analysis/output/cifar100_LT/a_refresh_pilot/seed42/c1,output/a_refresh_topology_bridge_analysis/a_refresh_topology_bridge/seed42/client-longtail/c1,output/a_refresh_c1_c2_c3_analysis/output/cifar100_LT/a_refresh_pilot/seed42/c1/round_metrics.csv
Rc521cdbcf,建议归档,旧 A 方案,CE/gap刷新A pilot,C3相对C2 late Tail更低3.55点；更新幅度也更大；当前配方失败。,已有相同曲线的推荐入口；此副本保留追溯，不算新增重复实验。,,P3 CE/rank4/FP32/旧刷新与固定边际桥接,a_refresh_c1_c2_c3_analysis,ClipLora,client-longtail,42,4,fp32,已记录到第100轮或以后,0,100,101,81,100,65.89,83.91999999999999,62.58416666666667,57.777499999999996,67.918125,77.75285714285715,62.529999999999994,55.970000000000006,65.48,55.8,68.5,31,12.700000000000003,逐类核对通过,0,Dc6cd2be8,,冻结当前A，只更新B；每轮3 epoch,9次额外A更新，各1 epoch；冻结共同B,普通 CE,按样本量聚合,,,,,output/a_refresh_c1_c2_c3_analysis/output/cifar100_LT/a_refresh_pilot/seed42/c2,output/a_refresh_topology_bridge_analysis/a_refresh_topology_bridge/seed42/client-longtail/c2,output/a_refresh_c1_c2_c3_analysis/output/cifar100_LT/a_refresh_pilot/seed42/c2/round_metrics.csv
R102f075dc,建议归档,旧 A 方案,CE/gap刷新A pilot,C3相对C2 late Tail更低3.55点；更新幅度也更大；当前配方失败。,停止扩展gap配方；C1/C2已有桥接复用，留一份失败结论。,,P3 CE/rank4/FP32/旧刷新与固定边际桥接,a_refresh_c1_c2_c3_analysis,ClipLora,client-longtail,42,4,fp32,已记录到第100轮或以后,0,100,101,81,100,65.2645,84.21,62.62833333333333,54.2275,68.02375,78.24428571428572,62.667142857142856,53.151666666666664,65.05,52.35,68.35,26,15.999999999999993,逐类核对通过,0,,,冻结当前A，只更新B；每轮3 epoch,9次额外A更新，各1 epoch；冻结共同B,正常CE；额外A用频数归一化的缺口加权CE,按样本量聚合,,,,,output/a_refresh_c1_c2_c3_analysis/output/cifar100_LT/a_refresh_pilot/seed42/c3,output/a_refresh_c1_c2_c3_analysis/output/cifar100_LT/a_refresh_pilot/seed42/c3,output/a_refresh_c1_c2_c3_analysis/output/cifar100_LT/a_refresh_pilot/seed42/c3/round_metrics.csv
Ree8e7f8ce,待定用途,2 功能机制,CE下 C1/C2 × 两种固定边际拓扑的阶段归因,C2两种拓扑都退化；Client-LT放大late Tail损失1.68点；后续B阶段有明显路径依赖。,机制附录候选；不与LA下E3学习收益混为同一协议。,,P3 CE/rank4/FP32/旧刷新与固定边际桥接,a_refresh_topology_bridge_analysis,ClipLora,client-longtail,42,4,fp32,已记录到第100轮或以后,0,100,101,81,100,67.6975,77.44,64.435,67.74249999999999,67.68625,73.25142857142858,64.14285714285714,65.365,67.77,67.55,68.05,84,0.5,逐类核对通过,0,Dce7f9475,,,,,fedavg,,,,,output/a_refresh_topology_bridge_analysis/a_refresh_topology_bridge/seed42/client-longtail/c1,output/a_refresh_topology_bridge_analysis/a_refresh_topology_bridge/seed42/client-longtail/c1,output/a_refresh_topology_bridge_analysis/a_refresh_topology_bridge/seed42/client-longtail/c1/round_metrics.csv
Ra573bd05e,待定用途,2 功能机制,CE下 C1/C2 × 两种固定边际拓扑的阶段归因,C2两种拓扑都退化；Client-LT放大late Tail损失1.68点；后续B阶段有明显路径依赖。,机制附录候选；不与LA下E3学习收益混为同一协议。,,P3 CE/rank4/FP32/旧刷新与固定边际桥接,a_refresh_topology_bridge_analysis,ClipLora,client-longtail,42,4,fp32,已记录到第100轮或以后,0,100,101,81,100,65.89,83.91999999999999,62.58416666666667,57.777499999999996,67.918125,77.75285714285715,62.529999999999994,55.970000000000006,65.48,55.8,68.5,31,12.700000000000003,逐类核对通过,0,Dc6cd2be8,,,,,fedavg,,,,,output/a_refresh_topology_bridge_analysis/a_refresh_topology_bridge/seed42/client-longtail/c2,output/a_refresh_topology_bridge_analysis/a_refresh_topology_bridge/seed42/client-longtail/c2,output/a_refresh_topology_bridge_analysis/a_refresh_topology_bridge/seed42/client-longtail/c2/round_metrics.csv
R0d110517b,待定用途,2 功能机制,CE下 C1/C2 × 两种固定边际拓扑的阶段归因,C2两种拓扑都退化；Client-LT放大late Tail损失1.68点；后续B阶段有明显路径依赖。,机制附录候选；不与LA下E3学习收益混为同一协议。,,P3 CE/rank4/FP32/旧刷新与固定边际桥接,a_refresh_topology_bridge_analysis,ClipLora,matched-dirichlet,42,4,fp32,已记录到第100轮或以后,0,100,101,81,100,67.675,77.52000000000001,64.3175,67.9025,67.61812499999999,73.16714285714286,64.09142857142857,65.44833333333334,67.81,67.85,68.0,31,0.15000000000000568,逐类核对通过,0,,,冻结当前A，只更新B；每轮3 epoch,9次额外B更新，各1 epoch,普通 CE,按样本量聚合,,,,,output/a_refresh_topology_bridge_analysis/a_refresh_topology_bridge/seed42/matched-dirichlet/c1,output/a_refresh_topology_bridge_analysis/a_refresh_topology_bridge/seed42/matched-dirichlet/c1,output/a_refresh_topology_bridge_analysis/a_refresh_topology_bridge/seed42/matched-dirichlet/c1/round_metrics.csv
R10cd6101c,待定用途,2 功能机制,CE下 C1/C2 × 两种固定边际拓扑的阶段归因,C2两种拓扑都退化；Client-LT放大late Tail损失1.68点；后续B阶段有明显路径依赖。,机制附录候选；不与LA下E3学习收益混为同一协议。,,P3 CE/rank4/FP32/旧刷新与固定边际桥接,a_refresh_topology_bridge_analysis,ClipLora,matched-dirichlet,42,4,fp32,已记录到第100轮或以后,0,100,101,81,100,66.25800000000001,83.83250000000001,62.61333333333333,59.61749999999999,67.918125,77.64285714285714,62.64571428571429,57.19,65.96,58.35,68.65,31,10.300000000000004,逐类核对通过,0,,,冻结当前A，只更新B；每轮3 epoch,9次额外A更新，各1 epoch；冻结共同B,普通 CE,按样本量聚合,,,,,output/a_refresh_topology_bridge_analysis/a_refresh_topology_bridge/seed42/matched-dirichlet/c2,output/a_refresh_topology_bridge_analysis/a_refresh_topology_bridge/seed42/matched-dirichlet/c2,output/a_refresh_topology_bridge_analysis/a_refresh_topology_bridge/seed42/matched-dirichlet/c2/round_metrics.csv
R14e927947,建议归档,旧 gate / oracle,短程gate、oracle及两轮验证,不能替代100轮单共享模型的适配与保持验证。,停止作为论文主结果；留工程/可行性历史。,本地未发现标准精度CSV；部分诊断入口按设计在全局测试前结束。,H5 其他历史协议；仅在同配置内比较,boundary_gate_clientlt_seed42,,client-longtail,42,,,只有日志或配置，未发现精度结果,,,0,,,,,,,,,,,,,,,,缺少可交叉核对的分组或逐类文件,0,,,,,,,,,,,output/boundary_gate_clientlt_seed42/clientlt_seed42_round10,output/boundary_gate_clientlt_seed42/clientlt_seed42_round10,per_class CSV
Rc69998660,待定用途,外部方法协议,CAPT历史版本、global-start与cluster诊断,高尾类精度受类别提示门槛影响；部分版本有测试反馈或优化器状态共享。,保留协议诊断；未统一之前不作最终严格主表。,,H3 历史CAPT，检查MAB/起点/优化器/稀疏评估,capt_global_start_seed42_results,CAPT,client-longtail,42,,,报告核对外层100轮结束；37次服务器评估，最后评估第99轮,1,99,37,,,,,,,,,,,67.26,70.3,71.55,4,1.25,逐类核对通过,0,,,,,,,,,,,output/capt_global_start_seed42_results/capt_global_start_lambda1/seed42/client-longtail,output/capt_global_start_seed42_results/capt_global_start_lambda1/seed42/client-longtail,output/capt_global_start_seed42_results/capt_global_start_lambda1/seed42/client-longtail/round_metrics.csv
R033123cb7,待定用途,外部方法协议,CAPT历史版本、global-start与cluster诊断,高尾类精度受类别提示门槛影响；部分版本有测试反馈或优化器状态共享。,保留协议诊断；未统一之前不作最终严格主表。,,H3 历史CAPT，检查MAB/起点/优化器/稀疏评估,capt_global_start_seed42_results,CAPT,noniid-labeldir-fine,42,,,报告核对外层100轮结束；37次服务器评估，最后评估第99轮,1,99,37,,,,,,,,,,,68.58,64.2,64.2,99,0.0,逐类核对通过,0,,,,,,,,,,,output/capt_global_start_seed42_results/capt_global_start_lambda1/seed42/noniid-labeldir-fine,output/capt_global_start_seed42_results/capt_global_start_lambda1/seed42/noniid-labeldir-fine,output/capt_global_start_seed42_results/capt_global_start_lambda1/seed42/noniid-labeldir-fine/round_metrics.csv
R179ebd4bd,待定用途,外部方法协议,CAPT历史版本、global-start与cluster诊断,高尾类精度受类别提示门槛影响；部分版本有测试反馈或优化器状态共享。,保留协议诊断；未统一之前不作最终严格主表。,CAPT可能按MAB稀疏聚合/评测；最后记录轮<100不能直接判定训练中断。,H3 历史CAPT，检查MAB/起点/优化器/稀疏评估,cifar100_LT/CAPT_cluster_vit_b16_batchSize32,CAPT,client-longtail,1,,,短运行或本地结果不完整,1,93,35,,,,,,,,,,,67.73,65.4,67.1,4,1.6999999999999886,逐类核对通过,0,,,,,,,,,,,output/cifar100_LT/CAPT_cluster_vit_b16_batchSize32/ExperimentD_AlignedPartitionCompare/partition=client-longtail_lambda=0.75_alpha=0.5_rho=3.0_IF=0.01_localE=3_seed=1,output/cifar100_LT/CAPT_cluster_vit_b16_batchSize32/ExperimentD_AlignedPartitionCompare/partition=client-longtail_lambda=0.75_alpha=0.5_rho=3.0_IF=0.01_localE=3_seed=1,output/cifar100_LT/CAPT_cluster_vit_b16_batchSize32/ExperimentD_AlignedPartitionCompare/partition=client-longtail_lambda=0.75_alpha=0.5_rho=3.0_IF=0.01_localE=3_seed=1/round_metrics.csv
R95b3b9a3a,待定用途,外部方法协议,CAPT历史版本、global-start与cluster诊断,高尾类精度受类别提示门槛影响；部分版本有测试反馈或优化器状态共享。,保留协议诊断；未统一之前不作最终严格主表。,CAPT可能按MAB稀疏聚合/评测；最后记录轮<100不能直接判定训练中断。,H3 历史CAPT，检查MAB/起点/优化器/稀疏评估,cifar100_LT/CAPT_cluster_vit_b16_batchSize32,CAPT,noniid-labeldir-fine,1,,,短运行或本地结果不完整,1,97,36,,,,,,,,,,,67.49,63.7,63.7,97,0.0,逐类核对通过,0,,,,,,,,,,,output/cifar100_LT/CAPT_cluster_vit_b16_batchSize32/ExperimentD_AlignedPartitionCompare/partition=noniid-labeldir-fine_beta=0.5_IF=0.01_localE=3_seed=1,output/cifar100_LT/CAPT_cluster_vit_b16_batchSize32/ExperimentD_AlignedPartitionCompare/partition=noniid-labeldir-fine_beta=0.5_IF=0.01_localE=3_seed=1,output/cifar100_LT/CAPT_cluster_vit_b16_batchSize32/ExperimentD_AlignedPartitionCompare/partition=noniid-labeldir-fine_beta=0.5_IF=0.01_localE=3_seed=1/round_metrics.csv
R8bf06d0dc,待定用途,外部方法协议,CAPT历史版本、global-start与cluster诊断,高尾类精度受类别提示门槛影响；部分版本有测试反馈或优化器状态共享。,保留协议诊断；未统一之前不作最终严格主表。,CAPT可能按MAB稀疏聚合/评测；最后记录轮<100不能直接判定训练中断。,H3 历史CAPT，检查MAB/起点/优化器/稀疏评估,cifar100_LT/capt_main_matched,CAPT,client-longtail,1,,,短运行或本地结果不完整,1,96,9,,,,,,,,,,,70.72,68.3,72.65,31,4.3500000000000085,逐类核对通过,0,,,,,,,,,,,output/cifar100_LT/capt_main_matched/seed1/frac0.4/CAPT_client-longtail,output/cifar100_LT/capt_main_matched/seed1/frac0.4/CAPT_client-longtail,output/cifar100_LT/capt_main_matched/seed1/frac0.4/CAPT_client-longtail/round_metrics.csv
R6ae647bb7,待定用途,外部方法协议,CAPT历史版本、global-start与cluster诊断,高尾类精度受类别提示门槛影响；部分版本有测试反馈或优化器状态共享。,保留协议诊断；未统一之前不作最终严格主表。,CAPT可能按MAB稀疏聚合/评测；最后记录轮<100不能直接判定训练中断。,H3 历史CAPT，检查MAB/起点/优化器/稀疏评估,cifar100_LT/capt_main_matched,CAPT,noniid-labeldir,1,,,短运行或本地结果不完整,1,91,12,,,,,,,,,,,70.47,69.2,69.95,61,0.75,逐类核对通过,0,,,,,,,,,,,output/cifar100_LT/capt_main_matched/seed1/frac0.4/CAPT_noniid-labeldir,output/cifar100_LT/capt_main_matched/seed1/frac0.4/CAPT_noniid-labeldir,output/cifar100_LT/capt_main_matched/seed1/frac0.4/CAPT_noniid-labeldir/round_metrics.csv
Rc549c1144,待定用途,外部方法协议,CAPT历史版本、global-start与cluster诊断,高尾类精度受类别提示门槛影响；部分版本有测试反馈或优化器状态共享。,保留协议诊断；未统一之前不作最终严格主表。,CAPT可能按MAB稀疏聚合/评测；最后记录轮<100不能直接判定训练中断。,H3 历史CAPT，检查MAB/起点/优化器/稀疏评估,cifar100_LT/capt_main_matched,CAPT,client-longtail,3407,,,短运行或本地结果不完整,1,96,9,,,,,,,,,,,70.6,68.5,69.3,91,0.7999999999999972,逐类核对通过,0,,,,,,,,,,,output/cifar100_LT/capt_main_matched/seed3407/frac0.4/CAPT_client-longtail,output/cifar100_LT/capt_main_matched/seed3407/frac0.4/CAPT_client-longtail,output/cifar100_LT/capt_main_matched/seed3407/frac0.4/CAPT_client-longtail/round_metrics.csv
R8c59a1179,待定用途,外部方法协议,CAPT历史版本、global-start与cluster诊断,高尾类精度受类别提示门槛影响；部分版本有测试反馈或优化器状态共享。,保留协议诊断；未统一之前不作最终严格主表。,CAPT可能按MAB稀疏聚合/评测；最后记录轮<100不能直接判定训练中断。,H3 历史CAPT，检查MAB/起点/优化器/稀疏评估,cifar100_LT/capt_main_matched,CAPT,noniid-labeldir,3407,,,短运行或本地结果不完整,1,91,12,,,,,,,,,,,70.15,67.95,68.75,51,0.7999999999999972,逐类核对通过,0,,,,,,,,,,,output/cifar100_LT/capt_main_matched/seed3407/frac0.4/CAPT_noniid-labeldir,output/cifar100_LT/capt_main_matched/seed3407/frac0.4/CAPT_noniid-labeldir,output/cifar100_LT/capt_main_matched/seed3407/frac0.4/CAPT_noniid-labeldir/round_metrics.csv
Rc8babce21,待定用途,外部方法协议,CAPT历史版本、global-start与cluster诊断,高尾类精度受类别提示门槛影响；部分版本有测试反馈或优化器状态共享。,保留协议诊断；未统一之前不作最终严格主表。,CAPT可能按MAB稀疏聚合/评测；最后记录轮<100不能直接判定训练中断。,H3 历史CAPT，检查MAB/起点/优化器/稀疏评估,cifar100_LT/capt_main_matched,CAPT,client-longtail,42,,,短运行或本地结果不完整,1,96,9,,,,,,,,,,,70.21,70.1,70.1,96,0.0,逐类核对通过,0,,,,,,,,,,,output/cifar100_LT/capt_main_matched/seed42/frac0.4/CAPT_client-longtail,output/cifar100_LT/capt_main_matched/seed42/frac0.4/CAPT_client-longtail,output/cifar100_LT/capt_main_matched/seed42/frac0.4/CAPT_client-longtail/round_metrics.csv
R4435d1282,待定用途,外部方法协议,CAPT历史版本、global-start与cluster诊断,高尾类精度受类别提示门槛影响；部分版本有测试反馈或优化器状态共享。,保留协议诊断；未统一之前不作最终严格主表。,CAPT可能按MAB稀疏聚合/评测；最后记录轮<100不能直接判定训练中断。,H3 历史CAPT，检查MAB/起点/优化器/稀疏评估,cifar100_LT/capt_main_matched,CAPT,noniid-labeldir,42,,,短运行或本地结果不完整,1,91,12,,,,,,,,,,,71.19,68.0,70.85,21,2.8499999999999943,逐类核对通过,0,,,,,,,,,,,output/cifar100_LT/capt_main_matched/seed42/frac0.4/CAPT_noniid-labeldir,output/cifar100_LT/capt_main_matched/seed42/frac0.4/CAPT_noniid-labeldir,output/cifar100_LT/capt_main_matched/seed42/frac0.4/CAPT_noniid-labeldir/round_metrics.csv
Recceb29bf,建议归档,无效历史结果,旧LoRA生命周期异常运行,已有修复报告明确不作为有效LoRA训练结果。,排除论文数值与重复种子统计；原始文件留档。,,H5 其他历史协议；仅在同配置内比较,cifar100_LT/clientLT_seed42,ClipLora,client-longtail,42,,,已记录到第100轮或以后,1,100,100,81,100,64.9915,67.74249999999999,63.54333333333333,66.58500000000001,64.593125,65.61142857142858,64.29857142857142,65.07666666666667,64.93,66.5,66.9,20,0.4000000000000057,逐类核对通过,0,,,,,,,,,,,output/cifar100_LT/clientLT_seed42,output/cifar100_LT/clientLT_seed42,output/cifar100_LT/clientLT_seed42/round_metrics.csv
R546816346,必须保留,2 功能机制,普通 Dirichlet 下支持归一化干预，补充检验聚合影响,Client-LT final Tail 36.75→45.80；Dir 48.70→49.40。协议与固定边际 ERI 不同。,保留四格与代价；放附录或机制补充，不能充当 ERI 的 H3。,,P2 原始LoRA CE/rank2/AMP/普通Dir 2×2,cifar100_LT/ClipLora_SupportNormalized_2x2_seed42,ClipLora,client-longtail,42,2,amp,已记录到第100轮或以后,0,100,101,81,100,64.77250000000001,86.5525,66.78666666666666,36.95,71.728125,82.56571428571428,66.93142857142857,41.495,64.68,36.75,68.15,5,31.400000000000006,逐类核对通过,0,,,A、B同时更新；每轮3 epoch,无,普通 CE,分别平均A/B；权重q=n/N,,,,,output/cifar100_LT/ClipLora_SupportNormalized_2x2_seed42/seed42/clientlt/fedavg,output/cifar100_LT/ClipLora_SupportNormalized_2x2_seed42/seed42/clientlt/fedavg,output/cifar100_LT/ClipLora_SupportNormalized_2x2_seed42/seed42/clientlt/fedavg/round_metrics.csv
Rebdd18038,必须保留,2 功能机制,普通 Dirichlet 下支持归一化干预，补充检验聚合影响,Client-LT final Tail 36.75→45.80；Dir 48.70→49.40。协议与固定边际 ERI 不同。,保留四格与代价；放附录或机制补充，不能充当 ERI 的 H3。,,P2 原始LoRA CE/rank2/AMP/普通Dir 2×2,cifar100_LT/ClipLora_SupportNormalized_2x2_seed42,ClipLora,client-longtail,42,2,amp,已记录到第100轮或以后,0,100,101,81,100,65.1425,85.2025,65.00750000000001,45.4875,70.05625,80.94428571428571,64.43857142857142,47.528333333333336,65.08,45.8,68.15,5,22.35000000000001,逐类核对通过,0,,,A、B同时更新；每轮3 epoch,无,普通 CE,分别平均A/B；每尾类在支持客户端内按样本量归一化，再对尾类等权平均,,,,,output/cifar100_LT/ClipLora_SupportNormalized_2x2_seed42/seed42/clientlt/support_normalized,output/cifar100_LT/ClipLora_SupportNormalized_2x2_seed42/seed42/clientlt/support_normalized,output/cifar100_LT/ClipLora_SupportNormalized_2x2_seed42/seed42/clientlt/support_normalized/round_metrics.csv
Rf4337bdae,必须保留,2 功能机制,普通 Dirichlet 下支持归一化干预，补充检验聚合影响,Client-LT final Tail 36.75→45.80；Dir 48.70→49.40。协议与固定边际 ERI 不同。,保留四格与代价；放附录或机制补充，不能充当 ERI 的 H3。,,P2 原始LoRA CE/rank2/AMP/普通Dir 2×2,cifar100_LT/ClipLora_SupportNormalized_2x2_seed42,ClipLora,noniid-labeldir-fine,42,2,amp,已记录到第100轮或以后,0,100,101,81,100,66.842,86.08500000000001,66.43416666666667,48.822500000000005,71.346875,82.27714285714286,66.31,49.455,66.87,48.7,68.2,5,19.5,逐类核对通过,0,,,A、B同时更新；每轮3 epoch,无,普通 CE,分别平均A/B；权重q=n/N,,,,,output/cifar100_LT/ClipLora_SupportNormalized_2x2_seed42/seed42/dirichlet/fedavg,output/cifar100_LT/ClipLora_SupportNormalized_2x2_seed42/seed42/dirichlet/fedavg,output/cifar100_LT/ClipLora_SupportNormalized_2x2_seed42/seed42/dirichlet/fedavg/round_metrics.csv
Rf42d9c19c,必须保留,2 功能机制,普通 Dirichlet 下支持归一化干预，补充检验聚合影响,Client-LT final Tail 36.75→45.80；Dir 48.70→49.40。协议与固定边际 ERI 不同。,保留四格与代价；放附录或机制补充，不能充当 ERI 的 H3。,,P2 原始LoRA CE/rank2/AMP/普通Dir 2×2,cifar100_LT/ClipLora_SupportNormalized_2x2_seed42,ClipLora,noniid-labeldir-fine,42,2,amp,已记录到第100轮或以后,0,100,101,81,100,66.6745,85.4275,66.0275,49.8625,70.8775,81.74285714285715,65.82857142857142,50.08166666666666,66.69,49.4,68.05,5,18.65,逐类核对通过,0,,,A、B同时更新；每轮3 epoch,无,普通 CE,分别平均A/B；每尾类在支持客户端内按样本量归一化，再对尾类等权平均,,,,,output/cifar100_LT/ClipLora_SupportNormalized_2x2_seed42/seed42/dirichlet/support_normalized,output/cifar100_LT/ClipLora_SupportNormalized_2x2_seed42/seed42/dirichlet/support_normalized,output/cifar100_LT/ClipLora_SupportNormalized_2x2_seed42/seed42/dirichlet/support_normalized/round_metrics.csv
R9aa7ce4c3,建议归档,旧 FedTEF 路线,prompt/adapter/memory/router/acquisition多版本历史探索,研究对象与当前SFRA A/B路线不同；v5组件阶梯中融合、TailAgg和rescue未显示预期收益。,停止扩展旧分支；保留各版数字和负结果，缺类/同曲线seed单独标注。,这里的末20轮是1–20，不是81–100，不进入正式主表。,H1 历史FedTEF，不能并入SFRA主表,cifar100_LT/fedtef_clean_topology,FedTEF,client-longtail,1,,,短运行或本地结果不完整,1,20,20,1,20,59.37949999999999,82.58250000000001,60.48416666666667,32.8625,66.00874999999999,77.60857142857142,61.19571428571428,35.99333333333333,60.95,30.35,47.5,9,17.15,逐类核对通过,0,,,,,,,,,,,output/cifar100_LT/fedtef_clean_topology/seed1/frac0.4/Topo-FedTEF-clean_client-longtail,output/cifar100_LT/fedtef_clean_topology/seed1/frac0.4/Topo-FedTEF-clean_client-longtail,output/cifar100_LT/fedtef_clean_topology/seed1/frac0.4/Topo-FedTEF-clean_client-longtail/round_metrics.csv
Rd61ec5f8f,建议归档,旧 FedTEF 路线,prompt/adapter/memory/router/acquisition多版本历史探索,研究对象与当前SFRA A/B路线不同；v5组件阶梯中融合、TailAgg和rescue未显示预期收益。,停止扩展旧分支；保留各版数字和负结果，缺类/同曲线seed单独标注。,,H1 历史FedTEF，不能并入SFRA主表,cifar100_LT/fedtef_clean_topology,FedTEF,client-longtail,1,,,已记录到第100轮或以后,1,100,21,,,,,,,,,,,67.72,58.6,70.1,21,11.499999999999993,逐类核对通过,0,,,,,,,,,,,output/cifar100_LT/fedtef_clean_topology/seed1/frac0.4/Topo-FedTEF-oracle-bottom20_client-longtail,output/cifar100_LT/fedtef_clean_topology/seed1/frac0.4/Topo-FedTEF-oracle-bottom20_client-longtail,output/cifar100_LT/fedtef_clean_topology/seed1/frac0.4/Topo-FedTEF-oracle-bottom20_client-longtail/round_metrics.csv
R1a385d496,建议归档,旧 FedTEF 路线,prompt/adapter/memory/router/acquisition多版本历史探索,研究对象与当前SFRA A/B路线不同；v5组件阶梯中融合、TailAgg和rescue未显示预期收益。,停止扩展旧分支；保留各版数字和负结果，缺类/同曲线seed单独标注。,本地未发现标准精度CSV；部分诊断入口按设计在全局测试前结束。,H1 历史FedTEF，不能并入SFRA主表,cifar100_LT/fedtef_v10_topology_observer,,client-longtail,1,,,只有日志或配置，未发现精度结果,,,0,,,,,,,,,,,,,,,,缺少可交叉核对的分组或逐类文件,0,,,,,,,,,,,output/cifar100_LT/fedtef_v10_topology_observer/seed1/frac0.4/FedTEF-v10-topology_client-longtail,output/cifar100_LT/fedtef_v10_topology_observer/seed1/frac0.4/FedTEF-v10-topology_client-longtail,per_class CSV
Rb20a56182,建议归档,旧 FedTEF 路线,prompt/adapter/memory/router/acquisition多版本历史探索,研究对象与当前SFRA A/B路线不同；v5组件阶梯中融合、TailAgg和rescue未显示预期收益。,停止扩展旧分支；保留各版数字和负结果，缺类/同曲线seed单独标注。,不同seed记录的整条精度相同，复现实验独立性待查。,H1 历史FedTEF，不能并入SFRA主表,cifar100_LT/fedtef_v10_topology_observer,FedTEF,noniid-labeldir,1,,,已记录到第100轮或以后,1,100,21,,,,,,,,,,,64.52,42.85,49.65,6,6.799999999999997,逐类核对通过,0,,Xc86c9274,,,,,,,,,output/cifar100_LT/fedtef_v10_topology_observer/seed1/frac0.4/FedTEF-v10-topology_noniid-labeldir,output/cifar100_LT/fedtef_v10_topology_observer/seed1/frac0.4/FedTEF-v10-topology_noniid-labeldir,output/cifar100_LT/fedtef_v10_topology_observer/seed1/frac0.4/FedTEF-v10-topology_noniid-labeldir/round_metrics.csv
Rcaba3e3b0,建议归档,旧 FedTEF 路线,prompt/adapter/memory/router/acquisition多版本历史探索,研究对象与当前SFRA A/B路线不同；v5组件阶梯中融合、TailAgg和rescue未显示预期收益。,停止扩展旧分支；保留各版数字和负结果，缺类/同曲线seed单独标注。,不同seed记录的整条精度相同，复现实验独立性待查。,H1 历史FedTEF，不能并入SFRA主表,cifar100_LT/fedtef_v10_topology_observer,FedTEF,noniid-labeldir,3407,,,已记录到第100轮或以后,1,100,21,,,,,,,,,,,64.52,42.85,49.65,6,6.799999999999997,逐类核对通过,0,,Xc86c9274,,,,,,,,,output/cifar100_LT/fedtef_v10_topology_observer/seed3407/frac0.4/FedTEF-v10-topology_noniid-labeldir,output/cifar100_LT/fedtef_v10_topology_observer/seed3407/frac0.4/FedTEF-v10-topology_noniid-labeldir,output/cifar100_LT/fedtef_v10_topology_observer/seed3407/frac0.4/FedTEF-v10-topology_noniid-labeldir/round_metrics.csv
R8f22b5dbd,建议归档,旧 FedTEF 路线,prompt/adapter/memory/router/acquisition多版本历史探索,研究对象与当前SFRA A/B路线不同；v5组件阶梯中融合、TailAgg和rescue未显示预期收益。,停止扩展旧分支；保留各版数字和负结果，缺类/同曲线seed单独标注。,不同seed记录的整条精度相同，复现实验独立性待查。,H1 历史FedTEF，不能并入SFRA主表,cifar100_LT/fedtef_v10_topology_observer,FedTEF,noniid-labeldir,42,,,已记录到第100轮或以后,1,100,21,,,,,,,,,,,64.52,42.85,49.65,6,6.799999999999997,逐类核对通过,0,,Xc86c9274,,,,,,,,,output/cifar100_LT/fedtef_v10_topology_observer/seed42/frac0.4/FedTEF-v10-topology_noniid-labeldir,output/cifar100_LT/fedtef_v10_topology_observer/seed42/frac0.4/FedTEF-v10-topology_noniid-labeldir,output/cifar100_LT/fedtef_v10_topology_observer/seed42/frac0.4/FedTEF-v10-topology_noniid-labeldir/round_metrics.csv
Ra71ee48b2,建议归档,旧 FedTEF 路线,prompt/adapter/memory/router/acquisition多版本历史探索,研究对象与当前SFRA A/B路线不同；v5组件阶梯中融合、TailAgg和rescue未显示预期收益。,停止扩展旧分支；保留各版数字和负结果，缺类/同曲线seed单独标注。,19份逐类CSV缺类；不填零、不重建缺失类别成绩；保留记录值但不进当前正式表。；不同seed记录的整条精度相同，复现实验独立性待查。,H1 历史FedTEF，不能并入SFRA主表,cifar100_LT/fedtef_v2_strong_k30_hard_l05_margin_prior,FedTEF,client-longtail,1,,,已记录到第100轮或以后,1,100,21,,,,,,,,,,,57.52,61.5,65.3,71,3.799999999999997,部分逐类文件缺类，不能完整复算,19,,X1b2f758d,,,,,,,,,output/cifar100_LT/fedtef_v2_strong_k30_hard_l05_margin_prior/seed1/frac0.4/FedTEF-v2_client-longtail,output/cifar100_LT/fedtef_v2_strong_k30_hard_l05_margin_prior/seed1/frac0.4/FedTEF-v2_client-longtail,output/cifar100_LT/fedtef_v2_strong_k30_hard_l05_margin_prior/seed1/frac0.4/FedTEF-v2_client-longtail/round_metrics.csv
R9c65ad117,建议归档,旧 FedTEF 路线,prompt/adapter/memory/router/acquisition多版本历史探索,研究对象与当前SFRA A/B路线不同；v5组件阶梯中融合、TailAgg和rescue未显示预期收益。,停止扩展旧分支；保留各版数字和负结果，缺类/同曲线seed单独标注。,18份逐类CSV缺类；不填零、不重建缺失类别成绩；保留记录值但不进当前正式表。；不同seed记录的整条精度相同，复现实验独立性待查。,H1 历史FedTEF，不能并入SFRA主表,cifar100_LT/fedtef_v2_strong_k30_hard_l05_margin_prior,FedTEF,noniid-labeldir,1,,,已记录到第100轮或以后,1,100,21,,,,,,,,,,,58.82,66.36842105263158,66.36842105263158,100,0.0,部分逐类文件缺类，不能完整复算,18,,Xea497ff1,,,,,,,,,output/cifar100_LT/fedtef_v2_strong_k30_hard_l05_margin_prior/seed1/frac0.4/FedTEF-v2_noniid-labeldir,output/cifar100_LT/fedtef_v2_strong_k30_hard_l05_margin_prior/seed1/frac0.4/FedTEF-v2_noniid-labeldir,output/cifar100_LT/fedtef_v2_strong_k30_hard_l05_margin_prior/seed1/frac0.4/FedTEF-v2_noniid-labeldir/round_metrics.csv
Rd7b716fbc,建议归档,旧 FedTEF 路线,prompt/adapter/memory/router/acquisition多版本历史探索,研究对象与当前SFRA A/B路线不同；v5组件阶梯中融合、TailAgg和rescue未显示预期收益。,停止扩展旧分支；保留各版数字和负结果，缺类/同曲线seed单独标注。,19份逐类CSV缺类；不填零、不重建缺失类别成绩；保留记录值但不进当前正式表。；不同seed记录的整条精度相同，复现实验独立性待查。,H1 历史FedTEF，不能并入SFRA主表,cifar100_LT/fedtef_v2_strong_k30_hard_l05_margin_prior,FedTEF,client-longtail,3407,,,已记录到第100轮或以后,1,100,21,,,,,,,,,,,57.52,61.5,65.3,71,3.799999999999997,部分逐类文件缺类，不能完整复算,19,,X1b2f758d,,,,,,,,,output/cifar100_LT/fedtef_v2_strong_k30_hard_l05_margin_prior/seed3407/frac0.4/FedTEF-v2_client-longtail,output/cifar100_LT/fedtef_v2_strong_k30_hard_l05_margin_prior/seed3407/frac0.4/FedTEF-v2_client-longtail,output/cifar100_LT/fedtef_v2_strong_k30_hard_l05_margin_prior/seed3407/frac0.4/FedTEF-v2_client-longtail/round_metrics.csv
R812e1e546,建议归档,旧 FedTEF 路线,prompt/adapter/memory/router/acquisition多版本历史探索,研究对象与当前SFRA A/B路线不同；v5组件阶梯中融合、TailAgg和rescue未显示预期收益。,停止扩展旧分支；保留各版数字和负结果，缺类/同曲线seed单独标注。,18份逐类CSV缺类；不填零、不重建缺失类别成绩；保留记录值但不进当前正式表。；不同seed记录的整条精度相同，复现实验独立性待查。,H1 历史FedTEF，不能并入SFRA主表,cifar100_LT/fedtef_v2_strong_k30_hard_l05_margin_prior,FedTEF,noniid-labeldir,3407,,,已记录到第100轮或以后,1,100,21,,,,,,,,,,,58.82,66.36842105263158,66.36842105263158,100,0.0,部分逐类文件缺类，不能完整复算,18,,Xea497ff1,,,,,,,,,output/cifar100_LT/fedtef_v2_strong_k30_hard_l05_margin_prior/seed3407/frac0.4/FedTEF-v2_noniid-labeldir,output/cifar100_LT/fedtef_v2_strong_k30_hard_l05_margin_prior/seed3407/frac0.4/FedTEF-v2_noniid-labeldir,output/cifar100_LT/fedtef_v2_strong_k30_hard_l05_margin_prior/seed3407/frac0.4/FedTEF-v2_noniid-labeldir/round_metrics.csv
R2d84aff81,建议归档,旧 FedTEF 路线,prompt/adapter/memory/router/acquisition多版本历史探索,研究对象与当前SFRA A/B路线不同；v5组件阶梯中融合、TailAgg和rescue未显示预期收益。,停止扩展旧分支；保留各版数字和负结果，缺类/同曲线seed单独标注。,19份逐类CSV缺类；不填零、不重建缺失类别成绩；保留记录值但不进当前正式表。；不同seed记录的整条精度相同，复现实验独立性待查。,H1 历史FedTEF，不能并入SFRA主表,cifar100_LT/fedtef_v2_strong_k30_hard_l05_margin_prior,FedTEF,client-longtail,42,,,已记录到第100轮或以后,1,100,21,,,,,,,,,,,57.52,61.5,65.3,71,3.799999999999997,部分逐类文件缺类，不能完整复算,19,,X1b2f758d,,,,,,,,,output/cifar100_LT/fedtef_v2_strong_k30_hard_l05_margin_prior/seed42/frac0.4/FedTEF-v2_client-longtail,output/cifar100_LT/fedtef_v2_strong_k30_hard_l05_margin_prior/seed42/frac0.4/FedTEF-v2_client-longtail,output/cifar100_LT/fedtef_v2_strong_k30_hard_l05_margin_prior/seed42/frac0.4/FedTEF-v2_client-longtail/round_metrics.csv
Rdef42ae6a,建议归档,旧 FedTEF 路线,prompt/adapter/memory/router/acquisition多版本历史探索,研究对象与当前SFRA A/B路线不同；v5组件阶梯中融合、TailAgg和rescue未显示预期收益。,停止扩展旧分支；保留各版数字和负结果，缺类/同曲线seed单独标注。,18份逐类CSV缺类；不填零、不重建缺失类别成绩；保留记录值但不进当前正式表。；不同seed记录的整条精度相同，复现实验独立性待查。,H1 历史FedTEF，不能并入SFRA主表,cifar100_LT/fedtef_v2_strong_k30_hard_l05_margin_prior,FedTEF,noniid-labeldir,42,,,已记录到第100轮或以后,1,100,21,,,,,,,,,,,58.82,66.36842105263158,66.36842105263158,100,0.0,部分逐类文件缺类，不能完整复算,18,,Xea497ff1,,,,,,,,,output/cifar100_LT/fedtef_v2_strong_k30_hard_l05_margin_prior/seed42/frac0.4/FedTEF-v2_noniid-labeldir,output/cifar100_LT/fedtef_v2_strong_k30_hard_l05_margin_prior/seed42/frac0.4/FedTEF-v2_noniid-labeldir,output/cifar100_LT/fedtef_v2_strong_k30_hard_l05_margin_prior/seed42/frac0.4/FedTEF-v2_noniid-labeldir/round_metrics.csv
R56772de6a,建议归档,旧 FedTEF 路线,prompt/adapter/memory/router/acquisition多版本历史探索,研究对象与当前SFRA A/B路线不同；v5组件阶梯中融合、TailAgg和rescue未显示预期收益。,停止扩展旧分支；保留各版数字和负结果，缺类/同曲线seed单独标注。,2份逐类CSV缺类；不填零、不重建缺失类别成绩；保留记录值但不进当前正式表。,H1 历史FedTEF，不能并入SFRA主表,cifar100_LT/fedtef_v3_prior_base_samplegate_conflict,FedTEF,client-longtail,1,,,已记录到第100轮或以后,1,100,21,,,,,,,,,,,65.75,54.1,54.85,46,0.75,部分逐类文件缺类，不能完整复算,2,,,,,,,,,,,output/cifar100_LT/fedtef_v3_prior_base_samplegate_conflict/seed1/frac0.4/FedTEF-v2_client-longtail,output/cifar100_LT/fedtef_v3_prior_base_samplegate_conflict/seed1/frac0.4/FedTEF-v2_client-longtail,output/cifar100_LT/fedtef_v3_prior_base_samplegate_conflict/seed1/frac0.4/FedTEF-v2_client-longtail/round_metrics.csv
Rcb6d27c2c,建议归档,旧 FedTEF 路线,prompt/adapter/memory/router/acquisition多版本历史探索,研究对象与当前SFRA A/B路线不同；v5组件阶梯中融合、TailAgg和rescue未显示预期收益。,停止扩展旧分支；保留各版数字和负结果，缺类/同曲线seed单独标注。,,H1 历史FedTEF，不能并入SFRA主表,cifar100_LT/fedtef_v5_adapter_dirichlet_evidence_lifecycle,FedTEF,noniid-labeldir,1,,,已记录到第100轮或以后,1,100,21,,,,,,,,,,,56.36,27.65,40.9,36,13.25,逐类核对通过,0,,,,,,,,,,,output/cifar100_LT/fedtef_v5_adapter_dirichlet_evidence_lifecycle/seed1/frac0.4/FedTEF-v5_noniid-labeldir,output/cifar100_LT/fedtef_v5_adapter_dirichlet_evidence_lifecycle/seed1/frac0.4/FedTEF-v5_noniid-labeldir,output/cifar100_LT/fedtef_v5_adapter_dirichlet_evidence_lifecycle/seed1/frac0.4/FedTEF-v5_noniid-labeldir/round_metrics.csv
R09648058f,建议归档,旧 FedTEF 路线,prompt/adapter/memory/router/acquisition多版本历史探索,研究对象与当前SFRA A/B路线不同；v5组件阶梯中融合、TailAgg和rescue未显示预期收益。,停止扩展旧分支；保留各版数字和负结果，缺类/同曲线seed单独标注。,,H1 历史FedTEF，不能并入SFRA主表,cifar100_LT/fedtef_v5_adapter_dirichlet_evidence_lifecycle,FedTEF,noniid-labeldir,3407,,,短运行或本地结果不完整,1,51,11,,,,,,,,,,,56.15,27.4,32.55,46,5.149999999999999,逐类核对通过,0,,,,,,,,,,,output/cifar100_LT/fedtef_v5_adapter_dirichlet_evidence_lifecycle/seed3407/frac0.4/FedTEF-v5_noniid-labeldir,output/cifar100_LT/fedtef_v5_adapter_dirichlet_evidence_lifecycle/seed3407/frac0.4/FedTEF-v5_noniid-labeldir,output/cifar100_LT/fedtef_v5_adapter_dirichlet_evidence_lifecycle/seed3407/frac0.4/FedTEF-v5_noniid-labeldir/round_metrics.csv
R1dae21255,建议归档,旧 FedTEF 路线,prompt/adapter/memory/router/acquisition多版本历史探索,研究对象与当前SFRA A/B路线不同；v5组件阶梯中融合、TailAgg和rescue未显示预期收益。,停止扩展旧分支；保留各版数字和负结果，缺类/同曲线seed单独标注。,,H1 历史FedTEF，不能并入SFRA主表,cifar100_LT/fedtef_v5_adapter_dirichlet_evidence_lifecycle,FedTEF,noniid-labeldir,42,,,已记录到第100轮或以后,1,100,21,,,,,,,,,,,59.67,34.15,36.9,86,2.75,逐类核对通过,0,,,,,,,,,,,output/cifar100_LT/fedtef_v5_adapter_dirichlet_evidence_lifecycle/seed42/frac0.4/FedTEF-v5_noniid-labeldir,output/cifar100_LT/fedtef_v5_adapter_dirichlet_evidence_lifecycle/seed42/frac0.4/FedTEF-v5_noniid-labeldir,output/cifar100_LT/fedtef_v5_adapter_dirichlet_evidence_lifecycle/seed42/frac0.4/FedTEF-v5_noniid-labeldir/round_metrics.csv
R7932ee377,建议归档,旧 FedTEF 路线,prompt/adapter/memory/router/acquisition多版本历史探索,研究对象与当前SFRA A/B路线不同；v5组件阶梯中融合、TailAgg和rescue未显示预期收益。,停止扩展旧分支；保留各版数字和负结果，缺类/同曲线seed单独标注。,3份逐类CSV缺类；不填零、不重建缺失类别成绩；保留记录值但不进当前正式表。,H1 历史FedTEF，不能并入SFRA主表,cifar100_LT/fedtef_v5_component_ladder,FedTEF,noniid-labeldir,1,,,短运行或本地结果不完整,1,30,7,,,,,,,,,,,64.68,41.45,41.45,30,0.0,部分逐类文件缺类，不能完整复算,3,,,,,,,,,,,output/cifar100_LT/fedtef_v5_component_ladder/adapter_only/seed1/frac0.4/FedTEF-v5_noniid-labeldir,output/cifar100_LT/fedtef_v5_component_ladder/adapter_only/seed1/frac0.4/FedTEF-v5_noniid-labeldir,output/cifar100_LT/fedtef_v5_component_ladder/adapter_only/seed1/frac0.4/FedTEF-v5_noniid-labeldir/round_metrics.csv
R4cfe11b9e,建议归档,旧 FedTEF 路线,prompt/adapter/memory/router/acquisition多版本历史探索,研究对象与当前SFRA A/B路线不同；v5组件阶梯中融合、TailAgg和rescue未显示预期收益。,停止扩展旧分支；保留各版数字和负结果，缺类/同曲线seed单独标注。,7份逐类CSV缺类；不填零、不重建缺失类别成绩；保留记录值但不进当前正式表。,H1 历史FedTEF，不能并入SFRA主表,cifar100_LT/fedtef_v5_component_ladder,FedTEF,noniid-labeldir,1,,,短运行或本地结果不完整,1,30,7,,,,,,,,,,,49.19,26.666666666666668,26.666666666666668,30,0.0,部分逐类文件缺类，不能完整复算,7,,,,,,,,,,,output/cifar100_LT/fedtef_v5_component_ladder/full_v5/seed1/frac0.4/FedTEF-v5_noniid-labeldir,output/cifar100_LT/fedtef_v5_component_ladder/full_v5/seed1/frac0.4/FedTEF-v5_noniid-labeldir,output/cifar100_LT/fedtef_v5_component_ladder/full_v5/seed1/frac0.4/FedTEF-v5_noniid-labeldir/round_metrics.csv
R69d880628,建议归档,旧 FedTEF 路线,prompt/adapter/memory/router/acquisition多版本历史探索,研究对象与当前SFRA A/B路线不同；v5组件阶梯中融合、TailAgg和rescue未显示预期收益。,停止扩展旧分支；保留各版数字和负结果，缺类/同曲线seed单独标注。,7份逐类CSV缺类；不填零、不重建缺失类别成绩；保留记录值但不进当前正式表。,H1 历史FedTEF，不能并入SFRA主表,cifar100_LT/fedtef_v5_component_ladder,FedTEF,noniid-labeldir,1,,,短运行或本地结果不完整,1,30,7,,,,,,,,,,,48.43,18.142857142857142,22.45,1,4.307142857142857,部分逐类文件缺类，不能完整复算,7,,,,,,,,,,,output/cifar100_LT/fedtef_v5_component_ladder/lora_memory_fedavg/seed1/frac0.4/FedTEF-v5_noniid-labeldir,output/cifar100_LT/fedtef_v5_component_ladder/lora_memory_fedavg/seed1/frac0.4/FedTEF-v5_noniid-labeldir,output/cifar100_LT/fedtef_v5_component_ladder/lora_memory_fedavg/seed1/frac0.4/FedTEF-v5_noniid-labeldir/round_metrics.csv
R589ceb6a9,建议归档,旧 FedTEF 路线,prompt/adapter/memory/router/acquisition多版本历史探索,研究对象与当前SFRA A/B路线不同；v5组件阶梯中融合、TailAgg和rescue未显示预期收益。,停止扩展旧分支；保留各版数字和负结果，缺类/同曲线seed单独标注。,7份逐类CSV缺类；不填零、不重建缺失类别成绩；保留记录值但不进当前正式表。,H1 历史FedTEF，不能并入SFRA主表,cifar100_LT/fedtef_v5_component_ladder,FedTEF,noniid-labeldir,1,,,短运行或本地结果不完整,1,30,7,,,,,,,,,,,48.28,15.375,41.85,1,26.475,部分逐类文件缺类，不能完整复算,7,,,,,,,,,,,output/cifar100_LT/fedtef_v5_component_ladder/lora_memory_no_fusion/seed1/frac0.4/FedTEF-v5_noniid-labeldir,output/cifar100_LT/fedtef_v5_component_ladder/lora_memory_no_fusion/seed1/frac0.4/FedTEF-v5_noniid-labeldir,output/cifar100_LT/fedtef_v5_component_ladder/lora_memory_no_fusion/seed1/frac0.4/FedTEF-v5_noniid-labeldir/round_metrics.csv
R77ec09a63,建议归档,旧 FedTEF 路线,prompt/adapter/memory/router/acquisition多版本历史探索,研究对象与当前SFRA A/B路线不同；v5组件阶梯中融合、TailAgg和rescue未显示预期收益。,停止扩展旧分支；保留各版数字和负结果，缺类/同曲线seed单独标注。,7份逐类CSV缺类；不填零、不重建缺失类别成绩；保留记录值但不进当前正式表。,H1 历史FedTEF，不能并入SFRA主表,cifar100_LT/fedtef_v5_component_ladder,FedTEF,noniid-labeldir,1,,,短运行或本地结果不完整,1,30,7,,,,,,,,,,,47.71,11.777777777777779,23.0,1,11.222222222222221,部分逐类文件缺类，不能完整复算,7,,,,,,,,,,,output/cifar100_LT/fedtef_v5_component_ladder/lora_memory_tailagg/seed1/frac0.4/FedTEF-v5_noniid-labeldir,output/cifar100_LT/fedtef_v5_component_ladder/lora_memory_tailagg/seed1/frac0.4/FedTEF-v5_noniid-labeldir,output/cifar100_LT/fedtef_v5_component_ladder/lora_memory_tailagg/seed1/frac0.4/FedTEF-v5_noniid-labeldir/round_metrics.csv
R9921271db,建议归档,旧 FedTEF 路线,prompt/adapter/memory/router/acquisition多版本历史探索,研究对象与当前SFRA A/B路线不同；v5组件阶梯中融合、TailAgg和rescue未显示预期收益。,停止扩展旧分支；保留各版数字和负结果，缺类/同曲线seed单独标注。,7份逐类CSV缺类；不填零、不重建缺失类别成绩；保留记录值但不进当前正式表。,H1 历史FedTEF，不能并入SFRA主表,cifar100_LT/fedtef_v5_component_ladder,FedTEF,noniid-labeldir,1,,,短运行或本地结果不完整,1,30,7,,,,,,,,,,,47.31,12.833333333333334,24.36842105263158,1,11.535087719298245,部分逐类文件缺类，不能完整复算,7,,,,,,,,,,,output/cifar100_LT/fedtef_v5_component_ladder/lora_memory_tailagg_rescue/seed1/frac0.4/FedTEF-v5_noniid-labeldir,output/cifar100_LT/fedtef_v5_component_ladder/lora_memory_tailagg_rescue/seed1/frac0.4/FedTEF-v5_noniid-labeldir,output/cifar100_LT/fedtef_v5_component_ladder/lora_memory_tailagg_rescue/seed1/frac0.4/FedTEF-v5_noniid-labeldir/round_metrics.csv
Rcb210f882,建议归档,旧 FedTEF 路线,prompt/adapter/memory/router/acquisition多版本历史探索,研究对象与当前SFRA A/B路线不同；v5组件阶梯中融合、TailAgg和rescue未显示预期收益。,停止扩展旧分支；保留各版数字和负结果，缺类/同曲线seed单独标注。,7份逐类CSV缺类；不填零、不重建缺失类别成绩；保留记录值但不进当前正式表。,H1 历史FedTEF，不能并入SFRA主表,cifar100_LT/fedtef_v5_component_ladder,FedTEF,noniid-labeldir,1,,,短运行或本地结果不完整,1,30,7,,,,,,,,,,,49.16,14.875,42.5,1,27.625,部分逐类文件缺类，不能完整复算,7,,,,,,,,,,,output/cifar100_LT/fedtef_v5_component_ladder/lora_only/seed1/frac0.4/FedTEF-v5_noniid-labeldir,output/cifar100_LT/fedtef_v5_component_ladder/lora_only/seed1/frac0.4/FedTEF-v5_noniid-labeldir,output/cifar100_LT/fedtef_v5_component_ladder/lora_only/seed1/frac0.4/FedTEF-v5_noniid-labeldir/round_metrics.csv
Rd5d13507b,建议归档,旧 FedTEF 路线,prompt/adapter/memory/router/acquisition多版本历史探索,研究对象与当前SFRA A/B路线不同；v5组件阶梯中融合、TailAgg和rescue未显示预期收益。,停止扩展旧分支；保留各版数字和负结果，缺类/同曲线seed单独标注。,3份逐类CSV缺类；不填零、不重建缺失类别成绩；保留记录值但不进当前正式表。,H1 历史FedTEF，不能并入SFRA主表,cifar100_LT/fedtef_v5_component_ladder,FedTEF,noniid-labeldir,1,,,短运行或本地结果不完整,1,30,7,,,,,,,,,,,58.59,29.85,39.3,11,9.449999999999996,部分逐类文件缺类，不能完整复算,3,,,,,,,,,,,output/cifar100_LT/fedtef_v5_component_ladder/prompt_only/seed1/frac0.4/FedTEF-v5_noniid-labeldir,output/cifar100_LT/fedtef_v5_component_ladder/prompt_only/seed1/frac0.4/FedTEF-v5_noniid-labeldir,output/cifar100_LT/fedtef_v5_component_ladder/prompt_only/seed1/frac0.4/FedTEF-v5_noniid-labeldir/round_metrics.csv
R84a8cd47c,建议归档,旧 FedTEF 路线,prompt/adapter/memory/router/acquisition多版本历史探索,研究对象与当前SFRA A/B路线不同；v5组件阶梯中融合、TailAgg和rescue未显示预期收益。,停止扩展旧分支；保留各版数字和负结果，缺类/同曲线seed单独标注。,,H1 历史FedTEF，不能并入SFRA主表,cifar100_LT/fedtef_v6_low_exposure_router_dirichlet,FedTEF,noniid-labeldir,1,,,已记录到第100轮或以后,1,100,21,,,,,,,,,,,61.98,35.0,40.75,96,5.75,逐类核对通过,0,,,,,,,,,,,output/cifar100_LT/fedtef_v6_low_exposure_router_dirichlet/seed1/frac0.4/FedTEF-v6_noniid-labeldir,output/cifar100_LT/fedtef_v6_low_exposure_router_dirichlet/seed1/frac0.4/FedTEF-v6_noniid-labeldir,output/cifar100_LT/fedtef_v6_low_exposure_router_dirichlet/seed1/frac0.4/FedTEF-v6_noniid-labeldir/round_metrics.csv
Rba3e06ab4,建议归档,旧 FedTEF 路线,prompt/adapter/memory/router/acquisition多版本历史探索,研究对象与当前SFRA A/B路线不同；v5组件阶梯中融合、TailAgg和rescue未显示预期收益。,停止扩展旧分支；保留各版数字和负结果，缺类/同曲线seed单独标注。,,H1 历史FedTEF，不能并入SFRA主表,cifar100_LT/fedtef_v7_allrows_l03,FedTEF,noniid-labeldir,1,,,已记录到第100轮或以后,1,100,21,,,,,,,,,,,64.64,46.65,55.4,6,8.75,逐类核对通过,0,,,,,,,,,,,output/cifar100_LT/fedtef_v7_allrows_l03/seed1/frac0.4/FedTEF-v7_noniid-labeldir,output/cifar100_LT/fedtef_v7_allrows_l03/seed1/frac0.4/FedTEF-v7_noniid-labeldir,output/cifar100_LT/fedtef_v7_allrows_l03/seed1/frac0.4/FedTEF-v7_noniid-labeldir/round_metrics.csv
Ra35c1ceee,建议归档,旧 FedTEF 路线,prompt/adapter/memory/router/acquisition多版本历史探索,研究对象与当前SFRA A/B路线不同；v5组件阶梯中融合、TailAgg和rescue未显示预期收益。,停止扩展旧分支；保留各版数字和负结果，缺类/同曲线seed单独标注。,,H1 历史FedTEF，不能并入SFRA主表,cifar100_LT/fedtef_v7_routed_prompt_dirichlet,FedTEF,noniid-labeldir,1,,,已记录到第100轮或以后,1,100,21,,,,,,,,,,,62.6,43.85,54.1,6,10.25,逐类核对通过,0,,,,,,,,,,,output/cifar100_LT/fedtef_v7_routed_prompt_dirichlet/seed1/frac0.4/FedTEF-v7_noniid-labeldir,output/cifar100_LT/fedtef_v7_routed_prompt_dirichlet/seed1/frac0.4/FedTEF-v7_noniid-labeldir,output/cifar100_LT/fedtef_v7_routed_prompt_dirichlet/seed1/frac0.4/FedTEF-v7_noniid-labeldir/round_metrics.csv
R1eda9ed48,建议归档,旧 FedTEF 路线,prompt/adapter/memory/router/acquisition多版本历史探索,研究对象与当前SFRA A/B路线不同；v5组件阶梯中融合、TailAgg和rescue未显示预期收益。,停止扩展旧分支；保留各版数字和负结果，缺类/同曲线seed单独标注。,,H1 历史FedTEF，不能并入SFRA主表,cifar100_LT/fedtef_v8_acquisition_dirichlet,FedTEF,noniid-labeldir,1,,,已记录到第100轮或以后,1,100,21,,,,,,,,,,,61.81,44.3,52.5,36,8.200000000000003,逐类核对通过,0,,,,,,,,,,,output/cifar100_LT/fedtef_v8_acquisition_dirichlet/seed1/frac0.4/FedTEF-v8-acq_noniid-labeldir,output/cifar100_LT/fedtef_v8_acquisition_dirichlet/seed1/frac0.4/FedTEF-v8-acq_noniid-labeldir,output/cifar100_LT/fedtef_v8_acquisition_dirichlet/seed1/frac0.4/FedTEF-v8-acq_noniid-labeldir/round_metrics.csv
R8ebf76293,建议归档,旧 FedTEF 路线,prompt/adapter/memory/router/acquisition多版本历史探索,研究对象与当前SFRA A/B路线不同；v5组件阶梯中融合、TailAgg和rescue未显示预期收益。,停止扩展旧分支；保留各版数字和负结果，缺类/同曲线seed单独标注。,,H1 历史FedTEF，不能并入SFRA主表,cifar100_LT/fedtef_v8_lite_dirichlet,FedTEF,noniid-labeldir,1,,,已记录到第100轮或以后,1,100,21,,,,,,,,,,,65.56,48.25,54.9,36,6.649999999999999,逐类核对通过,0,,,,,,,,,,,output/cifar100_LT/fedtef_v8_lite_dirichlet/seed1/frac0.4/FedTEF-v8-lite_noniid-labeldir,output/cifar100_LT/fedtef_v8_lite_dirichlet/seed1/frac0.4/FedTEF-v8-lite_noniid-labeldir,output/cifar100_LT/fedtef_v8_lite_dirichlet/seed1/frac0.4/FedTEF-v8-lite_noniid-labeldir/round_metrics.csv
R9b6901c66,建议归档,旧 FedTEF 路线,prompt/adapter/memory/router/acquisition多版本历史探索,研究对象与当前SFRA A/B路线不同；v5组件阶梯中融合、TailAgg和rescue未显示预期收益。,停止扩展旧分支；保留各版数字和负结果，缺类/同曲线seed单独标注。,,H1 历史FedTEF，不能并入SFRA主表,cifar100_LT/fedtef_v9_clean_acquisition_dirichlet,FedTEF,noniid-labeldir,1,,,已记录到第100轮或以后,1,100,21,,,,,,,,,,,62.66,42.7,52.05,36,9.349999999999994,逐类核对通过,0,,,,,,,,,,,output/cifar100_LT/fedtef_v9_clean_acquisition_dirichlet/seed1/frac0.4/FedTEF-v9-clean-acq_noniid-labeldir,output/cifar100_LT/fedtef_v9_clean_acquisition_dirichlet/seed1/frac0.4/FedTEF-v9-clean-acq_noniid-labeldir,output/cifar100_LT/fedtef_v9_clean_acquisition_dirichlet/seed1/frac0.4/FedTEF-v9-clean-acq_noniid-labeldir/round_metrics.csv
R6eab6fbb2,建议归档,旧单边pilot,修复后早期LoRA Client-LT单边曲线,只可说明趋势，缺同协议配对；已被2×2和ERI替代。,保留历史，不再单独作为主对照。,,H5 其他历史协议；仅在同配置内比较,cifar100_LT/lora,ClipLora,client-longtail,42,2,amp,已记录到第100轮或以后,0,100,101,81,100,64.98949999999999,86.3725,66.8425,38.0475,71.725,82.07571428571428,67.46142857142857,42.17166666666667,64.88,38.0,67.7,2,29.700000000000003,逐类核对通过,0,,,,,,,,,,,output/cifar100_LT/lora/clientLT_seed42,output/cifar100_LT/lora/clientLT_seed42,output/cifar100_LT/lora/clientLT_seed42/round_metrics.csv
Rd93d4f31a,待定用途,跨方法现象,PromptFL Panel C / Experiment D、局部epoch和历史机制,可说明现象在旧prompt协议下存在；有副本、失败seed与不同localE。,附录稳健性候选；不能拼成当前LoRA多seed结果。,这里的末20轮是11–30，不是81–100，不进入正式主表。,H2 历史PromptFL，按参与率/localE/seed另分组,cifar100_LT/PromptFL_fedavg_vit_b16_batchSize32,PromptFL,client-longtail,1,,,短运行或本地结果不完整,1,30,30,11,30,49.3765,69.63250000000001,45.58,40.51,51.593125,64.27142857142857,43.31857142857143,39.06666666666667,50.34,39.3,41.9,6,2.6000000000000014,逐类核对通过,0,,,,,,,,,,,output/cifar100_LT/PromptFL_fedavg_vit_b16_batchSize32/ExperimentD_LocalEpochPilot/client-longtail_lambda=0.75_alpha=0.5_rho=3.0_localE=1_seed=1,output/cifar100_LT/PromptFL_fedavg_vit_b16_batchSize32/ExperimentD_LocalEpochPilot/client-longtail_lambda=0.75_alpha=0.5_rho=3.0_localE=1_seed=1,output/cifar100_LT/PromptFL_fedavg_vit_b16_batchSize32/ExperimentD_LocalEpochPilot/client-longtail_lambda=0.75_alpha=0.5_rho=3.0_localE=1_seed=1/round_metrics.csv
R9acf6c4f4,待定用途,跨方法现象,PromptFL Panel C / Experiment D、局部epoch和历史机制,可说明现象在旧prompt协议下存在；有副本、失败seed与不同localE。,附录稳健性候选；不能拼成当前LoRA多seed结果。,这里的末20轮是11–30，不是81–100，不进入正式主表。,H2 历史PromptFL，按参与率/localE/seed另分组,cifar100_LT/PromptFL_fedavg_vit_b16_batchSize32,PromptFL,client-longtail,1,,,短运行或本地结果不完整,1,30,30,11,30,59.947500000000005,87.435,64.06166666666667,20.1175,69.905,83.16285714285715,64.83,27.166666666666668,60.93,20.25,21.8,18,1.5500000000000007,逐类核对通过,0,,,,,,,,,,,output/cifar100_LT/PromptFL_fedavg_vit_b16_batchSize32/ExperimentD_LocalEpochPilot/client-longtail_lambda=0.75_alpha=0.5_rho=3.0_localE=3_seed=1,output/cifar100_LT/PromptFL_fedavg_vit_b16_batchSize32/ExperimentD_LocalEpochPilot/client-longtail_lambda=0.75_alpha=0.5_rho=3.0_localE=3_seed=1,output/cifar100_LT/PromptFL_fedavg_vit_b16_batchSize32/ExperimentD_LocalEpochPilot/client-longtail_lambda=0.75_alpha=0.5_rho=3.0_localE=3_seed=1/round_metrics.csv
R3c00b3dcd,待定用途,跨方法现象,PromptFL Panel C / Experiment D、局部epoch和历史机制,可说明现象在旧prompt协议下存在；有副本、失败seed与不同localE。,附录稳健性候选；不能拼成当前LoRA多seed结果。,,H2 历史PromptFL，按参与率/localE/seed另分组,cifar100_LT/PromptFL_fedavg_vit_b16_batchSize32,PromptFL,client-longtail,1,,,短运行或本地结果不完整,1,13,13,,,,,,,,,,,59.34,19.35,20.05,9,0.6999999999999993,逐类核对通过,0,,,,,,,,,,,output/cifar100_LT/PromptFL_fedavg_vit_b16_batchSize32/ExperimentD_Main/partition=client-longtail_lambda=0.75_alpha=0.5_rho=3.0_IF=0.01_localE=3_seed=1,output/cifar100_LT/PromptFL_fedavg_vit_b16_batchSize32/ExperimentD_Main/partition=client-longtail_lambda=0.75_alpha=0.5_rho=3.0_IF=0.01_localE=3_seed=1,output/cifar100_LT/PromptFL_fedavg_vit_b16_batchSize32/ExperimentD_Main/partition=client-longtail_lambda=0.75_alpha=0.5_rho=3.0_IF=0.01_localE=3_seed=1/round_metrics.csv
R3a0d24658,待定用途,跨方法现象,PromptFL Panel C / Experiment D、局部epoch和历史机制,可说明现象在旧prompt协议下存在；有副本、失败seed与不同localE。,附录稳健性候选；不能拼成当前LoRA多seed结果。,,H2 历史PromptFL，按参与率/localE/seed另分组,cifar100_LT/PromptFL_fedavg_vit_b16_batchSize32,PromptFL,client-longtail,2026,,,已记录到第100轮或以后,1,100,100,81,100,60.721000000000004,88.775,65.24166666666666,19.105,71.125,84.37714285714286,66.14142857142858,26.798333333333336,60.77,20.15,21.15,52,1.0,逐类核对通过,0,,,,,,,,,,,output/cifar100_LT/PromptFL_fedavg_vit_b16_batchSize32/ExperimentD_Main/partition=client-longtail_lambda=0.75_alpha=0.5_rho=3.0_IF=0.01_localE=3_seed=2026,output/cifar100_LT/PromptFL_fedavg_vit_b16_batchSize32/ExperimentD_Main/partition=client-longtail_lambda=0.75_alpha=0.5_rho=3.0_IF=0.01_localE=3_seed=2026,output/cifar100_LT/PromptFL_fedavg_vit_b16_batchSize32/ExperimentD_Main/partition=client-longtail_lambda=0.75_alpha=0.5_rho=3.0_IF=0.01_localE=3_seed=2026/round_metrics.csv
R7d8d4d1ac,待定用途,跨方法现象,PromptFL Panel C / Experiment D、局部epoch和历史机制,可说明现象在旧prompt协议下存在；有副本、失败seed与不同localE。,附录稳健性候选；不能拼成当前LoRA多seed结果。,,H2 历史PromptFL，按参与率/localE/seed另分组,cifar100_LT/PromptFL_fedavg_vit_b16_batchSize32,PromptFL,client-longtail,42,,,已记录到第100轮或以后,1,100,100,81,100,60.580999999999996,88.4075,65.2375,18.785,71.03,84.19285714285715,66.06142857142858,26.639999999999997,60.44,18.9,20.55,65,1.6500000000000021,逐类核对通过,0,,,,,,,,,,,output/cifar100_LT/PromptFL_fedavg_vit_b16_batchSize32/ExperimentD_Main/partition=client-longtail_lambda=0.75_alpha=0.5_rho=3.0_IF=0.01_localE=3_seed=42,output/cifar100_LT/PromptFL_fedavg_vit_b16_batchSize32/ExperimentD_Main/partition=client-longtail_lambda=0.75_alpha=0.5_rho=3.0_IF=0.01_localE=3_seed=42,output/cifar100_LT/PromptFL_fedavg_vit_b16_batchSize32/ExperimentD_Main/partition=client-longtail_lambda=0.75_alpha=0.5_rho=3.0_IF=0.01_localE=3_seed=42/round_metrics.csv
R817cbc7f1,待定用途,跨方法现象,PromptFL Panel C / Experiment D、局部epoch和历史机制,可说明现象在旧prompt协议下存在；有副本、失败seed与不同localE。,附录稳健性候选；不能拼成当前LoRA多seed结果。,本地未发现标准精度CSV；部分诊断入口按设计在全局测试前结束。,H2 历史PromptFL，按参与率/localE/seed另分组,cifar100_LT/PromptFL_fedavg_vit_b16_batchSize32,,noniid-labeldir-fine,1,,,只有日志或配置，未发现精度结果,,,0,,,,,,,,,,,,,,,,缺少可交叉核对的分组或逐类文件,0,,,,,,,,,,,output/cifar100_LT/PromptFL_fedavg_vit_b16_batchSize32/ExperimentD_Main/partition=noniid-labeldir-fine_alpha=0.5_IF=0.01_localE=3_seed=1,output/cifar100_LT/PromptFL_fedavg_vit_b16_batchSize32/ExperimentD_Main/partition=noniid-labeldir-fine_alpha=0.5_IF=0.01_localE=3_seed=1,per_class CSV
Rd0ffb8eb6,待定用途,跨方法现象,PromptFL Panel C / Experiment D、局部epoch和历史机制,可说明现象在旧prompt协议下存在；有副本、失败seed与不同localE。,附录稳健性候选；不能拼成当前LoRA多seed结果。,,H2 历史PromptFL，按参与率/localE/seed另分组,cifar100_LT/PromptFL_fedavg_vit_b16_batchSize32,PromptFL,noniid-labeldir-fine,2026,,,已记录到第100轮或以后,1,100,100,81,100,64.201,88.0775,65.08500000000001,37.6725,70.833125,84.09,65.76571428571428,39.17166666666667,64.9,38.55,41.15,29,2.6000000000000014,逐类核对通过,0,,,,,,,,,,,output/cifar100_LT/PromptFL_fedavg_vit_b16_batchSize32/ExperimentD_Main/partition=noniid-labeldir-fine_alpha=0.5_IF=0.01_localE=3_seed=2026,output/cifar100_LT/PromptFL_fedavg_vit_b16_batchSize32/ExperimentD_Main/partition=noniid-labeldir-fine_alpha=0.5_IF=0.01_localE=3_seed=2026,output/cifar100_LT/PromptFL_fedavg_vit_b16_batchSize32/ExperimentD_Main/partition=noniid-labeldir-fine_alpha=0.5_IF=0.01_localE=3_seed=2026/round_metrics.csv
Rbef2894ae,待定用途,跨方法现象,PromptFL Panel C / Experiment D、局部epoch和历史机制,可说明现象在旧prompt协议下存在；有副本、失败seed与不同localE。,附录稳健性候选；不能拼成当前LoRA多seed结果。,,H2 历史PromptFL，按参与率/localE/seed另分组,cifar100_LT/PromptFL_fedavg_vit_b16_batchSize32,PromptFL,noniid-labeldir-fine,42,,,已记录到第100轮或以后,1,100,100,81,100,64.009,88.115,64.57333333333334,38.209999999999994,70.45875,83.68571428571428,65.39857142857143,39.431666666666665,64.32,38.8,41.55,42,2.75,逐类核对通过,0,,,,,,,,,,,output/cifar100_LT/PromptFL_fedavg_vit_b16_batchSize32/ExperimentD_Main/partition=noniid-labeldir-fine_alpha=0.5_IF=0.01_localE=3_seed=42,output/cifar100_LT/PromptFL_fedavg_vit_b16_batchSize32/ExperimentD_Main/partition=noniid-labeldir-fine_alpha=0.5_IF=0.01_localE=3_seed=42,output/cifar100_LT/PromptFL_fedavg_vit_b16_batchSize32/ExperimentD_Main/partition=noniid-labeldir-fine_alpha=0.5_IF=0.01_localE=3_seed=42/round_metrics.csv
R43036793e,待定用途,跨方法现象,PromptFL Panel C / Experiment D、局部epoch和历史机制,可说明现象在旧prompt协议下存在；有副本、失败seed与不同localE。,附录稳健性候选；不能拼成当前LoRA多seed结果。,,H2 历史PromptFL，按参与率/localE/seed另分组,cifar100_LT/PromptFL_fedavg_vit_b16_batchSize32,PromptFL,noniid-labeldir-fine,1,,,短运行或本地结果不完整,1,5,5,,,,,,,,,,,57.14,32.9,36.5,3,3.6000000000000014,逐类核对通过,0,,,,,,,,,,,output/cifar100_LT/PromptFL_fedavg_vit_b16_batchSize32/ExpF_smoke/partition=noniid-labeldir-fine_beta=0.5_IF=0.01_localE=5_seed=1,output/cifar100_LT/PromptFL_fedavg_vit_b16_batchSize32/ExpF_smoke/partition=noniid-labeldir-fine_beta=0.5_IF=0.01_localE=5_seed=1,output/cifar100_LT/PromptFL_fedavg_vit_b16_batchSize32/ExpF_smoke/partition=noniid-labeldir-fine_beta=0.5_IF=0.01_localE=5_seed=1/round_metrics.csv
Rd2ed2eb69,待定用途,跨方法现象,PromptFL Panel C / Experiment D、局部epoch和历史机制,可说明现象在旧prompt协议下存在；有副本、失败seed与不同localE。,附录稳健性候选；不能拼成当前LoRA多seed结果。,本地未发现标准精度CSV；部分诊断入口按设计在全局测试前结束。,H2 历史PromptFL，按参与率/localE/seed另分组,cifar100_LT/PromptFL_fedavg_vit_b16_batchSize32,,,,,,只有日志或配置，未发现精度结果,,,0,,,,,,,,,,,,,,,,缺少可交叉核对的分组或逐类文件,0,,,,,,,,,,,output/cifar100_LT/PromptFL_fedavg_vit_b16_batchSize32/PanelC_users30_localE3/partition=client-longtail_lambda=0.75_alpha=0.1_rho=3.0_IF=0.01_localE=3_seed=1,output/cifar100_LT/PromptFL_fedavg_vit_b16_batchSize32/PanelC_users30_localE3/partition=client-longtail_lambda=0.75_alpha=0.1_rho=3.0_IF=0.01_localE=3_seed=1,per_class CSV
R6610f5fba,建议归档,跨方法现象,PromptFL Panel C / Experiment D、局部epoch和历史机制,可说明现象在旧prompt协议下存在；有副本、失败seed与不同localE。,已有相同曲线的推荐入口；此副本保留追溯，不算新增重复实验。,,H2 历史PromptFL，按参与率/localE/seed另分组,cifar100_LT/PromptFL_fedavg_vit_b16_batchSize32,PromptFL,client-longtail,2026,,,已记录到第100轮或以后,1,100,21,,,,,,,,,,,59.66,19.35,24.9,21,5.549999999999997,逐类核对通过,0,Dd00f8e42,,,,,,,,,,output/cifar100_LT/PromptFL_fedavg_vit_b16_batchSize32/PanelC_users30_localE3/partition=client-longtail_lambda=0.75_alpha=0.1_rho=3.0_IF=0.01_localE=3_seed=2026,output/PromptFL_fedavg_vit_b16_batchSize32/PanelC_users30_localE3/partition=client-longtail_lambda=0.75_alpha=0.1_rho=3.0_IF=0.01_localE=3_seed=2026,output/cifar100_LT/PromptFL_fedavg_vit_b16_batchSize32/PanelC_users30_localE3/partition=client-longtail_lambda=0.75_alpha=0.1_rho=3.0_IF=0.01_localE=3_seed=2026/round_metrics.csv
R193f97cb2,建议归档,跨方法现象,PromptFL Panel C / Experiment D、局部epoch和历史机制,可说明现象在旧prompt协议下存在；有副本、失败seed与不同localE。,已有相同曲线的推荐入口；此副本保留追溯，不算新增重复实验。,,H2 历史PromptFL，按参与率/localE/seed另分组,cifar100_LT/PromptFL_fedavg_vit_b16_batchSize32,PromptFL,client-longtail,42,,,已记录到第100轮或以后,1,100,21,,,,,,,,,,,61.24,23.05,25.1,96,2.0500000000000007,逐类核对通过,0,D844dc6a4,,,,,,,,,,output/cifar100_LT/PromptFL_fedavg_vit_b16_batchSize32/PanelC_users30_localE3/partition=client-longtail_lambda=0.75_alpha=0.1_rho=3.0_IF=0.01_localE=3_seed=42,output/PromptFL_fedavg_vit_b16_batchSize32/PanelC_users30_localE3/partition=client-longtail_lambda=0.75_alpha=0.1_rho=3.0_IF=0.01_localE=3_seed=42,output/cifar100_LT/PromptFL_fedavg_vit_b16_batchSize32/PanelC_users30_localE3/partition=client-longtail_lambda=0.75_alpha=0.1_rho=3.0_IF=0.01_localE=3_seed=42/round_metrics.csv
R8af39ce66,建议归档,跨方法现象,PromptFL Panel C / Experiment D、局部epoch和历史机制,可说明现象在旧prompt协议下存在；有副本、失败seed与不同localE。,已有相同曲线的推荐入口；此副本保留追溯，不算新增重复实验。,,H2 历史PromptFL，按参与率/localE/seed另分组,cifar100_LT/PromptFL_fedavg_vit_b16_batchSize32,PromptFL,client-longtail,1,,,已记录到第100轮或以后,1,100,21,,,,,,,,,,,60.06,20.05,22.85,21,2.8000000000000007,逐类核对通过,0,Dd90d2dde,,,,,,,,,,output/cifar100_LT/PromptFL_fedavg_vit_b16_batchSize32/PanelC_users30_localE3/partition=client-longtail_lambda=0.75_alpha=0.25_rho=3.0_IF=0.01_localE=3_seed=1,output/PromptFL_fedavg_vit_b16_batchSize32/PanelC_users30_localE3/partition=client-longtail_lambda=0.75_alpha=0.25_rho=3.0_IF=0.01_localE=3_seed=1,output/cifar100_LT/PromptFL_fedavg_vit_b16_batchSize32/PanelC_users30_localE3/partition=client-longtail_lambda=0.75_alpha=0.25_rho=3.0_IF=0.01_localE=3_seed=1/round_metrics.csv
Rfff91e5b9,建议归档,跨方法现象,PromptFL Panel C / Experiment D、局部epoch和历史机制,可说明现象在旧prompt协议下存在；有副本、失败seed与不同localE。,已有相同曲线的推荐入口；此副本保留追溯，不算新增重复实验。,,H2 历史PromptFL，按参与率/localE/seed另分组,cifar100_LT/PromptFL_fedavg_vit_b16_batchSize32,PromptFL,client-longtail,2026,,,已记录到第100轮或以后,1,100,21,,,,,,,,,,,60.5,19.3,22.15,26,2.849999999999998,逐类核对通过,0,Dcda2911b,,,,,,,,,,output/cifar100_LT/PromptFL_fedavg_vit_b16_batchSize32/PanelC_users30_localE3/partition=client-longtail_lambda=0.75_alpha=0.25_rho=3.0_IF=0.01_localE=3_seed=2026,output/PromptFL_fedavg_vit_b16_batchSize32/PanelC_users30_localE3/partition=client-longtail_lambda=0.75_alpha=0.25_rho=3.0_IF=0.01_localE=3_seed=2026,output/cifar100_LT/PromptFL_fedavg_vit_b16_batchSize32/PanelC_users30_localE3/partition=client-longtail_lambda=0.75_alpha=0.25_rho=3.0_IF=0.01_localE=3_seed=2026/round_metrics.csv
Rb57091eec,建议归档,跨方法现象,PromptFL Panel C / Experiment D、局部epoch和历史机制,可说明现象在旧prompt协议下存在；有副本、失败seed与不同localE。,已有相同曲线的推荐入口；此副本保留追溯，不算新增重复实验。,,H2 历史PromptFL，按参与率/localE/seed另分组,cifar100_LT/PromptFL_fedavg_vit_b16_batchSize32,PromptFL,client-longtail,42,,,已记录到第100轮或以后,1,100,21,,,,,,,,,,,61.16,21.55,23.2,46,1.6499999999999986,逐类核对通过,0,D18a298e2,,,,,,,,,,output/cifar100_LT/PromptFL_fedavg_vit_b16_batchSize32/PanelC_users30_localE3/partition=client-longtail_lambda=0.75_alpha=0.25_rho=3.0_IF=0.01_localE=3_seed=42,output/PromptFL_fedavg_vit_b16_batchSize32/PanelC_users30_localE3/partition=client-longtail_lambda=0.75_alpha=0.25_rho=3.0_IF=0.01_localE=3_seed=42,output/cifar100_LT/PromptFL_fedavg_vit_b16_batchSize32/PanelC_users30_localE3/partition=client-longtail_lambda=0.75_alpha=0.25_rho=3.0_IF=0.01_localE=3_seed=42/round_metrics.csv
Rd4029ca45,建议归档,跨方法现象,PromptFL Panel C / Experiment D、局部epoch和历史机制,可说明现象在旧prompt协议下存在；有副本、失败seed与不同localE。,已有相同曲线的推荐入口；此副本保留追溯，不算新增重复实验。,,H2 历史PromptFL，按参与率/localE/seed另分组,cifar100_LT/PromptFL_fedavg_vit_b16_batchSize32,PromptFL,client-longtail,1,,,已记录到第100轮或以后,1,100,21,,,,,,,,,,,60.58,17.5,21.4,26,3.8999999999999986,逐类核对通过,0,D71613aac,,,,,,,,,,output/cifar100_LT/PromptFL_fedavg_vit_b16_batchSize32/PanelC_users30_localE3/partition=client-longtail_lambda=0.75_alpha=0.5_rho=3.0_IF=0.01_localE=3_seed=1,output/PromptFL_fedavg_vit_b16_batchSize32/PanelC_users30_localE3/partition=client-longtail_lambda=0.75_alpha=0.5_rho=3.0_IF=0.01_localE=3_seed=1,output/cifar100_LT/PromptFL_fedavg_vit_b16_batchSize32/PanelC_users30_localE3/partition=client-longtail_lambda=0.75_alpha=0.5_rho=3.0_IF=0.01_localE=3_seed=1/round_metrics.csv
Rfafbf466e,建议归档,跨方法现象,PromptFL Panel C / Experiment D、局部epoch和历史机制,可说明现象在旧prompt协议下存在；有副本、失败seed与不同localE。,已有相同曲线的推荐入口；此副本保留追溯，不算新增重复实验。,,H2 历史PromptFL，按参与率/localE/seed另分组,cifar100_LT/PromptFL_fedavg_vit_b16_batchSize32,PromptFL,client-longtail,2026,,,已记录到第100轮或以后,1,100,21,,,,,,,,,,,60.05,17.85,19.65,26,1.7999999999999972,逐类核对通过,0,D2816c9cd,,,,,,,,,,output/cifar100_LT/PromptFL_fedavg_vit_b16_batchSize32/PanelC_users30_localE3/partition=client-longtail_lambda=0.75_alpha=0.5_rho=3.0_IF=0.01_localE=3_seed=2026,output/PromptFL_fedavg_vit_b16_batchSize32/PanelC_users30_localE3/partition=client-longtail_lambda=0.75_alpha=0.5_rho=3.0_IF=0.01_localE=3_seed=2026,output/cifar100_LT/PromptFL_fedavg_vit_b16_batchSize32/PanelC_users30_localE3/partition=client-longtail_lambda=0.75_alpha=0.5_rho=3.0_IF=0.01_localE=3_seed=2026/round_metrics.csv
R39a2b1872,建议归档,跨方法现象,PromptFL Panel C / Experiment D、局部epoch和历史机制,可说明现象在旧prompt协议下存在；有副本、失败seed与不同localE。,已有相同曲线的推荐入口；此副本保留追溯，不算新增重复实验。,,H2 历史PromptFL，按参与率/localE/seed另分组,cifar100_LT/PromptFL_fedavg_vit_b16_batchSize32,PromptFL,client-longtail,42,,,已记录到第100轮或以后,1,100,21,,,,,,,,,,,60.86,19.25,20.0,16,0.75,逐类核对通过,0,D7b6908e2,,,,,,,,,,output/cifar100_LT/PromptFL_fedavg_vit_b16_batchSize32/PanelC_users30_localE3/partition=client-longtail_lambda=0.75_alpha=0.5_rho=3.0_IF=0.01_localE=3_seed=42,output/PromptFL_fedavg_vit_b16_batchSize32/PanelC_users30_localE3/partition=client-longtail_lambda=0.75_alpha=0.5_rho=3.0_IF=0.01_localE=3_seed=42,output/cifar100_LT/PromptFL_fedavg_vit_b16_batchSize32/PanelC_users30_localE3/partition=client-longtail_lambda=0.75_alpha=0.5_rho=3.0_IF=0.01_localE=3_seed=42/round_metrics.csv
R9b641345f,建议归档,跨方法现象,PromptFL Panel C / Experiment D、局部epoch和历史机制,可说明现象在旧prompt协议下存在；有副本、失败seed与不同localE。,已有相同曲线的推荐入口；此副本保留追溯，不算新增重复实验。,,H2 历史PromptFL，按参与率/localE/seed另分组,cifar100_LT/PromptFL_fedavg_vit_b16_batchSize32,PromptFL,client-longtail,1,,,已记录到第100轮或以后,1,100,21,,,,,,,,,,,60.58,18.35,19.25,76,0.8999999999999986,逐类核对通过,0,Df0bdf120,,,,,,,,,,output/cifar100_LT/PromptFL_fedavg_vit_b16_batchSize32/PanelC_users30_localE3/partition=client-longtail_lambda=0.75_alpha=0.75_rho=3.0_IF=0.01_localE=3_seed=1,output/PromptFL_fedavg_vit_b16_batchSize32/PanelC_users30_localE3/partition=client-longtail_lambda=0.75_alpha=0.75_rho=3.0_IF=0.01_localE=3_seed=1,output/cifar100_LT/PromptFL_fedavg_vit_b16_batchSize32/PanelC_users30_localE3/partition=client-longtail_lambda=0.75_alpha=0.75_rho=3.0_IF=0.01_localE=3_seed=1/round_metrics.csv
Rbcce62c18,建议归档,跨方法现象,PromptFL Panel C / Experiment D、局部epoch和历史机制,可说明现象在旧prompt协议下存在；有副本、失败seed与不同localE。,已有相同曲线的推荐入口；此副本保留追溯，不算新增重复实验。,,H2 历史PromptFL，按参与率/localE/seed另分组,cifar100_LT/PromptFL_fedavg_vit_b16_batchSize32,PromptFL,client-longtail,2026,,,已记录到第100轮或以后,1,100,21,,,,,,,,,,,60.01,16.85,18.6,51,1.75,逐类核对通过,0,Dc47cdebe,,,,,,,,,,output/cifar100_LT/PromptFL_fedavg_vit_b16_batchSize32/PanelC_users30_localE3/partition=client-longtail_lambda=0.75_alpha=0.75_rho=3.0_IF=0.01_localE=3_seed=2026,output/PromptFL_fedavg_vit_b16_batchSize32/PanelC_users30_localE3/partition=client-longtail_lambda=0.75_alpha=0.75_rho=3.0_IF=0.01_localE=3_seed=2026,output/cifar100_LT/PromptFL_fedavg_vit_b16_batchSize32/PanelC_users30_localE3/partition=client-longtail_lambda=0.75_alpha=0.75_rho=3.0_IF=0.01_localE=3_seed=2026/round_metrics.csv
R2b2f21851,建议归档,跨方法现象,PromptFL Panel C / Experiment D、局部epoch和历史机制,可说明现象在旧prompt协议下存在；有副本、失败seed与不同localE。,已有相同曲线的推荐入口；此副本保留追溯，不算新增重复实验。,,H2 历史PromptFL，按参与率/localE/seed另分组,cifar100_LT/PromptFL_fedavg_vit_b16_batchSize32,PromptFL,client-longtail,42,,,已记录到第100轮或以后,1,100,21,,,,,,,,,,,59.78,16.5,20.7,31,4.199999999999999,逐类核对通过,0,D846f4ff6,,,,,,,,,,output/cifar100_LT/PromptFL_fedavg_vit_b16_batchSize32/PanelC_users30_localE3/partition=client-longtail_lambda=0.75_alpha=0.75_rho=3.0_IF=0.01_localE=3_seed=42,output/PromptFL_fedavg_vit_b16_batchSize32/PanelC_users30_localE3/partition=client-longtail_lambda=0.75_alpha=0.75_rho=3.0_IF=0.01_localE=3_seed=42,output/cifar100_LT/PromptFL_fedavg_vit_b16_batchSize32/PanelC_users30_localE3/partition=client-longtail_lambda=0.75_alpha=0.75_rho=3.0_IF=0.01_localE=3_seed=42/round_metrics.csv
R3f29d55e9,建议归档,跨方法现象,PromptFL Panel C / Experiment D、局部epoch和历史机制,可说明现象在旧prompt协议下存在；有副本、失败seed与不同localE。,已有相同曲线的推荐入口；此副本保留追溯，不算新增重复实验。,,H2 历史PromptFL，按参与率/localE/seed另分组,cifar100_LT/PromptFL_fedavg_vit_b16_batchSize32,PromptFL,client-longtail,1,,,已记录到第100轮或以后,1,100,21,,,,,,,,,,,60.67,18.55,20.4,31,1.8499999999999979,逐类核对通过,0,D228d8e8c,,,,,,,,,,output/cifar100_LT/PromptFL_fedavg_vit_b16_batchSize32/PanelC_users30_localE3/partition=client-longtail_lambda=0.75_alpha=1.0_rho=3.0_IF=0.01_localE=3_seed=1,output/PromptFL_fedavg_vit_b16_batchSize32/PanelC_users30_localE3/partition=client-longtail_lambda=0.75_alpha=1.0_rho=3.0_IF=0.01_localE=3_seed=1,output/cifar100_LT/PromptFL_fedavg_vit_b16_batchSize32/PanelC_users30_localE3/partition=client-longtail_lambda=0.75_alpha=1.0_rho=3.0_IF=0.01_localE=3_seed=1/round_metrics.csv
R153af8dec,建议归档,跨方法现象,PromptFL Panel C / Experiment D、局部epoch和历史机制,可说明现象在旧prompt协议下存在；有副本、失败seed与不同localE。,已有相同曲线的推荐入口；此副本保留追溯，不算新增重复实验。,,H2 历史PromptFL，按参与率/localE/seed另分组,cifar100_LT/PromptFL_fedavg_vit_b16_batchSize32,PromptFL,client-longtail,2026,,,已记录到第100轮或以后,1,100,21,,,,,,,,,,,60.55,18.1,19.7,36,1.5999999999999979,逐类核对通过,0,D0896118c,,,,,,,,,,output/cifar100_LT/PromptFL_fedavg_vit_b16_batchSize32/PanelC_users30_localE3/partition=client-longtail_lambda=0.75_alpha=1.0_rho=3.0_IF=0.01_localE=3_seed=2026,output/PromptFL_fedavg_vit_b16_batchSize32/PanelC_users30_localE3/partition=client-longtail_lambda=0.75_alpha=1.0_rho=3.0_IF=0.01_localE=3_seed=2026,output/cifar100_LT/PromptFL_fedavg_vit_b16_batchSize32/PanelC_users30_localE3/partition=client-longtail_lambda=0.75_alpha=1.0_rho=3.0_IF=0.01_localE=3_seed=2026/round_metrics.csv
Ra75482398,建议归档,跨方法现象,PromptFL Panel C / Experiment D、局部epoch和历史机制,可说明现象在旧prompt协议下存在；有副本、失败seed与不同localE。,已有相同曲线的推荐入口；此副本保留追溯，不算新增重复实验。,,H2 历史PromptFL，按参与率/localE/seed另分组,cifar100_LT/PromptFL_fedavg_vit_b16_batchSize32,PromptFL,client-longtail,42,,,已记录到第100轮或以后,1,100,21,,,,,,,,,,,60.82,16.9,18.55,26,1.6500000000000021,逐类核对通过,0,D571eda4b,,,,,,,,,,output/cifar100_LT/PromptFL_fedavg_vit_b16_batchSize32/PanelC_users30_localE3/partition=client-longtail_lambda=0.75_alpha=1.0_rho=3.0_IF=0.01_localE=3_seed=42,output/PromptFL_fedavg_vit_b16_batchSize32/PanelC_users30_localE3/partition=client-longtail_lambda=0.75_alpha=1.0_rho=3.0_IF=0.01_localE=3_seed=42,output/cifar100_LT/PromptFL_fedavg_vit_b16_batchSize32/PanelC_users30_localE3/partition=client-longtail_lambda=0.75_alpha=1.0_rho=3.0_IF=0.01_localE=3_seed=42/round_metrics.csv
Rc6ad1a5a3,建议归档,跨方法现象,PromptFL Panel C / Experiment D、局部epoch和历史机制,可说明现象在旧prompt协议下存在；有副本、失败seed与不同localE。,已有相同曲线的推荐入口；此副本保留追溯，不算新增重复实验。,,H2 历史PromptFL，按参与率/localE/seed另分组,cifar100_LT/PromptFL_fedavg_vit_b16_batchSize32,PromptFL,noniid-labeldir-fine,1,,,已记录到第100轮或以后,1,100,21,,,,,,,,,,,64.24,38.95,42.3,16,3.3499999999999943,逐类核对通过,0,Df2e9b372,,,,,,,,,,output/cifar100_LT/PromptFL_fedavg_vit_b16_batchSize32/PanelC_users30_localE3/partition=noniid-labeldir-fine_alpha=0.1_IF=0.01_localE=3_seed=1,output/PromptFL_fedavg_vit_b16_batchSize32/PanelC_users30_localE3/partition=noniid-labeldir-fine_alpha=0.1_IF=0.01_localE=3_seed=1,output/cifar100_LT/PromptFL_fedavg_vit_b16_batchSize32/PanelC_users30_localE3/partition=noniid-labeldir-fine_alpha=0.1_IF=0.01_localE=3_seed=1/round_metrics.csv
R5682b5c0b,建议归档,跨方法现象,PromptFL Panel C / Experiment D、局部epoch和历史机制,可说明现象在旧prompt协议下存在；有副本、失败seed与不同localE。,已有相同曲线的推荐入口；此副本保留追溯，不算新增重复实验。,,H2 历史PromptFL，按参与率/localE/seed另分组,cifar100_LT/PromptFL_fedavg_vit_b16_batchSize32,PromptFL,noniid-labeldir-fine,2026,,,已记录到第100轮或以后,1,100,21,,,,,,,,,,,64.04,39.75,41.85,41,2.1000000000000014,逐类核对通过,0,Dc60dc8d5,,,,,,,,,,output/cifar100_LT/PromptFL_fedavg_vit_b16_batchSize32/PanelC_users30_localE3/partition=noniid-labeldir-fine_alpha=0.1_IF=0.01_localE=3_seed=2026,output/PromptFL_fedavg_vit_b16_batchSize32/PanelC_users30_localE3/partition=noniid-labeldir-fine_alpha=0.1_IF=0.01_localE=3_seed=2026,output/cifar100_LT/PromptFL_fedavg_vit_b16_batchSize32/PanelC_users30_localE3/partition=noniid-labeldir-fine_alpha=0.1_IF=0.01_localE=3_seed=2026/round_metrics.csv
R8f76f5155,建议归档,跨方法现象,PromptFL Panel C / Experiment D、局部epoch和历史机制,可说明现象在旧prompt协议下存在；有副本、失败seed与不同localE。,已有相同曲线的推荐入口；此副本保留追溯，不算新增重复实验。,,H2 历史PromptFL，按参与率/localE/seed另分组,cifar100_LT/PromptFL_fedavg_vit_b16_batchSize32,PromptFL,noniid-labeldir-fine,42,,,已记录到第100轮或以后,1,100,21,,,,,,,,,,,62.55,35.05,38.65,36,3.6000000000000014,逐类核对通过,0,D930b75fd,,,,,,,,,,output/cifar100_LT/PromptFL_fedavg_vit_b16_batchSize32/PanelC_users30_localE3/partition=noniid-labeldir-fine_alpha=0.1_IF=0.01_localE=3_seed=42,output/PromptFL_fedavg_vit_b16_batchSize32/PanelC_users30_localE3/partition=noniid-labeldir-fine_alpha=0.1_IF=0.01_localE=3_seed=42,output/cifar100_LT/PromptFL_fedavg_vit_b16_batchSize32/PanelC_users30_localE3/partition=noniid-labeldir-fine_alpha=0.1_IF=0.01_localE=3_seed=42/round_metrics.csv
Ra1794f8bf,建议归档,跨方法现象,PromptFL Panel C / Experiment D、局部epoch和历史机制,可说明现象在旧prompt协议下存在；有副本、失败seed与不同localE。,已有相同曲线的推荐入口；此副本保留追溯，不算新增重复实验。,,H2 历史PromptFL，按参与率/localE/seed另分组,cifar100_LT/PromptFL_fedavg_vit_b16_batchSize32,PromptFL,noniid-labeldir-fine,1,,,已记录到第100轮或以后,1,100,21,,,,,,,,,,,64.46,38.05,39.95,66,1.9000000000000057,逐类核对通过,0,Dc4626fb8,,,,,,,,,,output/cifar100_LT/PromptFL_fedavg_vit_b16_batchSize32/PanelC_users30_localE3/partition=noniid-labeldir-fine_alpha=0.25_IF=0.01_localE=3_seed=1,output/PromptFL_fedavg_vit_b16_batchSize32/PanelC_users30_localE3/partition=noniid-labeldir-fine_alpha=0.25_IF=0.01_localE=3_seed=1,output/cifar100_LT/PromptFL_fedavg_vit_b16_batchSize32/PanelC_users30_localE3/partition=noniid-labeldir-fine_alpha=0.25_IF=0.01_localE=3_seed=1/round_metrics.csv
R761f4a54b,建议归档,跨方法现象,PromptFL Panel C / Experiment D、局部epoch和历史机制,可说明现象在旧prompt协议下存在；有副本、失败seed与不同localE。,已有相同曲线的推荐入口；此副本保留追溯，不算新增重复实验。,,H2 历史PromptFL，按参与率/localE/seed另分组,cifar100_LT/PromptFL_fedavg_vit_b16_batchSize32,PromptFL,noniid-labeldir-fine,2026,,,已记录到第100轮或以后,1,100,21,,,,,,,,,,,65.17,38.95,40.3,26,1.3499999999999943,逐类核对通过,0,Dbfc53ae2,,,,,,,,,,output/cifar100_LT/PromptFL_fedavg_vit_b16_batchSize32/PanelC_users30_localE3/partition=noniid-labeldir-fine_alpha=0.25_IF=0.01_localE=3_seed=2026,output/PromptFL_fedavg_vit_b16_batchSize32/PanelC_users30_localE3/partition=noniid-labeldir-fine_alpha=0.25_IF=0.01_localE=3_seed=2026,output/cifar100_LT/PromptFL_fedavg_vit_b16_batchSize32/PanelC_users30_localE3/partition=noniid-labeldir-fine_alpha=0.25_IF=0.01_localE=3_seed=2026/round_metrics.csv
R4c98d30f5,建议归档,跨方法现象,PromptFL Panel C / Experiment D、局部epoch和历史机制,可说明现象在旧prompt协议下存在；有副本、失败seed与不同localE。,已有相同曲线的推荐入口；此副本保留追溯，不算新增重复实验。,,H2 历史PromptFL，按参与率/localE/seed另分组,cifar100_LT/PromptFL_fedavg_vit_b16_batchSize32,PromptFL,noniid-labeldir-fine,42,,,已记录到第100轮或以后,1,100,21,,,,,,,,,,,64.6,39.3,41.2,56,1.9000000000000057,逐类核对通过,0,D81eae109,,,,,,,,,,output/cifar100_LT/PromptFL_fedavg_vit_b16_batchSize32/PanelC_users30_localE3/partition=noniid-labeldir-fine_alpha=0.25_IF=0.01_localE=3_seed=42,output/PromptFL_fedavg_vit_b16_batchSize32/PanelC_users30_localE3/partition=noniid-labeldir-fine_alpha=0.25_IF=0.01_localE=3_seed=42,output/cifar100_LT/PromptFL_fedavg_vit_b16_batchSize32/PanelC_users30_localE3/partition=noniid-labeldir-fine_alpha=0.25_IF=0.01_localE=3_seed=42/round_metrics.csv
R1d17d759f,建议归档,跨方法现象,PromptFL Panel C / Experiment D、局部epoch和历史机制,可说明现象在旧prompt协议下存在；有副本、失败seed与不同localE。,已有相同曲线的推荐入口；此副本保留追溯，不算新增重复实验。,,H2 历史PromptFL，按参与率/localE/seed另分组,cifar100_LT/PromptFL_fedavg_vit_b16_batchSize32,PromptFL,noniid-labeldir-fine,1,,,已记录到第100轮或以后,1,100,21,,,,,,,,,,,64.55,37.25,39.6,56,2.3500000000000014,逐类核对通过,0,Dd3dc83f9,,,,,,,,,,output/cifar100_LT/PromptFL_fedavg_vit_b16_batchSize32/PanelC_users30_localE3/partition=noniid-labeldir-fine_alpha=0.5_IF=0.01_localE=3_seed=1,output/PromptFL_fedavg_vit_b16_batchSize32/PanelC_users30_localE3/partition=noniid-labeldir-fine_alpha=0.5_IF=0.01_localE=3_seed=1,output/cifar100_LT/PromptFL_fedavg_vit_b16_batchSize32/PanelC_users30_localE3/partition=noniid-labeldir-fine_alpha=0.5_IF=0.01_localE=3_seed=1/round_metrics.csv
R964fe46fd,建议归档,跨方法现象,PromptFL Panel C / Experiment D、局部epoch和历史机制,可说明现象在旧prompt协议下存在；有副本、失败seed与不同localE。,已有相同曲线的推荐入口；此副本保留追溯，不算新增重复实验。,,H2 历史PromptFL，按参与率/localE/seed另分组,cifar100_LT/PromptFL_fedavg_vit_b16_batchSize32,PromptFL,noniid-labeldir-fine,2026,,,已记录到第100轮或以后,1,100,21,,,,,,,,,,,64.04,36.85,39.75,91,2.8999999999999986,逐类核对通过,0,D803df476,,,,,,,,,,output/cifar100_LT/PromptFL_fedavg_vit_b16_batchSize32/PanelC_users30_localE3/partition=noniid-labeldir-fine_alpha=0.5_IF=0.01_localE=3_seed=2026,output/PromptFL_fedavg_vit_b16_batchSize32/PanelC_users30_localE3/partition=noniid-labeldir-fine_alpha=0.5_IF=0.01_localE=3_seed=2026,output/cifar100_LT/PromptFL_fedavg_vit_b16_batchSize32/PanelC_users30_localE3/partition=noniid-labeldir-fine_alpha=0.5_IF=0.01_localE=3_seed=2026/round_metrics.csv
R3c95dc7be,建议归档,跨方法现象,PromptFL Panel C / Experiment D、局部epoch和历史机制,可说明现象在旧prompt协议下存在；有副本、失败seed与不同localE。,已有相同曲线的推荐入口；此副本保留追溯，不算新增重复实验。,,H2 历史PromptFL，按参与率/localE/seed另分组,cifar100_LT/PromptFL_fedavg_vit_b16_batchSize32,PromptFL,noniid-labeldir-fine,42,,,已记录到第100轮或以后,1,100,21,,,,,,,,,,,65.1,40.15,43.1,76,2.950000000000003,逐类核对通过,0,D308fde45,,,,,,,,,,output/cifar100_LT/PromptFL_fedavg_vit_b16_batchSize32/PanelC_users30_localE3/partition=noniid-labeldir-fine_alpha=0.5_IF=0.01_localE=3_seed=42,output/PromptFL_fedavg_vit_b16_batchSize32/PanelC_users30_localE3/partition=noniid-labeldir-fine_alpha=0.5_IF=0.01_localE=3_seed=42,output/cifar100_LT/PromptFL_fedavg_vit_b16_batchSize32/PanelC_users30_localE3/partition=noniid-labeldir-fine_alpha=0.5_IF=0.01_localE=3_seed=42/round_metrics.csv
R3c89f9c55,待定用途,跨方法现象,PromptFL Panel C / Experiment D、局部epoch和历史机制,可说明现象在旧prompt协议下存在；有副本、失败seed与不同localE。,附录稳健性候选；不能拼成当前LoRA多seed结果。,本地未发现标准精度CSV；部分诊断入口按设计在全局测试前结束。,H2 历史PromptFL，按参与率/localE/seed另分组,cifar100_LT/PromptFL_fedavg_vit_b16_batchSize32,,noniid-labeldir-fine,1,,,只有日志或配置，未发现精度结果,,,0,,,,,,,,,,,,,,,,缺少可交叉核对的分组或逐类文件,0,,,,,,,,,,,output/cifar100_LT/PromptFL_fedavg_vit_b16_batchSize32/PanelC_users30_localE3/partition=noniid-labeldir-fine_alpha=0.75_IF=0.01_localE=3_seed=1,output/cifar100_LT/PromptFL_fedavg_vit_b16_batchSize32/PanelC_users30_localE3/partition=noniid-labeldir-fine_alpha=0.75_IF=0.01_localE=3_seed=1,per_class CSV
R4624ab8ca,建议归档,跨方法现象,PromptFL Panel C / Experiment D、局部epoch和历史机制,可说明现象在旧prompt协议下存在；有副本、失败seed与不同localE。,已有相同曲线的推荐入口；此副本保留追溯，不算新增重复实验。,,H2 历史PromptFL，按参与率/localE/seed另分组,cifar100_LT/PromptFL_fedavg_vit_b16_batchSize32,PromptFL,noniid-labeldir-fine,2026,,,已记录到第100轮或以后,1,100,21,,,,,,,,,,,64.37,36.7,39.95,41,3.25,逐类核对通过,0,D1fd1f078,,,,,,,,,,output/cifar100_LT/PromptFL_fedavg_vit_b16_batchSize32/PanelC_users30_localE3/partition=noniid-labeldir-fine_alpha=0.75_IF=0.01_localE=3_seed=2026,output/PromptFL_fedavg_vit_b16_batchSize32/PanelC_users30_localE3/partition=noniid-labeldir-fine_alpha=0.75_IF=0.01_localE=3_seed=2026,output/cifar100_LT/PromptFL_fedavg_vit_b16_batchSize32/PanelC_users30_localE3/partition=noniid-labeldir-fine_alpha=0.75_IF=0.01_localE=3_seed=2026/round_metrics.csv
R31b0fb352,建议归档,跨方法现象,PromptFL Panel C / Experiment D、局部epoch和历史机制,可说明现象在旧prompt协议下存在；有副本、失败seed与不同localE。,已有相同曲线的推荐入口；此副本保留追溯，不算新增重复实验。,,H2 历史PromptFL，按参与率/localE/seed另分组,cifar100_LT/PromptFL_fedavg_vit_b16_batchSize32,PromptFL,noniid-labeldir-fine,42,,,已记录到第100轮或以后,1,100,21,,,,,,,,,,,63.26,36.4,40.3,66,3.8999999999999986,逐类核对通过,0,Dd21b9962,,,,,,,,,,output/cifar100_LT/PromptFL_fedavg_vit_b16_batchSize32/PanelC_users30_localE3/partition=noniid-labeldir-fine_alpha=0.75_IF=0.01_localE=3_seed=42,output/PromptFL_fedavg_vit_b16_batchSize32/PanelC_users30_localE3/partition=noniid-labeldir-fine_alpha=0.75_IF=0.01_localE=3_seed=42,output/cifar100_LT/PromptFL_fedavg_vit_b16_batchSize32/PanelC_users30_localE3/partition=noniid-labeldir-fine_alpha=0.75_IF=0.01_localE=3_seed=42/round_metrics.csv
R742ca6418,待定用途,跨方法现象,PromptFL Panel C / Experiment D、局部epoch和历史机制,可说明现象在旧prompt协议下存在；有副本、失败seed与不同localE。,附录稳健性候选；不能拼成当前LoRA多seed结果。,本地未发现标准精度CSV；部分诊断入口按设计在全局测试前结束。,H2 历史PromptFL，按参与率/localE/seed另分组,cifar100_LT/PromptFL_fedavg_vit_b16_batchSize32,,noniid-labeldir-fine,1,,,只有日志或配置，未发现精度结果,,,0,,,,,,,,,,,,,,,,缺少可交叉核对的分组或逐类文件,0,,,,,,,,,,,output/cifar100_LT/PromptFL_fedavg_vit_b16_batchSize32/PanelC_users30_localE3/partition=noniid-labeldir-fine_alpha=1.0_IF=0.01_localE=3_seed=1,output/cifar100_LT/PromptFL_fedavg_vit_b16_batchSize32/PanelC_users30_localE3/partition=noniid-labeldir-fine_alpha=1.0_IF=0.01_localE=3_seed=1,per_class CSV
R9eaec446c,建议归档,跨方法现象,PromptFL Panel C / Experiment D、局部epoch和历史机制,可说明现象在旧prompt协议下存在；有副本、失败seed与不同localE。,已有相同曲线的推荐入口；此副本保留追溯，不算新增重复实验。,,H2 历史PromptFL，按参与率/localE/seed另分组,cifar100_LT/PromptFL_fedavg_vit_b16_batchSize32,PromptFL,noniid-labeldir-fine,2026,,,已记录到第100轮或以后,1,100,21,,,,,,,,,,,64.68,38.1,40.45,46,2.3500000000000014,逐类核对通过,0,D2b39c237,,,,,,,,,,output/cifar100_LT/PromptFL_fedavg_vit_b16_batchSize32/PanelC_users30_localE3/partition=noniid-labeldir-fine_alpha=1.0_IF=0.01_localE=3_seed=2026,output/PromptFL_fedavg_vit_b16_batchSize32/PanelC_users30_localE3/partition=noniid-labeldir-fine_alpha=1.0_IF=0.01_localE=3_seed=2026,output/cifar100_LT/PromptFL_fedavg_vit_b16_batchSize32/PanelC_users30_localE3/partition=noniid-labeldir-fine_alpha=1.0_IF=0.01_localE=3_seed=2026/round_metrics.csv
R6f44f7233,建议归档,跨方法现象,PromptFL Panel C / Experiment D、局部epoch和历史机制,可说明现象在旧prompt协议下存在；有副本、失败seed与不同localE。,已有相同曲线的推荐入口；此副本保留追溯，不算新增重复实验。,,H2 历史PromptFL，按参与率/localE/seed另分组,cifar100_LT/PromptFL_fedavg_vit_b16_batchSize32,PromptFL,noniid-labeldir-fine,42,,,已记录到第100轮或以后,1,100,21,,,,,,,,,,,63.87,37.15,38.9,71,1.75,逐类核对通过,0,D06b7b46e,,,,,,,,,,output/cifar100_LT/PromptFL_fedavg_vit_b16_batchSize32/PanelC_users30_localE3/partition=noniid-labeldir-fine_alpha=1.0_IF=0.01_localE=3_seed=42,output/PromptFL_fedavg_vit_b16_batchSize32/PanelC_users30_localE3/partition=noniid-labeldir-fine_alpha=1.0_IF=0.01_localE=3_seed=42,output/cifar100_LT/PromptFL_fedavg_vit_b16_batchSize32/PanelC_users30_localE3/partition=noniid-labeldir-fine_alpha=1.0_IF=0.01_localE=3_seed=42/round_metrics.csv
Rb25c5a09f,建议归档,未形成证据,CIFAR10旧日志目录,未发现可汇总的逐轮准确率文件。,只记本地无完整结果，不声称跨数据集已验证。,本地未发现标准精度CSV；部分诊断入口按设计在全局测试前结束。,H3 历史CAPT，检查MAB/起点/优化器/稀疏评估,cifar10_LT/CAPT_cluster_vit_b16_batchSize32,,,,,,只有日志或配置，未发现精度结果,,,0,,,,,,,,,,,,,,,,缺少可交叉核对的分组或逐类文件,0,,,,,,,,,,,output/cifar10_LT/CAPT_cluster_vit_b16_batchSize32/IF=0.01_beta=0.5,output/cifar10_LT/CAPT_cluster_vit_b16_batchSize32/IF=0.01_beta=0.5,per_class CSV
Rf0bab41c3,建议归档,旧 gate / oracle,短程gate、oracle及两轮验证,不能替代100轮单共享模型的适配与保持验证。,停止作为论文主结果；留工程/可行性历史。,本地未发现标准精度CSV；部分诊断入口按设计在全局测试前结束。,H5 其他历史协议；仅在同配置内比较,cusp_minimal_refactor_20260801_163123,,client-longtail,42,,,只有日志或配置，未发现精度结果,,,0,,,,,,,,,,,,,,,,缺少可交叉核对的分组或逐类文件,0,,,,,,,,,,,output/cusp_minimal_refactor_20260801_163123/client-longtail_seed42_round10,output/cusp_minimal_refactor_20260801_163123/client-longtail_seed42_round10,per_class CSV
R966490ffd,建议归档,旧 gate / oracle,短程gate、oracle及两轮验证,不能替代100轮单共享模型的适配与保持验证。,停止作为论文主结果；留工程/可行性历史。,本地未发现标准精度CSV；部分诊断入口按设计在全局测试前结束。,H5 其他历史协议；仅在同配置内比较,cusp_minimal_seed42_refactor_20260801_042324,,client-longtail,42,,,只有日志或配置，未发现精度结果,,,0,,,,,,,,,,,,,,,,缺少可交叉核对的分组或逐类文件,0,,,,,,,,,,,output/cusp_minimal_seed42_refactor_20260801_042324/client-longtail_seed42_round10,output/cusp_minimal_seed42_refactor_20260801_042324/client-longtail_seed42_round10,per_class CSV
R34fac7df8,待定用途,边界与反证,strength/breadth 旧机制门槛,预注册结论 STRONG_BUT_NOT_NARROW；不支持“学得强但功能必然更窄”。,保留反证；不能作为来源稀缺必然低功能广度的正证据。,,H5 其他历史协议；仅在同配置内比较,e1_seed42_results_for_analysis,ClipLora,client-longtail-controlled,42,,,已记录到第100轮或以后,0,100,101,81,100,64.0275,85.815,67.0325,33.225,71.728125,82.51,66.99428571428572,39.00333333333333,63.75,32.45,67.9,4,35.45,逐类核对通过,0,,,,,,fedavg,,,,,output/e1_seed42_results_for_analysis/e1_strength_breadth/formal/seed42/clientlt_controlled,output/e1_seed42_results_for_analysis/e1_strength_breadth/formal/seed42/clientlt_controlled,output/e1_seed42_results_for_analysis/e1_strength_breadth/formal/seed42/clientlt_controlled/round_metrics.csv
Rd4a8c0e01,待定用途,边界与反证,strength/breadth 旧机制门槛,预注册结论 STRONG_BUT_NOT_NARROW；不支持“学得强但功能必然更窄”。,保留反证；不能作为来源稀缺必然低功能广度的正证据。,,H5 其他历史协议；仅在同配置内比较,e1_seed42_results_for_analysis,ClipLora,noniid-labeldir-fine,42,,,已记录到第100轮或以后,0,100,101,81,100,66.91799999999999,86.185,66.47583333333333,48.9775,71.403125,82.28428571428572,66.50714285714285,49.47,66.83,48.95,68.2,5,19.25,逐类核对通过,0,,,,,,fedavg,,,,,output/e1_seed42_results_for_analysis/e1_strength_breadth/formal/seed42/dirichlet,output/e1_seed42_results_for_analysis/e1_strength_breadth/formal/seed42/dirichlet,output/e1_seed42_results_for_analysis/e1_strength_breadth/formal/seed42/dirichlet/round_metrics.csv
Rcc29da3dc,必须保留,1 现象与分配对照,开篇 FedAvg＋LoRA 训练轨迹；固定边际拓扑对照,Client-LT 尾类峰值68.80→37.15；matched Dir 68.75→49.40。支持曾有能力随后退化。,正文保留两条完整曲线；同时列固定边际与参与率。,,P1 原始LoRA CE/rank2/AMP/固定边际双拓扑,eri_seed42_share,ClipLora,client-longtail,42,2,fp32,已记录到第100轮或以后,1,100,100,81,100,64.72200000000001,85.6725,66.93583333333333,37.13,71.62,81.9042857142857,67.30571428571429,41.66166666666667,64.79,37.15,68.8,5,31.65,逐类核对通过,0,,,,,,fedavg,,,,,output/eri_seed42_share/output/eri_closure_v1/runs/clientlt_fedavg/seed42,output/eri_seed42_share/output/eri_closure_v1/runs/clientlt_fedavg/seed42,output/eri_seed42_share/output/eri_closure_v1/runs/clientlt_fedavg/seed42/round_metrics.csv
Rb6a37e628,必须保留,1 现象与分配对照,开篇 FedAvg＋LoRA 训练轨迹；固定边际拓扑对照,Client-LT 尾类峰值68.80→37.15；matched Dir 68.75→49.40。支持曾有能力随后退化。,正文保留两条完整曲线；同时列固定边际与参与率。,,P1 原始LoRA CE/rank2/AMP/固定边际双拓扑,eri_seed42_share,ClipLora,matched-dirichlet,42,2,fp32,已记录到第100轮或以后,1,100,100,81,100,67.04400000000001,85.9,66.38333333333334,50.17,71.2625,82.00428571428571,66.41142857142856,50.32833333333333,67.0,49.4,68.75,5,19.35,逐类核对通过,0,,,,,,fedavg,,,,,output/eri_seed42_share/output/eri_closure_v1/runs/matched_dirichlet_fedavg/seed42,output/eri_seed42_share/output/eri_closure_v1/runs/matched_dirichlet_fedavg/seed42,output/eri_seed42_share/output/eri_closure_v1/runs/matched_dirichlet_fedavg/seed42/round_metrics.csv
Rb7438631e,待定用途,设定敏感性,PromptFL/CAPT/zero-shot × specialization λ × seed,不同方法对拓扑响应不同；CAPT采用稀疏聚合/评估，zero-shot只需一次评测。,设定附录候选；不按100轮连续指标强行平均，不直接排序跨协议。,CAPT可能按MAB稀疏聚合/评测；最后记录轮<100不能直接判定训练中断。,H4 frac0.2的λ响应（method/seed独立）,expC_lambda_response_frac02,CAPT,client-longtail,1,,,短运行或本地结果不完整,1,96,9,,,,,,,,,,,71.03,68.65,69.4,91,0.75,逐类核对通过,0,,,,,,,,,,,output/expC_lambda_response_frac02/method=capt/lambda=0.00/seed=1,output/expC_lambda_response_frac02/method=capt/lambda=0.00/seed=1,output/expC_lambda_response_frac02/method=capt/lambda=0.00/seed=1/round_metrics.csv
R93512ac3d,待定用途,设定敏感性,PromptFL/CAPT/zero-shot × specialization λ × seed,不同方法对拓扑响应不同；CAPT采用稀疏聚合/评估，zero-shot只需一次评测。,设定附录候选；不按100轮连续指标强行平均，不直接排序跨协议。,CAPT可能按MAB稀疏聚合/评测；最后记录轮<100不能直接判定训练中断。,H4 frac0.2的λ响应（method/seed独立）,expC_lambda_response_frac02,CAPT,client-longtail,2,,,短运行或本地结果不完整,1,96,9,,,,,,,,,,,70.32,64.7,66.55,91,1.8499999999999943,逐类核对通过,0,,,,,,,,,,,output/expC_lambda_response_frac02/method=capt/lambda=0.00/seed=2,output/expC_lambda_response_frac02/method=capt/lambda=0.00/seed=2,output/expC_lambda_response_frac02/method=capt/lambda=0.00/seed=2/round_metrics.csv
R52ce6350e,待定用途,设定敏感性,PromptFL/CAPT/zero-shot × specialization λ × seed,不同方法对拓扑响应不同；CAPT采用稀疏聚合/评估，zero-shot只需一次评测。,设定附录候选；不按100轮连续指标强行平均，不直接排序跨协议。,CAPT可能按MAB稀疏聚合/评测；最后记录轮<100不能直接判定训练中断。,H4 frac0.2的λ响应（method/seed独立）,expC_lambda_response_frac02,CAPT,client-longtail,3,,,短运行或本地结果不完整,1,96,9,,,,,,,,,,,72.01,68.55,69.25,81,0.7000000000000028,逐类核对通过,0,,,,,,,,,,,output/expC_lambda_response_frac02/method=capt/lambda=0.00/seed=3,output/expC_lambda_response_frac02/method=capt/lambda=0.00/seed=3,output/expC_lambda_response_frac02/method=capt/lambda=0.00/seed=3/round_metrics.csv
R0175f90ba,待定用途,设定敏感性,PromptFL/CAPT/zero-shot × specialization λ × seed,不同方法对拓扑响应不同；CAPT采用稀疏聚合/评估，zero-shot只需一次评测。,设定附录候选；不按100轮连续指标强行平均，不直接排序跨协议。,CAPT可能按MAB稀疏聚合/评测；最后记录轮<100不能直接判定训练中断。,H4 frac0.2的λ响应（method/seed独立）,expC_lambda_response_frac02,CAPT,client-longtail,1,,,短运行或本地结果不完整,1,96,9,,,,,,,,,,,71.19,68.2,68.2,96,0.0,逐类核对通过,0,,,,,,,,,,,output/expC_lambda_response_frac02/method=capt/lambda=0.25/seed=1,output/expC_lambda_response_frac02/method=capt/lambda=0.25/seed=1,output/expC_lambda_response_frac02/method=capt/lambda=0.25/seed=1/round_metrics.csv
Reff10be95,待定用途,设定敏感性,PromptFL/CAPT/zero-shot × specialization λ × seed,不同方法对拓扑响应不同；CAPT采用稀疏聚合/评估，zero-shot只需一次评测。,设定附录候选；不按100轮连续指标强行平均，不直接排序跨协议。,CAPT可能按MAB稀疏聚合/评测；最后记录轮<100不能直接判定训练中断。,H4 frac0.2的λ响应（method/seed独立）,expC_lambda_response_frac02,CAPT,client-longtail,2,,,短运行或本地结果不完整,1,91,8,,,,,,,,,,,71.03,67.45,68.8,81,1.3499999999999943,逐类核对通过,0,,,,,,,,,,,output/expC_lambda_response_frac02/method=capt/lambda=0.25/seed=2,output/expC_lambda_response_frac02/method=capt/lambda=0.25/seed=2,output/expC_lambda_response_frac02/method=capt/lambda=0.25/seed=2/round_metrics.csv
Rc4c9265ae,待定用途,设定敏感性,PromptFL/CAPT/zero-shot × specialization λ × seed,不同方法对拓扑响应不同；CAPT采用稀疏聚合/评估，zero-shot只需一次评测。,设定附录候选；不按100轮连续指标强行平均，不直接排序跨协议。,CAPT可能按MAB稀疏聚合/评测；最后记录轮<100不能直接判定训练中断。,H4 frac0.2的λ响应（method/seed独立）,expC_lambda_response_frac02,CAPT,client-longtail,3,,,短运行或本地结果不完整,1,91,8,,,,,,,,,,,70.22,65.95,68.1,11,2.1499999999999915,逐类核对通过,0,,,,,,,,,,,output/expC_lambda_response_frac02/method=capt/lambda=0.25/seed=3,output/expC_lambda_response_frac02/method=capt/lambda=0.25/seed=3,output/expC_lambda_response_frac02/method=capt/lambda=0.25/seed=3/round_metrics.csv
R8a72f326e,待定用途,设定敏感性,PromptFL/CAPT/zero-shot × specialization λ × seed,不同方法对拓扑响应不同；CAPT采用稀疏聚合/评估，zero-shot只需一次评测。,设定附录候选；不按100轮连续指标强行平均，不直接排序跨协议。,CAPT可能按MAB稀疏聚合/评测；最后记录轮<100不能直接判定训练中断。,H4 frac0.2的λ响应（method/seed独立）,expC_lambda_response_frac02,CAPT,client-longtail,1,,,短运行或本地结果不完整,1,96,9,,,,,,,,,,,70.87,67.05,68.6,81,1.5499999999999972,逐类核对通过,0,,,,,,,,,,,output/expC_lambda_response_frac02/method=capt/lambda=0.50/seed=1,output/expC_lambda_response_frac02/method=capt/lambda=0.50/seed=1,output/expC_lambda_response_frac02/method=capt/lambda=0.50/seed=1/round_metrics.csv
R0d24d220e,待定用途,设定敏感性,PromptFL/CAPT/zero-shot × specialization λ × seed,不同方法对拓扑响应不同；CAPT采用稀疏聚合/评估，zero-shot只需一次评测。,设定附录候选；不按100轮连续指标强行平均，不直接排序跨协议。,CAPT可能按MAB稀疏聚合/评测；最后记录轮<100不能直接判定训练中断。,H4 frac0.2的λ响应（method/seed独立）,expC_lambda_response_frac02,CAPT,client-longtail,2,,,短运行或本地结果不完整,1,96,9,,,,,,,,,,,69.99,65.45,65.45,81,0.0,逐类核对通过,0,,,,,,,,,,,output/expC_lambda_response_frac02/method=capt/lambda=0.50/seed=2,output/expC_lambda_response_frac02/method=capt/lambda=0.50/seed=2,output/expC_lambda_response_frac02/method=capt/lambda=0.50/seed=2/round_metrics.csv
R154332bac,待定用途,设定敏感性,PromptFL/CAPT/zero-shot × specialization λ × seed,不同方法对拓扑响应不同；CAPT采用稀疏聚合/评估，zero-shot只需一次评测。,设定附录候选；不按100轮连续指标强行平均，不直接排序跨协议。,CAPT可能按MAB稀疏聚合/评测；最后记录轮<100不能直接判定训练中断。,H4 frac0.2的λ响应（method/seed独立）,expC_lambda_response_frac02,CAPT,client-longtail,3,,,短运行或本地结果不完整,1,96,9,,,,,,,,,,,71.21,67.15,68.8,31,1.6499999999999915,逐类核对通过,0,,,,,,,,,,,output/expC_lambda_response_frac02/method=capt/lambda=0.50/seed=3,output/expC_lambda_response_frac02/method=capt/lambda=0.50/seed=3,output/expC_lambda_response_frac02/method=capt/lambda=0.50/seed=3/round_metrics.csv
R5df451928,待定用途,设定敏感性,PromptFL/CAPT/zero-shot × specialization λ × seed,不同方法对拓扑响应不同；CAPT采用稀疏聚合/评估，zero-shot只需一次评测。,设定附录候选；不按100轮连续指标强行平均，不直接排序跨协议。,CAPT可能按MAB稀疏聚合/评测；最后记录轮<100不能直接判定训练中断。,H4 frac0.2的λ响应（method/seed独立）,expC_lambda_response_frac02,CAPT,client-longtail,1,,,短运行或本地结果不完整,1,96,9,,,,,,,,,,,71.04,67.3,68.8,31,1.5,逐类核对通过,0,,,,,,,,,,,output/expC_lambda_response_frac02/method=capt/lambda=0.75/seed=1,output/expC_lambda_response_frac02/method=capt/lambda=0.75/seed=1,output/expC_lambda_response_frac02/method=capt/lambda=0.75/seed=1/round_metrics.csv
R6126c29ea,待定用途,设定敏感性,PromptFL/CAPT/zero-shot × specialization λ × seed,不同方法对拓扑响应不同；CAPT采用稀疏聚合/评估，zero-shot只需一次评测。,设定附录候选；不按100轮连续指标强行平均，不直接排序跨协议。,CAPT可能按MAB稀疏聚合/评测；最后记录轮<100不能直接判定训练中断。,H4 frac0.2的λ响应（method/seed独立）,expC_lambda_response_frac02,CAPT,client-longtail,2,,,短运行或本地结果不完整,1,96,9,,,,,,,,,,,70.07,64.65,65.25,86,0.5999999999999943,逐类核对通过,0,,,,,,,,,,,output/expC_lambda_response_frac02/method=capt/lambda=0.75/seed=2,output/expC_lambda_response_frac02/method=capt/lambda=0.75/seed=2,output/expC_lambda_response_frac02/method=capt/lambda=0.75/seed=2/round_metrics.csv
R6ea6211d6,待定用途,设定敏感性,PromptFL/CAPT/zero-shot × specialization λ × seed,不同方法对拓扑响应不同；CAPT采用稀疏聚合/评估，zero-shot只需一次评测。,设定附录候选；不按100轮连续指标强行平均，不直接排序跨协议。,CAPT可能按MAB稀疏聚合/评测；最后记录轮<100不能直接判定训练中断。,H4 frac0.2的λ响应（method/seed独立）,expC_lambda_response_frac02,CAPT,client-longtail,3,,,短运行或本地结果不完整,1,96,9,,,,,,,,,,,70.57,64.85,67.4,81,2.5500000000000114,逐类核对通过,0,,,,,,,,,,,output/expC_lambda_response_frac02/method=capt/lambda=0.75/seed=3,output/expC_lambda_response_frac02/method=capt/lambda=0.75/seed=3,output/expC_lambda_response_frac02/method=capt/lambda=0.75/seed=3/round_metrics.csv
Rf597cbe14,待定用途,设定敏感性,PromptFL/CAPT/zero-shot × specialization λ × seed,不同方法对拓扑响应不同；CAPT采用稀疏聚合/评估，zero-shot只需一次评测。,设定附录候选；不按100轮连续指标强行平均，不直接排序跨协议。,CAPT可能按MAB稀疏聚合/评测；最后记录轮<100不能直接判定训练中断。,H4 frac0.2的λ响应（method/seed独立）,expC_lambda_response_frac02,CAPT,client-longtail,1,,,短运行或本地结果不完整,1,96,9,,,,,,,,,,,72.0,72.75,74.25,71,1.5,逐类核对通过,0,,,,,,,,,,,output/expC_lambda_response_frac02/method=capt/lambda=1.00/seed=1,output/expC_lambda_response_frac02/method=capt/lambda=1.00/seed=1,output/expC_lambda_response_frac02/method=capt/lambda=1.00/seed=1/round_metrics.csv
R3b0b6115b,待定用途,设定敏感性,PromptFL/CAPT/zero-shot × specialization λ × seed,不同方法对拓扑响应不同；CAPT采用稀疏聚合/评估，zero-shot只需一次评测。,设定附录候选；不按100轮连续指标强行平均，不直接排序跨协议。,CAPT可能按MAB稀疏聚合/评测；最后记录轮<100不能直接判定训练中断。,H4 frac0.2的λ响应（method/seed独立）,expC_lambda_response_frac02,CAPT,client-longtail,2,,,短运行或本地结果不完整,1,96,9,,,,,,,,,,,73.0,71.5,72.55,81,1.0499999999999972,逐类核对通过,0,,,,,,,,,,,output/expC_lambda_response_frac02/method=capt/lambda=1.00/seed=2,output/expC_lambda_response_frac02/method=capt/lambda=1.00/seed=2,output/expC_lambda_response_frac02/method=capt/lambda=1.00/seed=2/round_metrics.csv
R1b864d937,待定用途,设定敏感性,PromptFL/CAPT/zero-shot × specialization λ × seed,不同方法对拓扑响应不同；CAPT采用稀疏聚合/评估，zero-shot只需一次评测。,设定附录候选；不按100轮连续指标强行平均，不直接排序跨协议。,CAPT可能按MAB稀疏聚合/评测；最后记录轮<100不能直接判定训练中断。,H4 frac0.2的λ响应（method/seed独立）,expC_lambda_response_frac02,CAPT,client-longtail,3,,,短运行或本地结果不完整,1,96,9,,,,,,,,,,,72.67,71.85,74.4,86,2.5500000000000114,逐类核对通过,0,,,,,,,,,,,output/expC_lambda_response_frac02/method=capt/lambda=1.00/seed=3,output/expC_lambda_response_frac02/method=capt/lambda=1.00/seed=3,output/expC_lambda_response_frac02/method=capt/lambda=1.00/seed=3/round_metrics.csv
Rfe321af4e,待定用途,设定敏感性,PromptFL/CAPT/zero-shot × specialization λ × seed,不同方法对拓扑响应不同；CAPT采用稀疏聚合/评估，zero-shot只需一次评测。,设定附录候选；不按100轮连续指标强行平均，不直接排序跨协议。,,H4 frac0.2的λ响应（method/seed独立）,expC_lambda_response_frac02,PromptFL,client-longtail,1,,,已记录到第100轮或以后,1,100,21,,,,,,,,,,,64.16,44.55,45.45,91,0.9000000000000057,逐类核对通过,0,,,,,,,,,,,output/expC_lambda_response_frac02/method=promptfl/lambda=0.00/seed=1,output/expC_lambda_response_frac02/method=promptfl/lambda=0.00/seed=1,output/expC_lambda_response_frac02/method=promptfl/lambda=0.00/seed=1/round_metrics.csv
R551f2ec5e,待定用途,设定敏感性,PromptFL/CAPT/zero-shot × specialization λ × seed,不同方法对拓扑响应不同；CAPT采用稀疏聚合/评估，zero-shot只需一次评测。,设定附录候选；不按100轮连续指标强行平均，不直接排序跨协议。,,H4 frac0.2的λ响应（method/seed独立）,expC_lambda_response_frac02,PromptFL,client-longtail,2,,,已记录到第100轮或以后,1,100,21,,,,,,,,,,,65.59,42.6,45.75,66,3.1499999999999986,逐类核对通过,0,,,,,,,,,,,output/expC_lambda_response_frac02/method=promptfl/lambda=0.00/seed=2,output/expC_lambda_response_frac02/method=promptfl/lambda=0.00/seed=2,output/expC_lambda_response_frac02/method=promptfl/lambda=0.00/seed=2/round_metrics.csv
R0b09e616b,待定用途,设定敏感性,PromptFL/CAPT/zero-shot × specialization λ × seed,不同方法对拓扑响应不同；CAPT采用稀疏聚合/评估，zero-shot只需一次评测。,设定附录候选；不按100轮连续指标强行平均，不直接排序跨协议。,,H4 frac0.2的λ响应（method/seed独立）,expC_lambda_response_frac02,PromptFL,client-longtail,3,,,已记录到第100轮或以后,1,100,21,,,,,,,,,,,64.37,40.5,45.35,31,4.850000000000001,逐类核对通过,0,,,,,,,,,,,output/expC_lambda_response_frac02/method=promptfl/lambda=0.00/seed=3,output/expC_lambda_response_frac02/method=promptfl/lambda=0.00/seed=3,output/expC_lambda_response_frac02/method=promptfl/lambda=0.00/seed=3/round_metrics.csv
Rac7b54ae1,待定用途,设定敏感性,PromptFL/CAPT/zero-shot × specialization λ × seed,不同方法对拓扑响应不同；CAPT采用稀疏聚合/评估，zero-shot只需一次评测。,设定附录候选；不按100轮连续指标强行平均，不直接排序跨协议。,,H4 frac0.2的λ响应（method/seed独立）,expC_lambda_response_frac02,PromptFL,client-longtail,1,,,已记录到第100轮或以后,1,100,21,,,,,,,,,,,63.46,43.15,44.9,86,1.75,逐类核对通过,0,,,,,,,,,,,output/expC_lambda_response_frac02/method=promptfl/lambda=0.25/seed=1,output/expC_lambda_response_frac02/method=promptfl/lambda=0.25/seed=1,output/expC_lambda_response_frac02/method=promptfl/lambda=0.25/seed=1/round_metrics.csv
R6c66461de,待定用途,设定敏感性,PromptFL/CAPT/zero-shot × specialization λ × seed,不同方法对拓扑响应不同；CAPT采用稀疏聚合/评估，zero-shot只需一次评测。,设定附录候选；不按100轮连续指标强行平均，不直接排序跨协议。,,H4 frac0.2的λ响应（method/seed独立）,expC_lambda_response_frac02,PromptFL,client-longtail,2,,,已记录到第100轮或以后,1,100,21,,,,,,,,,,,65.5,44.15,45.7,81,1.5500000000000043,逐类核对通过,0,,,,,,,,,,,output/expC_lambda_response_frac02/method=promptfl/lambda=0.25/seed=2,output/expC_lambda_response_frac02/method=promptfl/lambda=0.25/seed=2,output/expC_lambda_response_frac02/method=promptfl/lambda=0.25/seed=2/round_metrics.csv
R722310a1c,待定用途,设定敏感性,PromptFL/CAPT/zero-shot × specialization λ × seed,不同方法对拓扑响应不同；CAPT采用稀疏聚合/评估，zero-shot只需一次评测。,设定附录候选；不按100轮连续指标强行平均，不直接排序跨协议。,,H4 frac0.2的λ响应（method/seed独立）,expC_lambda_response_frac02,PromptFL,client-longtail,3,,,已记录到第100轮或以后,1,100,21,,,,,,,,,,,63.91,39.15,44.55,46,5.399999999999999,逐类核对通过,0,,,,,,,,,,,output/expC_lambda_response_frac02/method=promptfl/lambda=0.25/seed=3,output/expC_lambda_response_frac02/method=promptfl/lambda=0.25/seed=3,output/expC_lambda_response_frac02/method=promptfl/lambda=0.25/seed=3/round_metrics.csv
Rd695c9d77,待定用途,设定敏感性,PromptFL/CAPT/zero-shot × specialization λ × seed,不同方法对拓扑响应不同；CAPT采用稀疏聚合/评估，zero-shot只需一次评测。,设定附录候选；不按100轮连续指标强行平均，不直接排序跨协议。,,H4 frac0.2的λ响应（method/seed独立）,expC_lambda_response_frac02,PromptFL,client-longtail,1,,,已记录到第100轮或以后,1,100,21,,,,,,,,,,,62.54,40.45,47.45,71,7.0,逐类核对通过,0,,,,,,,,,,,output/expC_lambda_response_frac02/method=promptfl/lambda=0.50/seed=1,output/expC_lambda_response_frac02/method=promptfl/lambda=0.50/seed=1,output/expC_lambda_response_frac02/method=promptfl/lambda=0.50/seed=1/round_metrics.csv
R45b0db8f5,待定用途,设定敏感性,PromptFL/CAPT/zero-shot × specialization λ × seed,不同方法对拓扑响应不同；CAPT采用稀疏聚合/评估，zero-shot只需一次评测。,设定附录候选；不按100轮连续指标强行平均，不直接排序跨协议。,,H4 frac0.2的λ响应（method/seed独立）,expC_lambda_response_frac02,PromptFL,client-longtail,2,,,已记录到第100轮或以后,1,100,21,,,,,,,,,,,66.24,46.15,46.9,81,0.75,逐类核对通过,0,,,,,,,,,,,output/expC_lambda_response_frac02/method=promptfl/lambda=0.50/seed=2,output/expC_lambda_response_frac02/method=promptfl/lambda=0.50/seed=2,output/expC_lambda_response_frac02/method=promptfl/lambda=0.50/seed=2/round_metrics.csv
R585456a6f,待定用途,设定敏感性,PromptFL/CAPT/zero-shot × specialization λ × seed,不同方法对拓扑响应不同；CAPT采用稀疏聚合/评估，zero-shot只需一次评测。,设定附录候选；不按100轮连续指标强行平均，不直接排序跨协议。,,H4 frac0.2的λ响应（method/seed独立）,expC_lambda_response_frac02,PromptFL,client-longtail,3,,,已记录到第100轮或以后,1,100,21,,,,,,,,,,,62.65,32.8,44.05,26,11.25,逐类核对通过,0,,,,,,,,,,,output/expC_lambda_response_frac02/method=promptfl/lambda=0.50/seed=3,output/expC_lambda_response_frac02/method=promptfl/lambda=0.50/seed=3,output/expC_lambda_response_frac02/method=promptfl/lambda=0.50/seed=3/round_metrics.csv
R4208a34fe,待定用途,设定敏感性,PromptFL/CAPT/zero-shot × specialization λ × seed,不同方法对拓扑响应不同；CAPT采用稀疏聚合/评估，zero-shot只需一次评测。,设定附录候选；不按100轮连续指标强行平均，不直接排序跨协议。,,H4 frac0.2的λ响应（method/seed独立）,expC_lambda_response_frac02,PromptFL,client-longtail,1,,,已记录到第100轮或以后,1,100,21,,,,,,,,,,,64.15,41.6,45.0,46,3.3999999999999986,逐类核对通过,0,,,,,,,,,,,output/expC_lambda_response_frac02/method=promptfl/lambda=0.75/seed=1,output/expC_lambda_response_frac02/method=promptfl/lambda=0.75/seed=1,output/expC_lambda_response_frac02/method=promptfl/lambda=0.75/seed=1/round_metrics.csv
Raa05d2c52,待定用途,设定敏感性,PromptFL/CAPT/zero-shot × specialization λ × seed,不同方法对拓扑响应不同；CAPT采用稀疏聚合/评估，zero-shot只需一次评测。,设定附录候选；不按100轮连续指标强行平均，不直接排序跨协议。,,H4 frac0.2的λ响应（method/seed独立）,expC_lambda_response_frac02,PromptFL,client-longtail,2,,,已记录到第100轮或以后,1,100,21,,,,,,,,,,,64.96,43.9,44.1,81,0.20000000000000284,逐类核对通过,0,,,,,,,,,,,output/expC_lambda_response_frac02/method=promptfl/lambda=0.75/seed=2,output/expC_lambda_response_frac02/method=promptfl/lambda=0.75/seed=2,output/expC_lambda_response_frac02/method=promptfl/lambda=0.75/seed=2/round_metrics.csv
Rf547520a1,待定用途,设定敏感性,PromptFL/CAPT/zero-shot × specialization λ × seed,不同方法对拓扑响应不同；CAPT采用稀疏聚合/评估，zero-shot只需一次评测。,设定附录候选；不按100轮连续指标强行平均，不直接排序跨协议。,,H4 frac0.2的λ响应（method/seed独立）,expC_lambda_response_frac02,PromptFL,client-longtail,3,,,已记录到第100轮或以后,1,100,21,,,,,,,,,,,62.76,35.2,44.9,71,9.699999999999996,逐类核对通过,0,,,,,,,,,,,output/expC_lambda_response_frac02/method=promptfl/lambda=0.75/seed=3,output/expC_lambda_response_frac02/method=promptfl/lambda=0.75/seed=3,output/expC_lambda_response_frac02/method=promptfl/lambda=0.75/seed=3/round_metrics.csv
Rf08888b2c,待定用途,设定敏感性,PromptFL/CAPT/zero-shot × specialization λ × seed,不同方法对拓扑响应不同；CAPT采用稀疏聚合/评估，zero-shot只需一次评测。,设定附录候选；不按100轮连续指标强行平均，不直接排序跨协议。,,H4 frac0.2的λ响应（method/seed独立）,expC_lambda_response_frac02,PromptFL,client-longtail,1,,,已记录到第100轮或以后,1,100,21,,,,,,,,,,,64.17,44.6,50.5,31,5.899999999999999,逐类核对通过,0,,,,,,,,,,,output/expC_lambda_response_frac02/method=promptfl/lambda=1.00/seed=1,output/expC_lambda_response_frac02/method=promptfl/lambda=1.00/seed=1,output/expC_lambda_response_frac02/method=promptfl/lambda=1.00/seed=1/round_metrics.csv
R42929ca28,待定用途,设定敏感性,PromptFL/CAPT/zero-shot × specialization λ × seed,不同方法对拓扑响应不同；CAPT采用稀疏聚合/评估，zero-shot只需一次评测。,设定附录候选；不按100轮连续指标强行平均，不直接排序跨协议。,,H4 frac0.2的λ响应（method/seed独立）,expC_lambda_response_frac02,PromptFL,client-longtail,2,,,已记录到第100轮或以后,1,100,21,,,,,,,,,,,65.54,47.4,48.9,96,1.5,逐类核对通过,0,,,,,,,,,,,output/expC_lambda_response_frac02/method=promptfl/lambda=1.00/seed=2,output/expC_lambda_response_frac02/method=promptfl/lambda=1.00/seed=2,output/expC_lambda_response_frac02/method=promptfl/lambda=1.00/seed=2/round_metrics.csv
Re86347789,待定用途,设定敏感性,PromptFL/CAPT/zero-shot × specialization λ × seed,不同方法对拓扑响应不同；CAPT采用稀疏聚合/评估，zero-shot只需一次评测。,设定附录候选；不按100轮连续指标强行平均，不直接排序跨协议。,,H4 frac0.2的λ响应（method/seed独立）,expC_lambda_response_frac02,PromptFL,client-longtail,3,,,已记录到第100轮或以后,1,100,21,,,,,,,,,,,63.18,37.75,50.55,71,12.799999999999997,逐类核对通过,0,,,,,,,,,,,output/expC_lambda_response_frac02/method=promptfl/lambda=1.00/seed=3,output/expC_lambda_response_frac02/method=promptfl/lambda=1.00/seed=3,output/expC_lambda_response_frac02/method=promptfl/lambda=1.00/seed=3/round_metrics.csv
R9de8ca9a6,待定用途,设定敏感性,PromptFL/CAPT/zero-shot × specialization λ × seed,不同方法对拓扑响应不同；CAPT采用稀疏聚合/评估，zero-shot只需一次评测。,设定附录候选；不按100轮连续指标强行平均，不直接排序跨协议。,拓扑λ不改变zero-shot测试预测；15份记录不是15次训练。,H4 frac0.2的λ响应（method/seed独立）,expC_lambda_response_frac02,CLIP,client-longtail,1,,,zero-shot单点评测；无需100轮,1,1,1,,,,,,,,,,,64.82,66.0,66.0,1,0.0,逐类核对通过,0,,,,,,,,,,,output/expC_lambda_response_frac02/method=zeroshot/lambda=0.00/seed=1,output/expC_lambda_response_frac02/method=zeroshot/lambda=0.00/seed=1,output/expC_lambda_response_frac02/method=zeroshot/lambda=0.00/seed=1/round_metrics.csv
R34dfa4689,待定用途,设定敏感性,PromptFL/CAPT/zero-shot × specialization λ × seed,不同方法对拓扑响应不同；CAPT采用稀疏聚合/评估，zero-shot只需一次评测。,设定附录候选；不按100轮连续指标强行平均，不直接排序跨协议。,拓扑λ不改变zero-shot测试预测；15份记录不是15次训练。,H4 frac0.2的λ响应（method/seed独立）,expC_lambda_response_frac02,CLIP,client-longtail,2,,,zero-shot单点评测；无需100轮,1,1,1,,,,,,,,,,,64.82,66.0,66.0,1,0.0,逐类核对通过,0,,,,,,,,,,,output/expC_lambda_response_frac02/method=zeroshot/lambda=0.00/seed=2,output/expC_lambda_response_frac02/method=zeroshot/lambda=0.00/seed=2,output/expC_lambda_response_frac02/method=zeroshot/lambda=0.00/seed=2/round_metrics.csv
R3cce55c76,待定用途,设定敏感性,PromptFL/CAPT/zero-shot × specialization λ × seed,不同方法对拓扑响应不同；CAPT采用稀疏聚合/评估，zero-shot只需一次评测。,设定附录候选；不按100轮连续指标强行平均，不直接排序跨协议。,拓扑λ不改变zero-shot测试预测；15份记录不是15次训练。,H4 frac0.2的λ响应（method/seed独立）,expC_lambda_response_frac02,CLIP,client-longtail,3,,,zero-shot单点评测；无需100轮,1,1,1,,,,,,,,,,,64.82,66.0,66.0,1,0.0,逐类核对通过,0,,,,,,,,,,,output/expC_lambda_response_frac02/method=zeroshot/lambda=0.00/seed=3,output/expC_lambda_response_frac02/method=zeroshot/lambda=0.00/seed=3,output/expC_lambda_response_frac02/method=zeroshot/lambda=0.00/seed=3/round_metrics.csv
R71523dc3f,待定用途,设定敏感性,PromptFL/CAPT/zero-shot × specialization λ × seed,不同方法对拓扑响应不同；CAPT采用稀疏聚合/评估，zero-shot只需一次评测。,设定附录候选；不按100轮连续指标强行平均，不直接排序跨协议。,拓扑λ不改变zero-shot测试预测；15份记录不是15次训练。,H4 frac0.2的λ响应（method/seed独立）,expC_lambda_response_frac02,CLIP,client-longtail,1,,,zero-shot单点评测；无需100轮,1,1,1,,,,,,,,,,,64.82,66.0,66.0,1,0.0,逐类核对通过,0,,,,,,,,,,,output/expC_lambda_response_frac02/method=zeroshot/lambda=0.25/seed=1,output/expC_lambda_response_frac02/method=zeroshot/lambda=0.25/seed=1,output/expC_lambda_response_frac02/method=zeroshot/lambda=0.25/seed=1/round_metrics.csv
R86ef9f0b0,待定用途,设定敏感性,PromptFL/CAPT/zero-shot × specialization λ × seed,不同方法对拓扑响应不同；CAPT采用稀疏聚合/评估，zero-shot只需一次评测。,设定附录候选；不按100轮连续指标强行平均，不直接排序跨协议。,拓扑λ不改变zero-shot测试预测；15份记录不是15次训练。,H4 frac0.2的λ响应（method/seed独立）,expC_lambda_response_frac02,CLIP,client-longtail,2,,,zero-shot单点评测；无需100轮,1,1,1,,,,,,,,,,,64.82,66.0,66.0,1,0.0,逐类核对通过,0,,,,,,,,,,,output/expC_lambda_response_frac02/method=zeroshot/lambda=0.25/seed=2,output/expC_lambda_response_frac02/method=zeroshot/lambda=0.25/seed=2,output/expC_lambda_response_frac02/method=zeroshot/lambda=0.25/seed=2/round_metrics.csv
R928253b3a,待定用途,设定敏感性,PromptFL/CAPT/zero-shot × specialization λ × seed,不同方法对拓扑响应不同；CAPT采用稀疏聚合/评估，zero-shot只需一次评测。,设定附录候选；不按100轮连续指标强行平均，不直接排序跨协议。,拓扑λ不改变zero-shot测试预测；15份记录不是15次训练。,H4 frac0.2的λ响应（method/seed独立）,expC_lambda_response_frac02,CLIP,client-longtail,3,,,zero-shot单点评测；无需100轮,1,1,1,,,,,,,,,,,64.82,66.0,66.0,1,0.0,逐类核对通过,0,,,,,,,,,,,output/expC_lambda_response_frac02/method=zeroshot/lambda=0.25/seed=3,output/expC_lambda_response_frac02/method=zeroshot/lambda=0.25/seed=3,output/expC_lambda_response_frac02/method=zeroshot/lambda=0.25/seed=3/round_metrics.csv
R286ad3349,待定用途,设定敏感性,PromptFL/CAPT/zero-shot × specialization λ × seed,不同方法对拓扑响应不同；CAPT采用稀疏聚合/评估，zero-shot只需一次评测。,设定附录候选；不按100轮连续指标强行平均，不直接排序跨协议。,拓扑λ不改变zero-shot测试预测；15份记录不是15次训练。,H4 frac0.2的λ响应（method/seed独立）,expC_lambda_response_frac02,CLIP,client-longtail,1,,,zero-shot单点评测；无需100轮,1,1,1,,,,,,,,,,,64.82,66.0,66.0,1,0.0,逐类核对通过,0,,,,,,,,,,,output/expC_lambda_response_frac02/method=zeroshot/lambda=0.50/seed=1,output/expC_lambda_response_frac02/method=zeroshot/lambda=0.50/seed=1,output/expC_lambda_response_frac02/method=zeroshot/lambda=0.50/seed=1/round_metrics.csv
Rd4ea16028,待定用途,设定敏感性,PromptFL/CAPT/zero-shot × specialization λ × seed,不同方法对拓扑响应不同；CAPT采用稀疏聚合/评估，zero-shot只需一次评测。,设定附录候选；不按100轮连续指标强行平均，不直接排序跨协议。,拓扑λ不改变zero-shot测试预测；15份记录不是15次训练。,H4 frac0.2的λ响应（method/seed独立）,expC_lambda_response_frac02,CLIP,client-longtail,2,,,zero-shot单点评测；无需100轮,1,1,1,,,,,,,,,,,64.82,66.0,66.0,1,0.0,逐类核对通过,0,,,,,,,,,,,output/expC_lambda_response_frac02/method=zeroshot/lambda=0.50/seed=2,output/expC_lambda_response_frac02/method=zeroshot/lambda=0.50/seed=2,output/expC_lambda_response_frac02/method=zeroshot/lambda=0.50/seed=2/round_metrics.csv
Rda65b19d8,待定用途,设定敏感性,PromptFL/CAPT/zero-shot × specialization λ × seed,不同方法对拓扑响应不同；CAPT采用稀疏聚合/评估，zero-shot只需一次评测。,设定附录候选；不按100轮连续指标强行平均，不直接排序跨协议。,拓扑λ不改变zero-shot测试预测；15份记录不是15次训练。,H4 frac0.2的λ响应（method/seed独立）,expC_lambda_response_frac02,CLIP,client-longtail,3,,,zero-shot单点评测；无需100轮,1,1,1,,,,,,,,,,,64.82,66.0,66.0,1,0.0,逐类核对通过,0,,,,,,,,,,,output/expC_lambda_response_frac02/method=zeroshot/lambda=0.50/seed=3,output/expC_lambda_response_frac02/method=zeroshot/lambda=0.50/seed=3,output/expC_lambda_response_frac02/method=zeroshot/lambda=0.50/seed=3/round_metrics.csv
Rc6232328f,待定用途,设定敏感性,PromptFL/CAPT/zero-shot × specialization λ × seed,不同方法对拓扑响应不同；CAPT采用稀疏聚合/评估，zero-shot只需一次评测。,设定附录候选；不按100轮连续指标强行平均，不直接排序跨协议。,拓扑λ不改变zero-shot测试预测；15份记录不是15次训练。,H4 frac0.2的λ响应（method/seed独立）,expC_lambda_response_frac02,CLIP,client-longtail,1,,,zero-shot单点评测；无需100轮,1,1,1,,,,,,,,,,,64.82,66.0,66.0,1,0.0,逐类核对通过,0,,,,,,,,,,,output/expC_lambda_response_frac02/method=zeroshot/lambda=0.75/seed=1,output/expC_lambda_response_frac02/method=zeroshot/lambda=0.75/seed=1,output/expC_lambda_response_frac02/method=zeroshot/lambda=0.75/seed=1/round_metrics.csv
R4c542c456,待定用途,设定敏感性,PromptFL/CAPT/zero-shot × specialization λ × seed,不同方法对拓扑响应不同；CAPT采用稀疏聚合/评估，zero-shot只需一次评测。,设定附录候选；不按100轮连续指标强行平均，不直接排序跨协议。,拓扑λ不改变zero-shot测试预测；15份记录不是15次训练。,H4 frac0.2的λ响应（method/seed独立）,expC_lambda_response_frac02,CLIP,client-longtail,2,,,zero-shot单点评测；无需100轮,1,1,1,,,,,,,,,,,64.82,66.0,66.0,1,0.0,逐类核对通过,0,,,,,,,,,,,output/expC_lambda_response_frac02/method=zeroshot/lambda=0.75/seed=2,output/expC_lambda_response_frac02/method=zeroshot/lambda=0.75/seed=2,output/expC_lambda_response_frac02/method=zeroshot/lambda=0.75/seed=2/round_metrics.csv
R668ab3b9e,待定用途,设定敏感性,PromptFL/CAPT/zero-shot × specialization λ × seed,不同方法对拓扑响应不同；CAPT采用稀疏聚合/评估，zero-shot只需一次评测。,设定附录候选；不按100轮连续指标强行平均，不直接排序跨协议。,拓扑λ不改变zero-shot测试预测；15份记录不是15次训练。,H4 frac0.2的λ响应（method/seed独立）,expC_lambda_response_frac02,CLIP,client-longtail,3,,,zero-shot单点评测；无需100轮,1,1,1,,,,,,,,,,,64.82,66.0,66.0,1,0.0,逐类核对通过,0,,,,,,,,,,,output/expC_lambda_response_frac02/method=zeroshot/lambda=0.75/seed=3,output/expC_lambda_response_frac02/method=zeroshot/lambda=0.75/seed=3,output/expC_lambda_response_frac02/method=zeroshot/lambda=0.75/seed=3/round_metrics.csv
Rb62611a94,待定用途,设定敏感性,PromptFL/CAPT/zero-shot × specialization λ × seed,不同方法对拓扑响应不同；CAPT采用稀疏聚合/评估，zero-shot只需一次评测。,设定附录候选；不按100轮连续指标强行平均，不直接排序跨协议。,拓扑λ不改变zero-shot测试预测；15份记录不是15次训练。,H4 frac0.2的λ响应（method/seed独立）,expC_lambda_response_frac02,CLIP,client-longtail,1,,,zero-shot单点评测；无需100轮,1,1,1,,,,,,,,,,,64.82,66.0,66.0,1,0.0,逐类核对通过,0,,,,,,,,,,,output/expC_lambda_response_frac02/method=zeroshot/lambda=1.00/seed=1,output/expC_lambda_response_frac02/method=zeroshot/lambda=1.00/seed=1,output/expC_lambda_response_frac02/method=zeroshot/lambda=1.00/seed=1/round_metrics.csv
Rf37810823,待定用途,设定敏感性,PromptFL/CAPT/zero-shot × specialization λ × seed,不同方法对拓扑响应不同；CAPT采用稀疏聚合/评估，zero-shot只需一次评测。,设定附录候选；不按100轮连续指标强行平均，不直接排序跨协议。,拓扑λ不改变zero-shot测试预测；15份记录不是15次训练。,H4 frac0.2的λ响应（method/seed独立）,expC_lambda_response_frac02,CLIP,client-longtail,2,,,zero-shot单点评测；无需100轮,1,1,1,,,,,,,,,,,64.82,66.0,66.0,1,0.0,逐类核对通过,0,,,,,,,,,,,output/expC_lambda_response_frac02/method=zeroshot/lambda=1.00/seed=2,output/expC_lambda_response_frac02/method=zeroshot/lambda=1.00/seed=2,output/expC_lambda_response_frac02/method=zeroshot/lambda=1.00/seed=2/round_metrics.csv
Rf1869a74d,待定用途,设定敏感性,PromptFL/CAPT/zero-shot × specialization λ × seed,不同方法对拓扑响应不同；CAPT采用稀疏聚合/评估，zero-shot只需一次评测。,设定附录候选；不按100轮连续指标强行平均，不直接排序跨协议。,拓扑λ不改变zero-shot测试预测；15份记录不是15次训练。,H4 frac0.2的λ响应（method/seed独立）,expC_lambda_response_frac02,CLIP,client-longtail,3,,,zero-shot单点评测；无需100轮,1,1,1,,,,,,,,,,,64.82,66.0,66.0,1,0.0,逐类核对通过,0,,,,,,,,,,,output/expC_lambda_response_frac02/method=zeroshot/lambda=1.00/seed=3,output/expC_lambda_response_frac02/method=zeroshot/lambda=1.00/seed=3,output/expC_lambda_response_frac02/method=zeroshot/lambda=1.00/seed=3/round_metrics.csv
Re8665a6e9,待定用途,跨方法现象,PromptFL Panel C / Experiment D、局部epoch和历史机制,可说明现象在旧prompt协议下存在；有副本、失败seed与不同localE。,附录稳健性候选；不能拼成当前LoRA多seed结果。,拓扑λ不改变zero-shot测试预测；15份记录不是15次训练。；本地未发现标准精度CSV；部分诊断入口按设计在全局测试前结束。,H5 其他历史协议；仅在同配置内比较,expD_dirichlet_vs_clientlt,,,,,,zero-shot单点评测；无需100轮,,,0,,,,,,,,,,,,,,,,缺少可交叉核对的分组或逐类文件,0,,,,,,,,,,,output/expD_dirichlet_vs_clientlt/matched_response/pair=mild/protocol=dirichlet/method=zeroshot/seed=1,output/expD_dirichlet_vs_clientlt/matched_response/pair=mild/protocol=dirichlet/method=zeroshot/seed=1,per_class CSV
Rbc05fd3e2,建议归档,旧 gate 方案,functional CUSP gate,已有两拓扑门槛汇总结论FAIL。,保留失败记录，不继续并入当前A方法。,本地未发现标准精度CSV；部分诊断入口按设计在全局测试前结束。,H5 其他历史协议；仅在同配置内比较,functional_cusp_gate_seed42,,noniid-labeldir-fine,42,,,只有日志或配置，未发现精度结果,,,0,,,,,,,,,,,,,,,,缺少可交叉核对的分组或逐类文件,0,,,,,,,,,,,output/functional_cusp_gate_seed42/dirichlet_beta0.5_seed42_round10,output/functional_cusp_gate_seed42/dirichlet_beta0.5_seed42_round10,per_class CSV
R590418701,建议归档,3 适配与保持,CE/LA × 固定/开放 A；E3/J/S 训练方式对照,LA 下 E3 比固定 A 的 E2 同时提高 Overall/Tail；密集 S 和联合 J 有额外尾类回落。,已有相同曲线的推荐入口；此副本保留追溯，不算新增重复实验。,,P4 LA-control/rank4/FP32/client-longtail,la_control_ablation_analysis,e0,client-longtail,42,4,fp32,完成标记与曲线一致,0,100,101,81,100,67.697,77.44,64.43416666666667,67.74249999999999,67.685625,73.25285714285715,64.14,65.365,67.76,67.55,68.0,83,0.45000000000000284,逐类核对通过,0,Dc27e6b47,,,,,,105600,3168,,,output/la_control_ablation_analysis/la_control/seed42/client-longtail/e0/tau0_a1_protocol42,output/la_control_js_topology_analysis/la_control/seed42/client-longtail/e0/tau0_a1_protocol42,output/la_control_ablation_analysis/la_control/seed42/client-longtail/e0/tau0_a1_protocol42/round_metrics.csv
R5eb636e6a,建议归档,3 适配与保持,CE/LA × 固定/开放 A；E3/J/S 训练方式对照,LA 下 E3 比固定 A 的 E2 同时提高 Overall/Tail；密集 S 和联合 J 有额外尾类回落。,已有相同曲线的推荐入口；此副本保留追溯，不算新增重复实验。,,P4 LA-control/rank4/FP32/client-longtail,la_control_ablation_analysis,e1,client-longtail,42,4,fp32,完成标记与曲线一致,0,100,101,81,100,65.876,83.91999999999999,62.586666666666666,57.7,67.92,77.75571428571428,62.53571428571429,55.913333333333334,65.45,55.65,68.55,31,12.899999999999999,逐类核对通过,0,Deb09b8cc,,,,,,105600,3168,,,output/la_control_ablation_analysis/la_control/seed42/client-longtail/e1/tau0_a1_protocol42,output/la_control_js_topology_analysis/la_control/seed42/client-longtail/e1/tau0_a1_protocol42,output/la_control_ablation_analysis/la_control/seed42/client-longtail/e1/tau0_a1_protocol42/round_metrics.csv
R197b549df,建议归档,3 适配与保持,CE/LA × 固定/开放 A；E3/J/S 训练方式对照,LA 下 E3 比固定 A 的 E2 同时提高 Overall/Tail；密集 S 和联合 J 有额外尾类回落。,已有相同曲线的推荐入口；此副本保留追溯，不算新增重复实验。,,P4 LA-control/rank4/FP32/client-longtail,la_control_ablation_analysis,e2,client-longtail,42,4,fp32,完成标记与曲线一致,0,100,101,81,100,68.101,71.6425,66.40416666666667,69.65,67.71375,69.85714285714286,65.61,68.95833333333334,68.25,69.8,69.85,98,0.04999999999999716,逐类核对通过,0,Dac6d98ec,,,,,,105600,3168,,,output/la_control_ablation_analysis/la_control/seed42/client-longtail/e2/tau1_a1_protocol42,output/la_control_js_topology_analysis/la_control/seed42/client-longtail/e2/tau1_a1_protocol42,output/la_control_ablation_analysis/la_control/seed42/client-longtail/e2/tau1_a1_protocol42/round_metrics.csv
R866d9fb64,建议归档,3 适配与保持,CE/LA × 固定/开放 A；E3/J/S 训练方式对照,LA 下 E3 比固定 A 的 E2 同时提高 Overall/Tail；密集 S 和联合 J 有额外尾类回落。,已有相同曲线的推荐入口；此副本保留追溯，不算新增重复实验。,,P4 LA-control/rank4/FP32/client-longtail,la_control_ablation_analysis,e3,client-longtail,42,4,fp32,完成标记与曲线一致,0,100,101,81,100,69.6455,74.5775,67.465,71.255,69.24312499999999,71.72142857142858,66.87142857142858,70.46000000000001,69.86,71.05,71.4,89,0.3500000000000085,逐类核对通过,0,De8cfcc9d,,,,,,105600,3168,,,output/la_control_ablation_analysis/la_control/seed42/client-longtail/e3/tau1_a1_protocol42,output/la_control_js_topology_analysis/la_control/seed42/client-longtail/e3/tau1_a1_protocol42,output/la_control_ablation_analysis/la_control/seed42/client-longtail/e3/tau1_a1_protocol42/round_metrics.csv
Ra008e5e8b,建议归档,3 适配与保持,功能controller/前瞻旧路线,表现接近E3，但含较高候选/前瞻成本，不是当前主方法。,已有相同曲线的推荐入口；此副本保留追溯，不算新增重复实验。,,P4 LA-control/rank4/FP32/client-longtail,la_control_ablation_analysis,e5,client-longtail,42,4,fp32,完成标记与曲线一致,0,100,101,81,100,69.5405,74.37,67.39416666666666,71.15,69.138125,71.6,66.72,70.42833333333333,69.7,71.25,71.25,90,0.0,逐类核对通过,0,D8a8f5b2f,,,,,,105600,3168,,,output/la_control_ablation_analysis/la_control/seed42/client-longtail/e5/tau1_a1_h2_t0.002_hist0.002_gain0.0001_p2_protocol42,output/la_control_js_topology_analysis/la_control/seed42/client-longtail/e5/tau1_a1_h2_t0.002_hist0.002_gain0.0001_p2_protocol42,output/la_control_ablation_analysis/la_control/seed42/client-longtail/e5/tau1_a1_h2_t0.002_hist0.002_gain0.0001_p2_protocol42/round_metrics.csv
R9cd8d43f5,建议归档,3 适配与保持,CE/LA × 固定/开放 A；E3/J/S 训练方式对照,LA 下 E3 比固定 A 的 E2 同时提高 Overall/Tail；密集 S 和联合 J 有额外尾类回落。,已有相同曲线的推荐入口；此副本保留追溯，不算新增重复实验。,,P4 LA-control/rank4/FP32/client-longtail,la_control_ablation_analysis,j,client-longtail,42,4,fp32,完成标记与曲线一致,0,100,101,81,100,71.196,78.56,72.38333333333334,60.27,73.9275,76.7642857142857,72.59285714285714,63.07000000000001,71.08,59.55,71.7,22,12.150000000000006,逐类核对通过,0,Dff59f4da,,,,,,105600,3168,,,output/la_control_ablation_analysis/la_control/seed42/client-longtail/j/tau1_a1_protocol42,output/la_control_js_topology_analysis/la_control/seed42/client-longtail/j/tau1_a1_protocol42,output/la_control_ablation_analysis/la_control/seed42/client-longtail/j/tau1_a1_protocol42/round_metrics.csv
R111fcc616,建议归档,3 适配与保持,CE/LA × 固定/开放 A；E3/J/S 训练方式对照,LA 下 E3 比固定 A 的 E2 同时提高 Overall/Tail；密集 S 和联合 J 有额外尾类回落。,已有相同曲线的推荐入口；此副本保留追溯，不算新增重复实验。,,P4 LA-control/rank4/FP32/client-longtail,la_control_ablation_analysis,s,client-longtail,42,4,fp32,完成标记与曲线一致,0,100,101,81,100,70.91,76.8375,69.68333333333334,68.6625,71.471875,73.96714285714286,70.14714285714285,68.23333333333333,71.06,68.35,71.8,46,3.450000000000003,逐类核对通过,0,D84033cec,,,,,,105600,31680,,,output/la_control_ablation_analysis/la_control/seed42/client-longtail/s/tau1_a1_protocol42,output/la_control_js_topology_analysis/la_control/seed42/client-longtail/s/tau1_a1_protocol42,output/la_control_ablation_analysis/la_control/seed42/client-longtail/s/tau1_a1_protocol42/round_metrics.csv
Rf4b5cd58f,建议归档,3 适配与保持,CE/LA × 固定/开放 A；E3/J/S 训练方式对照,LA 下 E3 比固定 A 的 E2 同时提高 Overall/Tail；密集 S 和联合 J 有额外尾类回落。,已有相同曲线的推荐入口；此副本保留追溯，不算新增重复实验。,,P4 LA-control/rank4/FP32/matched-dirichlet,la_control_ablation_analysis,e2,matched-dirichlet,42,4,fp32,完成标记与曲线一致,0,100,101,81,100,68.251,71.655,66.47666666666666,70.17,67.77125,69.90714285714286,65.7,69.295,68.39,70.4,70.45,95,0.04999999999999716,逐类核对通过,0,D69c9858c,,,,,,105600,3168,,,output/la_control_ablation_analysis/la_control/seed42/matched-dirichlet/e2/tau1_a1_protocol42,output/la_control_js_topology_analysis/la_control/seed42/matched-dirichlet/e2/tau1_a1_protocol42,output/la_control_ablation_analysis/la_control/seed42/matched-dirichlet/e2/tau1_a1_protocol42/round_metrics.csv
R35e3dcd53,建议归档,3 适配与保持,CE/LA × 固定/开放 A；E3/J/S 训练方式对照,LA 下 E3 比固定 A 的 E2 同时提高 Overall/Tail；密集 S 和联合 J 有额外尾类回落。,已有相同曲线的推荐入口；此副本保留追溯，不算新增重复实验。,,P4 LA-control/rank4/FP32/matched-dirichlet,la_control_ablation_analysis,e3,matched-dirichlet,42,4,fp32,完成标记与曲线一致,0,100,101,81,100,69.664,74.4575,67.35166666666666,71.8075,69.128125,71.50571428571428,66.91285714285713,70.725,69.78,71.7,71.9,85,0.20000000000000284,逐类核对通过,0,D6429e9db,,,,,,105600,3168,,,output/la_control_ablation_analysis/la_control/seed42/matched-dirichlet/e3/tau1_a1_protocol42,output/la_control_js_topology_analysis/la_control/seed42/matched-dirichlet/e3/tau1_a1_protocol42,output/la_control_ablation_analysis/la_control/seed42/matched-dirichlet/e3/tau1_a1_protocol42/round_metrics.csv
R3c1e823fb,建议归档,3 适配与保持,功能controller/前瞻旧路线,表现接近E3，但含较高候选/前瞻成本，不是当前主方法。,已有相同曲线的推荐入口；此副本保留追溯，不算新增重复实验。,,P4 LA-control/rank4/FP32/matched-dirichlet,la_control_ablation_analysis,e5,matched-dirichlet,42,4,fp32,完成标记与曲线一致,0,100,101,81,100,69.5845,74.25750000000001,67.29666666666667,71.775,69.036875,71.37142857142858,66.84857142857143,70.69166666666666,69.76,71.85,71.85,89,0.0,逐类核对通过,0,D895e6c96,,,,,,105600,3168,,,output/la_control_ablation_analysis/la_control/seed42/matched-dirichlet/e5/tau1_a1_h2_t0.002_hist0.002_gain0.0001_p2_protocol42,output/la_control_js_topology_analysis/la_control/seed42/matched-dirichlet/e5/tau1_a1_h2_t0.002_hist0.002_gain0.0001_p2_protocol42,output/la_control_ablation_analysis/la_control/seed42/matched-dirichlet/e5/tau1_a1_h2_t0.002_hist0.002_gain0.0001_p2_protocol42/round_metrics.csv
Rec5ad2b59,建议归档,3 适配与保持,早期 LA 结果回传包,已被后续更完整包覆盖；部分目录只有22/34轮。,已有相同曲线的推荐入口；此副本保留追溯，不算新增重复实验。,,P4 LA-control/rank4/FP32/client-longtail,la_control_analysis,e2,client-longtail,42,4,fp32,完成标记与曲线一致,0,100,101,81,100,68.101,71.6425,66.40416666666667,69.65,67.71375,69.85714285714286,65.61,68.95833333333334,68.25,69.8,69.85,98,0.04999999999999716,逐类核对通过,0,Dac6d98ec,,,,,,105600,3168,,,output/la_control_analysis/la_control/seed42/client-longtail/e2/tau1_a1_protocol42,output/la_control_js_topology_analysis/la_control/seed42/client-longtail/e2/tau1_a1_protocol42,output/la_control_analysis/la_control/seed42/client-longtail/e2/tau1_a1_protocol42/round_metrics.csv
R6b05b33ef,建议归档,3 适配与保持,早期 LA 结果回传包,已被后续更完整包覆盖；部分目录只有22/34轮。,已有相同曲线的推荐入口；此副本保留追溯，不算新增重复实验。,,P4 LA-control/rank4/FP32/client-longtail,la_control_analysis,e3,client-longtail,42,4,fp32,完成标记与曲线一致,0,100,101,81,100,69.6455,74.5775,67.465,71.255,69.24312499999999,71.72142857142858,66.87142857142858,70.46000000000001,69.86,71.05,71.4,89,0.3500000000000085,逐类核对通过,0,De8cfcc9d,,,,,,105600,3168,,,output/la_control_analysis/la_control/seed42/client-longtail/e3/tau1_a1_protocol42,output/la_control_js_topology_analysis/la_control/seed42/client-longtail/e3/tau1_a1_protocol42,output/la_control_analysis/la_control/seed42/client-longtail/e3/tau1_a1_protocol42/round_metrics.csv
R2df98c438,建议归档,3 适配与保持,功能controller/前瞻旧路线,表现接近E3，但含较高候选/前瞻成本，不是当前主方法。,已有相同曲线的推荐入口；此副本保留追溯，不算新增重复实验。,,P4 LA-control/rank4/FP32/client-longtail,la_control_analysis,e5,client-longtail,42,4,fp32,完成标记与曲线一致,0,100,101,81,100,69.5405,74.37,67.39416666666666,71.15,69.138125,71.6,66.72,70.42833333333333,69.7,71.25,71.25,90,0.0,逐类核对通过,0,D8a8f5b2f,,,,,,105600,3168,,,output/la_control_analysis/la_control/seed42/client-longtail/e5/tau1_a1_h2_t0.002_hist0.002_gain0.0001_p2_protocol42,output/la_control_js_topology_analysis/la_control/seed42/client-longtail/e5/tau1_a1_h2_t0.002_hist0.002_gain0.0001_p2_protocol42,output/la_control_analysis/la_control/seed42/client-longtail/e5/tau1_a1_h2_t0.002_hist0.002_gain0.0001_p2_protocol42/round_metrics.csv
R4486c06c3,建议归档,3 适配与保持,早期 LA 结果回传包,已被后续更完整包覆盖；部分目录只有22/34轮。,已有相同曲线的推荐入口；此副本保留追溯，不算新增重复实验。,,P4 LA-control/rank4/FP32/matched-dirichlet,la_control_analysis,e2,matched-dirichlet,42,4,fp32,完成标记与曲线一致,0,100,101,81,100,68.251,71.655,66.47666666666666,70.17,67.77125,69.90714285714286,65.7,69.295,68.39,70.4,70.45,95,0.04999999999999716,逐类核对通过,0,D69c9858c,,,,,,105600,3168,,,output/la_control_analysis/la_control/seed42/matched-dirichlet/e2/tau1_a1_protocol42,output/la_control_js_topology_analysis/la_control/seed42/matched-dirichlet/e2/tau1_a1_protocol42,output/la_control_analysis/la_control/seed42/matched-dirichlet/e2/tau1_a1_protocol42/round_metrics.csv
Ra712886bd,建议归档,3 适配与保持,早期 LA 结果回传包,已被后续更完整包覆盖；部分目录只有22/34轮。,保留引用映射，停止当作新增实验或待补跑任务。,这里的末20轮是15–34，不是81–100，不进入正式主表。,P4 LA-control/rank4/FP32/matched-dirichlet,la_control_analysis,e3,matched-dirichlet,42,4,fp32,短运行或本地结果不完整,0,34,35,15,34,67.1245,70.135,65.58250000000001,68.74,66.720625,68.42285714285714,65.07714285714286,67.99833333333333,67.91,69.65,69.65,34,0.0,逐类核对通过,0,,,,,,,,,,,output/la_control_analysis/la_control/seed42/matched-dirichlet/e3/tau1_a1_protocol42,output/la_control_analysis/la_control/seed42/matched-dirichlet/e3/tau1_a1_protocol42,output/la_control_analysis/la_control/seed42/matched-dirichlet/e3/tau1_a1_protocol42/round_metrics.csv
R28ebacd31,建议归档,3 适配与保持,功能controller/前瞻旧路线,表现接近E3，但含较高候选/前瞻成本，不是当前主方法。,保留旧路线对照；不再优先补E5。,这里的末20轮是3–22，不是81–100，不进入正式主表。,P4 LA-control/rank4/FP32/matched-dirichlet,la_control_analysis,e5,matched-dirichlet,42,4,fp32,短运行或本地结果不完整,0,22,23,3,22,66.00750000000001,68.875,64.52000000000001,67.60249999999999,65.60875,66.94,64.61,66.55,67.0,68.45,68.5,21,0.04999999999999716,逐类核对通过,0,,,,,,,,,,,output/la_control_analysis/la_control/seed42/matched-dirichlet/e5/tau1_a1_h2_t0.002_hist0.002_gain0.0001_p2_protocol42,output/la_control_analysis/la_control/seed42/matched-dirichlet/e5/tau1_a1_h2_t0.002_hist0.002_gain0.0001_p2_protocol42,output/la_control_analysis/la_control/seed42/matched-dirichlet/e5/tau1_a1_h2_t0.002_hist0.002_gain0.0001_p2_protocol42/round_metrics.csv
R72f6ab547,必须保留,3 适配与保持,CE/LA × 固定/开放 A；E3/J/S 训练方式对照,LA 下 E3 比固定 A 的 E2 同时提高 Overall/Tail；密集 S 和联合 J 有额外尾类回落。,使用完整结果及逐类指标；E5单独归档；普通和 matched Dir 分栏。,,P4 LA-control/rank4/FP32/noniid-labeldir-fine,la_control_dirichlet_supplement_analysis,e0,noniid-labeldir-fine,42,4,fp32,完成标记与曲线一致,0,100,101,81,100,67.6695,76.97,64.47749999999999,67.94500000000001,67.60062500000001,72.89428571428572,64.18285714285715,65.64166666666668,67.74,67.75,68.1,82,0.3499999999999943,逐类核对通过,0,,,,,,,106200,3186,,,output/la_control_dirichlet_supplement_analysis/la_control/seed42/noniid-labeldir-fine/e0/tau0_a1_protocol42_beta0.5,output/la_control_dirichlet_supplement_analysis/la_control/seed42/noniid-labeldir-fine/e0/tau0_a1_protocol42_beta0.5,output/la_control_dirichlet_supplement_analysis/la_control/seed42/noniid-labeldir-fine/e0/tau0_a1_protocol42_beta0.5/round_metrics.csv
Rdbad269b1,必须保留,3 适配与保持,CE/LA × 固定/开放 A；E3/J/S 训练方式对照,LA 下 E3 比固定 A 的 E2 同时提高 Overall/Tail；密集 S 和联合 J 有额外尾类回落。,使用完整结果及逐类指标；E5单独归档；普通和 matched Dir 分栏。,,P4 LA-control/rank4/FP32/noniid-labeldir-fine,la_control_dirichlet_supplement_analysis,e1,noniid-labeldir-fine,42,4,fp32,完成标记与曲线一致,0,100,101,81,100,66.438,83.485,62.589166666666664,60.9375,67.813125,77.41714285714286,62.43571428571429,58.29833333333333,66.16,59.5,68.6,31,9.099999999999994,逐类核对通过,0,,,,,,,106200,3186,,,output/la_control_dirichlet_supplement_analysis/la_control/seed42/noniid-labeldir-fine/e1/tau0_a1_protocol42_beta0.5,output/la_control_dirichlet_supplement_analysis/la_control/seed42/noniid-labeldir-fine/e1/tau0_a1_protocol42_beta0.5,output/la_control_dirichlet_supplement_analysis/la_control/seed42/noniid-labeldir-fine/e1/tau0_a1_protocol42_beta0.5/round_metrics.csv
R4538f3c4b,必须保留,3 适配与保持,CE/LA × 固定/开放 A；E3/J/S 训练方式对照,LA 下 E3 比固定 A 的 E2 同时提高 Overall/Tail；密集 S 和联合 J 有额外尾类回落。,使用完整结果及逐类指标；E5单独归档；普通和 matched Dir 分栏。,,P4 LA-control/rank4/FP32/noniid-labeldir-fine,la_control_dirichlet_supplement_analysis,e2,noniid-labeldir-fine,42,4,fp32,完成标记与曲线一致,0,100,101,81,100,68.07050000000001,71.41499999999999,66.37333333333333,69.8175,67.63374999999999,69.78285714285714,65.49857142857142,69.07333333333334,68.29,70.2,70.2,99,0.0,逐类核对通过,0,,,,,,,106200,3186,,,output/la_control_dirichlet_supplement_analysis/la_control/seed42/noniid-labeldir-fine/e2/tau1_a1_protocol42_beta0.5,output/la_control_dirichlet_supplement_analysis/la_control/seed42/noniid-labeldir-fine/e2/tau1_a1_protocol42_beta0.5,output/la_control_dirichlet_supplement_analysis/la_control/seed42/noniid-labeldir-fine/e2/tau1_a1_protocol42_beta0.5/round_metrics.csv
Rabbe357e1,建议归档,3 适配与保持,功能controller/前瞻旧路线,表现接近E3，但含较高候选/前瞻成本，不是当前主方法。,保留旧路线对照；不再优先补E5。,,P4 LA-control/rank4/FP32/noniid-labeldir-fine,la_control_dirichlet_supplement_analysis,e5,noniid-labeldir-fine,42,4,fp32,完成标记与曲线一致,0,100,101,81,100,69.4605,74.22,67.03166666666667,71.9875,68.82875,71.47428571428571,66.24857142857142,70.85833333333333,69.62,72.2,72.2,99,0.0,逐类核对通过,0,,,,,,,106200,3186,,,output/la_control_dirichlet_supplement_analysis/la_control/seed42/noniid-labeldir-fine/e5/tau1_a1_h2_t0.002_hist0.002_gain0.0001_p2_protocol42_beta0.5,output/la_control_dirichlet_supplement_analysis/la_control/seed42/noniid-labeldir-fine/e5/tau1_a1_h2_t0.002_hist0.002_gain0.0001_p2_protocol42_beta0.5,output/la_control_dirichlet_supplement_analysis/la_control/seed42/noniid-labeldir-fine/e5/tau1_a1_h2_t0.002_hist0.002_gain0.0001_p2_protocol42_beta0.5/round_metrics.csv
Rbf2f20b61,必须保留,3 适配与保持,CE/LA × 固定/开放 A；E3/J/S 训练方式对照,LA 下 E3 比固定 A 的 E2 同时提高 Overall/Tail；密集 S 和联合 J 有额外尾类回落。,使用完整结果及逐类指标；E5单独归档；普通和 matched Dir 分栏。,,P4 LA-control/rank4/FP32/client-longtail,la_control_js_topology_analysis,e0,client-longtail,42,4,fp32,完成标记与曲线一致,0,100,101,81,100,67.697,77.44,64.43416666666667,67.74249999999999,67.685625,73.25285714285715,64.14,65.365,67.76,67.55,68.0,83,0.45000000000000284,逐类核对通过,0,Dc27e6b47,,冻结当前A，只更新B；每轮3 epoch,9次额外B，各1 epoch,普通CE，τ=0,按样本量聚合,105600,3168,,,output/la_control_js_topology_analysis/la_control/seed42/client-longtail/e0/tau0_a1_protocol42,output/la_control_js_topology_analysis/la_control/seed42/client-longtail/e0/tau0_a1_protocol42,output/la_control_js_topology_analysis/la_control/seed42/client-longtail/e0/tau0_a1_protocol42/round_metrics.csv
R58124e2e8,必须保留,3 适配与保持,CE/LA × 固定/开放 A；E3/J/S 训练方式对照,LA 下 E3 比固定 A 的 E2 同时提高 Overall/Tail；密集 S 和联合 J 有额外尾类回落。,使用完整结果及逐类指标；E5单独归档；普通和 matched Dir 分栏。,,P4 LA-control/rank4/FP32/client-longtail,la_control_js_topology_analysis,e1,client-longtail,42,4,fp32,完成标记与曲线一致,0,100,101,81,100,65.876,83.91999999999999,62.586666666666666,57.7,67.92,77.75571428571428,62.53571428571429,55.913333333333334,65.45,55.65,68.55,31,12.899999999999999,逐类核对通过,0,Deb09b8cc,,冻结当前A，只更新B；每轮3 epoch,9次额外A，各1 epoch；冻结共同B,普通CE，τ=0,按样本量聚合,105600,3168,,,output/la_control_js_topology_analysis/la_control/seed42/client-longtail/e1/tau0_a1_protocol42,output/la_control_js_topology_analysis/la_control/seed42/client-longtail/e1/tau0_a1_protocol42,output/la_control_js_topology_analysis/la_control/seed42/client-longtail/e1/tau0_a1_protocol42/round_metrics.csv
Ra9d49b1ac,必须保留,3 适配与保持,CE/LA × 固定/开放 A；E3/J/S 训练方式对照,LA 下 E3 比固定 A 的 E2 同时提高 Overall/Tail；密集 S 和联合 J 有额外尾类回落。,使用完整结果及逐类指标；E5单独归档；普通和 matched Dir 分栏。,,P4 LA-control/rank4/FP32/client-longtail,la_control_js_topology_analysis,e2,client-longtail,42,4,fp32,完成标记与曲线一致,0,100,101,81,100,68.101,71.6425,66.40416666666667,69.65,67.71375,69.85714285714286,65.61,68.95833333333334,68.25,69.8,69.85,98,0.04999999999999716,逐类核对通过,0,Dac6d98ec,,冻结当前A，只更新B；每轮3 epoch,9次额外B，各1 epoch,训练logit校正LA，τ=1,按样本量聚合,105600,3168,,,output/la_control_js_topology_analysis/la_control/seed42/client-longtail/e2/tau1_a1_protocol42,output/la_control_js_topology_analysis/la_control/seed42/client-longtail/e2/tau1_a1_protocol42,output/la_control_js_topology_analysis/la_control/seed42/client-longtail/e2/tau1_a1_protocol42/round_metrics.csv
R16bae8362,必须保留,3 适配与保持,CE/LA × 固定/开放 A；E3/J/S 训练方式对照,LA 下 E3 比固定 A 的 E2 同时提高 Overall/Tail；密集 S 和联合 J 有额外尾类回落。,使用完整结果及逐类指标；E5单独归档；普通和 matched Dir 分栏。,,P4 LA-control/rank4/FP32/client-longtail,la_control_js_topology_analysis,e3,client-longtail,42,4,fp32,完成标记与曲线一致,0,100,101,81,100,69.6455,74.5775,67.465,71.255,69.24312499999999,71.72142857142858,66.87142857142858,70.46000000000001,69.86,71.05,71.4,89,0.3500000000000085,逐类核对通过,0,De8cfcc9d,,冻结当前A，只更新B；每轮3 epoch,9次额外A，各1 epoch；冻结共同B,训练logit校正LA，τ=1,按样本量聚合,105600,3168,,,output/la_control_js_topology_analysis/la_control/seed42/client-longtail/e3/tau1_a1_protocol42,output/la_control_js_topology_analysis/la_control/seed42/client-longtail/e3/tau1_a1_protocol42,output/la_control_js_topology_analysis/la_control/seed42/client-longtail/e3/tau1_a1_protocol42/round_metrics.csv
R8cef9ce3a,建议归档,3 适配与保持,功能controller/前瞻旧路线,表现接近E3，但含较高候选/前瞻成本，不是当前主方法。,保留旧路线对照；不再优先补E5。,,P4 LA-control/rank4/FP32/client-longtail,la_control_js_topology_analysis,e5,client-longtail,42,4,fp32,完成标记与曲线一致,0,100,101,81,100,69.5405,74.37,67.39416666666666,71.15,69.138125,71.6,66.72,70.42833333333333,69.7,71.25,71.25,90,0.0,逐类核对通过,0,D8a8f5b2f,,冻结当前A，只更新B；每轮3 epoch,A/B两候选＋2轮前瞻；门控、冻结与有效锚点恢复,训练logit校正LA，τ=1,按样本量聚合,105600,3168,,,output/la_control_js_topology_analysis/la_control/seed42/client-longtail/e5/tau1_a1_h2_t0.002_hist0.002_gain0.0001_p2_protocol42,output/la_control_js_topology_analysis/la_control/seed42/client-longtail/e5/tau1_a1_h2_t0.002_hist0.002_gain0.0001_p2_protocol42,output/la_control_js_topology_analysis/la_control/seed42/client-longtail/e5/tau1_a1_h2_t0.002_hist0.002_gain0.0001_p2_protocol42/round_metrics.csv
Rf8efb6108,必须保留,3 适配与保持,CE/LA × 固定/开放 A；E3/J/S 训练方式对照,LA 下 E3 比固定 A 的 E2 同时提高 Overall/Tail；密集 S 和联合 J 有额外尾类回落。,使用完整结果及逐类指标；E5单独归档；普通和 matched Dir 分栏。,,P4 LA-control/rank4/FP32/client-longtail,la_control_js_topology_analysis,j,client-longtail,42,4,fp32,完成标记与曲线一致,0,100,101,81,100,71.196,78.56,72.38333333333334,60.27,73.9275,76.7642857142857,72.59285714285714,63.07000000000001,71.08,59.55,71.7,22,12.150000000000006,逐类核对通过,0,Dff59f4da,,A、B同时更新；每轮3 epoch,9次额外A，各1 epoch；冻结共同B,训练logit校正LA，τ=1,按样本量聚合,105600,3168,,,output/la_control_js_topology_analysis/la_control/seed42/client-longtail/j/tau1_a1_protocol42,output/la_control_js_topology_analysis/la_control/seed42/client-longtail/j/tau1_a1_protocol42,output/la_control_js_topology_analysis/la_control/seed42/client-longtail/j/tau1_a1_protocol42/round_metrics.csv
R3b1af80e9,必须保留,3 适配与保持,CE/LA × 固定/开放 A；E3/J/S 训练方式对照,LA 下 E3 比固定 A 的 E2 同时提高 Overall/Tail；密集 S 和联合 J 有额外尾类回落。,使用完整结果及逐类指标；E5单独归档；普通和 matched Dir 分栏。,,P4 LA-control/rank4/FP32/client-longtail,la_control_js_topology_analysis,s,client-longtail,42,4,fp32,完成标记与曲线一致,0,100,101,81,100,70.91,76.8375,69.68333333333334,68.6625,71.471875,73.96714285714286,70.14714285714285,68.23333333333333,71.06,68.35,71.8,46,3.450000000000003,逐类核对通过,0,D84033cec,,冻结当前A，只更新B；每轮3 epoch,90次额外A，各1 epoch；冻结共同B,训练logit校正LA，τ=1,按样本量聚合,105600,31680,,,output/la_control_js_topology_analysis/la_control/seed42/client-longtail/s/tau1_a1_protocol42,output/la_control_js_topology_analysis/la_control/seed42/client-longtail/s/tau1_a1_protocol42,output/la_control_js_topology_analysis/la_control/seed42/client-longtail/s/tau1_a1_protocol42/round_metrics.csv
R06c0384a2,必须保留,3 适配与保持,CE/LA × 固定/开放 A；E3/J/S 训练方式对照,LA 下 E3 比固定 A 的 E2 同时提高 Overall/Tail；密集 S 和联合 J 有额外尾类回落。,使用完整结果及逐类指标；E5单独归档；普通和 matched Dir 分栏。,,P4 LA-control/rank4/FP32/matched-dirichlet,la_control_js_topology_analysis,e2,matched-dirichlet,42,4,fp32,完成标记与曲线一致,0,100,101,81,100,68.251,71.655,66.47666666666666,70.17,67.77125,69.90714285714286,65.7,69.295,68.39,70.4,70.45,95,0.04999999999999716,逐类核对通过,0,D69c9858c,,冻结当前A，只更新B；每轮3 epoch,9次额外B，各1 epoch,训练logit校正LA，τ=1,按样本量聚合,105600,3168,,,output/la_control_js_topology_analysis/la_control/seed42/matched-dirichlet/e2/tau1_a1_protocol42,output/la_control_js_topology_analysis/la_control/seed42/matched-dirichlet/e2/tau1_a1_protocol42,output/la_control_js_topology_analysis/la_control/seed42/matched-dirichlet/e2/tau1_a1_protocol42/round_metrics.csv
R011ba6aba,必须保留,3 适配与保持,CE/LA × 固定/开放 A；E3/J/S 训练方式对照,LA 下 E3 比固定 A 的 E2 同时提高 Overall/Tail；密集 S 和联合 J 有额外尾类回落。,使用完整结果及逐类指标；E5单独归档；普通和 matched Dir 分栏。,,P4 LA-control/rank4/FP32/matched-dirichlet,la_control_js_topology_analysis,e3,matched-dirichlet,42,4,fp32,完成标记与曲线一致,0,100,101,81,100,69.664,74.4575,67.35166666666666,71.8075,69.128125,71.50571428571428,66.91285714285713,70.725,69.78,71.7,71.9,85,0.20000000000000284,逐类核对通过,0,D6429e9db,,冻结当前A，只更新B；每轮3 epoch,9次额外A，各1 epoch；冻结共同B,训练logit校正LA，τ=1,按样本量聚合,105600,3168,,,output/la_control_js_topology_analysis/la_control/seed42/matched-dirichlet/e3/tau1_a1_protocol42,output/la_control_js_topology_analysis/la_control/seed42/matched-dirichlet/e3/tau1_a1_protocol42,output/la_control_js_topology_analysis/la_control/seed42/matched-dirichlet/e3/tau1_a1_protocol42/round_metrics.csv
Rd49fb5b51,建议归档,3 适配与保持,功能controller/前瞻旧路线,表现接近E3，但含较高候选/前瞻成本，不是当前主方法。,保留旧路线对照；不再优先补E5。,,P4 LA-control/rank4/FP32/matched-dirichlet,la_control_js_topology_analysis,e5,matched-dirichlet,42,4,fp32,完成标记与曲线一致,0,100,101,81,100,69.5845,74.25750000000001,67.29666666666667,71.775,69.036875,71.37142857142858,66.84857142857143,70.69166666666666,69.76,71.85,71.85,89,0.0,逐类核对通过,0,D895e6c96,,冻结当前A，只更新B；每轮3 epoch,A/B两候选＋2轮前瞻；门控、冻结与有效锚点恢复,训练logit校正LA，τ=1,按样本量聚合,105600,3168,,,output/la_control_js_topology_analysis/la_control/seed42/matched-dirichlet/e5/tau1_a1_h2_t0.002_hist0.002_gain0.0001_p2_protocol42,output/la_control_js_topology_analysis/la_control/seed42/matched-dirichlet/e5/tau1_a1_h2_t0.002_hist0.002_gain0.0001_p2_protocol42,output/la_control_js_topology_analysis/la_control/seed42/matched-dirichlet/e5/tau1_a1_h2_t0.002_hist0.002_gain0.0001_p2_protocol42/round_metrics.csv
Rc4b80f302,必须保留,3 适配与保持,CE/LA × 固定/开放 A；E3/J/S 训练方式对照,LA 下 E3 比固定 A 的 E2 同时提高 Overall/Tail；密集 S 和联合 J 有额外尾类回落。,使用完整结果及逐类指标；E5单独归档；普通和 matched Dir 分栏。,,P4 LA-control/rank4/FP32/matched-dirichlet,la_control_js_topology_analysis,j,matched-dirichlet,42,4,fp32,完成标记与曲线一致,0,100,101,81,100,72.467,77.35,70.66083333333333,73.0025,72.333125,75.15,71.19,70.82666666666667,72.54,72.8,73.2,98,0.4000000000000057,逐类核对通过,0,,,A、B同时更新；每轮3 epoch,9次额外A，各1 epoch；冻结共同B,训练logit校正LA，τ=1,按样本量聚合,105600,3168,,,output/la_control_js_topology_analysis/la_control/seed42/matched-dirichlet/j/tau1_a1_protocol42,output/la_control_js_topology_analysis/la_control/seed42/matched-dirichlet/j/tau1_a1_protocol42,output/la_control_js_topology_analysis/la_control/seed42/matched-dirichlet/j/tau1_a1_protocol42/round_metrics.csv
R25f817d5a,必须保留,3 适配与保持,CE/LA × 固定/开放 A；E3/J/S 训练方式对照,LA 下 E3 比固定 A 的 E2 同时提高 Overall/Tail；密集 S 和联合 J 有额外尾类回落。,使用完整结果及逐类指标；E5单独归档；普通和 matched Dir 分栏。,,P4 LA-control/rank4/FP32/matched-dirichlet,la_control_js_topology_analysis,s,matched-dirichlet,42,4,fp32,完成标记与曲线一致,0,100,101,81,100,70.9435,75.5325,69.03833333333333,72.07000000000001,70.661875,72.97142857142856,69.48428571428572,70.28,71.2,72.1,72.75,58,0.6500000000000057,逐类核对通过,0,,,冻结当前A，只更新B；每轮3 epoch,90次额外A，各1 epoch；冻结共同B,训练logit校正LA，τ=1,按样本量聚合,105600,31680,,,output/la_control_js_topology_analysis/la_control/seed42/matched-dirichlet/s/tau1_a1_protocol42,output/la_control_js_topology_analysis/la_control/seed42/matched-dirichlet/s/tau1_a1_protocol42,output/la_control_js_topology_analysis/la_control/seed42/matched-dirichlet/s/tau1_a1_protocol42/round_metrics.csv
Rde26209a6,建议归档,3 适配与保持,早期 LA 结果回传包,已被后续更完整包覆盖；部分目录只有22/34轮。,已有相同曲线的推荐入口；此副本保留追溯，不算新增重复实验。,,P4 LA-control/rank4/FP32/client-longtail,la_control_six_runs_analysis,e2,client-longtail,42,4,fp32,完成标记与曲线一致,0,100,101,81,100,68.101,71.6425,66.40416666666667,69.65,67.71375,69.85714285714286,65.61,68.95833333333334,68.25,69.8,69.85,98,0.04999999999999716,逐类核对通过,0,Dac6d98ec,,,,,,105600,3168,,,output/la_control_six_runs_analysis/la_control/seed42/client-longtail/e2/tau1_a1_protocol42,output/la_control_js_topology_analysis/la_control/seed42/client-longtail/e2/tau1_a1_protocol42,output/la_control_six_runs_analysis/la_control/seed42/client-longtail/e2/tau1_a1_protocol42/round_metrics.csv
R4c8a0d5e5,建议归档,3 适配与保持,早期 LA 结果回传包,已被后续更完整包覆盖；部分目录只有22/34轮。,已有相同曲线的推荐入口；此副本保留追溯，不算新增重复实验。,,P4 LA-control/rank4/FP32/client-longtail,la_control_six_runs_analysis,e3,client-longtail,42,4,fp32,完成标记与曲线一致,0,100,101,81,100,69.6455,74.5775,67.465,71.255,69.24312499999999,71.72142857142858,66.87142857142858,70.46000000000001,69.86,71.05,71.4,89,0.3500000000000085,逐类核对通过,0,De8cfcc9d,,,,,,105600,3168,,,output/la_control_six_runs_analysis/la_control/seed42/client-longtail/e3/tau1_a1_protocol42,output/la_control_js_topology_analysis/la_control/seed42/client-longtail/e3/tau1_a1_protocol42,output/la_control_six_runs_analysis/la_control/seed42/client-longtail/e3/tau1_a1_protocol42/round_metrics.csv
R792d6f4ef,建议归档,3 适配与保持,功能controller/前瞻旧路线,表现接近E3，但含较高候选/前瞻成本，不是当前主方法。,已有相同曲线的推荐入口；此副本保留追溯，不算新增重复实验。,,P4 LA-control/rank4/FP32/client-longtail,la_control_six_runs_analysis,e5,client-longtail,42,4,fp32,完成标记与曲线一致,0,100,101,81,100,69.5405,74.37,67.39416666666666,71.15,69.138125,71.6,66.72,70.42833333333333,69.7,71.25,71.25,90,0.0,逐类核对通过,0,D8a8f5b2f,,,,,,105600,3168,,,output/la_control_six_runs_analysis/la_control/seed42/client-longtail/e5/tau1_a1_h2_t0.002_hist0.002_gain0.0001_p2_protocol42,output/la_control_js_topology_analysis/la_control/seed42/client-longtail/e5/tau1_a1_h2_t0.002_hist0.002_gain0.0001_p2_protocol42,output/la_control_six_runs_analysis/la_control/seed42/client-longtail/e5/tau1_a1_h2_t0.002_hist0.002_gain0.0001_p2_protocol42/round_metrics.csv
Re9688b109,建议归档,3 适配与保持,早期 LA 结果回传包,已被后续更完整包覆盖；部分目录只有22/34轮。,已有相同曲线的推荐入口；此副本保留追溯，不算新增重复实验。,,P4 LA-control/rank4/FP32/matched-dirichlet,la_control_six_runs_analysis,e2,matched-dirichlet,42,4,fp32,完成标记与曲线一致,0,100,101,81,100,68.251,71.655,66.47666666666666,70.17,67.77125,69.90714285714286,65.7,69.295,68.39,70.4,70.45,95,0.04999999999999716,逐类核对通过,0,D69c9858c,,,,,,105600,3168,,,output/la_control_six_runs_analysis/la_control/seed42/matched-dirichlet/e2/tau1_a1_protocol42,output/la_control_js_topology_analysis/la_control/seed42/matched-dirichlet/e2/tau1_a1_protocol42,output/la_control_six_runs_analysis/la_control/seed42/matched-dirichlet/e2/tau1_a1_protocol42/round_metrics.csv
R7474bf4ca,建议归档,3 适配与保持,早期 LA 结果回传包,已被后续更完整包覆盖；部分目录只有22/34轮。,已有相同曲线的推荐入口；此副本保留追溯，不算新增重复实验。,,P4 LA-control/rank4/FP32/matched-dirichlet,la_control_six_runs_analysis,e3,matched-dirichlet,42,4,fp32,完成标记与曲线一致,0,100,101,81,100,69.664,74.4575,67.35166666666666,71.8075,69.128125,71.50571428571428,66.91285714285713,70.725,69.78,71.7,71.9,85,0.20000000000000284,逐类核对通过,0,D6429e9db,,,,,,105600,3168,,,output/la_control_six_runs_analysis/la_control/seed42/matched-dirichlet/e3/tau1_a1_protocol42,output/la_control_js_topology_analysis/la_control/seed42/matched-dirichlet/e3/tau1_a1_protocol42,output/la_control_six_runs_analysis/la_control/seed42/matched-dirichlet/e3/tau1_a1_protocol42/round_metrics.csv
R3d6d7459a,建议归档,3 适配与保持,功能controller/前瞻旧路线,表现接近E3，但含较高候选/前瞻成本，不是当前主方法。,已有相同曲线的推荐入口；此副本保留追溯，不算新增重复实验。,,P4 LA-control/rank4/FP32/matched-dirichlet,la_control_six_runs_analysis,e5,matched-dirichlet,42,4,fp32,完成标记与曲线一致,0,100,101,81,100,69.5845,74.25750000000001,67.29666666666667,71.775,69.036875,71.37142857142858,66.84857142857143,70.69166666666666,69.76,71.85,71.85,89,0.0,逐类核对通过,0,D895e6c96,,,,,,105600,3168,,,output/la_control_six_runs_analysis/la_control/seed42/matched-dirichlet/e5/tau1_a1_h2_t0.002_hist0.002_gain0.0001_p2_protocol42,output/la_control_js_topology_analysis/la_control/seed42/matched-dirichlet/e5/tau1_a1_h2_t0.002_hist0.002_gain0.0001_p2_protocol42,output/la_control_six_runs_analysis/la_control/seed42/matched-dirichlet/e5/tau1_a1_h2_t0.002_hist0.002_gain0.0001_p2_protocol42/round_metrics.csv
Rfb18c92b9,必须保留,3 适配与保持,CE/LA × 固定/开放 A；E3/J/S 训练方式对照,LA 下 E3 比固定 A 的 E2 同时提高 Overall/Tail；密集 S 和联合 J 有额外尾类回落。,使用完整结果及逐类指标；E5单独归档；普通和 matched Dir 分栏。,,P4 LA-control/rank4/FP32/noniid-labeldir-fine,la_control_standard_dirichlet_e3_j_s_analysis,e3,noniid-labeldir-fine,42,4,fp32,完成标记与曲线一致,0,100,101,81,100,69.6035,74.535,67.155,72.0175,69.0,71.71714285714286,66.39428571428572,70.88166666666667,69.82,72.1,72.15,98,0.05000000000001137,逐类核对通过,0,,,冻结当前A，只更新B；每轮3 epoch,9次额外A，各1 epoch；冻结共同B,训练logit校正LA，τ=1,按样本量聚合,106200,3186,,,output/la_control_standard_dirichlet_e3_j_s_analysis/la_control/seed42/noniid-labeldir-fine/e3/tau1_a1_protocol42_beta0.5,output/la_control_standard_dirichlet_e3_j_s_analysis/la_control/seed42/noniid-labeldir-fine/e3/tau1_a1_protocol42_beta0.5,output/la_control_standard_dirichlet_e3_j_s_analysis/la_control/seed42/noniid-labeldir-fine/e3/tau1_a1_protocol42_beta0.5/round_metrics.csv
Rffcabcd73,必须保留,3 适配与保持,CE/LA × 固定/开放 A；E3/J/S 训练方式对照,LA 下 E3 比固定 A 的 E2 同时提高 Overall/Tail；密集 S 和联合 J 有额外尾类回落。,使用完整结果及逐类指标；E5单独归档；普通和 matched Dir 分栏。,,P4 LA-control/rank4/FP32/noniid-labeldir-fine,la_control_standard_dirichlet_e3_j_s_analysis,j,noniid-labeldir-fine,42,4,fp32,完成标记与曲线一致,0,100,101,81,100,72.29249999999999,77.2025,70.96666666666667,71.36,72.525625,75.25571428571428,71.33857142857143,69.94833333333334,72.3,71.25,73.05,28,1.7999999999999972,逐类核对通过,0,,,A、B同时更新；每轮3 epoch,9次额外A，各1 epoch；冻结共同B,训练logit校正LA，τ=1,按样本量聚合,106200,3186,,,output/la_control_standard_dirichlet_e3_j_s_analysis/la_control/seed42/noniid-labeldir-fine/j/tau1_a1_protocol42_beta0.5,output/la_control_standard_dirichlet_e3_j_s_analysis/la_control/seed42/noniid-labeldir-fine/j/tau1_a1_protocol42_beta0.5,output/la_control_standard_dirichlet_e3_j_s_analysis/la_control/seed42/noniid-labeldir-fine/j/tau1_a1_protocol42_beta0.5/round_metrics.csv
R652116473,必须保留,3 适配与保持,CE/LA × 固定/开放 A；E3/J/S 训练方式对照,LA 下 E3 比固定 A 的 E2 同时提高 Overall/Tail；密集 S 和联合 J 有额外尾类回落。,使用完整结果及逐类指标；E5单独归档；普通和 matched Dir 分栏。,,P4 LA-control/rank4/FP32/noniid-labeldir-fine,la_control_standard_dirichlet_e3_j_s_analysis,s,noniid-labeldir-fine,42,4,fp32,完成标记与曲线一致,0,100,101,81,100,71.014,75.59,69.06083333333333,72.2975,70.693125,73.04428571428572,69.30285714285715,70.64166666666667,71.22,72.0,72.9,57,0.9000000000000057,逐类核对通过,0,,,冻结当前A，只更新B；每轮3 epoch,90次额外A，各1 epoch；冻结共同B,训练logit校正LA，τ=1,按样本量聚合,106200,31860,,,output/la_control_standard_dirichlet_e3_j_s_analysis/la_control/seed42/noniid-labeldir-fine/s/tau1_a1_protocol42_beta0.5,output/la_control_standard_dirichlet_e3_j_s_analysis/la_control/seed42/noniid-labeldir-fine/s/tau1_a1_protocol42_beta0.5,output/la_control_standard_dirichlet_e3_j_s_analysis/la_control/seed42/noniid-labeldir-fine/s/tau1_a1_protocol42_beta0.5/round_metrics.csv
R3402f1d8c,建议归档,旧聚合方案,旧服务器 LA 聚合正则扫描,这是服务器聚合权重方案，不是当前本地LA训练；不能混淆同名λ。,版本归档；当前主线不再扩展此扫描。,,H5 其他历史协议；仅在同配置内比较,la_lambda_sweep_seed42_results,ClipLora,client-longtail,42,,,已记录到第100轮或以后,0,100,101,81,100,65.44550000000001,,,40.082499999999996,71.78625,,,,65.45,40.35,68.35,4,27.999999999999993,缺少可交叉核对的分组或逐类文件,0,,,A、B同时更新；每轮3 epoch,无,普通 CE,类别先验平衡求客户端权重；有效矩阵平均后SVD,,,,,output/la_lambda_sweep_seed42_results/output/cifar100_LT/ClipLora_LA_Aggregation_reg025_seed42/seed42/clientlt/la_aggregation,output/la_lambda_sweep_seed42_results/output/cifar100_LT/ClipLora_LA_Aggregation_reg025_seed42/seed42/clientlt/la_aggregation,output/la_lambda_sweep_seed42_results/output/cifar100_LT/ClipLora_LA_Aggregation_reg025_seed42/seed42/clientlt/la_aggregation/round_metrics.csv
Rd33e46b34,建议归档,旧聚合方案,旧服务器 LA 聚合正则扫描,这是服务器聚合权重方案，不是当前本地LA训练；不能混淆同名λ。,版本归档；当前主线不再扩展此扫描。,,H5 其他历史协议；仅在同配置内比较,la_lambda_sweep_seed42_results,ClipLora,client-longtail,42,,,已记录到第100轮或以后,0,100,101,81,100,65.1535,,,38.63,71.784375,,,,65.27,38.5,68.5,4,30.0,缺少可交叉核对的分组或逐类文件,0,,,A、B同时更新；每轮3 epoch,无,普通 CE,类别先验平衡求客户端权重；有效矩阵平均后SVD,,,,,output/la_lambda_sweep_seed42_results/output/cifar100_LT/ClipLora_LA_Aggregation_reg05_seed42/seed42/clientlt/la_aggregation,output/la_lambda_sweep_seed42_results/output/cifar100_LT/ClipLora_LA_Aggregation_reg05_seed42/seed42/clientlt/la_aggregation,output/la_lambda_sweep_seed42_results/output/cifar100_LT/ClipLora_LA_Aggregation_reg05_seed42/seed42/clientlt/la_aggregation/round_metrics.csv
R5fbb4191b,建议归档,旧聚合方案,旧服务器 LA 聚合正则扫描,这是服务器聚合权重方案，不是当前本地LA训练；不能混淆同名λ。,版本归档；当前主线不再扩展此扫描。,,H5 其他历史协议；仅在同配置内比较,la_lambda_sweep_seed42_results,ClipLora,client-longtail,42,,,已记录到第100轮或以后,0,100,101,81,100,65.539,,,45.5375,70.53937499999999,,,,65.45,45.55,68.55,6,23.0,缺少可交叉核对的分组或逐类文件,0,,,A、B同时更新；每轮3 epoch,无,普通 CE,类别先验平衡求客户端权重；有效矩阵平均后SVD,,,,,output/la_lambda_sweep_seed42_results/output/cifar100_LT/ClipLora_LA_Aggregation_reg0_seed42/seed42/clientlt/la_aggregation,output/la_lambda_sweep_seed42_results/output/cifar100_LT/ClipLora_LA_Aggregation_reg0_seed42/seed42/clientlt/la_aggregation,output/la_lambda_sweep_seed42_results/output/cifar100_LT/ClipLora_LA_Aggregation_reg0_seed42/seed42/clientlt/la_aggregation/round_metrics.csv
R7ea72a449,建议归档,旧聚合方案,旧服务器 LA 聚合正则扫描,这是服务器聚合权重方案，不是当前本地LA训练；不能混淆同名λ。,版本归档；当前主线不再扩展此扫描。,,H5 其他历史协议；仅在同配置内比较,la_lambda_sweep_seed42_results,ClipLora,client-longtail,42,,,已记录到第100轮或以后,0,100,101,81,100,64.923,,,37.675,71.735,,,,64.99,37.9,68.3,4,30.4,缺少可交叉核对的分组或逐类文件,0,,,A、B同时更新；每轮3 epoch,无,普通 CE,类别先验平衡求客户端权重；有效矩阵平均后SVD,,,,,output/la_lambda_sweep_seed42_results/output/cifar100_LT/ClipLora_LA_Aggregation_seed42/seed42/clientlt/la_aggregation,output/la_lambda_sweep_seed42_results/output/cifar100_LT/ClipLora_LA_Aggregation_seed42/seed42/clientlt/la_aggregation,output/la_lambda_sweep_seed42_results/output/cifar100_LT/ClipLora_LA_Aggregation_seed42/seed42/clientlt/la_aggregation/round_metrics.csv
R1a8d142d2,建议归档,旧 SCA 方案,80轮online SCA与残差FedAvg/CAPT,拓扑gate无方向性支持；旧prompt/residual协议不同。,保留80轮原协议结果，停止继续扩展SCA路线。,这里的末20轮是61–80，不是81–100，不进入正式主表。,H5 其他历史协议；仅在同配置内比较,online_sca_seed42_v2,ClipLora,client-longtail,42,,,旧协议80轮已记录；不是当前100轮主表,0,80,81,61,80,67.499,87.2475,68.94,43.427499999999995,73.516875,83.59,69.00142857142858,46.973333333333336,67.21,41.85,73.2,3,31.35,逐类核对通过,0,,,,,,online_class_separable,,,,,output/online_sca_seed42_v2/online_sca,output/online_sca_seed42_v2/online_sca,output/online_sca_seed42_v2/online_sca/round_metrics.csv
R0c7f5ab12,建议归档,旧 SCA 方案,80轮online SCA与残差FedAvg/CAPT,拓扑gate无方向性支持；旧prompt/residual协议不同。,保留80轮原协议结果，停止继续扩展SCA路线。,这里的末20轮是61–80，不是81–100，不进入正式主表。,H5 其他历史协议；仅在同配置内比较,online_sca_seed42_v2,ClipLora,matched-dirichlet,42,,,旧协议80轮已记录；不是当前100轮主表,0,80,81,61,80,68.854,86.95750000000001,67.91333333333333,53.572500000000005,72.674375,83.47428571428571,67.86,52.95666666666667,69.2,54.25,72.6,3,18.349999999999994,逐类核对通过,0,,,,,,online_class_separable,,,,,output/online_sca_seed42_v2/online_sca_matched_dirichlet,output/online_sca_seed42_v2/online_sca_matched_dirichlet,output/online_sca_seed42_v2/online_sca_matched_dirichlet/round_metrics.csv
R5996b0f11,建议归档,旧 SCA 方案,80轮online SCA与残差FedAvg/CAPT,拓扑gate无方向性支持；旧prompt/residual协议不同。,保留80轮原协议结果，停止继续扩展SCA路线。,这里的末20轮是61–80，不是81–100，不进入正式主表。,H5 其他历史协议；仅在同配置内比较,online_sca_seed42_v2,ClipLora,client-longtail,42,,,旧协议80轮已记录；不是当前100轮主表,0,80,81,61,80,67.18050000000001,87.17999999999999,69.17999999999999,41.1825,73.67999999999999,83.56428571428572,69.30428571428573,45.58833333333333,67.04,39.9,69.15,3,29.250000000000007,逐类核对通过,0,,,,,,residual_fedavg,,,,,output/online_sca_seed42_v2/residual_fedavg_clientlt,output/online_sca_seed42_v2/residual_fedavg_clientlt,output/online_sca_seed42_v2/residual_fedavg_clientlt/round_metrics.csv
Rcf039e643,建议归档,旧 SCA 方案,80轮online SCA与残差FedAvg/CAPT,拓扑gate无方向性支持；旧prompt/residual协议不同。,保留80轮原协议结果，停止继续扩展SCA路线。,这里的末20轮是61–80，不是81–100，不进入正式主表。,H5 其他历史协议；仅在同配置内比较,online_sca_seed42_v2,ClipLora,matched-dirichlet,42,,,旧协议80轮已记录；不是当前100轮主表,0,80,81,61,80,68.8685,86.94500000000001,68.005,53.38250000000001,72.74,83.55714285714285,67.88714285714286,52.876666666666665,69.37,54.6,70.15,3,15.550000000000004,逐类核对通过,0,,,,,,residual_fedavg,,,,,output/online_sca_seed42_v2/residual_fedavg_matched_dirichlet,output/online_sca_seed42_v2/residual_fedavg_matched_dirichlet,output/online_sca_seed42_v2/residual_fedavg_matched_dirichlet/round_metrics.csv
R8d3d908e1,建议归档,旧 SCA 方案,80轮online SCA与残差FedAvg/CAPT,拓扑gate无方向性支持；旧prompt/residual协议不同。,保留80轮原协议结果，停止继续扩展SCA路线。,CAPT可能按MAB稀疏聚合/评测；最后记录轮<100不能直接判定训练中断。；这里的末20轮是61–80，不是81–100，不进入正式主表。,H5 其他历史协议；仅在同配置内比较,online_sca_seed42_v2,CAPT,client-longtail,42,,,旧协议80轮已记录；不是当前100轮主表,1,80,80,61,80,70.155,81.215,66.55333333333333,69.9,70.21875,76.86428571428571,65.18714285714286,68.12333333333333,70.17,69.45,74.9,31,5.450000000000003,逐类核对通过,0,,,,,,,,,,,output/online_sca_seed42_v2/stage1b_capt/capt_clientlt,output/online_sca_seed42_v2/stage1b_capt/capt_clientlt,output/online_sca_seed42_v2/stage1b_capt/capt_clientlt/round_metrics.csv
R901215f8a,建议归档,旧 SCA 方案,80轮online SCA与残差FedAvg/CAPT,拓扑gate无方向性支持；旧prompt/residual协议不同。,保留80轮原协议结果，停止继续扩展SCA路线。,CAPT可能按MAB稀疏聚合/评测；最后记录轮<100不能直接判定训练中断。；这里的末20轮是61–80，不是81–100，不进入正式主表。,H5 其他历史协议；仅在同配置内比较,online_sca_seed42_v2,CAPT,matched-dirichlet,42,,,旧协议80轮已记录；不是当前100轮主表,1,80,80,61,80,69.7615,80.935,67.96000000000001,63.99249999999999,71.20375,76.98857142857142,66.7642857142857,64.82666666666667,69.69,63.55,67.0,21,3.450000000000003,逐类核对通过,0,,,,,,,,,,,output/online_sca_seed42_v2/stage1b_capt/capt_matched,output/online_sca_seed42_v2/stage1b_capt/capt_matched,output/online_sca_seed42_v2/stage1b_capt/capt_matched/round_metrics.csv
R532a2f4a0,建议归档,旧抗遗忘方案,PFRF max/add、瞬时目标、匹配记忆与类别加权,PFRF-max late Tail36.905，低于matched-memory40.10和class-reweighted41.325。,保留失败与负对照；停止用旧PFRF命名统领当前SFRA故事。,,H5 其他历史协议；仅在同配置内比较,pfrf_kill_v1,ClipLora,client-longtail,42,2,fp32,已记录到第100轮或以后,0,100,101,81,100,66.1515,84.3875,68.34833333333333,41.325,72.358125,80.67571428571429,68.72285714285714,46.20666666666666,66.13,41.55,68.65,3,27.10000000000001,逐类核对通过,0,,,A、B同时更新；2 epoch CE提案＋1 epoch校正,无独立A阶段；辅助损失合入第3 epoch,CE；第3 epoch加入本地频数逆平方根加权记忆CE,有效矩阵平均后SVD；样本量权重,,,,,output/pfrf_kill_v1/runs/class_reweighted_ce/seed42,output/pfrf_kill_v1/runs/class_reweighted_ce/seed42,output/pfrf_kill_v1/runs/class_reweighted_ce/seed42/round_metrics.csv
Rc057544b5,建议归档,旧抗遗忘方案,PFRF max/add、瞬时目标、匹配记忆与类别加权,PFRF-max late Tail36.905，低于matched-memory40.10和class-reweighted41.325。,保留失败与负对照；停止用旧PFRF命名统领当前SFRA故事。,,H5 其他历史协议；仅在同配置内比较,pfrf_kill_v1,ClipLora,client-longtail,42,2,fp32,已记录到第100轮或以后,0,100,101,81,100,64.62899999999999,86.1425,66.8925,36.325,71.705,82.21857142857144,67.17142857142856,41.141666666666666,64.71,36.5,68.65,3,32.150000000000006,逐类核对通过,0,,,A、B同时更新；2 epoch CE提案＋1 epoch校正,无独立A阶段；辅助损失合入第3 epoch,CE；第3 epoch加入本轮目标的平方正部缺口损失,有效矩阵平均后SVD；样本量权重,,,,,output/pfrf_kill_v1/runs/instantaneous_target/seed42,output/pfrf_kill_v1/runs/instantaneous_target/seed42,output/pfrf_kill_v1/runs/instantaneous_target/seed42/round_metrics.csv
R6f7109a04,建议归档,旧抗遗忘方案,PFRF max/add、瞬时目标、匹配记忆与类别加权,PFRF-max late Tail36.905，低于matched-memory40.10和class-reweighted41.325。,保留失败与负对照；停止用旧PFRF命名统领当前SFRA故事。,,H5 其他历史协议；仅在同配置内比较,pfrf_kill_v1,ClipLora,client-longtail,42,2,fp32,已记录到第100轮或以后,0,100,101,81,100,65.8935,84.6225,68.24833333333333,40.1,72.34187499999999,80.96428571428571,68.56571428571428,45.193333333333335,65.91,40.35,68.65,3,28.300000000000004,逐类核对通过,0,,,A、B同时更新；2 epoch CE提案＋1 epoch校正,无独立A阶段；辅助损失合入第3 epoch,CE；第3 epoch加入记忆样本CE,有效矩阵平均后SVD；样本量权重,,,,,output/pfrf_kill_v1/runs/matched_memory_ce/seed42,output/pfrf_kill_v1/runs/matched_memory_ce/seed42,output/pfrf_kill_v1/runs/matched_memory_ce/seed42/round_metrics.csv
R915aa6a04,建议归档,旧抗遗忘方案,PFRF max/add、瞬时目标、匹配记忆与类别加权,PFRF-max late Tail36.905，低于matched-memory40.10和class-reweighted41.325。,保留失败与负对照；停止用旧PFRF命名统领当前SFRA故事。,,H5 其他历史协议；仅在同配置内比较,pfrf_kill_v1,ClipLora,client-longtail,42,2,fp32,已记录到第100轮或以后,0,100,101,81,100,64.6075,86.14750000000001,66.88416666666667,36.2375,71.7,82.2357142857143,67.13000000000001,41.098333333333336,64.69,36.4,68.65,3,32.25000000000001,逐类核对通过,0,,,A、B同时更新；每轮3 epoch,无独立A阶段,普通 CE,先平均有效LoRA矩阵，再截断SVD回rank2,,,,,output/pfrf_kill_v1/runs/ordinary_ce/seed42,output/pfrf_kill_v1/runs/ordinary_ce/seed42,output/pfrf_kill_v1/runs/ordinary_ce/seed42/round_metrics.csv
R8cd4a74f5,建议归档,旧抗遗忘方案,PFRF max/add、瞬时目标、匹配记忆与类别加权,PFRF-max late Tail36.905，低于matched-memory40.10和class-reweighted41.325。,保留失败与负对照；停止用旧PFRF命名统领当前SFRA故事。,,H5 其他历史协议；仅在同配置内比较,pfrf_kill_v1,ClipLora,client-longtail,42,2,fp32,已记录到第100轮或以后,0,100,101,81,100,65.07849999999999,85.5275,67.48416666666667,37.4125,71.995,81.79571428571428,67.83142857142857,42.36333333333333,65.25,37.8,68.65,3,30.85000000000001,逐类核对通过,0,,,A、B同时更新；2 epoch CE提案＋1 epoch校正,无独立A阶段；辅助损失合入第3 epoch,CE；第3 epoch加入累计目标的缺口损失；目标上限1,有效矩阵平均后SVD；样本量权重,,,,,output/pfrf_kill_v1/runs/pfrf_add/seed42,output/pfrf_kill_v1/runs/pfrf_add/seed42,output/pfrf_kill_v1/runs/pfrf_add/seed42/round_metrics.csv
Raba9edec4,建议归档,旧抗遗忘方案,PFRF max/add、瞬时目标、匹配记忆与类别加权,PFRF-max late Tail36.905，低于matched-memory40.10和class-reweighted41.325。,保留失败与负对照；停止用旧PFRF命名统领当前SFRA故事。,,H5 其他历史协议；仅在同配置内比较,pfrf_kill_v1,ClipLora,client-longtail,42,2,fp32,已记录到第100轮或以后,0,100,101,81,100,64.87,85.9275,67.1725,36.905,71.86125,82.13857142857144,67.44714285714285,41.71666666666667,64.91,37.05,68.65,3,31.60000000000001,逐类核对通过,0,,,A、B同时更新；2 epoch CE提案＋1 epoch校正,无独立A阶段；辅助损失合入第3 epoch,CE；第3 epoch加入持久历史最高目标的缺口损失,有效矩阵平均后SVD；样本量权重,,,,,output/pfrf_kill_v1/runs/pfrf_max/seed42,output/pfrf_kill_v1/runs/pfrf_max/seed42,output/pfrf_kill_v1/runs/pfrf_max/seed42/round_metrics.csv
R8ed9445e3,待定用途,跨方法现象,PromptFL Panel C / Experiment D、局部epoch和历史机制,可说明现象在旧prompt协议下存在；有副本、失败seed与不同localE。,附录稳健性候选；不能拼成当前LoRA多seed结果。,本地未发现标准精度CSV；部分诊断入口按设计在全局测试前结束。,H2 历史PromptFL，按参与率/localE/seed另分组,PromptFL_fedavg_vit_b16_batchSize32,,,,,,只有日志或配置，未发现精度结果,,,0,,,,,,,,,,,,,,,,缺少可交叉核对的分组或逐类文件,0,,,,,,,,,,,output/PromptFL_fedavg_vit_b16_batchSize32/PanelC_users30_localE3/partition=client-longtail_lambda=0.75_alpha=0.1_rho=3.0_IF=0.01_localE=3_seed=1,output/PromptFL_fedavg_vit_b16_batchSize32/PanelC_users30_localE3/partition=client-longtail_lambda=0.75_alpha=0.1_rho=3.0_IF=0.01_localE=3_seed=1,per_class CSV
R7a40be715,待定用途,跨方法现象,PromptFL Panel C / Experiment D、局部epoch和历史机制,可说明现象在旧prompt协议下存在；有副本、失败seed与不同localE。,附录稳健性候选；不能拼成当前LoRA多seed结果。,,H2 历史PromptFL，按参与率/localE/seed另分组,PromptFL_fedavg_vit_b16_batchSize32,PromptFL,client-longtail,2026,,,已记录到第100轮或以后,1,100,21,,,,,,,,,,,59.66,19.35,24.9,21,5.549999999999997,逐类核对通过,0,Dd00f8e42,,,,,,,,,,output/PromptFL_fedavg_vit_b16_batchSize32/PanelC_users30_localE3/partition=client-longtail_lambda=0.75_alpha=0.1_rho=3.0_IF=0.01_localE=3_seed=2026,output/PromptFL_fedavg_vit_b16_batchSize32/PanelC_users30_localE3/partition=client-longtail_lambda=0.75_alpha=0.1_rho=3.0_IF=0.01_localE=3_seed=2026,output/PromptFL_fedavg_vit_b16_batchSize32/PanelC_users30_localE3/partition=client-longtail_lambda=0.75_alpha=0.1_rho=3.0_IF=0.01_localE=3_seed=2026/round_metrics.csv
Rb1806b15e,待定用途,跨方法现象,PromptFL Panel C / Experiment D、局部epoch和历史机制,可说明现象在旧prompt协议下存在；有副本、失败seed与不同localE。,附录稳健性候选；不能拼成当前LoRA多seed结果。,,H2 历史PromptFL，按参与率/localE/seed另分组,PromptFL_fedavg_vit_b16_batchSize32,PromptFL,client-longtail,42,,,已记录到第100轮或以后,1,100,21,,,,,,,,,,,61.24,23.05,25.1,96,2.0500000000000007,逐类核对通过,0,D844dc6a4,,,,,,,,,,output/PromptFL_fedavg_vit_b16_batchSize32/PanelC_users30_localE3/partition=client-longtail_lambda=0.75_alpha=0.1_rho=3.0_IF=0.01_localE=3_seed=42,output/PromptFL_fedavg_vit_b16_batchSize32/PanelC_users30_localE3/partition=client-longtail_lambda=0.75_alpha=0.1_rho=3.0_IF=0.01_localE=3_seed=42,output/PromptFL_fedavg_vit_b16_batchSize32/PanelC_users30_localE3/partition=client-longtail_lambda=0.75_alpha=0.1_rho=3.0_IF=0.01_localE=3_seed=42/round_metrics.csv
R4ec2cb542,待定用途,跨方法现象,PromptFL Panel C / Experiment D、局部epoch和历史机制,可说明现象在旧prompt协议下存在；有副本、失败seed与不同localE。,附录稳健性候选；不能拼成当前LoRA多seed结果。,,H2 历史PromptFL，按参与率/localE/seed另分组,PromptFL_fedavg_vit_b16_batchSize32,PromptFL,client-longtail,1,,,已记录到第100轮或以后,1,100,21,,,,,,,,,,,60.06,20.05,22.85,21,2.8000000000000007,逐类核对通过,0,Dd90d2dde,,,,,,,,,,output/PromptFL_fedavg_vit_b16_batchSize32/PanelC_users30_localE3/partition=client-longtail_lambda=0.75_alpha=0.25_rho=3.0_IF=0.01_localE=3_seed=1,output/PromptFL_fedavg_vit_b16_batchSize32/PanelC_users30_localE3/partition=client-longtail_lambda=0.75_alpha=0.25_rho=3.0_IF=0.01_localE=3_seed=1,output/PromptFL_fedavg_vit_b16_batchSize32/PanelC_users30_localE3/partition=client-longtail_lambda=0.75_alpha=0.25_rho=3.0_IF=0.01_localE=3_seed=1/round_metrics.csv
R09c1d6505,待定用途,跨方法现象,PromptFL Panel C / Experiment D、局部epoch和历史机制,可说明现象在旧prompt协议下存在；有副本、失败seed与不同localE。,附录稳健性候选；不能拼成当前LoRA多seed结果。,,H2 历史PromptFL，按参与率/localE/seed另分组,PromptFL_fedavg_vit_b16_batchSize32,PromptFL,client-longtail,2026,,,已记录到第100轮或以后,1,100,21,,,,,,,,,,,60.5,19.3,22.15,26,2.849999999999998,逐类核对通过,0,Dcda2911b,,,,,,,,,,output/PromptFL_fedavg_vit_b16_batchSize32/PanelC_users30_localE3/partition=client-longtail_lambda=0.75_alpha=0.25_rho=3.0_IF=0.01_localE=3_seed=2026,output/PromptFL_fedavg_vit_b16_batchSize32/PanelC_users30_localE3/partition=client-longtail_lambda=0.75_alpha=0.25_rho=3.0_IF=0.01_localE=3_seed=2026,output/PromptFL_fedavg_vit_b16_batchSize32/PanelC_users30_localE3/partition=client-longtail_lambda=0.75_alpha=0.25_rho=3.0_IF=0.01_localE=3_seed=2026/round_metrics.csv
R74b7722e1,待定用途,跨方法现象,PromptFL Panel C / Experiment D、局部epoch和历史机制,可说明现象在旧prompt协议下存在；有副本、失败seed与不同localE。,附录稳健性候选；不能拼成当前LoRA多seed结果。,,H2 历史PromptFL，按参与率/localE/seed另分组,PromptFL_fedavg_vit_b16_batchSize32,PromptFL,client-longtail,42,,,已记录到第100轮或以后,1,100,21,,,,,,,,,,,61.16,21.55,23.2,46,1.6499999999999986,逐类核对通过,0,D18a298e2,,,,,,,,,,output/PromptFL_fedavg_vit_b16_batchSize32/PanelC_users30_localE3/partition=client-longtail_lambda=0.75_alpha=0.25_rho=3.0_IF=0.01_localE=3_seed=42,output/PromptFL_fedavg_vit_b16_batchSize32/PanelC_users30_localE3/partition=client-longtail_lambda=0.75_alpha=0.25_rho=3.0_IF=0.01_localE=3_seed=42,output/PromptFL_fedavg_vit_b16_batchSize32/PanelC_users30_localE3/partition=client-longtail_lambda=0.75_alpha=0.25_rho=3.0_IF=0.01_localE=3_seed=42/round_metrics.csv
R84f37a4c1,待定用途,跨方法现象,PromptFL Panel C / Experiment D、局部epoch和历史机制,可说明现象在旧prompt协议下存在；有副本、失败seed与不同localE。,附录稳健性候选；不能拼成当前LoRA多seed结果。,,H2 历史PromptFL，按参与率/localE/seed另分组,PromptFL_fedavg_vit_b16_batchSize32,PromptFL,client-longtail,1,,,已记录到第100轮或以后,1,100,21,,,,,,,,,,,60.58,17.5,21.4,26,3.8999999999999986,逐类核对通过,0,D71613aac,,,,,,,,,,output/PromptFL_fedavg_vit_b16_batchSize32/PanelC_users30_localE3/partition=client-longtail_lambda=0.75_alpha=0.5_rho=3.0_IF=0.01_localE=3_seed=1,output/PromptFL_fedavg_vit_b16_batchSize32/PanelC_users30_localE3/partition=client-longtail_lambda=0.75_alpha=0.5_rho=3.0_IF=0.01_localE=3_seed=1,output/PromptFL_fedavg_vit_b16_batchSize32/PanelC_users30_localE3/partition=client-longtail_lambda=0.75_alpha=0.5_rho=3.0_IF=0.01_localE=3_seed=1/round_metrics.csv
R89b2e411e,待定用途,跨方法现象,PromptFL Panel C / Experiment D、局部epoch和历史机制,可说明现象在旧prompt协议下存在；有副本、失败seed与不同localE。,附录稳健性候选；不能拼成当前LoRA多seed结果。,,H2 历史PromptFL，按参与率/localE/seed另分组,PromptFL_fedavg_vit_b16_batchSize32,PromptFL,client-longtail,2026,,,已记录到第100轮或以后,1,100,21,,,,,,,,,,,60.05,17.85,19.65,26,1.7999999999999972,逐类核对通过,0,D2816c9cd,,,,,,,,,,output/PromptFL_fedavg_vit_b16_batchSize32/PanelC_users30_localE3/partition=client-longtail_lambda=0.75_alpha=0.5_rho=3.0_IF=0.01_localE=3_seed=2026,output/PromptFL_fedavg_vit_b16_batchSize32/PanelC_users30_localE3/partition=client-longtail_lambda=0.75_alpha=0.5_rho=3.0_IF=0.01_localE=3_seed=2026,output/PromptFL_fedavg_vit_b16_batchSize32/PanelC_users30_localE3/partition=client-longtail_lambda=0.75_alpha=0.5_rho=3.0_IF=0.01_localE=3_seed=2026/round_metrics.csv
R31029c3b9,待定用途,跨方法现象,PromptFL Panel C / Experiment D、局部epoch和历史机制,可说明现象在旧prompt协议下存在；有副本、失败seed与不同localE。,附录稳健性候选；不能拼成当前LoRA多seed结果。,,H2 历史PromptFL，按参与率/localE/seed另分组,PromptFL_fedavg_vit_b16_batchSize32,PromptFL,client-longtail,42,,,已记录到第100轮或以后,1,100,21,,,,,,,,,,,60.86,19.25,20.0,16,0.75,逐类核对通过,0,D7b6908e2,,,,,,,,,,output/PromptFL_fedavg_vit_b16_batchSize32/PanelC_users30_localE3/partition=client-longtail_lambda=0.75_alpha=0.5_rho=3.0_IF=0.01_localE=3_seed=42,output/PromptFL_fedavg_vit_b16_batchSize32/PanelC_users30_localE3/partition=client-longtail_lambda=0.75_alpha=0.5_rho=3.0_IF=0.01_localE=3_seed=42,output/PromptFL_fedavg_vit_b16_batchSize32/PanelC_users30_localE3/partition=client-longtail_lambda=0.75_alpha=0.5_rho=3.0_IF=0.01_localE=3_seed=42/round_metrics.csv
R0652303d6,待定用途,跨方法现象,PromptFL Panel C / Experiment D、局部epoch和历史机制,可说明现象在旧prompt协议下存在；有副本、失败seed与不同localE。,附录稳健性候选；不能拼成当前LoRA多seed结果。,,H2 历史PromptFL，按参与率/localE/seed另分组,PromptFL_fedavg_vit_b16_batchSize32,PromptFL,client-longtail,1,,,已记录到第100轮或以后,1,100,21,,,,,,,,,,,60.58,18.35,19.25,76,0.8999999999999986,逐类核对通过,0,Df0bdf120,,,,,,,,,,output/PromptFL_fedavg_vit_b16_batchSize32/PanelC_users30_localE3/partition=client-longtail_lambda=0.75_alpha=0.75_rho=3.0_IF=0.01_localE=3_seed=1,output/PromptFL_fedavg_vit_b16_batchSize32/PanelC_users30_localE3/partition=client-longtail_lambda=0.75_alpha=0.75_rho=3.0_IF=0.01_localE=3_seed=1,output/PromptFL_fedavg_vit_b16_batchSize32/PanelC_users30_localE3/partition=client-longtail_lambda=0.75_alpha=0.75_rho=3.0_IF=0.01_localE=3_seed=1/round_metrics.csv
Rb5e154957,待定用途,跨方法现象,PromptFL Panel C / Experiment D、局部epoch和历史机制,可说明现象在旧prompt协议下存在；有副本、失败seed与不同localE。,附录稳健性候选；不能拼成当前LoRA多seed结果。,,H2 历史PromptFL，按参与率/localE/seed另分组,PromptFL_fedavg_vit_b16_batchSize32,PromptFL,client-longtail,2026,,,已记录到第100轮或以后,1,100,21,,,,,,,,,,,60.01,16.85,18.6,51,1.75,逐类核对通过,0,Dc47cdebe,,,,,,,,,,output/PromptFL_fedavg_vit_b16_batchSize32/PanelC_users30_localE3/partition=client-longtail_lambda=0.75_alpha=0.75_rho=3.0_IF=0.01_localE=3_seed=2026,output/PromptFL_fedavg_vit_b16_batchSize32/PanelC_users30_localE3/partition=client-longtail_lambda=0.75_alpha=0.75_rho=3.0_IF=0.01_localE=3_seed=2026,output/PromptFL_fedavg_vit_b16_batchSize32/PanelC_users30_localE3/partition=client-longtail_lambda=0.75_alpha=0.75_rho=3.0_IF=0.01_localE=3_seed=2026/round_metrics.csv
R893bc1916,待定用途,跨方法现象,PromptFL Panel C / Experiment D、局部epoch和历史机制,可说明现象在旧prompt协议下存在；有副本、失败seed与不同localE。,附录稳健性候选；不能拼成当前LoRA多seed结果。,,H2 历史PromptFL，按参与率/localE/seed另分组,PromptFL_fedavg_vit_b16_batchSize32,PromptFL,client-longtail,42,,,已记录到第100轮或以后,1,100,21,,,,,,,,,,,59.78,16.5,20.7,31,4.199999999999999,逐类核对通过,0,D846f4ff6,,,,,,,,,,output/PromptFL_fedavg_vit_b16_batchSize32/PanelC_users30_localE3/partition=client-longtail_lambda=0.75_alpha=0.75_rho=3.0_IF=0.01_localE=3_seed=42,output/PromptFL_fedavg_vit_b16_batchSize32/PanelC_users30_localE3/partition=client-longtail_lambda=0.75_alpha=0.75_rho=3.0_IF=0.01_localE=3_seed=42,output/PromptFL_fedavg_vit_b16_batchSize32/PanelC_users30_localE3/partition=client-longtail_lambda=0.75_alpha=0.75_rho=3.0_IF=0.01_localE=3_seed=42/round_metrics.csv
Rb0dd79cc9,待定用途,跨方法现象,PromptFL Panel C / Experiment D、局部epoch和历史机制,可说明现象在旧prompt协议下存在；有副本、失败seed与不同localE。,附录稳健性候选；不能拼成当前LoRA多seed结果。,,H2 历史PromptFL，按参与率/localE/seed另分组,PromptFL_fedavg_vit_b16_batchSize32,PromptFL,client-longtail,1,,,已记录到第100轮或以后,1,100,21,,,,,,,,,,,60.67,18.55,20.4,31,1.8499999999999979,逐类核对通过,0,D228d8e8c,,,,,,,,,,output/PromptFL_fedavg_vit_b16_batchSize32/PanelC_users30_localE3/partition=client-longtail_lambda=0.75_alpha=1.0_rho=3.0_IF=0.01_localE=3_seed=1,output/PromptFL_fedavg_vit_b16_batchSize32/PanelC_users30_localE3/partition=client-longtail_lambda=0.75_alpha=1.0_rho=3.0_IF=0.01_localE=3_seed=1,output/PromptFL_fedavg_vit_b16_batchSize32/PanelC_users30_localE3/partition=client-longtail_lambda=0.75_alpha=1.0_rho=3.0_IF=0.01_localE=3_seed=1/round_metrics.csv
R0960aecf0,待定用途,跨方法现象,PromptFL Panel C / Experiment D、局部epoch和历史机制,可说明现象在旧prompt协议下存在；有副本、失败seed与不同localE。,附录稳健性候选；不能拼成当前LoRA多seed结果。,,H2 历史PromptFL，按参与率/localE/seed另分组,PromptFL_fedavg_vit_b16_batchSize32,PromptFL,client-longtail,2026,,,已记录到第100轮或以后,1,100,21,,,,,,,,,,,60.55,18.1,19.7,36,1.5999999999999979,逐类核对通过,0,D0896118c,,,,,,,,,,output/PromptFL_fedavg_vit_b16_batchSize32/PanelC_users30_localE3/partition=client-longtail_lambda=0.75_alpha=1.0_rho=3.0_IF=0.01_localE=3_seed=2026,output/PromptFL_fedavg_vit_b16_batchSize32/PanelC_users30_localE3/partition=client-longtail_lambda=0.75_alpha=1.0_rho=3.0_IF=0.01_localE=3_seed=2026,output/PromptFL_fedavg_vit_b16_batchSize32/PanelC_users30_localE3/partition=client-longtail_lambda=0.75_alpha=1.0_rho=3.0_IF=0.01_localE=3_seed=2026/round_metrics.csv
Rf3da08eef,待定用途,跨方法现象,PromptFL Panel C / Experiment D、局部epoch和历史机制,可说明现象在旧prompt协议下存在；有副本、失败seed与不同localE。,附录稳健性候选；不能拼成当前LoRA多seed结果。,,H2 历史PromptFL，按参与率/localE/seed另分组,PromptFL_fedavg_vit_b16_batchSize32,PromptFL,client-longtail,42,,,已记录到第100轮或以后,1,100,21,,,,,,,,,,,60.82,16.9,18.55,26,1.6500000000000021,逐类核对通过,0,D571eda4b,,,,,,,,,,output/PromptFL_fedavg_vit_b16_batchSize32/PanelC_users30_localE3/partition=client-longtail_lambda=0.75_alpha=1.0_rho=3.0_IF=0.01_localE=3_seed=42,output/PromptFL_fedavg_vit_b16_batchSize32/PanelC_users30_localE3/partition=client-longtail_lambda=0.75_alpha=1.0_rho=3.0_IF=0.01_localE=3_seed=42,output/PromptFL_fedavg_vit_b16_batchSize32/PanelC_users30_localE3/partition=client-longtail_lambda=0.75_alpha=1.0_rho=3.0_IF=0.01_localE=3_seed=42/round_metrics.csv
Rd9cbd2dea,待定用途,跨方法现象,PromptFL Panel C / Experiment D、局部epoch和历史机制,可说明现象在旧prompt协议下存在；有副本、失败seed与不同localE。,附录稳健性候选；不能拼成当前LoRA多seed结果。,,H2 历史PromptFL，按参与率/localE/seed另分组,PromptFL_fedavg_vit_b16_batchSize32,PromptFL,noniid-labeldir-fine,1,,,已记录到第100轮或以后,1,100,21,,,,,,,,,,,64.24,38.95,42.3,16,3.3499999999999943,逐类核对通过,0,Df2e9b372,,,,,,,,,,output/PromptFL_fedavg_vit_b16_batchSize32/PanelC_users30_localE3/partition=noniid-labeldir-fine_alpha=0.1_IF=0.01_localE=3_seed=1,output/PromptFL_fedavg_vit_b16_batchSize32/PanelC_users30_localE3/partition=noniid-labeldir-fine_alpha=0.1_IF=0.01_localE=3_seed=1,output/PromptFL_fedavg_vit_b16_batchSize32/PanelC_users30_localE3/partition=noniid-labeldir-fine_alpha=0.1_IF=0.01_localE=3_seed=1/round_metrics.csv
Rf6302c74b,待定用途,跨方法现象,PromptFL Panel C / Experiment D、局部epoch和历史机制,可说明现象在旧prompt协议下存在；有副本、失败seed与不同localE。,附录稳健性候选；不能拼成当前LoRA多seed结果。,,H2 历史PromptFL，按参与率/localE/seed另分组,PromptFL_fedavg_vit_b16_batchSize32,PromptFL,noniid-labeldir-fine,2026,,,已记录到第100轮或以后,1,100,21,,,,,,,,,,,64.04,39.75,41.85,41,2.1000000000000014,逐类核对通过,0,Dc60dc8d5,,,,,,,,,,output/PromptFL_fedavg_vit_b16_batchSize32/PanelC_users30_localE3/partition=noniid-labeldir-fine_alpha=0.1_IF=0.01_localE=3_seed=2026,output/PromptFL_fedavg_vit_b16_batchSize32/PanelC_users30_localE3/partition=noniid-labeldir-fine_alpha=0.1_IF=0.01_localE=3_seed=2026,output/PromptFL_fedavg_vit_b16_batchSize32/PanelC_users30_localE3/partition=noniid-labeldir-fine_alpha=0.1_IF=0.01_localE=3_seed=2026/round_metrics.csv
R136cf27f0,待定用途,跨方法现象,PromptFL Panel C / Experiment D、局部epoch和历史机制,可说明现象在旧prompt协议下存在；有副本、失败seed与不同localE。,附录稳健性候选；不能拼成当前LoRA多seed结果。,,H2 历史PromptFL，按参与率/localE/seed另分组,PromptFL_fedavg_vit_b16_batchSize32,PromptFL,noniid-labeldir-fine,42,,,已记录到第100轮或以后,1,100,21,,,,,,,,,,,62.55,35.05,38.65,36,3.6000000000000014,逐类核对通过,0,D930b75fd,,,,,,,,,,output/PromptFL_fedavg_vit_b16_batchSize32/PanelC_users30_localE3/partition=noniid-labeldir-fine_alpha=0.1_IF=0.01_localE=3_seed=42,output/PromptFL_fedavg_vit_b16_batchSize32/PanelC_users30_localE3/partition=noniid-labeldir-fine_alpha=0.1_IF=0.01_localE=3_seed=42,output/PromptFL_fedavg_vit_b16_batchSize32/PanelC_users30_localE3/partition=noniid-labeldir-fine_alpha=0.1_IF=0.01_localE=3_seed=42/round_metrics.csv
R34ce67245,待定用途,跨方法现象,PromptFL Panel C / Experiment D、局部epoch和历史机制,可说明现象在旧prompt协议下存在；有副本、失败seed与不同localE。,附录稳健性候选；不能拼成当前LoRA多seed结果。,,H2 历史PromptFL，按参与率/localE/seed另分组,PromptFL_fedavg_vit_b16_batchSize32,PromptFL,noniid-labeldir-fine,1,,,已记录到第100轮或以后,1,100,21,,,,,,,,,,,64.46,38.05,39.95,66,1.9000000000000057,逐类核对通过,0,Dc4626fb8,,,,,,,,,,output/PromptFL_fedavg_vit_b16_batchSize32/PanelC_users30_localE3/partition=noniid-labeldir-fine_alpha=0.25_IF=0.01_localE=3_seed=1,output/PromptFL_fedavg_vit_b16_batchSize32/PanelC_users30_localE3/partition=noniid-labeldir-fine_alpha=0.25_IF=0.01_localE=3_seed=1,output/PromptFL_fedavg_vit_b16_batchSize32/PanelC_users30_localE3/partition=noniid-labeldir-fine_alpha=0.25_IF=0.01_localE=3_seed=1/round_metrics.csv
Re9a9007fc,待定用途,跨方法现象,PromptFL Panel C / Experiment D、局部epoch和历史机制,可说明现象在旧prompt协议下存在；有副本、失败seed与不同localE。,附录稳健性候选；不能拼成当前LoRA多seed结果。,,H2 历史PromptFL，按参与率/localE/seed另分组,PromptFL_fedavg_vit_b16_batchSize32,PromptFL,noniid-labeldir-fine,2026,,,已记录到第100轮或以后,1,100,21,,,,,,,,,,,65.17,38.95,40.3,26,1.3499999999999943,逐类核对通过,0,Dbfc53ae2,,,,,,,,,,output/PromptFL_fedavg_vit_b16_batchSize32/PanelC_users30_localE3/partition=noniid-labeldir-fine_alpha=0.25_IF=0.01_localE=3_seed=2026,output/PromptFL_fedavg_vit_b16_batchSize32/PanelC_users30_localE3/partition=noniid-labeldir-fine_alpha=0.25_IF=0.01_localE=3_seed=2026,output/PromptFL_fedavg_vit_b16_batchSize32/PanelC_users30_localE3/partition=noniid-labeldir-fine_alpha=0.25_IF=0.01_localE=3_seed=2026/round_metrics.csv
R083a82579,待定用途,跨方法现象,PromptFL Panel C / Experiment D、局部epoch和历史机制,可说明现象在旧prompt协议下存在；有副本、失败seed与不同localE。,附录稳健性候选；不能拼成当前LoRA多seed结果。,,H2 历史PromptFL，按参与率/localE/seed另分组,PromptFL_fedavg_vit_b16_batchSize32,PromptFL,noniid-labeldir-fine,42,,,已记录到第100轮或以后,1,100,21,,,,,,,,,,,64.6,39.3,41.2,56,1.9000000000000057,逐类核对通过,0,D81eae109,,,,,,,,,,output/PromptFL_fedavg_vit_b16_batchSize32/PanelC_users30_localE3/partition=noniid-labeldir-fine_alpha=0.25_IF=0.01_localE=3_seed=42,output/PromptFL_fedavg_vit_b16_batchSize32/PanelC_users30_localE3/partition=noniid-labeldir-fine_alpha=0.25_IF=0.01_localE=3_seed=42,output/PromptFL_fedavg_vit_b16_batchSize32/PanelC_users30_localE3/partition=noniid-labeldir-fine_alpha=0.25_IF=0.01_localE=3_seed=42/round_metrics.csv
R0e811700a,待定用途,跨方法现象,PromptFL Panel C / Experiment D、局部epoch和历史机制,可说明现象在旧prompt协议下存在；有副本、失败seed与不同localE。,附录稳健性候选；不能拼成当前LoRA多seed结果。,,H2 历史PromptFL，按参与率/localE/seed另分组,PromptFL_fedavg_vit_b16_batchSize32,PromptFL,noniid-labeldir-fine,1,,,已记录到第100轮或以后,1,100,21,,,,,,,,,,,64.55,37.25,39.6,56,2.3500000000000014,逐类核对通过,0,Dd3dc83f9,,,,,,,,,,output/PromptFL_fedavg_vit_b16_batchSize32/PanelC_users30_localE3/partition=noniid-labeldir-fine_alpha=0.5_IF=0.01_localE=3_seed=1,output/PromptFL_fedavg_vit_b16_batchSize32/PanelC_users30_localE3/partition=noniid-labeldir-fine_alpha=0.5_IF=0.01_localE=3_seed=1,output/PromptFL_fedavg_vit_b16_batchSize32/PanelC_users30_localE3/partition=noniid-labeldir-fine_alpha=0.5_IF=0.01_localE=3_seed=1/round_metrics.csv
R6111d9ed5,待定用途,跨方法现象,PromptFL Panel C / Experiment D、局部epoch和历史机制,可说明现象在旧prompt协议下存在；有副本、失败seed与不同localE。,附录稳健性候选；不能拼成当前LoRA多seed结果。,,H2 历史PromptFL，按参与率/localE/seed另分组,PromptFL_fedavg_vit_b16_batchSize32,PromptFL,noniid-labeldir-fine,2026,,,已记录到第100轮或以后,1,100,21,,,,,,,,,,,64.04,36.85,39.75,91,2.8999999999999986,逐类核对通过,0,D803df476,,,,,,,,,,output/PromptFL_fedavg_vit_b16_batchSize32/PanelC_users30_localE3/partition=noniid-labeldir-fine_alpha=0.5_IF=0.01_localE=3_seed=2026,output/PromptFL_fedavg_vit_b16_batchSize32/PanelC_users30_localE3/partition=noniid-labeldir-fine_alpha=0.5_IF=0.01_localE=3_seed=2026,output/PromptFL_fedavg_vit_b16_batchSize32/PanelC_users30_localE3/partition=noniid-labeldir-fine_alpha=0.5_IF=0.01_localE=3_seed=2026/round_metrics.csv
Rb60819bc8,待定用途,跨方法现象,PromptFL Panel C / Experiment D、局部epoch和历史机制,可说明现象在旧prompt协议下存在；有副本、失败seed与不同localE。,附录稳健性候选；不能拼成当前LoRA多seed结果。,,H2 历史PromptFL，按参与率/localE/seed另分组,PromptFL_fedavg_vit_b16_batchSize32,PromptFL,noniid-labeldir-fine,42,,,已记录到第100轮或以后,1,100,21,,,,,,,,,,,65.1,40.15,43.1,76,2.950000000000003,逐类核对通过,0,D308fde45,,,,,,,,,,output/PromptFL_fedavg_vit_b16_batchSize32/PanelC_users30_localE3/partition=noniid-labeldir-fine_alpha=0.5_IF=0.01_localE=3_seed=42,output/PromptFL_fedavg_vit_b16_batchSize32/PanelC_users30_localE3/partition=noniid-labeldir-fine_alpha=0.5_IF=0.01_localE=3_seed=42,output/PromptFL_fedavg_vit_b16_batchSize32/PanelC_users30_localE3/partition=noniid-labeldir-fine_alpha=0.5_IF=0.01_localE=3_seed=42/round_metrics.csv
R3d6f4fc27,待定用途,跨方法现象,PromptFL Panel C / Experiment D、局部epoch和历史机制,可说明现象在旧prompt协议下存在；有副本、失败seed与不同localE。,附录稳健性候选；不能拼成当前LoRA多seed结果。,本地未发现标准精度CSV；部分诊断入口按设计在全局测试前结束。,H2 历史PromptFL，按参与率/localE/seed另分组,PromptFL_fedavg_vit_b16_batchSize32,,noniid-labeldir-fine,1,,,只有日志或配置，未发现精度结果,,,0,,,,,,,,,,,,,,,,缺少可交叉核对的分组或逐类文件,0,,,,,,,,,,,output/PromptFL_fedavg_vit_b16_batchSize32/PanelC_users30_localE3/partition=noniid-labeldir-fine_alpha=0.75_IF=0.01_localE=3_seed=1,output/PromptFL_fedavg_vit_b16_batchSize32/PanelC_users30_localE3/partition=noniid-labeldir-fine_alpha=0.75_IF=0.01_localE=3_seed=1,per_class CSV
Rbf0219364,待定用途,跨方法现象,PromptFL Panel C / Experiment D、局部epoch和历史机制,可说明现象在旧prompt协议下存在；有副本、失败seed与不同localE。,附录稳健性候选；不能拼成当前LoRA多seed结果。,,H2 历史PromptFL，按参与率/localE/seed另分组,PromptFL_fedavg_vit_b16_batchSize32,PromptFL,noniid-labeldir-fine,2026,,,已记录到第100轮或以后,1,100,21,,,,,,,,,,,64.37,36.7,39.95,41,3.25,逐类核对通过,0,D1fd1f078,,,,,,,,,,output/PromptFL_fedavg_vit_b16_batchSize32/PanelC_users30_localE3/partition=noniid-labeldir-fine_alpha=0.75_IF=0.01_localE=3_seed=2026,output/PromptFL_fedavg_vit_b16_batchSize32/PanelC_users30_localE3/partition=noniid-labeldir-fine_alpha=0.75_IF=0.01_localE=3_seed=2026,output/PromptFL_fedavg_vit_b16_batchSize32/PanelC_users30_localE3/partition=noniid-labeldir-fine_alpha=0.75_IF=0.01_localE=3_seed=2026/round_metrics.csv
R34294fa5c,待定用途,跨方法现象,PromptFL Panel C / Experiment D、局部epoch和历史机制,可说明现象在旧prompt协议下存在；有副本、失败seed与不同localE。,附录稳健性候选；不能拼成当前LoRA多seed结果。,,H2 历史PromptFL，按参与率/localE/seed另分组,PromptFL_fedavg_vit_b16_batchSize32,PromptFL,noniid-labeldir-fine,42,,,已记录到第100轮或以后,1,100,21,,,,,,,,,,,63.26,36.4,40.3,66,3.8999999999999986,逐类核对通过,0,Dd21b9962,,,,,,,,,,output/PromptFL_fedavg_vit_b16_batchSize32/PanelC_users30_localE3/partition=noniid-labeldir-fine_alpha=0.75_IF=0.01_localE=3_seed=42,output/PromptFL_fedavg_vit_b16_batchSize32/PanelC_users30_localE3/partition=noniid-labeldir-fine_alpha=0.75_IF=0.01_localE=3_seed=42,output/PromptFL_fedavg_vit_b16_batchSize32/PanelC_users30_localE3/partition=noniid-labeldir-fine_alpha=0.75_IF=0.01_localE=3_seed=42/round_metrics.csv
R732afc73c,待定用途,跨方法现象,PromptFL Panel C / Experiment D、局部epoch和历史机制,可说明现象在旧prompt协议下存在；有副本、失败seed与不同localE。,附录稳健性候选；不能拼成当前LoRA多seed结果。,本地未发现标准精度CSV；部分诊断入口按设计在全局测试前结束。,H2 历史PromptFL，按参与率/localE/seed另分组,PromptFL_fedavg_vit_b16_batchSize32,,noniid-labeldir-fine,1,,,只有日志或配置，未发现精度结果,,,0,,,,,,,,,,,,,,,,缺少可交叉核对的分组或逐类文件,0,,,,,,,,,,,output/PromptFL_fedavg_vit_b16_batchSize32/PanelC_users30_localE3/partition=noniid-labeldir-fine_alpha=1.0_IF=0.01_localE=3_seed=1,output/PromptFL_fedavg_vit_b16_batchSize32/PanelC_users30_localE3/partition=noniid-labeldir-fine_alpha=1.0_IF=0.01_localE=3_seed=1,per_class CSV
R2fece5747,待定用途,跨方法现象,PromptFL Panel C / Experiment D、局部epoch和历史机制,可说明现象在旧prompt协议下存在；有副本、失败seed与不同localE。,附录稳健性候选；不能拼成当前LoRA多seed结果。,,H2 历史PromptFL，按参与率/localE/seed另分组,PromptFL_fedavg_vit_b16_batchSize32,PromptFL,noniid-labeldir-fine,2026,,,已记录到第100轮或以后,1,100,21,,,,,,,,,,,64.68,38.1,40.45,46,2.3500000000000014,逐类核对通过,0,D2b39c237,,,,,,,,,,output/PromptFL_fedavg_vit_b16_batchSize32/PanelC_users30_localE3/partition=noniid-labeldir-fine_alpha=1.0_IF=0.01_localE=3_seed=2026,output/PromptFL_fedavg_vit_b16_batchSize32/PanelC_users30_localE3/partition=noniid-labeldir-fine_alpha=1.0_IF=0.01_localE=3_seed=2026,output/PromptFL_fedavg_vit_b16_batchSize32/PanelC_users30_localE3/partition=noniid-labeldir-fine_alpha=1.0_IF=0.01_localE=3_seed=2026/round_metrics.csv
R72d919e2c,待定用途,跨方法现象,PromptFL Panel C / Experiment D、局部epoch和历史机制,可说明现象在旧prompt协议下存在；有副本、失败seed与不同localE。,附录稳健性候选；不能拼成当前LoRA多seed结果。,,H2 历史PromptFL，按参与率/localE/seed另分组,PromptFL_fedavg_vit_b16_batchSize32,PromptFL,noniid-labeldir-fine,42,,,已记录到第100轮或以后,1,100,21,,,,,,,,,,,63.87,37.15,38.9,71,1.75,逐类核对通过,0,D06b7b46e,,,,,,,,,,output/PromptFL_fedavg_vit_b16_batchSize32/PanelC_users30_localE3/partition=noniid-labeldir-fine_alpha=1.0_IF=0.01_localE=3_seed=42,output/PromptFL_fedavg_vit_b16_batchSize32/PanelC_users30_localE3/partition=noniid-labeldir-fine_alpha=1.0_IF=0.01_localE=3_seed=42,output/PromptFL_fedavg_vit_b16_batchSize32/PanelC_users30_localE3/partition=noniid-labeldir-fine_alpha=1.0_IF=0.01_localE=3_seed=42/round_metrics.csv
R2bb38682d,待定用途,配置与稳健性,固定 A rank2/4/8 对照,rank4略优；alpha固定导致rank与缩放同时变化，不能得出纯容量结论。,作为配置出处/附录；不需继续无目的扫rank。,,P6 固定A/rank扫描或预算对齐CAPT（逐行区分）,rank4_fedavg_analysis,ClipLora,client-longtail,42,4,fp32,已记录到第100轮或以后,0,100,101,81,100,67.681,77.3575,64.42416666666666,67.775,67.6575,73.16857142857143,64.13571428571429,65.41499999999999,67.72,67.5,68.05,86,0.5499999999999972,逐类核对通过,0,,,冻结A，只更新B；每轮3 epoch,无,普通 CE,按样本量聚合,,,,,output/rank4_fedavg_analysis/output/cifar100_LT/v2_rank_sweep/seed42/rank4_fedavg,output/rank4_fedavg_analysis/output/cifar100_LT/v2_rank_sweep/seed42/rank4_fedavg,output/rank4_fedavg_analysis/output/cifar100_LT/v2_rank_sweep/seed42/rank4_fedavg/round_metrics.csv
R8e7bd9987,待定用途,配置与稳健性,固定 A rank2/4/8 对照,rank4略优；alpha固定导致rank与缩放同时变化，不能得出纯容量结论。,作为配置出处/附录；不需继续无目的扫rank。,,P6 固定A/rank扫描或预算对齐CAPT（逐行区分）,rank8_fedavg_analysis,ClipLora,client-longtail,42,8,fp32,已记录到第100轮或以后,0,100,101,81,100,67.3695,75.245,64.68333333333334,67.5525,67.32374999999999,71.55857142857143,64.4857142857143,65.84666666666666,67.51,67.6,67.85,51,0.25,逐类核对通过,0,,,冻结A，只更新B；每轮3 epoch,无,普通 CE,按样本量聚合,,,,,output/rank8_fedavg_analysis/output/cifar100_LT/v2_rank_sweep/seed42/rank8_fedavg,output/rank8_fedavg_analysis/output/cifar100_LT/v2_rank_sweep/seed42/rank8_fedavg,output/rank8_fedavg_analysis/output/cifar100_LT/v2_rank_sweep/seed42/rank8_fedavg/round_metrics.csv
Ra7187b8d5,建议归档,旧 A/B 方案,private B / selective sync L1/L3/L5/L10,该路线与最终单一共享模型及当前SFRA方法不同；不能替代主方法A/B消融。,保留结果和实现，停止作为当前论文主实验扩展。,,H5 其他历史协议；仅在同配置内比较,selective_sync_v1_training_check,ClipLora,client-longtail,42,2,amp,已记录到第100轮或以后,0,100,101,81,100,67.624,,,67.1925,67.731875,,,,67.62,66.95,67.9,73,0.9500000000000028,逐类核对通过,0,,,冻结A，只更新客户端私有B,无独立A更新,普通 CE,私有B持续保留；Top-1类别投影/回溯接收保护,,,,,output/selective_sync_v1_training_check/L1,output/selective_sync_v1_training_check/L1,output/selective_sync_v1_training_check/L1/round_metrics.csv
R5edcf578e,建议归档,旧 A/B 方案,private B / selective sync L1/L3/L5/L10,该路线与最终单一共享模型及当前SFRA方法不同；不能替代主方法A/B消融。,保留结果和实现，停止作为当前论文主实验扩展。,,H5 其他历史协议；仅在同配置内比较,selective_sync_v1_training_check,ClipLora,client-longtail,42,2,amp,已记录到第100轮或以后,0,100,101,81,100,68.185,,,67.1875,68.434375,,,,68.26,66.9,67.6,32,0.6999999999999886,逐类核对通过,0,,,冻结A，只更新客户端私有B,无独立A更新,普通 CE,私有B持续保留；Top-10类别投影/回溯接收保护,,,,,output/selective_sync_v1_training_check/L10,output/selective_sync_v1_training_check/L10,output/selective_sync_v1_training_check/L10/round_metrics.csv
R46e1e8991,建议归档,旧 A/B 方案,private B / selective sync L1/L3/L5/L10,该路线与最终单一共享模型及当前SFRA方法不同；不能替代主方法A/B消融。,保留结果和实现，停止作为当前论文主实验扩展。,,H5 其他历史协议；仅在同配置内比较,selective_sync_v1_training_check,ClipLora,client-longtail,42,2,amp,已记录到第100轮或以后,0,100,101,81,100,68.108,,,67.08500000000001,68.36375000000001,,,,68.11,66.9,67.75,50,0.8499999999999943,逐类核对通过,0,,,冻结A，只更新客户端私有B,无独立A更新,普通 CE,私有B持续保留；Top-3类别投影/回溯接收保护,,,,,output/selective_sync_v1_training_check/L3,output/selective_sync_v1_training_check/L3,output/selective_sync_v1_training_check/L3/round_metrics.csv
R23c111241,建议归档,旧 A/B 方案,private B / selective sync L1/L3/L5/L10,该路线与最终单一共享模型及当前SFRA方法不同；不能替代主方法A/B消融。,保留结果和实现，停止作为当前论文主实验扩展。,,H5 其他历史协议；仅在同配置内比较,selective_sync_v1_training_check,ClipLora,client-longtail,42,2,amp,已记录到第100轮或以后,0,100,101,81,100,68.14349999999999,,,67.0275,68.4225,,,,68.13,66.7,67.6,30,0.8999999999999915,逐类核对通过,0,,,冻结A，只更新客户端私有B,无独立A更新,普通 CE,私有B持续保留；Top-5类别投影/回溯接收保护,,,,,output/selective_sync_v1_training_check/L5,output/selective_sync_v1_training_check/L5,output/selective_sync_v1_training_check/L5/round_metrics.csv
R42b48f11a,必须保留,5 辅助方法 B,uniform8 × 有无旧B迁移的必要负对照,uniform8下B额外late Tail仅+0.0225；更换权重并未显示大幅增益。,保留弱收益证据；不能与A-only样本权重基线跨配方直接归因。,,P5 SFRA/rank4/FP32/LA/Client-LT（执行版本另核）,sfra_b_aggregation_analysis,sfra_full-cp_bagg_uniform8_b_transfer,client-longtail,42,,,完成标记与曲线一致,0,100,101,81,100,70.655,76.02250000000001,68.73333333333333,71.0525,70.55562499999999,73.07285714285715,68.62714285714286,70.2,70.77,70.75,71.65,56,0.9000000000000057,逐类核对通过,0,,,,,,,105600,31680,137280,270,output/sfra_b_aggregation_analysis/sfra_b_aggregation/seed42/client-longtail/full-cp/lambda10_mu1_protocol42_b_lr0.3_probe0.1_reg0.001_bagg_uniform8_fast,output/sfra_b_aggregation_analysis/sfra_b_aggregation/seed42/client-longtail/full-cp/lambda10_mu1_protocol42_b_lr0.3_probe0.1_reg0.001_bagg_uniform8_fast,output/sfra_b_aggregation_analysis/sfra_b_aggregation/seed42/client-longtail/full-cp/lambda10_mu1_protocol42_b_lr0.3_probe0.1_reg0.001_bagg_uniform8_fast/round_metrics.csv
Rc84498c4f,必须保留,5 辅助方法 B,uniform8 × 有无旧B迁移的必要负对照,uniform8下B额外late Tail仅+0.0225；更换权重并未显示大幅增益。,保留弱收益证据；不能与A-only样本权重基线跨配方直接归因。,,P5 SFRA/rank4/FP32/LA/Client-LT（执行版本另核）,sfra_b_aggregation_analysis,sfra_full-cp_bagg_uniform8,client-longtail,42,,,完成标记与曲线一致,0,100,101,81,100,70.625,76.035,68.68666666666667,71.03,70.52374999999999,73.07285714285715,68.57428571428571,70.16166666666666,70.75,70.75,71.65,57,0.9000000000000057,逐类核对通过,0,,,,,,,105600,31680,137280,270,output/sfra_b_aggregation_analysis/sfra_b_aggregation/seed42/client-longtail/full-cp/lambda10_mu1_protocol42_bagg_uniform8_fast,output/sfra_b_aggregation_analysis/sfra_b_aggregation/seed42/client-longtail/full-cp/lambda10_mu1_protocol42_bagg_uniform8_fast,output/sfra_b_aggregation_analysis/sfra_b_aggregation/seed42/client-longtail/full-cp/lambda10_mu1_protocol42_bagg_uniform8_fast/round_metrics.csv
R852d06edf,必须保留,5 辅助方法 B,当前共享 B 迁移及 A-only 对照,对 A-only late Tail+0.1525，Overall+0.0695，Few30约+0.3717；单seed增益较小。,若论文保留B模块，此对照必须保留，但不足以声称显著抗遗忘。,,P5 SFRA/rank4/FP32/LA/Client-LT（执行版本另核）,sfra_b_shared_transfer_analysis,sfra_full-cp_b_shared_transfer,client-longtail,42,,,完成标记与曲线一致,0,100,101,81,100,70.7025,76.16,68.755,71.0875,70.60625,73.15142857142857,68.46142857142857,70.46000000000001,70.82,70.8,71.8,54,1.0,逐类核对通过,0,,,,,,,105600,31680,137280,270,output/sfra_b_shared_transfer_analysis/sfra_b_shared_transfer/seed42/client-longtail/full-cp/lambda10_mu1_protocol42_bshared_b_lr0.3_probe0.1_reg0.001_fast_v2_f64_c4,output/sfra_b_shared_transfer_analysis/sfra_b_shared_transfer/seed42/client-longtail/full-cp/lambda10_mu1_protocol42_bshared_b_lr0.3_probe0.1_reg0.001_fast_v2_f64_c4,output/sfra_b_shared_transfer_analysis/sfra_b_shared_transfer/seed42/client-longtail/full-cp/lambda10_mu1_protocol42_bshared_b_lr0.3_probe0.1_reg0.001_fast_v2_f64_c4/round_metrics.csv
R637027cbc,待定用途,5 辅助方法 B,旧版接收端 B 迁移学习率扫描,lr0.03/0.1/0.3均只有很小正向差异；与共享B实现不同。,作为版本追踪或附录；停止扩大旧版扫描，优先检验共享B实际价值。,,P5 SFRA/rank4/FP32/LA/Client-LT（执行版本另核）,sfra_b_transfer_run2_analysis,sfra_full-cp_b_transfer,client-longtail,42,,,完成标记与曲线一致,0,100,101,81,100,70.63550000000001,76.0875,68.71583333333334,70.9425,70.55875,73.12285714285714,68.60714285714286,70.1,70.79,70.65,71.65,57,1.0,逐类核对通过,0,,,,,,,105600,31680,137280,270,output/sfra_b_transfer_run2_analysis/sfra_b_transfer_run2/seed42/client-longtail/full-cp/lambda10_mu1_protocol42_b_lr0.03_probe0.1_reg0.001,output/sfra_b_transfer_run2_analysis/sfra_b_transfer_run2/seed42/client-longtail/full-cp/lambda10_mu1_protocol42_b_lr0.03_probe0.1_reg0.001,output/sfra_b_transfer_run2_analysis/sfra_b_transfer_run2/seed42/client-longtail/full-cp/lambda10_mu1_protocol42_b_lr0.03_probe0.1_reg0.001/round_metrics.csv
R1a414fa13,待定用途,5 辅助方法 B,旧版接收端 B 迁移学习率扫描,lr0.03/0.1/0.3均只有很小正向差异；与共享B实现不同。,作为版本追踪或附录；停止扩大旧版扫描，优先检验共享B实际价值。,,P5 SFRA/rank4/FP32/LA/Client-LT（执行版本另核）,sfra_b_transfer_run2_analysis,sfra_full-cp_b_transfer,client-longtail,42,,,完成标记与曲线一致,0,100,101,81,100,70.64450000000001,76.09,68.72833333333332,70.9475,70.56875,73.12714285714286,68.61714285714285,70.11333333333333,70.81,70.65,71.65,57,1.0,逐类核对通过,0,,,,,,,105600,31680,137280,270,output/sfra_b_transfer_run2_analysis/sfra_b_transfer_run2/seed42/client-longtail/full-cp/lambda10_mu1_protocol42_b_lr0.1_probe0.1_reg0.001,output/sfra_b_transfer_run2_analysis/sfra_b_transfer_run2/seed42/client-longtail/full-cp/lambda10_mu1_protocol42_b_lr0.1_probe0.1_reg0.001,output/sfra_b_transfer_run2_analysis/sfra_b_transfer_run2/seed42/client-longtail/full-cp/lambda10_mu1_protocol42_b_lr0.1_probe0.1_reg0.001/round_metrics.csv
R5e75471ac,待定用途,5 辅助方法 B,旧版接收端 B 迁移学习率扫描,lr0.03/0.1/0.3均只有很小正向差异；与共享B实现不同。,作为版本追踪或附录；停止扩大旧版扫描，优先检验共享B实际价值。,,P5 SFRA/rank4/FP32/LA/Client-LT（执行版本另核）,sfra_b_transfer_run2_analysis,sfra_full-cp_b_transfer,client-longtail,42,,,完成标记与曲线一致,0,100,101,81,100,70.6685,76.08500000000001,68.76,70.97749999999999,70.59125,73.12714285714286,68.66,70.14333333333333,70.82,70.65,71.6,56,0.9499999999999886,逐类核对通过,0,,,,,,,105600,31680,137280,270,output/sfra_b_transfer_run2_analysis/sfra_b_transfer_run2/seed42/client-longtail/full-cp/lambda10_mu1_protocol42_b_lr0.3_probe0.1_reg0.001,output/sfra_b_transfer_run2_analysis/sfra_b_transfer_run2/seed42/client-longtail/full-cp/lambda10_mu1_protocol42_b_lr0.3_probe0.1_reg0.001,output/sfra_b_transfer_run2_analysis/sfra_b_transfer_run2/seed42/client-longtail/full-cp/lambda10_mu1_protocol42_b_lr0.3_probe0.1_reg0.001/round_metrics.csv
Rb3ae9e611,待定用途,4 主方法 A,Full-CP 主方法与分类正则 μ 扫描,μ1 late Tail70.935、Overall70.633；μ3提高头中部但降低尾类保持。,保留μ敏感性全结果，说明头中部恢复与尾部保持的权衡。,,P5 SFRA/rank4/FP32/LA/Client-LT（执行版本另核）,sfra_cp_analysis,sfra_full-cp,client-longtail,42,,,完成标记与曲线一致,0,100,101,81,100,70.59,76.05,68.61833333333333,71.045,70.47625000000001,73.08285714285714,68.45714285714286,70.17,70.69,70.75,71.6,63,0.8499999999999943,逐类核对通过,0,,,,,,,105600,31680,137280,270,output/sfra_cp_analysis/sfra_cp/seed42/client-longtail/full-cp/lambda10_mu0.3_protocol42,output/sfra_cp_analysis/sfra_cp/seed42/client-longtail/full-cp/lambda10_mu0.3_protocol42,output/sfra_cp_analysis/sfra_cp/seed42/client-longtail/full-cp/lambda10_mu0.3_protocol42/round_metrics.csv
R29b405139,必须保留,4 主方法 A,Full-CP 主方法与分类正则 μ 扫描,μ1 late Tail70.935、Overall70.633；μ3提高头中部但降低尾类保持。,μ1作为当前约定主设置；μ0.3/3完整保留为敏感性，勿按测试峰值选优。,,P5 SFRA/rank4/FP32/LA/Client-LT（执行版本另核）,sfra_cp_analysis,sfra_full-cp,client-longtail,42,,,完成标记与曲线一致,0,100,101,81,100,70.63300000000001,76.10499999999999,68.70833333333334,70.935,70.5575,73.13142857142857,68.60142857142857,70.08833333333334,70.79,70.65,71.65,57,1.0,逐类核对通过,0,,,,,,,105600,31680,137280,270,output/sfra_cp_analysis/sfra_cp/seed42/client-longtail/full-cp/lambda10_mu1_protocol42,output/sfra_cp_analysis/sfra_cp/seed42/client-longtail/full-cp/lambda10_mu1_protocol42,output/sfra_cp_analysis/sfra_cp/seed42/client-longtail/full-cp/lambda10_mu1_protocol42/round_metrics.csv
Ra116c9874,待定用途,4 主方法 A,Full-CP 主方法与分类正则 μ 扫描,μ1 late Tail70.935、Overall70.633；μ3提高头中部但降低尾类保持。,保留μ敏感性全结果，说明头中部恢复与尾部保持的权衡。,,P5 SFRA/rank4/FP32/LA/Client-LT（执行版本另核）,sfra_cp_analysis,sfra_full-cp,client-longtail,42,,,完成标记与曲线一致,0,100,101,81,100,70.72200000000001,76.215,68.975,70.47,70.785,73.28999999999999,69.01,69.72333333333333,70.8,69.95,71.6,52,1.6499999999999915,逐类核对通过,0,,,,,,,105600,31680,137280,270,output/sfra_cp_analysis/sfra_cp/seed42/client-longtail/full-cp/lambda10_mu3_protocol42,output/sfra_cp_analysis/sfra_cp/seed42/client-longtail/full-cp/lambda10_mu3_protocol42,output/sfra_cp_analysis/sfra_cp/seed42/client-longtail/full-cp/lambda10_mu3_protocol42/round_metrics.csv
R2026b9a85,必须保留,4 主方法 A,Flat-CP 去掉来源优先级,Full-CP比Flat-CP末20轮Tail高0.880点；Overall低0.0795点；回落少1.10点。,保留单因素规则对照，注明fast执行路径差异；补齐同版Current-CP。,,P5 SFRA/rank4/FP32/LA/Client-LT（执行版本另核）,sfra_cp_analysis_new,sfra_flat-cp,client-longtail,42,,,完成标记与曲线一致,0,100,101,81,100,70.7125,76.175,69.11083333333333,70.05499999999999,70.876875,73.2357142857143,69.31,69.405,70.84,69.55,71.65,52,2.1000000000000085,逐类核对通过,0,,,,,,,105600,31680,137280,270,output/sfra_cp_analysis_new/sfra_cp/seed42/client-longtail/flat-cp/lambda10_mu1_protocol42_fast,output/sfra_cp_analysis_new/sfra_cp/seed42/client-longtail/flat-cp/lambda10_mu1_protocol42_fast,output/sfra_cp_analysis_new/sfra_cp/seed42/client-longtail/flat-cp/lambda10_mu1_protocol42_fast/round_metrics.csv
R5f5e239d9,待定用途,4 主方法 A,来源、历史功能目标与功能修正的早期对照,Full λ10较同频 S 提高 Tail，牺牲部分 Overall；Current/Flat 是无CP的旧消融。,旧无CP消融或λ敏感性；不得用current代替current-cp。,,P5 SFRA/rank4/FP32/LA/Client-LT（执行版本另核）,sfra_v1_analysis,sfra_current,client-longtail,42,,,完成标记与曲线一致,0,100,101,81,100,70.861,76.75,69.53083333333333,68.9625,71.33562500000001,73.84857142857143,69.94285714285715,68.44666666666667,71.0,68.55,71.8,48,3.25,逐类核对通过,0,,,,,,,105600,31680,137280,270,output/sfra_v1_analysis/sfra_v1/seed42/client-longtail/current/lambda10_protocol42,output/sfra_v1_analysis/sfra_v1/seed42/client-longtail/current/lambda10_protocol42,output/sfra_v1_analysis/sfra_v1/seed42/client-longtail/current/lambda10_protocol42/round_metrics.csv
R8b135d778,待定用途,4 主方法 A,来源、历史功能目标与功能修正的早期对照,Full λ10较同频 S 提高 Tail，牺牲部分 Overall；Current/Flat 是无CP的旧消融。,旧无CP消融或λ敏感性；不得用current代替current-cp。,,P5 SFRA/rank4/FP32/LA/Client-LT（执行版本另核）,sfra_v1_analysis,sfra_flat,client-longtail,42,,,完成标记与曲线一致,0,100,101,81,100,70.7005,76.1575,69.06,70.16499999999999,70.834375,73.20285714285714,69.22142857142856,69.50666666666667,70.8,69.65,71.6,50,1.9499999999999886,逐类核对通过,0,,,,,,,105600,31680,137280,270,output/sfra_v1_analysis/sfra_v1/seed42/client-longtail/flat/lambda10_protocol42,output/sfra_v1_analysis/sfra_v1/seed42/client-longtail/flat/lambda10_protocol42,output/sfra_v1_analysis/sfra_v1/seed42/client-longtail/flat/lambda10_protocol42/round_metrics.csv
R23269e0bb,必须保留,4 主方法 A,来源、历史功能目标与功能修正的早期对照,Full λ10较同频 S 提高 Tail，牺牲部分 Overall；Current/Flat 是无CP的旧消融。,Full λ10作无CP消融；其余作为历史证据或超参附录。,,P5 SFRA/rank4/FP32/LA/Client-LT（执行版本另核）,sfra_v1_analysis,sfra_full,client-longtail,42,,,完成标记与曲线一致,0,100,101,81,100,70.565,76.025,68.57583333333334,71.0725,70.438125,73.05571428571429,68.39,70.19666666666667,70.67,70.85,71.55,64,0.7000000000000028,逐类核对通过,0,,,,,,,105600,31680,137280,270,output/sfra_v1_analysis/sfra_v1/seed42/client-longtail/full/lambda10_protocol42,output/sfra_v1_analysis/sfra_v1/seed42/client-longtail/full/lambda10_protocol42,output/sfra_v1_analysis/sfra_v1/seed42/client-longtail/full/lambda10_protocol42/round_metrics.csv
Rc28294125,待定用途,4 主方法 A,来源、历史功能目标与功能修正的早期对照,Full λ10较同频 S 提高 Tail，牺牲部分 Overall；Current/Flat 是无CP的旧消融。,旧无CP消融或λ敏感性；不得用current代替current-cp。,,P5 SFRA/rank4/FP32/LA/Client-LT（执行版本另核）,sfra_v1_analysis,sfra_full,client-longtail,42,,,完成标记与曲线一致,0,100,101,81,100,70.88300000000001,76.75,69.57833333333333,68.92999999999999,71.37125,73.85714285714286,69.97999999999999,68.46666666666667,71.05,68.6,71.8,48,3.200000000000003,逐类核对通过,0,,,,,,,105600,31680,137280,270,output/sfra_v1_analysis/sfra_v1/seed42/client-longtail/full/lambda1_protocol42,output/sfra_v1_analysis/sfra_v1/seed42/client-longtail/full/lambda1_protocol42,output/sfra_v1_analysis/sfra_v1/seed42/client-longtail/full/lambda1_protocol42/round_metrics.csv
Rff2ff9082,待定用途,4 主方法 A,来源、历史功能目标与功能修正的早期对照,Full λ10较同频 S 提高 Tail，牺牲部分 Overall；Current/Flat 是无CP的旧消融。,旧无CP消融或λ敏感性；不得用current代替current-cp。,,P5 SFRA/rank4/FP32/LA/Client-LT（执行版本另核）,sfra_v1_analysis,sfra_full,client-longtail,42,,,完成标记与曲线一致,0,100,101,81,100,70.7975,76.5025,69.37,69.375,71.153125,73.57285714285715,69.69428571428571,68.84666666666666,70.9,68.95,71.75,49,2.799999999999997,逐类核对通过,0,,,,,,,105600,31680,137280,270,output/sfra_v1_analysis/sfra_v1/seed42/client-longtail/full/lambda3_protocol42,output/sfra_v1_analysis/sfra_v1/seed42/client-longtail/full/lambda3_protocol42,output/sfra_v1_analysis/sfra_v1/seed42/client-longtail/full/lambda3_protocol42/round_metrics.csv
R509ebd0c0,建议归档,旧 gate / oracle,短程gate、oracle及两轮验证,不能替代100轮单共享模型的适配与保持验证。,停止作为论文主结果；留工程/可行性历史。,,H5 其他历史协议；仅在同配置内比较,stage3_two_round_seed42,ClipLora,client-longtail-controlled,42,2,fp32,短运行或本地结果不完整,0,2,3,,,,,,,,,,,65.16,66.45,66.45,2,0.0,逐类核对通过,0,,,,,,fedavg,,,,,output/stage3_two_round_seed42/combined,output/stage3_two_round_seed42/combined,output/stage3_two_round_seed42/combined/round_metrics.csv
Rc687c356e,建议归档,旧 gate / oracle,短程gate、oracle及两轮验证,不能替代100轮单共享模型的适配与保持验证。,停止作为论文主结果；留工程/可行性历史。,,H5 其他历史协议；仅在同配置内比较,stage3_two_round_seed42,ClipLora,client-longtail-controlled,42,2,fp32,短运行或本地结果不完整,0,2,3,,,,,,,,,,,65.16,66.4,66.4,1,0.0,逐类核对通过,0,,,,,,fedavg,,,,,output/stage3_two_round_seed42/fedavg,output/stage3_two_round_seed42/fedavg,output/stage3_two_round_seed42/fedavg/round_metrics.csv
Rdb20dc643,建议归档,旧 gate / oracle,短程gate、oracle及两轮验证,不能替代100轮单共享模型的适配与保持验证。,停止作为论文主结果；留工程/可行性历史。,,H5 其他历史协议；仅在同配置内比较,stage3_two_round_seed42,ClipLora,client-longtail-controlled,42,2,fp32,短运行或本地结果不完整,0,2,3,,,,,,,,,,,65.17,66.45,66.45,2,0.0,逐类核对通过,0,,,,,,fedavg,,,,,output/stage3_two_round_seed42/random_proposal,output/stage3_two_round_seed42/random_proposal,output/stage3_two_round_seed42/random_proposal/round_metrics.csv
R522ccee8e,建议归档,旧日志结果,test目录的旧ACPFL评测日志,日志末次Overall94.04%；Head/Medium/Tail标签为旧75%/95%/5%口径，不可当当前Tail20。,保存日志独立摘要；不并入当前CIFAR100-LT正式主表。,日志有准确率，已另表保存；分组与轮次未按当前协议核实，不冒充Tail20曲线。,H5 其他历史协议；仅在同配置内比较,test,,,,,,只有日志评测摘要，未发现标准逐轮CSV,,,0,,,,,,,,,,,,,,,,缺少可交叉核对的分组或逐类文件,0,,,,,,,,,,,output/test,output/test,per_class CSV
Rf78d40e7a,待定用途,外部方法与旧聚合,固定 A 的 FedAvg/static/progressive 与 CAPT,static/progressive对Tail有小幅改善；CAPT整体更高、Tail更低；协议需明确。,rank2旧方法比较可留附录；最终外部基线先审客户端起点、预算与测试反馈。,,P6 固定A/rank扫描或预算对齐CAPT（逐行区分）,v2_capt_analysis,CAPT,client-longtail,42,,,已记录到第100轮或以后,1,100,100,81,100,69.9845,81.815,67.76333333333334,64.8175,71.27625,77.58142857142857,67.0142857142857,64.58666666666667,70.09,65.35,71.0,11,5.650000000000006,逐类核对通过,0,,,更新提示及CAPT原有可训练组件,无A/B更新,CAPT原生目标,cluster协作；每轮全局聚合,,,,,output/v2_capt_analysis/output/cifar100_LT/v2_matched/seed42/capt,output/v2_capt_analysis/output/cifar100_LT/v2_matched/seed42/capt,output/v2_capt_analysis/output/cifar100_LT/v2_matched/seed42/capt/round_metrics.csv
Rd5f58bb72,待定用途,外部方法与旧聚合,固定 A 的 FedAvg/static/progressive 与 CAPT,static/progressive对Tail有小幅改善；CAPT整体更高、Tail更低；协议需明确。,rank2旧方法比较可留附录；最终外部基线先审客户端起点、预算与测试反馈。,,P6 固定A/rank扫描或预算对齐CAPT（逐行区分）,v2_capt_analysis,ClipLora,client-longtail,42,2,fp32,已记录到第100轮或以后,0,100,101,81,100,67.57849999999999,77.1,64.56416666666667,67.1,67.698125,72.81428571428572,64.24142857142857,65.36333333333333,67.64,66.8,67.65,53,0.8500000000000085,逐类核对通过,0,,,冻结A，只更新B；每轮3 epoch,无,普通 CE,B按样本量q聚合,,,,,output/v2_capt_analysis/output/cifar100_LT/v2_matched/seed42/fedavg,output/v2_capt_analysis/output/cifar100_LT/v2_matched/seed42/fedavg,output/v2_capt_analysis/output/cifar100_LT/v2_matched/seed42/fedavg/round_metrics.csv
Rec028d79a,待定用途,外部方法与旧聚合,固定 A 的 FedAvg/static/progressive 与 CAPT,static/progressive对Tail有小幅改善；CAPT整体更高、Tail更低；协议需明确。,rank2旧方法比较可留附录；最终外部基线先审客户端起点、预算与测试反馈。,,P6 固定A/rank扫描或预算对齐CAPT（逐行区分）,v2_capt_analysis,ClipLora,client-longtail,42,2,fp32,已记录到第100轮或以后,0,100,101,81,100,67.5895,74.85249999999999,65.1975,67.5025,67.61125,71.75857142857143,64.80571428571429,65.97333333333333,67.66,67.45,67.7,52,0.25,逐类核对通过,0,,,冻结A，只更新B；每轮3 epoch,无,普通 CE,"B权重=(1−β)q+βp；β=clip((轮次−5)/15,0,1)",,,,,output/v2_capt_analysis/output/cifar100_LT/v2_matched/seed42/progressive,output/v2_capt_analysis/output/cifar100_LT/v2_matched/seed42/progressive,output/v2_capt_analysis/output/cifar100_LT/v2_matched/seed42/progressive/round_metrics.csv
Rf4a56b43b,待定用途,外部方法与旧聚合,固定 A 的 FedAvg/static/progressive 与 CAPT,static/progressive对Tail有小幅改善；CAPT整体更高、Tail更低；协议需明确。,rank2旧方法比较可留附录；最终外部基线先审客户端起点、预算与测试反馈。,,P6 固定A/rank扫描或预算对齐CAPT（逐行区分）,v2_capt_analysis,ClipLora,client-longtail,42,2,fp32,已记录到第100轮或以后,0,100,101,81,100,67.584,74.83,65.19583333333334,67.5025,67.604375,71.74571428571429,64.79857142857142,65.97833333333332,67.63,67.45,67.7,74,0.25,逐类核对通过,0,,,冻结A，只更新B；每轮3 epoch,无,普通 CE,B权重=0.12q+0.88p,,,,,output/v2_capt_analysis/output/cifar100_LT/v2_matched/seed42/static,output/v2_capt_analysis/output/cifar100_LT/v2_matched/seed42/static,output/v2_capt_analysis/output/cifar100_LT/v2_matched/seed42/static/round_metrics.csv
