family,path,rows,columns,bytes
d4a_per_class_round.csv,output/d4a_per_class_round.csv,1600,epoch_index; communication_round; class_id; supporter_count; supporter_ids; support_mass; absence_streak; retained_previous_row; row_delta_norm; evaluated; accuracy; true_class_margin; accuracy_drop_from_historical_best; margin_drop_from_historical_best; metric_source; used_by_aggregation,214436
PromptFL_fedavg_vit_b16_batchSize32,output/PromptFL_fedavg_vit_b16_batchSize32/PanelC_users30_localE3/partition=client-longtail_lambda=0.75_alpha=0.1_rho=3.0_IF=0.01_localE=3_seed=2026/round_metrics.csv,21,epoch; method; partition; overall_acc; non_tail_acc; bottom20_tail_acc; macro_per_class_acc; head_acc; medium_acc; tail_acc; macro_f1; seed; tail_class_ratio,2176
PromptFL_fedavg_vit_b16_batchSize32,output/PromptFL_fedavg_vit_b16_batchSize32/PanelC_users30_localE3/partition=client-longtail_lambda=0.75_alpha=0.1_rho=3.0_IF=0.01_localE=3_seed=42/round_metrics.csv,21,epoch; method; partition; overall_acc; non_tail_acc; bottom20_tail_acc; macro_per_class_acc; head_acc; medium_acc; tail_acc; macro_f1; seed; tail_class_ratio,2154
PromptFL_fedavg_vit_b16_batchSize32,output/PromptFL_fedavg_vit_b16_batchSize32/PanelC_users30_localE3/partition=client-longtail_lambda=0.75_alpha=0.25_rho=3.0_IF=0.01_localE=3_seed=1/round_metrics.csv,21,epoch; method; partition; overall_acc; non_tail_acc; bottom20_tail_acc; macro_per_class_acc; head_acc; medium_acc; tail_acc; macro_f1; seed; tail_class_ratio,2127
PromptFL_fedavg_vit_b16_batchSize32,output/PromptFL_fedavg_vit_b16_batchSize32/PanelC_users30_localE3/partition=client-longtail_lambda=0.75_alpha=0.25_rho=3.0_IF=0.01_localE=3_seed=2026/round_metrics.csv,21,epoch; method; partition; overall_acc; non_tail_acc; bottom20_tail_acc; macro_per_class_acc; head_acc; medium_acc; tail_acc; macro_f1; seed; tail_class_ratio,2185
PromptFL_fedavg_vit_b16_batchSize32,output/PromptFL_fedavg_vit_b16_batchSize32/PanelC_users30_localE3/partition=client-longtail_lambda=0.75_alpha=0.25_rho=3.0_IF=0.01_localE=3_seed=42/round_metrics.csv,21,epoch; method; partition; overall_acc; non_tail_acc; bottom20_tail_acc; macro_per_class_acc; head_acc; medium_acc; tail_acc; macro_f1; seed; tail_class_ratio,2145
PromptFL_fedavg_vit_b16_batchSize32,output/PromptFL_fedavg_vit_b16_batchSize32/PanelC_users30_localE3/partition=client-longtail_lambda=0.75_alpha=0.5_rho=3.0_IF=0.01_localE=3_seed=1/round_metrics.csv,21,epoch; method; partition; overall_acc; non_tail_acc; bottom20_tail_acc; macro_per_class_acc; head_acc; medium_acc; tail_acc; macro_f1; seed; tail_class_ratio,2134
PromptFL_fedavg_vit_b16_batchSize32,output/PromptFL_fedavg_vit_b16_batchSize32/PanelC_users30_localE3/partition=client-longtail_lambda=0.75_alpha=0.5_rho=3.0_IF=0.01_localE=3_seed=2026/round_metrics.csv,21,epoch; method; partition; overall_acc; non_tail_acc; bottom20_tail_acc; macro_per_class_acc; head_acc; medium_acc; tail_acc; macro_f1; seed; tail_class_ratio,2195
PromptFL_fedavg_vit_b16_batchSize32,output/PromptFL_fedavg_vit_b16_batchSize32/PanelC_users30_localE3/partition=client-longtail_lambda=0.75_alpha=0.5_rho=3.0_IF=0.01_localE=3_seed=42/round_metrics.csv,21,epoch; method; partition; overall_acc; non_tail_acc; bottom20_tail_acc; macro_per_class_acc; head_acc; medium_acc; tail_acc; macro_f1; seed; tail_class_ratio,2132
PromptFL_fedavg_vit_b16_batchSize32,output/PromptFL_fedavg_vit_b16_batchSize32/PanelC_users30_localE3/partition=client-longtail_lambda=0.75_alpha=0.75_rho=3.0_IF=0.01_localE=3_seed=1/round_metrics.csv,21,epoch; method; partition; overall_acc; non_tail_acc; bottom20_tail_acc; macro_per_class_acc; head_acc; medium_acc; tail_acc; macro_f1; seed; tail_class_ratio,2135
PromptFL_fedavg_vit_b16_batchSize32,output/PromptFL_fedavg_vit_b16_batchSize32/PanelC_users30_localE3/partition=client-longtail_lambda=0.75_alpha=0.75_rho=3.0_IF=0.01_localE=3_seed=2026/round_metrics.csv,21,epoch; method; partition; overall_acc; non_tail_acc; bottom20_tail_acc; macro_per_class_acc; head_acc; medium_acc; tail_acc; macro_f1; seed; tail_class_ratio,2185
PromptFL_fedavg_vit_b16_batchSize32,output/PromptFL_fedavg_vit_b16_batchSize32/PanelC_users30_localE3/partition=client-longtail_lambda=0.75_alpha=0.75_rho=3.0_IF=0.01_localE=3_seed=42/round_metrics.csv,21,epoch; method; partition; overall_acc; non_tail_acc; bottom20_tail_acc; macro_per_class_acc; head_acc; medium_acc; tail_acc; macro_f1; seed; tail_class_ratio,2142
PromptFL_fedavg_vit_b16_batchSize32,output/PromptFL_fedavg_vit_b16_batchSize32/PanelC_users30_localE3/partition=client-longtail_lambda=0.75_alpha=1.0_rho=3.0_IF=0.01_localE=3_seed=1/round_metrics.csv,21,epoch; method; partition; overall_acc; non_tail_acc; bottom20_tail_acc; macro_per_class_acc; head_acc; medium_acc; tail_acc; macro_f1; seed; tail_class_ratio,2129
PromptFL_fedavg_vit_b16_batchSize32,output/PromptFL_fedavg_vit_b16_batchSize32/PanelC_users30_localE3/partition=client-longtail_lambda=0.75_alpha=1.0_rho=3.0_IF=0.01_localE=3_seed=2026/round_metrics.csv,21,epoch; method; partition; overall_acc; non_tail_acc; bottom20_tail_acc; macro_per_class_acc; head_acc; medium_acc; tail_acc; macro_f1; seed; tail_class_ratio,2198
PromptFL_fedavg_vit_b16_batchSize32,output/PromptFL_fedavg_vit_b16_batchSize32/PanelC_users30_localE3/partition=client-longtail_lambda=0.75_alpha=1.0_rho=3.0_IF=0.01_localE=3_seed=42/round_metrics.csv,21,epoch; method; partition; overall_acc; non_tail_acc; bottom20_tail_acc; macro_per_class_acc; head_acc; medium_acc; tail_acc; macro_f1; seed; tail_class_ratio,2154
PromptFL_fedavg_vit_b16_batchSize32,output/PromptFL_fedavg_vit_b16_batchSize32/PanelC_users30_localE3/partition=noniid-labeldir-fine_alpha=0.1_IF=0.01_localE=3_seed=1/round_metrics.csv,21,epoch; method; partition; overall_acc; non_tail_acc; bottom20_tail_acc; macro_per_class_acc; head_acc; medium_acc; tail_acc; macro_f1; seed; tail_class_ratio,2236
PromptFL_fedavg_vit_b16_batchSize32,output/PromptFL_fedavg_vit_b16_batchSize32/PanelC_users30_localE3/partition=noniid-labeldir-fine_alpha=0.1_IF=0.01_localE=3_seed=2026/round_metrics.csv,21,epoch; method; partition; overall_acc; non_tail_acc; bottom20_tail_acc; macro_per_class_acc; head_acc; medium_acc; tail_acc; macro_f1; seed; tail_class_ratio,2295
PromptFL_fedavg_vit_b16_batchSize32,output/PromptFL_fedavg_vit_b16_batchSize32/PanelC_users30_localE3/partition=noniid-labeldir-fine_alpha=0.1_IF=0.01_localE=3_seed=42/round_metrics.csv,21,epoch; method; partition; overall_acc; non_tail_acc; bottom20_tail_acc; macro_per_class_acc; head_acc; medium_acc; tail_acc; macro_f1; seed; tail_class_ratio,2256
PromptFL_fedavg_vit_b16_batchSize32,output/PromptFL_fedavg_vit_b16_batchSize32/PanelC_users30_localE3/partition=noniid-labeldir-fine_alpha=0.25_IF=0.01_localE=3_seed=1/round_metrics.csv,21,epoch; method; partition; overall_acc; non_tail_acc; bottom20_tail_acc; macro_per_class_acc; head_acc; medium_acc; tail_acc; macro_f1; seed; tail_class_ratio,2230
PromptFL_fedavg_vit_b16_batchSize32,output/PromptFL_fedavg_vit_b16_batchSize32/PanelC_users30_localE3/partition=noniid-labeldir-fine_alpha=0.25_IF=0.01_localE=3_seed=2026/round_metrics.csv,21,epoch; method; partition; overall_acc; non_tail_acc; bottom20_tail_acc; macro_per_class_acc; head_acc; medium_acc; tail_acc; macro_f1; seed; tail_class_ratio,2302
PromptFL_fedavg_vit_b16_batchSize32,output/PromptFL_fedavg_vit_b16_batchSize32/PanelC_users30_localE3/partition=noniid-labeldir-fine_alpha=0.25_IF=0.01_localE=3_seed=42/round_metrics.csv,21,epoch; method; partition; overall_acc; non_tail_acc; bottom20_tail_acc; macro_per_class_acc; head_acc; medium_acc; tail_acc; macro_f1; seed; tail_class_ratio,2249
PromptFL_fedavg_vit_b16_batchSize32,output/PromptFL_fedavg_vit_b16_batchSize32/PanelC_users30_localE3/partition=noniid-labeldir-fine_alpha=0.5_IF=0.01_localE=3_seed=1/round_metrics.csv,21,epoch; method; partition; overall_acc; non_tail_acc; bottom20_tail_acc; macro_per_class_acc; head_acc; medium_acc; tail_acc; macro_f1; seed; tail_class_ratio,2219
PromptFL_fedavg_vit_b16_batchSize32,output/PromptFL_fedavg_vit_b16_batchSize32/PanelC_users30_localE3/partition=noniid-labeldir-fine_alpha=0.5_IF=0.01_localE=3_seed=2026/round_metrics.csv,21,epoch; method; partition; overall_acc; non_tail_acc; bottom20_tail_acc; macro_per_class_acc; head_acc; medium_acc; tail_acc; macro_f1; seed; tail_class_ratio,2295
PromptFL_fedavg_vit_b16_batchSize32,output/PromptFL_fedavg_vit_b16_batchSize32/PanelC_users30_localE3/partition=noniid-labeldir-fine_alpha=0.5_IF=0.01_localE=3_seed=42/round_metrics.csv,21,epoch; method; partition; overall_acc; non_tail_acc; bottom20_tail_acc; macro_per_class_acc; head_acc; medium_acc; tail_acc; macro_f1; seed; tail_class_ratio,2253
PromptFL_fedavg_vit_b16_batchSize32,output/PromptFL_fedavg_vit_b16_batchSize32/PanelC_users30_localE3/partition=noniid-labeldir-fine_alpha=0.75_IF=0.01_localE=3_seed=2026/round_metrics.csv,21,epoch; method; partition; overall_acc; non_tail_acc; bottom20_tail_acc; macro_per_class_acc; head_acc; medium_acc; tail_acc; macro_f1; seed; tail_class_ratio,2303
PromptFL_fedavg_vit_b16_batchSize32,output/PromptFL_fedavg_vit_b16_batchSize32/PanelC_users30_localE3/partition=noniid-labeldir-fine_alpha=0.75_IF=0.01_localE=3_seed=42/round_metrics.csv,21,epoch; method; partition; overall_acc; non_tail_acc; bottom20_tail_acc; macro_per_class_acc; head_acc; medium_acc; tail_acc; macro_f1; seed; tail_class_ratio,2233
PromptFL_fedavg_vit_b16_batchSize32,output/PromptFL_fedavg_vit_b16_batchSize32/PanelC_users30_localE3/partition=noniid-labeldir-fine_alpha=1.0_IF=0.01_localE=3_seed=2026/round_metrics.csv,21,epoch; method; partition; overall_acc; non_tail_acc; bottom20_tail_acc; macro_per_class_acc; head_acc; medium_acc; tail_acc; macro_f1; seed; tail_class_ratio,2276
PromptFL_fedavg_vit_b16_batchSize32,output/PromptFL_fedavg_vit_b16_batchSize32/PanelC_users30_localE3/partition=noniid-labeldir-fine_alpha=1.0_IF=0.01_localE=3_seed=42/round_metrics.csv,21,epoch; method; partition; overall_acc; non_tail_acc; bottom20_tail_acc; macro_per_class_acc; head_acc; medium_acc; tail_acc; macro_f1; seed; tail_class_ratio,2257
a_refresh_c1_c2_c3_analysis,output/a_refresh_c1_c2_c3_analysis/analysis/client_refresh.csv,810,method; round; client_id; variant; probe_protocol; client_mean_gap; nonzero_gap_classes; num_local_classes; maximum_sample_weight; server_weight; optimizer_steps; trainable_factor; trainable_params; start_a_sha256; start_b_sha256; sample_presentations; refresh_loss; refresh_seconds; delta_a_norm; delta_b_norm; effective_delta_norm; new_input_direction_norm; new_direction_fraction; a_drift_from_initial; mean_a_subspace_change; mean_a_subspace_from_initial,354889
a_refresh_c1_c2_c3_analysis,output/a_refresh_c1_c2_c3_analysis/analysis/gap_signal.csv,27,method; round; gap_weights_used_for_training; nonzero_gap_clients; mean_client_gap; max_client_gap; gap_weighted_tail_loss_mass; ordinary_CE_tail_loss_mass; gap_tail_to_CE_mass_ratio; gap_weight_mass_total; positive_gap_tail_class_rows; tail_class_rows; head_client_mean_gap; tail_client_mean_gap; head_client_mean_delta_a_norm; tail_client_mean_delta_a_norm; head_client_weighted_sum_delta_a_norm; tail_client_weighted_sum_delta_a_norm; server_effective_delta_norm; server_delta_a_norm; server_new_direction_fraction; a_drift_from_initial; a_subspace_from_initial,9622
a_refresh_c1_c2_c3_analysis,output/a_refresh_c1_c2_c3_analysis/analysis/milestones.csv,48,method; round; overall_acc; non_tail_acc; bottom20_tail_acc,1267
a_refresh_c1_c2_c3_analysis,output/a_refresh_c1_c2_c3_analysis/analysis/per_class_comparison.csv,100,class_id; tail; initial; c0_final; c0_gain; c0_last20; c0_vs_c0; c1_final; c1_gain; c1_last20; c1_vs_c0; c2_final; c2_gain; c2_last20; c2_vs_c0; c3_final; c3_gain; c3_last20; c3_vs_c0; c3_vs_c2,11124
a_refresh_c1_c2_c3_analysis,output/a_refresh_c1_c2_c3_analysis/analysis/performance.csv,4,method; overall_acc_initial; overall_acc_final; overall_acc_gain; overall_acc_last20; overall_acc_last20_std; overall_acc_last10; overall_acc_peak; overall_acc_peak_round; overall_acc_peak_final_drop; non_tail_acc_initial; non_tail_acc_final; non_tail_acc_gain; non_tail_acc_last20; non_tail_acc_last20_std; non_tail_acc_last10; non_tail_acc_peak; non_tail_acc_peak_round; non_tail_acc_peak_final_drop; bottom20_tail_acc_initial; bottom20_tail_acc_final; bottom20_tail_acc_gain; bottom20_tail_acc_last20; bottom20_tail_acc_last20_std; bottom20_tail_acc_last10; bottom20_tail_acc_peak; bottom20_tail_acc_peak_round; bottom20_tail_acc_peak_final_drop,1720
a_refresh_c1_c2_c3_analysis,output/a_refresh_c1_c2_c3_analysis/analysis/refresh_events.csv,27,method; round; overall_acc_pre; overall_acc_middle; overall_acc_after; overall_acc_refresh_delta; overall_acc_following_B_interval_delta; non_tail_acc_pre; non_tail_acc_middle; non_tail_acc_after; non_tail_acc_refresh_delta; non_tail_acc_following_B_interval_delta; bottom20_tail_acc_pre; bottom20_tail_acc_middle; bottom20_tail_acc_after; bottom20_tail_acc_refresh_delta; bottom20_tail_acc_following_B_interval_delta,5053
a_refresh_c1_c2_c3_analysis,output/a_refresh_c1_c2_c3_analysis/output/cifar100_LT/a_refresh_pilot/seed42/c1/a_refresh_budget.csv,3270,round; client_id; phase; optimizer_steps; scheduler_steps; sample_presentations; trainable_factor,88411
a_refresh_c1_c2_c3_analysis,output/a_refresh_c1_c2_c3_analysis/output/cifar100_LT/a_refresh_pilot/seed42/c1/a_refresh_stage_metrics.csv,27,round; stage; overall_acc; non_tail_acc; bottom20_tail_acc,1163
a_refresh_c1_c2_c3_analysis,output/a_refresh_c1_c2_c3_analysis/output/cifar100_LT/a_refresh_pilot/seed42/c1/a_refresh_stage_per_class.csv,2700,round; stage; class_id; accuracy,74825
a_refresh_c1_c2_c3_analysis,output/a_refresh_c1_c2_c3_analysis/output/cifar100_LT/a_refresh_pilot/seed42/c1/a_refresh_summary.csv,9,round; variant; num_clients; nonzero_gap_clients; mean_client_mean_gap; max_client_mean_gap; weighted_mean_client_gap; gap_vs_delta_a_pearson; gap_vs_effective_delta_pearson; mean_client_delta_a_norm; mean_client_effective_delta_norm; nonzero_effective_update_clients; refresh_optimizer_steps; refresh_sample_presentations; refresh_wall_seconds_including_middle_probes; cumulative_probe_seconds; cumulative_probe_sample_presentations; before_a_sha256; before_b_sha256; after_a_sha256; after_b_sha256; delta_a_norm; delta_b_norm; effective_delta_norm; new_input_direction_norm; new_direction_fraction; a_drift_from_initial; mean_a_subspace_change; mean_a_subspace_from_initial,5844
a_refresh_c1_c2_c3_analysis,output/a_refresh_c1_c2_c3_analysis/output/cifar100_LT/a_refresh_pilot/seed42/c1/lora_aggregation_summary.csv,100,epoch_index; communication_round; partition; aggregation; num_selected_clients; num_active_clients; weight_sum; effective_num_clients; max_weight; min_positive_weight; tail_class_count; covered_tail_class_count; uncovered_tail_classes; la_temperature; la_regularization; la_objective; la_target_kl; la_fedavg_kl,12190
a_refresh_c1_c2_c3_analysis,output/a_refresh_c1_c2_c3_analysis/output/cifar100_LT/a_refresh_pilot/seed42/c1/lora_aggregation_weights.csv,3000,epoch_index; communication_round; partition; aggregation; client_id; client_num_samples; num_supported_tail_classes; aggregation_weight,182490
a_refresh_c1_c2_c3_analysis,output/a_refresh_c1_c2_c3_analysis/output/cifar100_LT/a_refresh_pilot/seed42/c1/round_metrics.csv,101,epoch; method; partition; aggregation; overall_acc; non_tail_acc; bottom20_tail_acc; macro_per_class_acc; head_acc; medium_acc; tail_acc; macro_f1; seed; tail_class_ratio,10443
a_refresh_c1_c2_c3_analysis,output/a_refresh_c1_c2_c3_analysis/output/cifar100_LT/a_refresh_pilot/seed42/c2/a_refresh_budget.csv,3270,round; client_id; phase; optimizer_steps; scheduler_steps; sample_presentations; trainable_factor,88411
a_refresh_c1_c2_c3_analysis,output/a_refresh_c1_c2_c3_analysis/output/cifar100_LT/a_refresh_pilot/seed42/c2/a_refresh_stage_metrics.csv,27,round; stage; overall_acc; non_tail_acc; bottom20_tail_acc,1145
a_refresh_c1_c2_c3_analysis,output/a_refresh_c1_c2_c3_analysis/output/cifar100_LT/a_refresh_pilot/seed42/c2/a_refresh_stage_per_class.csv,2700,round; stage; class_id; accuracy,75225
a_refresh_c1_c2_c3_analysis,output/a_refresh_c1_c2_c3_analysis/output/cifar100_LT/a_refresh_pilot/seed42/c2/a_refresh_summary.csv,9,round; variant; num_clients; nonzero_gap_clients; mean_client_mean_gap; max_client_mean_gap; weighted_mean_client_gap; gap_vs_delta_a_pearson; gap_vs_effective_delta_pearson; mean_client_delta_a_norm; mean_client_effective_delta_norm; nonzero_effective_update_clients; refresh_optimizer_steps; refresh_sample_presentations; refresh_wall_seconds_including_middle_probes; cumulative_probe_seconds; cumulative_probe_sample_presentations; before_a_sha256; before_b_sha256; after_a_sha256; after_b_sha256; delta_a_norm; delta_b_norm; effective_delta_norm; new_input_direction_norm; new_direction_fraction; a_drift_from_initial; mean_a_subspace_change; mean_a_subspace_from_initial,6200
a_refresh_c1_c2_c3_analysis,output/a_refresh_c1_c2_c3_analysis/output/cifar100_LT/a_refresh_pilot/seed42/c2/lora_aggregation_summary.csv,100,epoch_index; communication_round; partition; aggregation; num_selected_clients; num_active_clients; weight_sum; effective_num_clients; max_weight; min_positive_weight; tail_class_count; covered_tail_class_count; uncovered_tail_classes; la_temperature; la_regularization; la_objective; la_target_kl; la_fedavg_kl,12190
a_refresh_c1_c2_c3_analysis,output/a_refresh_c1_c2_c3_analysis/output/cifar100_LT/a_refresh_pilot/seed42/c2/lora_aggregation_weights.csv,3000,epoch_index; communication_round; partition; aggregation; client_id; client_num_samples; num_supported_tail_classes; aggregation_weight,182490
a_refresh_c1_c2_c3_analysis,output/a_refresh_c1_c2_c3_analysis/output/cifar100_LT/a_refresh_pilot/seed42/c2/round_metrics.csv,101,epoch; method; partition; aggregation; overall_acc; non_tail_acc; bottom20_tail_acc; macro_per_class_acc; head_acc; medium_acc; tail_acc; macro_f1; seed; tail_class_ratio,10398
a_refresh_c1_c2_c3_analysis,output/a_refresh_c1_c2_c3_analysis/output/cifar100_LT/a_refresh_pilot/seed42/c3/a_refresh_budget.csv,3270,round; client_id; phase; optimizer_steps; scheduler_steps; sample_presentations; trainable_factor,88411
a_refresh_c1_c2_c3_analysis,output/a_refresh_c1_c2_c3_analysis/output/cifar100_LT/a_refresh_pilot/seed42/c3/a_refresh_stage_metrics.csv,27,round; stage; overall_acc; non_tail_acc; bottom20_tail_acc,1163
a_refresh_c1_c2_c3_analysis,output/a_refresh_c1_c2_c3_analysis/output/cifar100_LT/a_refresh_pilot/seed42/c3/a_refresh_stage_per_class.csv,2700,round; stage; class_id; accuracy,75195
a_refresh_c1_c2_c3_analysis,output/a_refresh_c1_c2_c3_analysis/output/cifar100_LT/a_refresh_pilot/seed42/c3/a_refresh_summary.csv,9,round; variant; num_clients; nonzero_gap_clients; mean_client_mean_gap; max_client_mean_gap; weighted_mean_client_gap; gap_vs_delta_a_pearson; gap_vs_effective_delta_pearson; mean_client_delta_a_norm; mean_client_effective_delta_norm; nonzero_effective_update_clients; refresh_optimizer_steps; refresh_sample_presentations; refresh_wall_seconds_including_middle_probes; cumulative_probe_seconds; cumulative_probe_sample_presentations; before_a_sha256; before_b_sha256; after_a_sha256; after_b_sha256; delta_a_norm; delta_b_norm; effective_delta_norm; new_input_direction_norm; new_direction_fraction; a_drift_from_initial; mean_a_subspace_change; mean_a_subspace_from_initial,6190
a_refresh_c1_c2_c3_analysis,output/a_refresh_c1_c2_c3_analysis/output/cifar100_LT/a_refresh_pilot/seed42/c3/lora_aggregation_summary.csv,100,epoch_index; communication_round; partition; aggregation; num_selected_clients; num_active_clients; weight_sum; effective_num_clients; max_weight; min_positive_weight; tail_class_count; covered_tail_class_count; uncovered_tail_classes; la_temperature; la_regularization; la_objective; la_target_kl; la_fedavg_kl,12190
a_refresh_c1_c2_c3_analysis,output/a_refresh_c1_c2_c3_analysis/output/cifar100_LT/a_refresh_pilot/seed42/c3/lora_aggregation_weights.csv,3000,epoch_index; communication_round; partition; aggregation; client_id; client_num_samples; num_supported_tail_classes; aggregation_weight,182490
a_refresh_c1_c2_c3_analysis,output/a_refresh_c1_c2_c3_analysis/output/cifar100_LT/a_refresh_pilot/seed42/c3/round_metrics.csv,101,epoch; method; partition; aggregation; overall_acc; non_tail_acc; bottom20_tail_acc; macro_per_class_acc; head_acc; medium_acc; tail_acc; macro_f1; seed; tail_class_ratio,10473
a_refresh_topology_bridge_analysis,output/a_refresh_topology_bridge_analysis/a_refresh_topology_bridge/analysis/seed42/attribution_validity.csv,1280,seed; topology; method; round; phase; class_id; before_F; path_after_F; actual_after_F; direct_change; attributed_change; absolute_completeness_error; completeness_tolerance; candidate_vs_trained_endpoint_error; valid; quadrature_nodes; quadrature_segments,274280
a_refresh_topology_bridge_analysis,output/a_refresh_topology_bridge_analysis/a_refresh_topology_bridge/analysis/seed42/class_structure_relation.csv,80,seed; topology; method; class_id; n_c; N_c; N_eff_ownership; support_access; N_eff_access; refresh_acc_delta_mean; final_accuracy; last20_accuracy,8742
a_refresh_topology_bridge_analysis,output/a_refresh_topology_bridge_analysis/a_refresh_topology_bridge/analysis/seed42/coupling_gap_by_round.csv,303,seed; round; metric; G_B; G_A; delta_G; CLT_C2_minus_C1; Dir_C2_minus_C1,32291
a_refresh_topology_bridge_analysis,output/a_refresh_topology_bridge_analysis/a_refresh_topology_bridge/analysis/seed42/coupling_gap_endpoints.csv,9,seed; endpoint; metric; G_B; G_A; delta_G; CLT_C2_minus_C1; Dir_C2_minus_C1,1145
a_refresh_topology_bridge_analysis,output/a_refresh_topology_bridge_analysis/a_refresh_topology_bridge/analysis/seed42/exploratory_correlations.csv,3,topology; relation; spearman; classes,253
a_refresh_topology_bridge_analysis,output/a_refresh_topology_bridge_analysis/a_refresh_topology_bridge/analysis/seed42/factorial_performance.csv,12,seed; topology; method; metric; initial; final; last20; last10; final_gain; last20_gain; peak; peak_round; best_to_last20_drop,1708
a_refresh_topology_bridge_analysis,output/a_refresh_topology_bridge_analysis/a_refresh_topology_bridge/analysis/seed42/interaction_trajectory_decomposition.csv,3,metric; final_minus_initial_delta_G; refresh_interaction_sum; remaining_normal_interaction,316
a_refresh_topology_bridge_analysis,output/a_refresh_topology_bridge_analysis/a_refresh_topology_bridge/analysis/seed42/paired_class_structure.csv,20,class_id; access_Dir_minus_CLT; G_B; G_A; delta_G; CLT_C2_minus_C1; Dir_C2_minus_C1,2127
a_refresh_topology_bridge_analysis,output/a_refresh_topology_bridge_analysis/a_refresh_topology_bridge/analysis/seed42/phase_accuracy_changes.csv,36,seed; topology; method; round; overall_acc_pre; overall_acc_middle; overall_acc_after; overall_acc_normal_delta; overall_acc_refresh_delta; overall_acc_next_B_delta; overall_acc_following_B_interval_delta; non_tail_acc_pre; non_tail_acc_middle; non_tail_acc_after; non_tail_acc_normal_delta; non_tail_acc_refresh_delta; non_tail_acc_next_B_delta; non_tail_acc_following_B_interval_delta; bottom20_tail_acc_pre; bottom20_tail_acc_middle; bottom20_tail_acc_after; bottom20_tail_acc_normal_delta; bottom20_tail_acc_refresh_delta; bottom20_tail_acc_next_B_delta; bottom20_tail_acc_following_B_interval_delta,11545
a_refresh_topology_bridge_analysis,output/a_refresh_topology_bridge_analysis/a_refresh_topology_bridge/analysis/seed42/phase_class_budgets.csv,1280,communication_round; class_id; method; supporter_count; non_supporter_count; support_access; positive_support_access; support_write_success_rate; positive_write_strength; positive_write_efficiency; write_factorization_absolute_error; support_effective_clients; W; H; D; R; positive_refresh; ERI; non_support_net; support_net; direct_change; valid; positive_budget_near_zero; seed; topology; round; phase,448272
a_refresh_topology_bridge_analysis,output/a_refresh_topology_bridge_analysis/a_refresh_topology_bridge/analysis/seed42/phase_client_effects.csv,38400,communication_round; class_id; method; client_id; supports_class; aggregation_weight; functional_effect; functional_effect_per_unit_weight; signed_role; seed; topology; round; phase,4574523
a_refresh_topology_bridge_analysis,output/a_refresh_topology_bridge_analysis/a_refresh_topology_bridge/analysis/seed42/phase_factorization.csv,168,seed; topology; method; phase; class_id; event_count; all_phase_events_observed; support_access_mean; positive_support_access_mean; rho; mu; factorization_abs_error; W_mean; H_mean; D_mean; R_mean; W_observed_event_sum_per_class; H_observed_event_sum_per_class; D_observed_event_sum_per_class; R_observed_event_sum_per_class,49467
a_refresh_topology_bridge_analysis,output/a_refresh_topology_bridge_analysis/a_refresh_topology_bridge/analysis/seed42/phase_update_norms.csv,64,seed; topology; method; round; phase; effective_delta_norm; delta_a_norm; delta_b_norm; new_direction_fraction; a_drift_from_initial; mean_a_subspace_from_initial; reconstruction_max_abs_error; frozen_factor_max_abs_error; valid,9751
a_refresh_topology_bridge_analysis,output/a_refresh_topology_bridge_analysis/a_refresh_topology_bridge/analysis/seed42/refresh_event_interactions.csv,27,seed; round; metric; G_B; G_A; delta_G; CLT_C2_minus_C1; Dir_C2_minus_C1,3129
a_refresh_topology_bridge_analysis,output/a_refresh_topology_bridge_analysis/a_refresh_topology_bridge/seed42/client-longtail/c1/a_refresh_budget.csv,3270,round; client_id; phase; optimizer_steps; scheduler_steps; sample_presentations; trainable_factor,88411
a_refresh_topology_bridge_analysis,output/a_refresh_topology_bridge_analysis/a_refresh_topology_bridge/seed42/client-longtail/c1/a_refresh_stage_metrics.csv,27,round; stage; overall_acc; non_tail_acc; bottom20_tail_acc,1163
a_refresh_topology_bridge_analysis,output/a_refresh_topology_bridge_analysis/a_refresh_topology_bridge/seed42/client-longtail/c1/a_refresh_stage_per_class.csv,2700,round; stage; class_id; accuracy,74825
a_refresh_topology_bridge_analysis,output/a_refresh_topology_bridge_analysis/a_refresh_topology_bridge/seed42/client-longtail/c1/a_refresh_summary.csv,9,round; variant; num_clients; nonzero_gap_clients; mean_client_mean_gap; max_client_mean_gap; weighted_mean_client_gap; gap_vs_delta_a_pearson; gap_vs_effective_delta_pearson; mean_client_delta_a_norm; mean_client_effective_delta_norm; nonzero_effective_update_clients; refresh_optimizer_steps; refresh_sample_presentations; refresh_wall_seconds_including_middle_probes; cumulative_probe_seconds; cumulative_probe_sample_presentations; before_a_sha256; before_b_sha256; after_a_sha256; after_b_sha256; delta_a_norm; delta_b_norm; effective_delta_norm; new_input_direction_norm; new_direction_fraction; a_drift_from_initial; mean_a_subspace_change; mean_a_subspace_from_initial,5849
a_refresh_topology_bridge_analysis,output/a_refresh_topology_bridge_analysis/a_refresh_topology_bridge/seed42/client-longtail/c1/lora_aggregation_summary.csv,100,epoch_index; communication_round; partition; aggregation; num_selected_clients; num_active_clients; weight_sum; effective_num_clients; max_weight; min_positive_weight; tail_class_count; covered_tail_class_count; uncovered_tail_classes; la_temperature; la_regularization; la_objective; la_target_kl; la_fedavg_kl,12190
a_refresh_topology_bridge_analysis,output/a_refresh_topology_bridge_analysis/a_refresh_topology_bridge/seed42/client-longtail/c1/lora_aggregation_weights.csv,3000,epoch_index; communication_round; partition; aggregation; client_id; client_num_samples; num_supported_tail_classes; aggregation_weight,182490
a_refresh_topology_bridge_analysis,output/a_refresh_topology_bridge_analysis/a_refresh_topology_bridge/seed42/client-longtail/c1/round_metrics.csv,101,epoch; method; partition; aggregation; overall_acc; non_tail_acc; bottom20_tail_acc; macro_per_class_acc; head_acc; medium_acc; tail_acc; macro_f1; seed; tail_class_ratio,10443
a_refresh_topology_bridge_analysis,output/a_refresh_topology_bridge_analysis/a_refresh_topology_bridge/seed42/client-longtail/c1/analysis/attribution_validity.csv,320,seed; topology; method; round; phase; class_id; before_F; path_after_F; actual_after_F; direct_change; attributed_change; absolute_completeness_error; completeness_tolerance; candidate_vs_trained_endpoint_error; valid; quadrature_nodes; quadrature_segments,68736
a_refresh_topology_bridge_analysis,output/a_refresh_topology_bridge_analysis/a_refresh_topology_bridge/seed42/client-longtail/c1/analysis/first_order_budgets.csv,320,communication_round; class_id; method; supporter_count; non_supporter_count; support_access; positive_support_access; support_write_success_rate; positive_write_strength; positive_write_efficiency; write_factorization_absolute_error; support_effective_clients; W; H; D; R; positive_refresh; ERI; non_support_net; support_net; seed; topology; round; phase,102924
a_refresh_topology_bridge_analysis,output/a_refresh_topology_bridge_analysis/a_refresh_topology_bridge/seed42/client-longtail/c1/analysis/phase_class_budgets.csv,320,communication_round; class_id; method; supporter_count; non_supporter_count; support_access; positive_support_access; support_write_success_rate; positive_write_strength; positive_write_efficiency; write_factorization_absolute_error; support_effective_clients; W; H; D; R; positive_refresh; ERI; non_support_net; support_net; direct_change; valid; positive_budget_near_zero; seed; topology; round; phase,113558
a_refresh_topology_bridge_analysis,output/a_refresh_topology_bridge_analysis/a_refresh_topology_bridge/seed42/client-longtail/c1/analysis/phase_client_effects.csv,9600,communication_round; class_id; method; client_id; supports_class; aggregation_weight; functional_effect; functional_effect_per_unit_weight; signed_role; seed; topology; round; phase,1129782
a_refresh_topology_bridge_analysis,output/a_refresh_topology_bridge_analysis/a_refresh_topology_bridge/seed42/client-longtail/c1/analysis/phase_update_norms.csv,16,seed; topology; method; round; phase; effective_delta_norm; delta_a_norm; delta_b_norm; new_direction_fraction; a_drift_from_initial; mean_a_subspace_from_initial; reconstruction_max_abs_error; frozen_factor_max_abs_error; valid,2495
a_refresh_topology_bridge_analysis,output/a_refresh_topology_bridge_analysis/a_refresh_topology_bridge/seed42/client-longtail/c1/protocol/probe_manifest.csv,200,class_id; slot; raw_train_index; excluded_from_federated_lt_pool,2814
a_refresh_topology_bridge_analysis,output/a_refresh_topology_bridge_analysis/a_refresh_topology_bridge/seed42/client-longtail/c2/a_refresh_budget.csv,3270,round; client_id; phase; optimizer_steps; scheduler_steps; sample_presentations; trainable_factor,88411
a_refresh_topology_bridge_analysis,output/a_refresh_topology_bridge_analysis/a_refresh_topology_bridge/seed42/client-longtail/c2/a_refresh_stage_metrics.csv,27,round; stage; overall_acc; non_tail_acc; bottom20_tail_acc,1145
a_refresh_topology_bridge_analysis,output/a_refresh_topology_bridge_analysis/a_refresh_topology_bridge/seed42/client-longtail/c2/a_refresh_stage_per_class.csv,2700,round; stage; class_id; accuracy,75225
a_refresh_topology_bridge_analysis,output/a_refresh_topology_bridge_analysis/a_refresh_topology_bridge/seed42/client-longtail/c2/a_refresh_summary.csv,9,round; variant; num_clients; nonzero_gap_clients; mean_client_mean_gap; max_client_mean_gap; weighted_mean_client_gap; gap_vs_delta_a_pearson; gap_vs_effective_delta_pearson; mean_client_delta_a_norm; mean_client_effective_delta_norm; nonzero_effective_update_clients; refresh_optimizer_steps; refresh_sample_presentations; refresh_wall_seconds_including_middle_probes; cumulative_probe_seconds; cumulative_probe_sample_presentations; before_a_sha256; before_b_sha256; after_a_sha256; after_b_sha256; delta_a_norm; delta_b_norm; effective_delta_norm; new_input_direction_norm; new_direction_fraction; a_drift_from_initial; mean_a_subspace_change; mean_a_subspace_from_initial,6196
a_refresh_topology_bridge_analysis,output/a_refresh_topology_bridge_analysis/a_refresh_topology_bridge/seed42/client-longtail/c2/lora_aggregation_summary.csv,100,epoch_index; communication_round; partition; aggregation; num_selected_clients; num_active_clients; weight_sum; effective_num_clients; max_weight; min_positive_weight; tail_class_count; covered_tail_class_count; uncovered_tail_classes; la_temperature; la_regularization; la_objective; la_target_kl; la_fedavg_kl,12190
a_refresh_topology_bridge_analysis,output/a_refresh_topology_bridge_analysis/a_refresh_topology_bridge/seed42/client-longtail/c2/lora_aggregation_weights.csv,3000,epoch_index; communication_round; partition; aggregation; client_id; client_num_samples; num_supported_tail_classes; aggregation_weight,182490
a_refresh_topology_bridge_analysis,output/a_refresh_topology_bridge_analysis/a_refresh_topology_bridge/seed42/client-longtail/c2/round_metrics.csv,101,epoch; method; partition; aggregation; overall_acc; non_tail_acc; bottom20_tail_acc; macro_per_class_acc; head_acc; medium_acc; tail_acc; macro_f1; seed; tail_class_ratio,10400
a_refresh_topology_bridge_analysis,output/a_refresh_topology_bridge_analysis/a_refresh_topology_bridge/seed42/client-longtail/c2/analysis/attribution_validity.csv,320,seed; topology; method; round; phase; class_id; before_F; path_after_F; actual_after_F; direct_change; attributed_change; absolute_completeness_error; completeness_tolerance; candidate_vs_trained_endpoint_error; valid; quadrature_nodes; quadrature_segments,68120
a_refresh_topology_bridge_analysis,output/a_refresh_topology_bridge_analysis/a_refresh_topology_bridge/seed42/client-longtail/c2/analysis/first_order_budgets.csv,320,communication_round; class_id; method; supporter_count; non_supporter_count; support_access; positive_support_access; support_write_success_rate; positive_write_strength; positive_write_efficiency; write_factorization_absolute_error; support_effective_clients; W; H; D; R; positive_refresh; ERI; non_support_net; support_net; seed; topology; round; phase,102226
a_refresh_topology_bridge_analysis,output/a_refresh_topology_bridge_analysis/a_refresh_topology_bridge/seed42/client-longtail/c2/analysis/phase_class_budgets.csv,320,communication_round; class_id; method; supporter_count; non_supporter_count; support_access; positive_support_access; support_write_success_rate; positive_write_strength; positive_write_efficiency; write_factorization_absolute_error; support_effective_clients; W; H; D; R; positive_refresh; ERI; non_support_net; support_net; direct_change; valid; positive_budget_near_zero; seed; topology; round; phase,112748
a_refresh_topology_bridge_analysis,output/a_refresh_topology_bridge_analysis/a_refresh_topology_bridge/seed42/client-longtail/c2/analysis/phase_client_effects.csv,9600,communication_round; class_id; method; client_id; supports_class; aggregation_weight; functional_effect; functional_effect_per_unit_weight; signed_role; seed; topology; round; phase,1135107
a_refresh_topology_bridge_analysis,output/a_refresh_topology_bridge_analysis/a_refresh_topology_bridge/seed42/client-longtail/c2/analysis/phase_update_norms.csv,16,seed; topology; method; round; phase; effective_delta_norm; delta_a_norm; delta_b_norm; new_direction_fraction; a_drift_from_initial; mean_a_subspace_from_initial; reconstruction_max_abs_error; frozen_factor_max_abs_error; valid,2675
a_refresh_topology_bridge_analysis,output/a_refresh_topology_bridge_analysis/a_refresh_topology_bridge/seed42/client-longtail/c2/protocol/probe_manifest.csv,200,class_id; slot; raw_train_index; excluded_from_federated_lt_pool,2814
a_refresh_topology_bridge_analysis,output/a_refresh_topology_bridge_analysis/a_refresh_topology_bridge/seed42/matched-dirichlet/c1/a_refresh_budget.csv,3270,round; client_id; phase; optimizer_steps; scheduler_steps; sample_presentations; trainable_factor,88411
a_refresh_topology_bridge_analysis,output/a_refresh_topology_bridge_analysis/a_refresh_topology_bridge/seed42/matched-dirichlet/c1/a_refresh_stage_metrics.csv,27,round; stage; overall_acc; non_tail_acc; bottom20_tail_acc,1129
a_refresh_topology_bridge_analysis,output/a_refresh_topology_bridge_analysis/a_refresh_topology_bridge/seed42/matched-dirichlet/c1/a_refresh_stage_per_class.csv,2700,round; stage; class_id; accuracy,74812
a_refresh_topology_bridge_analysis,output/a_refresh_topology_bridge_analysis/a_refresh_topology_bridge/seed42/matched-dirichlet/c1/a_refresh_summary.csv,9,round; variant; num_clients; nonzero_gap_clients; mean_client_mean_gap; max_client_mean_gap; weighted_mean_client_gap; gap_vs_delta_a_pearson; gap_vs_effective_delta_pearson; mean_client_delta_a_norm; mean_client_effective_delta_norm; nonzero_effective_update_clients; refresh_optimizer_steps; refresh_sample_presentations; refresh_wall_seconds_including_middle_probes; cumulative_probe_seconds; cumulative_probe_sample_presentations; before_a_sha256; before_b_sha256; after_a_sha256; after_b_sha256; delta_a_norm; delta_b_norm; effective_delta_norm; new_input_direction_norm; new_direction_fraction; a_drift_from_initial; mean_a_subspace_change; mean_a_subspace_from_initial,5852
a_refresh_topology_bridge_analysis,output/a_refresh_topology_bridge_analysis/a_refresh_topology_bridge/seed42/matched-dirichlet/c1/lora_aggregation_summary.csv,100,epoch_index; communication_round; partition; aggregation; num_selected_clients; num_active_clients; weight_sum; effective_num_clients; max_weight; min_positive_weight; tail_class_count; covered_tail_class_count; uncovered_tail_classes; la_temperature; la_regularization; la_objective; la_target_kl; la_fedavg_kl,12390
a_refresh_topology_bridge_analysis,output/a_refresh_topology_bridge_analysis/a_refresh_topology_bridge/seed42/matched-dirichlet/c1/lora_aggregation_weights.csv,3000,epoch_index; communication_round; partition; aggregation; client_id; client_num_samples; num_supported_tail_classes; aggregation_weight,188490
a_refresh_topology_bridge_analysis,output/a_refresh_topology_bridge_analysis/a_refresh_topology_bridge/seed42/matched-dirichlet/c1/round_metrics.csv,101,epoch; method; partition; aggregation; overall_acc; non_tail_acc; bottom20_tail_acc; macro_per_class_acc; head_acc; medium_acc; tail_acc; macro_f1; seed; tail_class_ratio,10608
a_refresh_topology_bridge_analysis,output/a_refresh_topology_bridge_analysis/a_refresh_topology_bridge/seed42/matched-dirichlet/c1/analysis/attribution_validity.csv,320,seed; topology; method; round; phase; class_id; before_F; path_after_F; actual_after_F; direct_change; attributed_change; absolute_completeness_error; completeness_tolerance; candidate_vs_trained_endpoint_error; valid; quadrature_nodes; quadrature_segments,69201
a_refresh_topology_bridge_analysis,output/a_refresh_topology_bridge_analysis/a_refresh_topology_bridge/seed42/matched-dirichlet/c1/analysis/first_order_budgets.csv,320,communication_round; class_id; method; supporter_count; non_supporter_count; support_access; positive_support_access; support_write_success_rate; positive_write_strength; positive_write_efficiency; write_factorization_absolute_error; support_effective_clients; W; H; D; R; positive_refresh; ERI; non_support_net; support_net; seed; topology; round; phase,102882
a_refresh_topology_bridge_analysis,output/a_refresh_topology_bridge_analysis/a_refresh_topology_bridge/seed42/matched-dirichlet/c1/analysis/phase_class_budgets.csv,320,communication_round; class_id; method; supporter_count; non_supporter_count; support_access; positive_support_access; support_write_success_rate; positive_write_strength; positive_write_efficiency; write_factorization_absolute_error; support_effective_clients; W; H; D; R; positive_refresh; ERI; non_support_net; support_net; direct_change; valid; positive_budget_near_zero; seed; topology; round; phase,113928
a_refresh_topology_bridge_analysis,output/a_refresh_topology_bridge_analysis/a_refresh_topology_bridge/seed42/matched-dirichlet/c1/analysis/phase_client_effects.csv,9600,communication_round; class_id; method; client_id; supports_class; aggregation_weight; functional_effect; functional_effect_per_unit_weight; signed_role; seed; topology; round; phase,1152936
a_refresh_topology_bridge_analysis,output/a_refresh_topology_bridge_analysis/a_refresh_topology_bridge/seed42/matched-dirichlet/c1/analysis/phase_update_norms.csv,16,seed; topology; method; round; phase; effective_delta_norm; delta_a_norm; delta_b_norm; new_direction_fraction; a_drift_from_initial; mean_a_subspace_from_initial; reconstruction_max_abs_error; frozen_factor_max_abs_error; valid,2531
a_refresh_topology_bridge_analysis,output/a_refresh_topology_bridge_analysis/a_refresh_topology_bridge/seed42/matched-dirichlet/c1/protocol/probe_manifest.csv,200,class_id; slot; raw_train_index; excluded_from_federated_lt_pool,2814
a_refresh_topology_bridge_analysis,output/a_refresh_topology_bridge_analysis/a_refresh_topology_bridge/seed42/matched-dirichlet/c2/a_refresh_budget.csv,3270,round; client_id; phase; optimizer_steps; scheduler_steps; sample_presentations; trainable_factor,88411
a_refresh_topology_bridge_analysis,output/a_refresh_topology_bridge_analysis/a_refresh_topology_bridge/seed42/matched-dirichlet/c2/a_refresh_stage_metrics.csv,27,round; stage; overall_acc; non_tail_acc; bottom20_tail_acc,1126
a_refresh_topology_bridge_analysis,output/a_refresh_topology_bridge_analysis/a_refresh_topology_bridge/seed42/matched-dirichlet/c2/a_refresh_stage_per_class.csv,2700,round; stage; class_id; accuracy,75254
a_refresh_topology_bridge_analysis,output/a_refresh_topology_bridge_analysis/a_refresh_topology_bridge/seed42/matched-dirichlet/c2/a_refresh_summary.csv,9,round; variant; num_clients; nonzero_gap_clients; mean_client_mean_gap; max_client_mean_gap; weighted_mean_client_gap; gap_vs_delta_a_pearson; gap_vs_effective_delta_pearson; mean_client_delta_a_norm; mean_client_effective_delta_norm; nonzero_effective_update_clients; refresh_optimizer_steps; refresh_sample_presentations; refresh_wall_seconds_including_middle_probes; cumulative_probe_seconds; cumulative_probe_sample_presentations; before_a_sha256; before_b_sha256; after_a_sha256; after_b_sha256; delta_a_norm; delta_b_norm; effective_delta_norm; new_input_direction_norm; new_direction_fraction; a_drift_from_initial; mean_a_subspace_change; mean_a_subspace_from_initial,6177
a_refresh_topology_bridge_analysis,output/a_refresh_topology_bridge_analysis/a_refresh_topology_bridge/seed42/matched-dirichlet/c2/lora_aggregation_summary.csv,100,epoch_index; communication_round; partition; aggregation; num_selected_clients; num_active_clients; weight_sum; effective_num_clients; max_weight; min_positive_weight; tail_class_count; covered_tail_class_count; uncovered_tail_classes; la_temperature; la_regularization; la_objective; la_target_kl; la_fedavg_kl,12390
a_refresh_topology_bridge_analysis,output/a_refresh_topology_bridge_analysis/a_refresh_topology_bridge/seed42/matched-dirichlet/c2/lora_aggregation_weights.csv,3000,epoch_index; communication_round; partition; aggregation; client_id; client_num_samples; num_supported_tail_classes; aggregation_weight,188490
a_refresh_topology_bridge_analysis,output/a_refresh_topology_bridge_analysis/a_refresh_topology_bridge/seed42/matched-dirichlet/c2/round_metrics.csv,101,epoch; method; partition; aggregation; overall_acc; non_tail_acc; bottom20_tail_acc; macro_per_class_acc; head_acc; medium_acc; tail_acc; macro_f1; seed; tail_class_ratio,10612
a_refresh_topology_bridge_analysis,output/a_refresh_topology_bridge_analysis/a_refresh_topology_bridge/seed42/matched-dirichlet/c2/analysis/attribution_validity.csv,320,seed; topology; method; round; phase; class_id; before_F; path_after_F; actual_after_F; direct_change; attributed_change; absolute_completeness_error; completeness_tolerance; candidate_vs_trained_endpoint_error; valid; quadrature_nodes; quadrature_segments,68949
a_refresh_topology_bridge_analysis,output/a_refresh_topology_bridge_analysis/a_refresh_topology_bridge/seed42/matched-dirichlet/c2/analysis/first_order_budgets.csv,320,communication_round; class_id; method; supporter_count; non_supporter_count; support_access; positive_support_access; support_write_success_rate; positive_write_strength; positive_write_efficiency; write_factorization_absolute_error; support_effective_clients; W; H; D; R; positive_refresh; ERI; non_support_net; support_net; seed; topology; round; phase,98993
a_refresh_topology_bridge_analysis,output/a_refresh_topology_bridge_analysis/a_refresh_topology_bridge/seed42/matched-dirichlet/c2/analysis/phase_class_budgets.csv,320,communication_round; class_id; method; supporter_count; non_supporter_count; support_access; positive_support_access; support_write_success_rate; positive_write_strength; positive_write_efficiency; write_factorization_absolute_error; support_effective_clients; W; H; D; R; positive_refresh; ERI; non_support_net; support_net; direct_change; valid; positive_budget_near_zero; seed; topology; round; phase,109175
a_refresh_topology_bridge_analysis,output/a_refresh_topology_bridge_analysis/a_refresh_topology_bridge/seed42/matched-dirichlet/c2/analysis/phase_client_effects.csv,9600,communication_round; class_id; method; client_id; supports_class; aggregation_weight; functional_effect; functional_effect_per_unit_weight; signed_role; seed; topology; round; phase,1157211
a_refresh_topology_bridge_analysis,output/a_refresh_topology_bridge_analysis/a_refresh_topology_bridge/seed42/matched-dirichlet/c2/analysis/phase_update_norms.csv,16,seed; topology; method; round; phase; effective_delta_norm; delta_a_norm; delta_b_norm; new_direction_fraction; a_drift_from_initial; mean_a_subspace_from_initial; reconstruction_max_abs_error; frozen_factor_max_abs_error; valid,2701
a_refresh_topology_bridge_analysis,output/a_refresh_topology_bridge_analysis/a_refresh_topology_bridge/seed42/matched-dirichlet/c2/protocol/probe_manifest.csv,200,class_id; slot; raw_train_index; excluded_from_federated_lt_pool,2814
a_refresh_topology_bridge_analysis,output/a_refresh_topology_bridge_analysis/review/class_interactions.csv,20,class_id; CLT_c1; CLT_c2; CLT_C2_minus_C1; Dir_c1; Dir_c2; Dir_C2_minus_C1; interaction,1572
a_refresh_topology_bridge_analysis,output/a_refresh_topology_bridge_analysis/review/event_mechanisms.csv,64,topology; method; round; phase; W; H; D; R; support_access; positive_support_access; direct_change; net; rho; mu; negative_class_count; tail_test_delta,16619
a_refresh_topology_bridge_analysis,output/a_refresh_topology_bridge_analysis/review/performance_recomputed.csv,12,topology; method; metric; last20; final,718
a_refresh_topology_bridge_analysis,output/a_refresh_topology_bridge_analysis/review/phase_means_recomputed.csv,8,topology; method; phase; events; W; H; D; R; support_access; positive_support_access; direct_change; net; rho; mu; D_share_positive,2198
a_refresh_topology_bridge_analysis,output/a_refresh_topology_bridge_analysis/review/refresh_norm_and_function.csv,18,topology; round; A_effective_norm; extra_B_effective_norm; A_to_B_effective_norm_ratio; new_direction_fraction; a_drift; subspace_distance; probe_change; tail_test_delta,3381
a_refresh_topology_bridge_analysis,output/a_refresh_topology_bridge_analysis/review/structure_recomputed.csv,4,topology; method; tail_supporters_mean; tail_access_mean; tail_samples,269
a_refresh_topology_bridge_analysis,output/a_refresh_topology_bridge_analysis/review/temporal_decomposition.csv,12,topology; method; metric; initial; final; final_change; refresh_sum; normal_sum; after90_to100,1546
ab_framework_partition_review_20260918,output/ab_framework_partition_review_20260918/all_results.csv,28,id; family; design; partition; rank; seed; role; overall; non_tail; tail; head20; middle60; final_overall; final_tail; rerun_status; source,7925
ab_framework_partition_review_20260918,output/ab_framework_partition_review_20260918/dirichlet_rerun_inventory.csv,7,id; family; design; partition; rank; seed; role; overall; non_tail; tail; head20; middle60; final_overall; final_tail; rerun_status; source,2416
capt_code_audit_20260914,output/capt_code_audit_20260914/stage1b_recheck/stage1b_gap_best_common_round.csv,10,comparator; metric; epoch_index; communication_round; capt_clientlt; capt_matched_dirichlet; ours_clientlt; ours_matched_dirichlet; base_gap; ours_topology_penalty; capt_topology_penalty; topology_robustness_gap; capt_total_advantage_on_clientlt; decomposition_sum; closure_error; base_gap_fraction_of_total; topology_gap_fraction_of_total; selection_rule,3318
capt_code_audit_20260914,output/capt_code_audit_20260914/stage1b_recheck/stage1b_gap_final.csv,10,comparator; metric; epoch_index; communication_round; capt_clientlt; capt_matched_dirichlet; ours_clientlt; ours_matched_dirichlet; base_gap; ours_topology_penalty; capt_topology_penalty; topology_robustness_gap; capt_total_advantage_on_clientlt; decomposition_sum; closure_error; base_gap_fraction_of_total; topology_gap_fraction_of_total,2538
capt_code_audit_20260914,output/capt_code_audit_20260914/stage1b_recheck/stage1b_gap_per_round.csv,800,comparator; metric; epoch_index; communication_round; capt_clientlt; capt_matched_dirichlet; ours_clientlt; ours_matched_dirichlet; base_gap; ours_topology_penalty; capt_topology_penalty; topology_robustness_gap; capt_total_advantage_on_clientlt; decomposition_sum; closure_error; base_gap_fraction_of_total; topology_gap_fraction_of_total,177240
capt_code_audit_20260914,output/capt_code_audit_20260914/stage1b_recheck/stage1b_independent_best_descriptive.csv,40,comparator; metric; cell; best_epoch_index; best_communication_round; best_value; eligible_for_gap_decomposition,2626
capt_global_start_seed42_results,output/capt_global_start_seed42_results/analysis/paired_class_differences.csv,100,class_id; group; clientlt_acc; dirichlet_acc; delta; clientlt_eligible; dirichlet_eligible,3458
capt_global_start_seed42_results,output/capt_global_start_seed42_results/analysis/per_class_analysis.csv,200,partition; class_id; group; global_samples; supporters; eligible_clients; max_local_proportion; first_post_training_acc; final_acc; first_to_final_delta; prompt_delta_norm; prompt_relative_delta,23644
capt_global_start_seed42_results,output/capt_global_start_seed42_results/capt_global_start_lambda1/seed42/client-longtail/round_metrics.csv,37,epoch; method; partition; aggregation; overall_acc; non_tail_acc; bottom20_tail_acc; macro_per_class_acc; head_acc; medium_acc; tail_acc; macro_f1; seed; tail_class_ratio,3552
capt_global_start_seed42_results,output/capt_global_start_seed42_results/capt_global_start_lambda1/seed42/client-longtail/selected_clients.csv,3000,epoch_index; client_id; selection_order,27739
capt_global_start_seed42_results,output/capt_global_start_seed42_results/capt_global_start_lambda1/seed42/noniid-labeldir-fine/round_metrics.csv,37,epoch; method; partition; aggregation; overall_acc; non_tail_acc; bottom20_tail_acc; macro_per_class_acc; head_acc; medium_acc; tail_acc; macro_f1; seed; tail_class_ratio,3756
capt_global_start_seed42_results,output/capt_global_start_seed42_results/capt_global_start_lambda1/seed42/noniid-labeldir-fine/selected_clients.csv,3000,epoch_index; client_id; selection_order,27739
carrier_access_audit,output/carrier_access_audit/analysis_b/experiment_b_per_tail_class.csv,20,data_seed; tail_class; semantic_effect_spearman; private_test_effect_spearman; related_positive_donor_rate; unrelated_positive_donor_rate; related_mean_test_margin_gain; unrelated_mean_test_margin_gain; related_mean_test_worst_neighbor_gain; unrelated_mean_test_worst_neighbor_gain; private_selected_candidate; private_selected_semantic_rank; private_selected_test_margin_gain; semantic_top1_test_margin_gain; test_oracle_top10_margin_gain_audit_only; best_test_margin_gain_within_semantic_top1; best_test_margin_gain_within_semantic_top3; best_test_margin_gain_within_semantic_top5; best_test_margin_gain_within_semantic_top10; best_test_margin_gain_within_semantic_top20; best_test_margin_gain_within_semantic_top40; best_test_margin_gain_within_semantic_top80,8143
carrier_access_audit,output/carrier_access_audit/analysis_c/experiment_c_paired_contrasts.csv,20,data_seed; tail_class; joint_related_minus_separate_merge_related__test_margin_gain; joint_related_minus_separate_merge_related__test_nll_gain; joint_related_minus_separate_merge_related__test_worst_neighbor_margin_gain; joint_related_minus_separate_merge_related__test_accuracy_gain; joint_related_minus_separate_merge_related__lora_update_l2; separate_readapt_related_minus_separate_merge_related__test_margin_gain; separate_readapt_related_minus_separate_merge_related__test_nll_gain; separate_readapt_related_minus_separate_merge_related__test_worst_neighbor_margin_gain; separate_readapt_related_minus_separate_merge_related__test_accuracy_gain; separate_readapt_related_minus_separate_merge_related__lora_update_l2; joint_related_minus_joint_unrelated__test_margin_gain; joint_related_minus_joint_unrelated__test_nll_gain; joint_related_minus_joint_unrelated__test_worst_neighbor_margin_gain; joint_related_minus_joint_unrelated__test_accuracy_gain; joint_related_minus_joint_unrelated__lora_update_l2; joint_to_separate_update_norm_ratio; chosen_lambda,7185
carrier_access_audit,output/carrier_access_audit/experiment_a/experiment_a_paired_contrasts.csv,20,data_seed; tail_class; dirichlet_minus_clientlt__effective_carrier_count; dirichlet_minus_clientlt__tail_mass_weighted_positive_all_class_margin_coverage; dirichlet_minus_clientlt__tail_mass_weighted_positive_unseen_class_margin_coverage; dirichlet_minus_clientlt__tail_mass_weighted_positive_gain_entropy; dirichlet_minus_clientlt__tail_mass_weighted_worst_neighbor_margin_gain; dirichlet_minus_clientlt__cross_carrier_functional_cosine_diversity; dirichlet_minus_clientlt__carrier_union_positive_margin_coverage,3355
carrier_access_audit,output/carrier_access_audit/experiment_a/experiment_a_per_tail_class.csv,40,data_seed; topology; tail_class; carrier_count; effective_carrier_count; tail_sample_count; tail_mass_weighted_positive_all_class_margin_coverage; tail_mass_weighted_positive_unseen_class_margin_coverage; tail_mass_weighted_positive_gain_entropy; tail_mass_weighted_worst_neighbor_margin_gain; cross_carrier_functional_cosine_diversity; carrier_union_positive_margin_coverage; carrier_intersection_positive_margin_coverage,5821
carrier_access_audit,output/carrier_access_audit/experiment_b/runtime_fairness.csv,80,data_seed; candidate_class; candidate_sample_count; theta0_hash; optimizer_steps_successful; scheduler_steps; amp_overflow_count; lora_update_l2; pass,8713
carrier_access_audit,output/carrier_access_audit/experiment_b/transfer_matrix.csv,1600,data_seed; tail_class; candidate_class; semantic_rank; cosine_similarity; related_top10; unrelated_bottom10; private_accuracy; private_accuracy_gain; private_margin; private_margin_gain; private_nll; private_nll_gain; private_worst_neighbor_margin; private_worst_neighbor_margin_gain; private_positive_neighbor_coverage; private_positive_neighbor_coverage_gain; test_accuracy; test_accuracy_gain; test_margin; test_margin_gain; test_nll; test_nll_gain; test_worst_neighbor_margin; test_worst_neighbor_margin_gain; test_positive_neighbor_coverage; test_positive_neighbor_coverage_gain,562730
carrier_access_audit,output/carrier_access_audit/experiment_c/candidate_selection.csv,20,data_seed; tail_class; related_candidate_class; related_semantic_rank; related_private_margin_gain_in_b; related_test_margin_gain_in_b_audit_only; unrelated_candidate_class; unrelated_semantic_rank; unrelated_private_margin_gain_in_b; unrelated_test_margin_gain_in_b_audit_only; chosen_lambda; selection_used_test_metrics,2397
carrier_access_audit,output/carrier_access_audit/experiment_c/placement_metrics.csv,100,data_seed; tail_class; condition; related_candidate_class; unrelated_candidate_class; chosen_lambda; lora_update_l2; private_accuracy; private_accuracy_gain; private_margin; private_margin_gain; private_nll; private_nll_gain; private_worst_neighbor_margin; private_worst_neighbor_margin_gain; private_positive_neighbor_coverage; private_positive_neighbor_coverage_gain; test_accuracy; test_accuracy_gain; test_margin; test_margin_gain; test_nll; test_nll_gain; test_worst_neighbor_margin; test_worst_neighbor_margin_gain; test_positive_neighbor_coverage; test_positive_neighbor_coverage_gain,36295
carrier_access_audit,output/carrier_access_audit/experiment_c/runtime_fairness.csv,20,data_seed; tail_class; theta0_hash_equal; same_tail_ids; same_related_ids_joint_separate_readapt; same_augmentation_seeds; tail_gradient_calls_joint; candidate_gradient_calls_joint; tail_gradient_calls_separate; candidate_gradient_calls_separate; joint_related_optimizer_steps; separate_total_optimizer_steps; optimizer_trajectory_is_treatment; selection_used_test_metrics; pass,1466
cd_two_seed_summary,output/cd_two_seed_summary/panel_c_filtered_summary/panel_c_all_runs.csv,24,partition; alpha; seed; run_dir; overall_acc; non_tail_acc; bottom20_tail_acc; macro_per_class_acc; tail_effective_client_number; tail_top1_client_mass; tail_top2_client_mass; client_sample_cv; tail_to_tail_budget; non_tail_to_tail_budget; actual_tail_client_purity,7450
cd_two_seed_summary,output/cd_two_seed_summary/panel_c_filtered_summary/panel_c_paired_delta.csv,10,alpha; seed; dirichlet_tail_acc; clientlt_tail_acc; clientlt_minus_dirichlet,384
cd_two_seed_summary,output/cd_two_seed_summary/panel_c_filtered_summary/panel_c_summary.csv,10,partition; alpha; num_runs; overall_acc_mean; overall_acc_std; non_tail_acc_mean; non_tail_acc_std; bottom20_tail_acc_mean; bottom20_tail_acc_std; macro_per_class_acc_mean; macro_per_class_acc_std; tail_effective_client_number_mean; tail_effective_client_number_std; tail_top1_client_mass_mean; tail_top1_client_mass_std; tail_top2_client_mass_mean; tail_top2_client_mass_std; client_sample_cv_mean; client_sample_cv_std; tail_to_tail_budget_mean; tail_to_tail_budget_std; non_tail_to_tail_budget_mean; non_tail_to_tail_budget_std; actual_tail_client_purity_mean; actual_tail_client_purity_std,3854
cifar100_LT/CAPT_cluster_vit_b16_batchSize32,output/cifar100_LT/CAPT_cluster_vit_b16_batchSize32/ExperimentD_AlignedPartitionCompare/partition=client-longtail_lambda=0.75_alpha=0.5_rho=3.0_IF=0.01_localE=3_seed=1/round_metrics.csv,35,epoch; method; partition; overall_acc; non_tail_acc; bottom20_tail_acc; macro_per_class_acc; head_acc; medium_acc; tail_acc; macro_f1; seed; tail_class_ratio,3265
cifar100_LT/CAPT_cluster_vit_b16_batchSize32,output/cifar100_LT/CAPT_cluster_vit_b16_batchSize32/ExperimentD_AlignedPartitionCompare/partition=noniid-labeldir-fine_beta=0.5_IF=0.01_localE=3_seed=1/round_metrics.csv,36,epoch; method; partition; overall_acc; non_tail_acc; bottom20_tail_acc; macro_per_class_acc; head_acc; medium_acc; tail_acc; macro_f1; seed; tail_class_ratio,3566
cifar100_LT/ClipLora_SupportNormalized_2x2_seed42,output/cifar100_LT/ClipLora_SupportNormalized_2x2_seed42/seed42/clientlt/fedavg/lora_aggregation_summary.csv,100,epoch_index; communication_round; partition; aggregation; num_selected_clients; num_active_clients; weight_sum; effective_num_clients; max_weight; min_positive_weight; tail_class_count; covered_tail_class_count; uncovered_tail_classes,10906
cifar100_LT/ClipLora_SupportNormalized_2x2_seed42,output/cifar100_LT/ClipLora_SupportNormalized_2x2_seed42/seed42/clientlt/fedavg/lora_aggregation_weights.csv,3000,epoch_index; communication_round; partition; aggregation; client_id; client_num_samples; num_supported_tail_classes; aggregation_weight,182790
cifar100_LT/ClipLora_SupportNormalized_2x2_seed42,output/cifar100_LT/ClipLora_SupportNormalized_2x2_seed42/seed42/clientlt/fedavg/round_metrics.csv,101,epoch; method; partition; aggregation; overall_acc; non_tail_acc; bottom20_tail_acc; macro_per_class_acc; head_acc; medium_acc; tail_acc; macro_f1; seed; tail_class_ratio,10480
cifar100_LT/ClipLora_SupportNormalized_2x2_seed42,output/cifar100_LT/ClipLora_SupportNormalized_2x2_seed42/seed42/clientlt/fedavg/experiment_d/client_update_norm_summary.csv,100,epoch_index; communication_round; seed; partition; local_epochs; mean_update_norm_all; median_update_norm_all; mean_update_norm_head_clients; mean_update_norm_tail_specialists; max_update_norm; min_update_norm; nan_count; inf_count,15230
cifar100_LT/ClipLora_SupportNormalized_2x2_seed42,output/cifar100_LT/ClipLora_SupportNormalized_2x2_seed42/seed42/clientlt/fedavg/experiment_d/client_update_norms.csv,3000,epoch_index; communication_round; seed; partition; local_epochs; client_id; client_role; client_num_samples; update_norm; is_finite,220177
cifar100_LT/ClipLora_SupportNormalized_2x2_seed42,output/cifar100_LT/ClipLora_SupportNormalized_2x2_seed42/seed42/clientlt/fedavg/experiment_d/experiment_d_per_class.csv,60,epoch_index; communication_round; seed; partition; num_users; frac; local_epochs; class_id; class_group; global_class_count; num_support_clients; support_client_fraction; support_fedavg_weight; support_normalized_denominator; class_positive_samples; positive_samples_in_tail_specialists; positive_sample_specialist_ratio; num_tail_specialists; num_support_tail_specialists; acc_before; acc_support_actual; acc_support_normalized; acc_all; gain_support_actual; gain_support_normalized; gain_all; offset_gap; support_actual_positive; support_normalized_positive; offset_observed; full_reversal; specialization_lambda; intra_group_alpha; head_leakage_scale; beta,12502
cifar100_LT/ClipLora_SupportNormalized_2x2_seed42,output/cifar100_LT/ClipLora_SupportNormalized_2x2_seed42/seed42/clientlt/fedavg/experiment_d/experiment_d_round_summary.csv,3,epoch_index; communication_round; seed; partition; local_epochs; num_tail_classes; mean_gain_support_actual; median_gain_support_actual; mean_gain_support_normalized; median_gain_support_normalized; mean_gain_all; median_gain_all; mean_offset_gap; median_offset_gap; support_actual_positive_rate; support_normalized_positive_rate; offset_observed_rate; full_reversal_rate; mean_support_fedavg_weight; mean_num_support_clients; mean_positive_sample_specialist_ratio,920
cifar100_LT/ClipLora_SupportNormalized_2x2_seed42,output/cifar100_LT/ClipLora_SupportNormalized_2x2_seed42/seed42/clientlt/support_normalized/lora_aggregation_summary.csv,100,epoch_index; communication_round; partition; aggregation; num_selected_clients; num_active_clients; weight_sum; effective_num_clients; max_weight; min_positive_weight; tail_class_count; covered_tail_class_count; uncovered_tail_classes,12106
cifar100_LT/ClipLora_SupportNormalized_2x2_seed42,output/cifar100_LT/ClipLora_SupportNormalized_2x2_seed42/seed42/clientlt/support_normalized/lora_aggregation_weights.csv,3000,epoch_index; communication_round; partition; aggregation; client_id; client_num_samples; num_supported_tail_classes; aggregation_weight,205690
cifar100_LT/ClipLora_SupportNormalized_2x2_seed42,output/cifar100_LT/ClipLora_SupportNormalized_2x2_seed42/seed42/clientlt/support_normalized/round_metrics.csv,101,epoch; method; partition; aggregation; overall_acc; non_tail_acc; bottom20_tail_acc; macro_per_class_acc; head_acc; medium_acc; tail_acc; macro_f1; seed; tail_class_ratio,11638
cifar100_LT/ClipLora_SupportNormalized_2x2_seed42,output/cifar100_LT/ClipLora_SupportNormalized_2x2_seed42/seed42/dirichlet/fedavg/lora_aggregation_summary.csv,100,epoch_index; communication_round; partition; aggregation; num_selected_clients; num_active_clients; weight_sum; effective_num_clients; max_weight; min_positive_weight; tail_class_count; covered_tail_class_count; uncovered_tail_classes,11106
cifar100_LT/ClipLora_SupportNormalized_2x2_seed42,output/cifar100_LT/ClipLora_SupportNormalized_2x2_seed42/seed42/dirichlet/fedavg/lora_aggregation_weights.csv,3000,epoch_index; communication_round; partition; aggregation; client_id; client_num_samples; num_supported_tail_classes; aggregation_weight,197490
cifar100_LT/ClipLora_SupportNormalized_2x2_seed42,output/cifar100_LT/ClipLora_SupportNormalized_2x2_seed42/seed42/dirichlet/fedavg/round_metrics.csv,101,epoch; method; partition; aggregation; overall_acc; non_tail_acc; bottom20_tail_acc; macro_per_class_acc; head_acc; medium_acc; tail_acc; macro_f1; seed; tail_class_ratio,10954
cifar100_LT/ClipLora_SupportNormalized_2x2_seed42,output/cifar100_LT/ClipLora_SupportNormalized_2x2_seed42/seed42/dirichlet/fedavg/experiment_d/client_update_norm_summary.csv,100,epoch_index; communication_round; seed; partition; local_epochs; mean_update_norm_all; median_update_norm_all; mean_update_norm_head_clients; mean_update_norm_tail_specialists; max_update_norm; min_update_norm; nan_count; inf_count,12504
cifar100_LT/ClipLora_SupportNormalized_2x2_seed42,output/cifar100_LT/ClipLora_SupportNormalized_2x2_seed42/seed42/dirichlet/fedavg/experiment_d/client_update_norms.csv,3000,epoch_index; communication_round; seed; partition; local_epochs; client_id; client_role; client_num_samples; update_norm; is_finite,201188
cifar100_LT/ClipLora_SupportNormalized_2x2_seed42,output/cifar100_LT/ClipLora_SupportNormalized_2x2_seed42/seed42/dirichlet/fedavg/experiment_d/experiment_d_per_class.csv,60,epoch_index; communication_round; seed; partition; num_users; frac; local_epochs; class_id; class_group; global_class_count; num_support_clients; support_client_fraction; support_fedavg_weight; support_normalized_denominator; class_positive_samples; positive_samples_in_tail_specialists; positive_sample_specialist_ratio; num_tail_specialists; num_support_tail_specialists; acc_before; acc_support_actual; acc_support_normalized; acc_all; gain_support_actual; gain_support_normalized; gain_all; offset_gap; support_actual_positive; support_normalized_positive; offset_observed; full_reversal; specialization_lambda; intra_group_alpha; head_leakage_scale; beta,12201
cifar100_LT/ClipLora_SupportNormalized_2x2_seed42,output/cifar100_LT/ClipLora_SupportNormalized_2x2_seed42/seed42/dirichlet/fedavg/experiment_d/experiment_d_round_summary.csv,3,epoch_index; communication_round; seed; partition; local_epochs; num_tail_classes; mean_gain_support_actual; median_gain_support_actual; mean_gain_support_normalized; median_gain_support_normalized; mean_gain_all; median_gain_all; mean_offset_gap; median_offset_gap; support_actual_positive_rate; support_normalized_positive_rate; offset_observed_rate; full_reversal_rate; mean_support_fedavg_weight; mean_num_support_clients; mean_positive_sample_specialist_ratio,902
cifar100_LT/ClipLora_SupportNormalized_2x2_seed42,output/cifar100_LT/ClipLora_SupportNormalized_2x2_seed42/seed42/dirichlet/support_normalized/lora_aggregation_summary.csv,100,epoch_index; communication_round; partition; aggregation; num_selected_clients; num_active_clients; weight_sum; effective_num_clients; max_weight; min_positive_weight; tail_class_count; covered_tail_class_count; uncovered_tail_classes,12606
cifar100_LT/ClipLora_SupportNormalized_2x2_seed42,output/cifar100_LT/ClipLora_SupportNormalized_2x2_seed42/seed42/dirichlet/support_normalized/lora_aggregation_weights.csv,3000,epoch_index; communication_round; partition; aggregation; client_id; client_num_samples; num_supported_tail_classes; aggregation_weight,234290
cifar100_LT/ClipLora_SupportNormalized_2x2_seed42,output/cifar100_LT/ClipLora_SupportNormalized_2x2_seed42/seed42/dirichlet/support_normalized/round_metrics.csv,101,epoch; method; partition; aggregation; overall_acc; non_tail_acc; bottom20_tail_acc; macro_per_class_acc; head_acc; medium_acc; tail_acc; macro_f1; seed; tail_class_ratio,12120
cifar100_LT/PromptFL_fedavg_vit_b16_batchSize32,output/cifar100_LT/PromptFL_fedavg_vit_b16_batchSize32/ExpF_smoke/partition=noniid-labeldir-fine_beta=0.5_IF=0.01_localE=5_seed=1/round_metrics.csv,5,epoch; method; partition; overall_acc; non_tail_acc; bottom20_tail_acc; macro_per_class_acc; head_acc; medium_acc; tail_acc; macro_f1; seed; tail_class_ratio,635
cifar100_LT/PromptFL_fedavg_vit_b16_batchSize32,output/cifar100_LT/PromptFL_fedavg_vit_b16_batchSize32/ExpF_smoke/partition=noniid-labeldir-fine_beta=0.5_IF=0.01_localE=5_seed=1/update_retention_per_class.csv,500,epoch; method; partition; frac; seed; param_key; class_id; class_group; global_count; selected_clients; selected_support_clients; selected_support_client_rate; support_weight_sum; selected_support_samples; sample_exposure_rate; support_update_norm_mean; support_update_norm_weighted; non_support_update_norm_weighted; all_update_norm_weighted; support_delta_norm; global_delta_norm; retention_ratio; dilution_ratio; support_cancellation_rate; all_cancellation_rate; direction_cosine,172092
cifar100_LT/PromptFL_fedavg_vit_b16_batchSize32,output/cifar100_LT/PromptFL_fedavg_vit_b16_batchSize32/ExperimentD_LocalEpochPilot/client-longtail_lambda=0.75_alpha=0.5_rho=3.0_localE=1_seed=1/round_metrics.csv,30,epoch; method; partition; overall_acc; non_tail_acc; bottom20_tail_acc; macro_per_class_acc; head_acc; medium_acc; tail_acc; macro_f1; seed; tail_class_ratio,2982
cifar100_LT/PromptFL_fedavg_vit_b16_batchSize32,output/cifar100_LT/PromptFL_fedavg_vit_b16_batchSize32/ExperimentD_LocalEpochPilot/client-longtail_lambda=0.75_alpha=0.5_rho=3.0_localE=1_seed=1/experiment_d/client_update_norm_summary.csv,30,epoch_index; communication_round; seed; partition; local_epochs; mean_update_norm_all; median_update_norm_all; mean_update_norm_head_clients; mean_update_norm_tail_specialists; max_update_norm; min_update_norm; nan_count; inf_count,4984
cifar100_LT/PromptFL_fedavg_vit_b16_batchSize32,output/cifar100_LT/PromptFL_fedavg_vit_b16_batchSize32/ExperimentD_LocalEpochPilot/client-longtail_lambda=0.75_alpha=0.5_rho=3.0_localE=1_seed=1/experiment_d/client_update_norms.csv,900,epoch_index; communication_round; seed; partition; local_epochs; client_id; client_role; client_num_samples; update_norm; is_finite,66194
cifar100_LT/PromptFL_fedavg_vit_b16_batchSize32,output/cifar100_LT/PromptFL_fedavg_vit_b16_batchSize32/ExperimentD_LocalEpochPilot/client-longtail_lambda=0.75_alpha=0.5_rho=3.0_localE=1_seed=1/experiment_d/experiment_d_per_class.csv,80,epoch_index; communication_round; seed; partition; num_users; frac; local_epochs; class_id; class_group; global_class_count; num_support_clients; support_client_fraction; support_fedavg_weight; support_normalized_denominator; class_positive_samples; positive_samples_in_tail_specialists; positive_sample_specialist_ratio; num_tail_specialists; num_support_tail_specialists; acc_before; acc_support_actual; acc_support_normalized; acc_all; gain_support_actual; gain_support_normalized; gain_all; offset_gap; support_actual_positive; support_normalized_positive; offset_observed; full_reversal; specialization_lambda; intra_group_alpha; head_leakage_scale; beta,17061
cifar100_LT/PromptFL_fedavg_vit_b16_batchSize32,output/cifar100_LT/PromptFL_fedavg_vit_b16_batchSize32/ExperimentD_LocalEpochPilot/client-longtail_lambda=0.75_alpha=0.5_rho=3.0_localE=1_seed=1/experiment_d/experiment_d_round_summary.csv,4,epoch_index; communication_round; seed; partition; local_epochs; num_tail_classes; mean_gain_support_actual; median_gain_support_actual; mean_gain_support_normalized; median_gain_support_normalized; mean_gain_all; median_gain_all; mean_offset_gap; median_offset_gap; support_actual_positive_rate; support_normalized_positive_rate; offset_observed_rate; full_reversal_rate; mean_support_fedavg_weight; mean_num_support_clients; mean_positive_sample_specialist_ratio,1126
cifar100_LT/PromptFL_fedavg_vit_b16_batchSize32,output/cifar100_LT/PromptFL_fedavg_vit_b16_batchSize32/ExperimentD_LocalEpochPilot/client-longtail_lambda=0.75_alpha=0.5_rho=3.0_localE=1_seed=1/experiment_d/runtime_metrics.csv,30,epoch_index; communication_round; local_epochs; local_training_seconds; experimentD_diagnostic_seconds; normal_global_eval_seconds; round_total_seconds; cumulative_seconds,3217
cifar100_LT/PromptFL_fedavg_vit_b16_batchSize32,output/cifar100_LT/PromptFL_fedavg_vit_b16_batchSize32/ExperimentD_LocalEpochPilot/client-longtail_lambda=0.75_alpha=0.5_rho=3.0_localE=3_seed=1/round_metrics.csv,30,epoch; method; partition; overall_acc; non_tail_acc; bottom20_tail_acc; macro_per_class_acc; head_acc; medium_acc; tail_acc; macro_f1; seed; tail_class_ratio,2970
cifar100_LT/PromptFL_fedavg_vit_b16_batchSize32,output/cifar100_LT/PromptFL_fedavg_vit_b16_batchSize32/ExperimentD_LocalEpochPilot/client-longtail_lambda=0.75_alpha=0.5_rho=3.0_localE=3_seed=1/experiment_d/client_update_norm_summary.csv,30,epoch_index; communication_round; seed; partition; local_epochs; mean_update_norm_all; median_update_norm_all; mean_update_norm_head_clients; mean_update_norm_tail_specialists; max_update_norm; min_update_norm; nan_count; inf_count,4560
cifar100_LT/PromptFL_fedavg_vit_b16_batchSize32,output/cifar100_LT/PromptFL_fedavg_vit_b16_batchSize32/ExperimentD_LocalEpochPilot/client-longtail_lambda=0.75_alpha=0.5_rho=3.0_localE=3_seed=1/experiment_d/client_update_norms.csv,900,epoch_index; communication_round; seed; partition; local_epochs; client_id; client_role; client_num_samples; update_norm; is_finite,64269
cifar100_LT/PromptFL_fedavg_vit_b16_batchSize32,output/cifar100_LT/PromptFL_fedavg_vit_b16_batchSize32/ExperimentD_LocalEpochPilot/client-longtail_lambda=0.75_alpha=0.5_rho=3.0_localE=3_seed=1/experiment_d/experiment_d_per_class.csv,80,epoch_index; communication_round; seed; partition; num_users; frac; local_epochs; class_id; class_group; global_class_count; num_support_clients; support_client_fraction; support_fedavg_weight; support_normalized_denominator; class_positive_samples; positive_samples_in_tail_specialists; positive_sample_specialist_ratio; num_tail_specialists; num_support_tail_specialists; acc_before; acc_support_actual; acc_support_normalized; acc_all; gain_support_actual; gain_support_normalized; gain_all; offset_gap; support_actual_positive; support_normalized_positive; offset_observed; full_reversal; specialization_lambda; intra_group_alpha; head_leakage_scale; beta,16769
cifar100_LT/PromptFL_fedavg_vit_b16_batchSize32,output/cifar100_LT/PromptFL_fedavg_vit_b16_batchSize32/ExperimentD_LocalEpochPilot/client-longtail_lambda=0.75_alpha=0.5_rho=3.0_localE=3_seed=1/experiment_d/experiment_d_round_summary.csv,4,epoch_index; communication_round; seed; partition; local_epochs; num_tail_classes; mean_gain_support_actual; median_gain_support_actual; mean_gain_support_normalized; median_gain_support_normalized; mean_gain_all; median_gain_all; mean_offset_gap; median_offset_gap; support_actual_positive_rate; support_normalized_positive_rate; offset_observed_rate; full_reversal_rate; mean_support_fedavg_weight; mean_num_support_clients; mean_positive_sample_specialist_ratio,1069
cifar100_LT/PromptFL_fedavg_vit_b16_batchSize32,output/cifar100_LT/PromptFL_fedavg_vit_b16_batchSize32/ExperimentD_LocalEpochPilot/client-longtail_lambda=0.75_alpha=0.5_rho=3.0_localE=3_seed=1/experiment_d/runtime_metrics.csv,30,epoch_index; communication_round; local_epochs; local_training_seconds; experimentD_diagnostic_seconds; normal_global_eval_seconds; round_total_seconds; cumulative_seconds,3251
cifar100_LT/PromptFL_fedavg_vit_b16_batchSize32,output/cifar100_LT/PromptFL_fedavg_vit_b16_batchSize32/ExperimentD_LocalEpochPilot/summary/experimentD_local_epochs_all_runs.csv,2,partition; specialization_lambda; intra_group_alpha; head_leakage_scale; local_epochs; seed; run_dir; final_epoch; final_overall_acc; final_non_tail_acc; final_bottom20_tail_acc; final_macro_per_class_acc; best_overall_acc; best_bottom20_tail_acc; last5_overall_acc_mean; last5_overall_acc_std; last5_bottom20_tail_acc_mean; last5_bottom20_tail_acc_std; num_diagnostic_rounds; mean_gain_support_actual; mean_gain_support_normalized; mean_gain_all; mean_offset_gap; support_actual_positive_rate; support_normalized_positive_rate; offset_observed_rate; full_reversal_rate; mean_support_fedavg_weight; mean_num_support_clients; mean_positive_sample_specialist_ratio; mean_update_norm_all; mean_update_norm_head_clients; mean_update_norm_tail_specialists; mean_local_training_seconds; mean_experimentD_diagnostic_seconds; mean_normal_global_eval_seconds; mean_round_total_seconds; cumulative_seconds,1972
cifar100_LT/PromptFL_fedavg_vit_b16_batchSize32,output/cifar100_LT/PromptFL_fedavg_vit_b16_batchSize32/ExperimentD_LocalEpochPilot/summary/experimentD_local_epochs_summary.csv,2,partition; intra_group_alpha; local_epochs; num_runs; final_overall_acc_mean; final_overall_acc_std; final_bottom20_tail_acc_mean; final_bottom20_tail_acc_std; final_macro_per_class_acc_mean; final_macro_per_class_acc_std; best_overall_acc_mean; best_overall_acc_std; last5_overall_acc_mean_mean; last5_overall_acc_mean_std; last5_bottom20_tail_acc_mean_mean; last5_bottom20_tail_acc_mean_std; mean_gain_support_actual_mean; mean_gain_support_actual_std; mean_gain_support_normalized_mean; mean_gain_support_normalized_std; mean_gain_all_mean; mean_gain_all_std; mean_offset_gap_mean; mean_offset_gap_std; support_actual_positive_rate_mean; support_actual_positive_rate_std; offset_observed_rate_mean; offset_observed_rate_std; full_reversal_rate_mean; full_reversal_rate_std; mean_update_norm_all_mean; mean_update_norm_all_std; mean_update_norm_head_clients_mean; mean_update_norm_head_clients_std; mean_update_norm_tail_specialists_mean; mean_update_norm_tail_specialists_std; mean_local_training_seconds_mean; mean_local_training_seconds_std; mean_experimentD_diagnostic_seconds_mean; mean_experimentD_diagnostic_seconds_std; mean_round_total_seconds_mean; mean_round_total_seconds_std; cumulative_seconds_mean; cumulative_seconds_std,1921
cifar100_LT/PromptFL_fedavg_vit_b16_batchSize32,output/cifar100_LT/PromptFL_fedavg_vit_b16_batchSize32/ExperimentD_Main/partition=client-longtail_lambda=0.75_alpha=0.5_rho=3.0_IF=0.01_localE=3_seed=1/round_metrics.csv,13,epoch; method; partition; overall_acc; non_tail_acc; bottom20_tail_acc; macro_per_class_acc; head_acc; medium_acc; tail_acc; macro_f1; seed; tail_class_ratio,1371
cifar100_LT/PromptFL_fedavg_vit_b16_batchSize32,output/cifar100_LT/PromptFL_fedavg_vit_b16_batchSize32/ExperimentD_Main/partition=client-longtail_lambda=0.75_alpha=0.5_rho=3.0_IF=0.01_localE=3_seed=1/experiment_d/client_update_norm_summary.csv,13,epoch_index; communication_round; seed; partition; local_epochs; mean_update_norm_all; median_update_norm_all; mean_update_norm_head_clients; mean_update_norm_tail_specialists; max_update_norm; min_update_norm; nan_count; inf_count,2087
cifar100_LT/PromptFL_fedavg_vit_b16_batchSize32,output/cifar100_LT/PromptFL_fedavg_vit_b16_batchSize32/ExperimentD_Main/partition=client-longtail_lambda=0.75_alpha=0.5_rho=3.0_IF=0.01_localE=3_seed=1/experiment_d/client_update_norms.csv,390,epoch_index; communication_round; seed; partition; local_epochs; client_id; client_role; client_num_samples; update_norm; is_finite,27601
cifar100_LT/PromptFL_fedavg_vit_b16_batchSize32,output/cifar100_LT/PromptFL_fedavg_vit_b16_batchSize32/ExperimentD_Main/partition=client-longtail_lambda=0.75_alpha=0.5_rho=3.0_IF=0.01_localE=3_seed=1/experiment_d/runtime_metrics.csv,13,epoch_index; communication_round; local_epochs; local_training_seconds; experimentD_diagnostic_seconds; normal_global_eval_seconds; round_total_seconds; cumulative_seconds,1481
cifar100_LT/PromptFL_fedavg_vit_b16_batchSize32,output/cifar100_LT/PromptFL_fedavg_vit_b16_batchSize32/ExperimentD_Main/partition=client-longtail_lambda=0.75_alpha=0.5_rho=3.0_IF=0.01_localE=3_seed=2026/round_metrics.csv,100,epoch; method; partition; overall_acc; non_tail_acc; bottom20_tail_acc; macro_per_class_acc; head_acc; medium_acc; tail_acc; macro_f1; seed; tail_class_ratio,9870
cifar100_LT/PromptFL_fedavg_vit_b16_batchSize32,output/cifar100_LT/PromptFL_fedavg_vit_b16_batchSize32/ExperimentD_Main/partition=client-longtail_lambda=0.75_alpha=0.5_rho=3.0_IF=0.01_localE=3_seed=2026/experiment_d/client_update_norm_summary.csv,100,epoch_index; communication_round; seed; partition; local_epochs; mean_update_norm_all; median_update_norm_all; mean_update_norm_head_clients; mean_update_norm_tail_specialists; max_update_norm; min_update_norm; nan_count; inf_count,15043
cifar100_LT/PromptFL_fedavg_vit_b16_batchSize32,output/cifar100_LT/PromptFL_fedavg_vit_b16_batchSize32/ExperimentD_Main/partition=client-longtail_lambda=0.75_alpha=0.5_rho=3.0_IF=0.01_localE=3_seed=2026/experiment_d/client_update_norms.csv,3000,epoch_index; communication_round; seed; partition; local_epochs; client_id; client_role; client_num_samples; update_norm; is_finite,224444
cifar100_LT/PromptFL_fedavg_vit_b16_batchSize32,output/cifar100_LT/PromptFL_fedavg_vit_b16_batchSize32/ExperimentD_Main/partition=client-longtail_lambda=0.75_alpha=0.5_rho=3.0_IF=0.01_localE=3_seed=2026/experiment_d/experiment_d_per_class.csv,60,epoch_index; communication_round; seed; partition; num_users; frac; local_epochs; class_id; class_group; global_class_count; num_support_clients; support_client_fraction; support_fedavg_weight; support_normalized_denominator; class_positive_samples; positive_samples_in_tail_specialists; positive_sample_specialist_ratio; num_tail_specialists; num_support_tail_specialists; acc_before; acc_support_actual; acc_support_normalized; acc_all; gain_support_actual; gain_support_normalized; gain_all; offset_gap; support_actual_positive; support_normalized_positive; offset_observed; full_reversal; specialization_lambda; intra_group_alpha; head_leakage_scale; beta,12964
cifar100_LT/PromptFL_fedavg_vit_b16_batchSize32,output/cifar100_LT/PromptFL_fedavg_vit_b16_batchSize32/ExperimentD_Main/partition=client-longtail_lambda=0.75_alpha=0.5_rho=3.0_IF=0.01_localE=3_seed=2026/experiment_d/experiment_d_round_summary.csv,3,epoch_index; communication_round; seed; partition; local_epochs; num_tail_classes; mean_gain_support_actual; median_gain_support_actual; mean_gain_support_normalized; median_gain_support_normalized; mean_gain_all; median_gain_all; mean_offset_gap; median_offset_gap; support_actual_positive_rate; support_normalized_positive_rate; offset_observed_rate; full_reversal_rate; mean_support_fedavg_weight; mean_num_support_clients; mean_positive_sample_specialist_ratio,916
cifar100_LT/PromptFL_fedavg_vit_b16_batchSize32,output/cifar100_LT/PromptFL_fedavg_vit_b16_batchSize32/ExperimentD_Main/partition=client-longtail_lambda=0.75_alpha=0.5_rho=3.0_IF=0.01_localE=3_seed=2026/experiment_d/runtime_metrics.csv,100,epoch_index; communication_round; local_epochs; local_training_seconds; experimentD_diagnostic_seconds; normal_global_eval_seconds; round_total_seconds; cumulative_seconds,10561
cifar100_LT/PromptFL_fedavg_vit_b16_batchSize32,output/cifar100_LT/PromptFL_fedavg_vit_b16_batchSize32/ExperimentD_Main/partition=client-longtail_lambda=0.75_alpha=0.5_rho=3.0_IF=0.01_localE=3_seed=42/round_metrics.csv,100,epoch; method; partition; overall_acc; non_tail_acc; bottom20_tail_acc; macro_per_class_acc; head_acc; medium_acc; tail_acc; macro_f1; seed; tail_class_ratio,9668
cifar100_LT/PromptFL_fedavg_vit_b16_batchSize32,output/cifar100_LT/PromptFL_fedavg_vit_b16_batchSize32/ExperimentD_Main/partition=client-longtail_lambda=0.75_alpha=0.5_rho=3.0_IF=0.01_localE=3_seed=42/experiment_d/client_update_norm_summary.csv,100,epoch_index; communication_round; seed; partition; local_epochs; mean_update_norm_all; median_update_norm_all; mean_update_norm_head_clients; mean_update_norm_tail_specialists; max_update_norm; min_update_norm; nan_count; inf_count,14806
cifar100_LT/PromptFL_fedavg_vit_b16_batchSize32,output/cifar100_LT/PromptFL_fedavg_vit_b16_batchSize32/ExperimentD_Main/partition=client-longtail_lambda=0.75_alpha=0.5_rho=3.0_IF=0.01_localE=3_seed=42/experiment_d/client_update_norms.csv,3000,epoch_index; communication_round; seed; partition; local_epochs; client_id; client_role; client_num_samples; update_norm; is_finite,218279
cifar100_LT/PromptFL_fedavg_vit_b16_batchSize32,output/cifar100_LT/PromptFL_fedavg_vit_b16_batchSize32/ExperimentD_Main/partition=client-longtail_lambda=0.75_alpha=0.5_rho=3.0_IF=0.01_localE=3_seed=42/experiment_d/experiment_d_per_class.csv,60,epoch_index; communication_round; seed; partition; num_users; frac; local_epochs; class_id; class_group; global_class_count; num_support_clients; support_client_fraction; support_fedavg_weight; support_normalized_denominator; class_positive_samples; positive_samples_in_tail_specialists; positive_sample_specialist_ratio; num_tail_specialists; num_support_tail_specialists; acc_before; acc_support_actual; acc_support_normalized; acc_all; gain_support_actual; gain_support_normalized; gain_all; offset_gap; support_actual_positive; support_normalized_positive; offset_observed; full_reversal; specialization_lambda; intra_group_alpha; head_leakage_scale; beta,12929
cifar100_LT/PromptFL_fedavg_vit_b16_batchSize32,output/cifar100_LT/PromptFL_fedavg_vit_b16_batchSize32/ExperimentD_Main/partition=client-longtail_lambda=0.75_alpha=0.5_rho=3.0_IF=0.01_localE=3_seed=42/experiment_d/experiment_d_round_summary.csv,3,epoch_index; communication_round; seed; partition; local_epochs; num_tail_classes; mean_gain_support_actual; median_gain_support_actual; mean_gain_support_normalized; median_gain_support_normalized; mean_gain_all; median_gain_all; mean_offset_gap; median_offset_gap; support_actual_positive_rate; support_normalized_positive_rate; offset_observed_rate; full_reversal_rate; mean_support_fedavg_weight; mean_num_support_clients; mean_positive_sample_specialist_ratio,941
cifar100_LT/PromptFL_fedavg_vit_b16_batchSize32,output/cifar100_LT/PromptFL_fedavg_vit_b16_batchSize32/ExperimentD_Main/partition=client-longtail_lambda=0.75_alpha=0.5_rho=3.0_IF=0.01_localE=3_seed=42/experiment_d/runtime_metrics.csv,100,epoch_index; communication_round; local_epochs; local_training_seconds; experimentD_diagnostic_seconds; normal_global_eval_seconds; round_total_seconds; cumulative_seconds,10540
cifar100_LT/PromptFL_fedavg_vit_b16_batchSize32,output/cifar100_LT/PromptFL_fedavg_vit_b16_batchSize32/ExperimentD_Main/partition=noniid-labeldir-fine_alpha=0.5_IF=0.01_localE=3_seed=2026/round_metrics.csv,100,epoch; method; partition; overall_acc; non_tail_acc; bottom20_tail_acc; macro_per_class_acc; head_acc; medium_acc; tail_acc; macro_f1; seed; tail_class_ratio,10371
cifar100_LT/PromptFL_fedavg_vit_b16_batchSize32,output/cifar100_LT/PromptFL_fedavg_vit_b16_batchSize32/ExperimentD_Main/partition=noniid-labeldir-fine_alpha=0.5_IF=0.01_localE=3_seed=2026/experiment_d/client_update_norm_summary.csv,100,epoch_index; communication_round; seed; partition; local_epochs; mean_update_norm_all; median_update_norm_all; mean_update_norm_head_clients; mean_update_norm_tail_specialists; max_update_norm; min_update_norm; nan_count; inf_count,12487
cifar100_LT/PromptFL_fedavg_vit_b16_batchSize32,output/cifar100_LT/PromptFL_fedavg_vit_b16_batchSize32/ExperimentD_Main/partition=noniid-labeldir-fine_alpha=0.5_IF=0.01_localE=3_seed=2026/experiment_d/client_update_norms.csv,3000,epoch_index; communication_round; seed; partition; local_epochs; client_id; client_role; client_num_samples; update_norm; is_finite,205374
cifar100_LT/PromptFL_fedavg_vit_b16_batchSize32,output/cifar100_LT/PromptFL_fedavg_vit_b16_batchSize32/ExperimentD_Main/partition=noniid-labeldir-fine_alpha=0.5_IF=0.01_localE=3_seed=2026/experiment_d/experiment_d_per_class.csv,60,epoch_index; communication_round; seed; partition; num_users; frac; local_epochs; class_id; class_group; global_class_count; num_support_clients; support_client_fraction; support_fedavg_weight; support_normalized_denominator; class_positive_samples; positive_samples_in_tail_specialists; positive_sample_specialist_ratio; num_tail_specialists; num_support_tail_specialists; acc_before; acc_support_actual; acc_support_normalized; acc_all; gain_support_actual; gain_support_normalized; gain_all; offset_gap; support_actual_positive; support_normalized_positive; offset_observed; full_reversal; specialization_lambda; intra_group_alpha; head_leakage_scale; beta,12983
cifar100_LT/PromptFL_fedavg_vit_b16_batchSize32,output/cifar100_LT/PromptFL_fedavg_vit_b16_batchSize32/ExperimentD_Main/partition=noniid-labeldir-fine_alpha=0.5_IF=0.01_localE=3_seed=2026/experiment_d/experiment_d_round_summary.csv,3,epoch_index; communication_round; seed; partition; local_epochs; num_tail_classes; mean_gain_support_actual; median_gain_support_actual; mean_gain_support_normalized; median_gain_support_normalized; mean_gain_all; median_gain_all; mean_offset_gap; median_offset_gap; support_actual_positive_rate; support_normalized_positive_rate; offset_observed_rate; full_reversal_rate; mean_support_fedavg_weight; mean_num_support_clients; mean_positive_sample_specialist_ratio,834
cifar100_LT/PromptFL_fedavg_vit_b16_batchSize32,output/cifar100_LT/PromptFL_fedavg_vit_b16_batchSize32/ExperimentD_Main/partition=noniid-labeldir-fine_alpha=0.5_IF=0.01_localE=3_seed=2026/experiment_d/runtime_metrics.csv,100,epoch_index; communication_round; local_epochs; local_training_seconds; experimentD_diagnostic_seconds; normal_global_eval_seconds; round_total_seconds; cumulative_seconds,10546
cifar100_LT/PromptFL_fedavg_vit_b16_batchSize32,output/cifar100_LT/PromptFL_fedavg_vit_b16_batchSize32/ExperimentD_Main/partition=noniid-labeldir-fine_alpha=0.5_IF=0.01_localE=3_seed=42/round_metrics.csv,100,epoch; method; partition; overall_acc; non_tail_acc; bottom20_tail_acc; macro_per_class_acc; head_acc; medium_acc; tail_acc; macro_f1; seed; tail_class_ratio,10163
cifar100_LT/PromptFL_fedavg_vit_b16_batchSize32,output/cifar100_LT/PromptFL_fedavg_vit_b16_batchSize32/ExperimentD_Main/partition=noniid-labeldir-fine_alpha=0.5_IF=0.01_localE=3_seed=42/experiment_d/client_update_norm_summary.csv,100,epoch_index; communication_round; seed; partition; local_epochs; mean_update_norm_all; median_update_norm_all; mean_update_norm_head_clients; mean_update_norm_tail_specialists; max_update_norm; min_update_norm; nan_count; inf_count,12293
cifar100_LT/PromptFL_fedavg_vit_b16_batchSize32,output/cifar100_LT/PromptFL_fedavg_vit_b16_batchSize32/ExperimentD_Main/partition=noniid-labeldir-fine_alpha=0.5_IF=0.01_localE=3_seed=42/experiment_d/client_update_norms.csv,3000,epoch_index; communication_round; seed; partition; local_epochs; client_id; client_role; client_num_samples; update_norm; is_finite,199348
cifar100_LT/PromptFL_fedavg_vit_b16_batchSize32,output/cifar100_LT/PromptFL_fedavg_vit_b16_batchSize32/ExperimentD_Main/partition=noniid-labeldir-fine_alpha=0.5_IF=0.01_localE=3_seed=42/experiment_d/experiment_d_per_class.csv,60,epoch_index; communication_round; seed; partition; num_users; frac; local_epochs; class_id; class_group; global_class_count; num_support_clients; support_client_fraction; support_fedavg_weight; support_normalized_denominator; class_positive_samples; positive_samples_in_tail_specialists; positive_sample_specialist_ratio; num_tail_specialists; num_support_tail_specialists; acc_before; acc_support_actual; acc_support_normalized; acc_all; gain_support_actual; gain_support_normalized; gain_all; offset_gap; support_actual_positive; support_normalized_positive; offset_observed; full_reversal; specialization_lambda; intra_group_alpha; head_leakage_scale; beta,12627
cifar100_LT/PromptFL_fedavg_vit_b16_batchSize32,output/cifar100_LT/PromptFL_fedavg_vit_b16_batchSize32/ExperimentD_Main/partition=noniid-labeldir-fine_alpha=0.5_IF=0.01_localE=3_seed=42/experiment_d/experiment_d_round_summary.csv,3,epoch_index; communication_round; seed; partition; local_epochs; num_tail_classes; mean_gain_support_actual; median_gain_support_actual; mean_gain_support_normalized; median_gain_support_normalized; mean_gain_all; median_gain_all; mean_offset_gap; median_offset_gap; support_actual_positive_rate; support_normalized_positive_rate; offset_observed_rate; full_reversal_rate; mean_support_fedavg_weight; mean_num_support_clients; mean_positive_sample_specialist_ratio,869
cifar100_LT/PromptFL_fedavg_vit_b16_batchSize32,output/cifar100_LT/PromptFL_fedavg_vit_b16_batchSize32/ExperimentD_Main/partition=noniid-labeldir-fine_alpha=0.5_IF=0.01_localE=3_seed=42/experiment_d/runtime_metrics.csv,100,epoch_index; communication_round; local_epochs; local_training_seconds; experimentD_diagnostic_seconds; normal_global_eval_seconds; round_total_seconds; cumulative_seconds,10545
cifar100_LT/PromptFL_fedavg_vit_b16_batchSize32,output/cifar100_LT/PromptFL_fedavg_vit_b16_batchSize32/ExperimentD_Main/summary/experimentD_main_2seed_final_accuracy_all_runs.csv,4,partition; seed; overall_acc; non_tail_acc; bottom20_tail_acc; macro_per_class_acc; run_dir,862
cifar100_LT/PromptFL_fedavg_vit_b16_batchSize32,output/cifar100_LT/PromptFL_fedavg_vit_b16_batchSize32/ExperimentD_Main/summary/experimentD_main_2seed_final_accuracy_paired_delta.csv,2,seed; clientlt_overall_acc; dirichlet_overall_acc; clientlt_minus_dirichlet_overall_acc; clientlt_non_tail_acc; dirichlet_non_tail_acc; clientlt_minus_dirichlet_non_tail_acc; clientlt_bottom20_tail_acc; dirichlet_bottom20_tail_acc; clientlt_minus_dirichlet_bottom20_tail_acc; clientlt_macro_per_class_acc; dirichlet_macro_per_class_acc; clientlt_minus_dirichlet_macro_per_class_acc,580
cifar100_LT/PromptFL_fedavg_vit_b16_batchSize32,output/cifar100_LT/PromptFL_fedavg_vit_b16_batchSize32/ExperimentD_Main/summary/experimentD_main_2seed_final_accuracy_summary.csv,2,partition; num_seeds; seeds; overall_acc_mean; overall_acc_std; non_tail_acc_mean; non_tail_acc_std; bottom20_tail_acc_mean; bottom20_tail_acc_std; macro_per_class_acc_mean; macro_per_class_acc_std,483
cifar100_LT/PromptFL_fedavg_vit_b16_batchSize32,output/cifar100_LT/PromptFL_fedavg_vit_b16_batchSize32/ExperimentD_Main/summary/experimentD_main_clientlt_minus_dirichlet_summary.csv,3,alpha; communication_round; num_pairs; clientlt_minus_dirichlet_mean_gain_support_actual_mean; clientlt_minus_dirichlet_mean_gain_support_actual_std; clientlt_minus_dirichlet_mean_gain_support_normalized_mean; clientlt_minus_dirichlet_mean_gain_support_normalized_std; clientlt_minus_dirichlet_mean_gain_all_mean; clientlt_minus_dirichlet_mean_gain_all_std; clientlt_minus_dirichlet_mean_offset_gap_mean; clientlt_minus_dirichlet_mean_offset_gap_std; clientlt_minus_dirichlet_support_actual_positive_rate_mean; clientlt_minus_dirichlet_support_actual_positive_rate_std; clientlt_minus_dirichlet_offset_observed_rate_mean; clientlt_minus_dirichlet_offset_observed_rate_std; clientlt_minus_dirichlet_full_reversal_rate_mean; clientlt_minus_dirichlet_full_reversal_rate_std,1483
cifar100_LT/PromptFL_fedavg_vit_b16_batchSize32,output/cifar100_LT/PromptFL_fedavg_vit_b16_batchSize32/ExperimentD_Main/summary/experimentD_main_paired_by_round.csv,6,seed; alpha; communication_round; clientlt_mean_gain_support_actual; dirichlet_mean_gain_support_actual; clientlt_minus_dirichlet_mean_gain_support_actual; clientlt_mean_gain_support_normalized; dirichlet_mean_gain_support_normalized; clientlt_minus_dirichlet_mean_gain_support_normalized; clientlt_mean_gain_all; dirichlet_mean_gain_all; clientlt_minus_dirichlet_mean_gain_all; clientlt_mean_offset_gap; dirichlet_mean_offset_gap; clientlt_minus_dirichlet_mean_offset_gap; clientlt_support_actual_positive_rate; dirichlet_support_actual_positive_rate; clientlt_minus_dirichlet_support_actual_positive_rate; clientlt_offset_observed_rate; dirichlet_offset_observed_rate; clientlt_minus_dirichlet_offset_observed_rate; clientlt_full_reversal_rate; dirichlet_full_reversal_rate; clientlt_minus_dirichlet_full_reversal_rate,1987
cifar100_LT/PromptFL_fedavg_vit_b16_batchSize32,output/cifar100_LT/PromptFL_fedavg_vit_b16_batchSize32/ExperimentD_Main/summary/experimentD_main_per_class_all.csv,240,partition; alpha; specialization_lambda; head_leakage_scale; imb_factor; local_epochs; seed; run_dir; epoch_index; communication_round; num_users; frac; class_id; class_group; global_class_count; num_support_clients; support_client_fraction; support_fedavg_weight; support_normalized_denominator; class_positive_samples; positive_samples_in_tail_specialists; positive_sample_specialist_ratio; num_tail_specialists; num_support_tail_specialists; acc_before; acc_support_actual; acc_support_normalized; acc_all; gain_support_actual; gain_support_normalized; gain_all; offset_gap; support_actual_positive; support_normalized_positive; offset_observed; full_reversal; intra_group_alpha; beta,86967
cifar100_LT/PromptFL_fedavg_vit_b16_batchSize32,output/cifar100_LT/PromptFL_fedavg_vit_b16_batchSize32/ExperimentD_Main/summary/experimentD_main_round_all.csv,12,partition; alpha; specialization_lambda; head_leakage_scale; imb_factor; local_epochs; seed; run_dir; epoch_index; communication_round; num_tail_classes; mean_gain_support_actual; median_gain_support_actual; mean_gain_support_normalized; median_gain_support_normalized; mean_gain_all; median_gain_all; mean_offset_gap; median_offset_gap; support_actual_positive_rate; support_normalized_positive_rate; offset_observed_rate; full_reversal_rate; mean_support_fedavg_weight; mean_num_support_clients; mean_positive_sample_specialist_ratio,4220
cifar100_LT/PromptFL_fedavg_vit_b16_batchSize32,output/cifar100_LT/PromptFL_fedavg_vit_b16_batchSize32/ExperimentD_Main/summary/experimentD_main_round_summary.csv,6,partition; alpha; communication_round; num_seeds; num_runs; mean_gain_support_actual_mean; mean_gain_support_actual_std; mean_gain_support_normalized_mean; mean_gain_support_normalized_std; mean_gain_all_mean; mean_gain_all_std; mean_offset_gap_mean; mean_offset_gap_std; support_actual_positive_rate_mean; support_actual_positive_rate_std; support_normalized_positive_rate_mean; support_normalized_positive_rate_std; offset_observed_rate_mean; offset_observed_rate_std; full_reversal_rate_mean; full_reversal_rate_std; mean_support_fedavg_weight_mean; mean_support_fedavg_weight_std; mean_num_support_clients_mean; mean_num_support_clients_std; mean_positive_sample_specialist_ratio_mean; mean_positive_sample_specialist_ratio_std,2593
cifar100_LT/PromptFL_fedavg_vit_b16_batchSize32,output/cifar100_LT/PromptFL_fedavg_vit_b16_batchSize32/ExperimentD_Main/summary/experimentD_mechanism_events.csv,240,partition; partition_label; seed; alpha; specialization_lambda; head_leakage_scale; imb_factor; local_epochs; run_dir; communication_round; tail_class_id; A_before; A_support; A_all; G_support; G_all; support_positive; reversal,58875
cifar100_LT/PromptFL_fedavg_vit_b16_batchSize32,output/cifar100_LT/PromptFL_fedavg_vit_b16_batchSize32/ExperimentD_Main/summary/experimentD_mechanism_paired_delta.csv,3,seed; clientlt_tail_acc; dirichlet_tail_acc; delta_tail_acc; clientlt_non_tail_acc; dirichlet_non_tail_acc; delta_non_tail_acc; clientlt_overall_acc; dirichlet_overall_acc; delta_overall_acc; clientlt_G_support_mean; dirichlet_G_support_mean; delta_G_support_mean; clientlt_positive_support_rate; dirichlet_positive_support_rate; delta_positive_support_rate; clientlt_G_all_mean; dirichlet_G_all_mean; delta_G_all_mean; clientlt_retention_rate; dirichlet_retention_rate; delta_retention_rate; clientlt_reversal_rate; dirichlet_reversal_rate; delta_reversal_rate; clientlt_reversal_count; clientlt_eligible_count; dirichlet_reversal_count; dirichlet_eligible_count,1490
cifar100_LT/PromptFL_fedavg_vit_b16_batchSize32,output/cifar100_LT/PromptFL_fedavg_vit_b16_batchSize32/ExperimentD_Main/summary/experimentD_mechanism_summary.csv,6,partition; partition_label; seed; tail_acc; non_tail_acc; overall_acc; num_events; G_support_mean; positive_support_count; positive_support_rate; G_all_mean; retention_rate; eligible_count; reversal_count; reversal_rate,1089
cifar100_LT/PromptFL_fedavg_vit_b16_batchSize32,output/cifar100_LT/PromptFL_fedavg_vit_b16_batchSize32/PanelC_users30_localE3/partition=client-longtail_lambda=0.75_alpha=0.1_rho=3.0_IF=0.01_localE=3_seed=2026/round_metrics.csv,21,epoch; method; partition; overall_acc; non_tail_acc; bottom20_tail_acc; macro_per_class_acc; head_acc; medium_acc; tail_acc; macro_f1; seed; tail_class_ratio,2176
cifar100_LT/PromptFL_fedavg_vit_b16_batchSize32,output/cifar100_LT/PromptFL_fedavg_vit_b16_batchSize32/PanelC_users30_localE3/partition=client-longtail_lambda=0.75_alpha=0.1_rho=3.0_IF=0.01_localE=3_seed=42/round_metrics.csv,21,epoch; method; partition; overall_acc; non_tail_acc; bottom20_tail_acc; macro_per_class_acc; head_acc; medium_acc; tail_acc; macro_f1; seed; tail_class_ratio,2154
cifar100_LT/PromptFL_fedavg_vit_b16_batchSize32,output/cifar100_LT/PromptFL_fedavg_vit_b16_batchSize32/PanelC_users30_localE3/partition=client-longtail_lambda=0.75_alpha=0.25_rho=3.0_IF=0.01_localE=3_seed=1/round_metrics.csv,21,epoch; method; partition; overall_acc; non_tail_acc; bottom20_tail_acc; macro_per_class_acc; head_acc; medium_acc; tail_acc; macro_f1; seed; tail_class_ratio,2127
cifar100_LT/PromptFL_fedavg_vit_b16_batchSize32,output/cifar100_LT/PromptFL_fedavg_vit_b16_batchSize32/PanelC_users30_localE3/partition=client-longtail_lambda=0.75_alpha=0.25_rho=3.0_IF=0.01_localE=3_seed=2026/round_metrics.csv,21,epoch; method; partition; overall_acc; non_tail_acc; bottom20_tail_acc; macro_per_class_acc; head_acc; medium_acc; tail_acc; macro_f1; seed; tail_class_ratio,2185
cifar100_LT/PromptFL_fedavg_vit_b16_batchSize32,output/cifar100_LT/PromptFL_fedavg_vit_b16_batchSize32/PanelC_users30_localE3/partition=client-longtail_lambda=0.75_alpha=0.25_rho=3.0_IF=0.01_localE=3_seed=42/round_metrics.csv,21,epoch; method; partition; overall_acc; non_tail_acc; bottom20_tail_acc; macro_per_class_acc; head_acc; medium_acc; tail_acc; macro_f1; seed; tail_class_ratio,2145
cifar100_LT/PromptFL_fedavg_vit_b16_batchSize32,output/cifar100_LT/PromptFL_fedavg_vit_b16_batchSize32/PanelC_users30_localE3/partition=client-longtail_lambda=0.75_alpha=0.5_rho=3.0_IF=0.01_localE=3_seed=1/round_metrics.csv,21,epoch; method; partition; overall_acc; non_tail_acc; bottom20_tail_acc; macro_per_class_acc; head_acc; medium_acc; tail_acc; macro_f1; seed; tail_class_ratio,2134
cifar100_LT/PromptFL_fedavg_vit_b16_batchSize32,output/cifar100_LT/PromptFL_fedavg_vit_b16_batchSize32/PanelC_users30_localE3/partition=client-longtail_lambda=0.75_alpha=0.5_rho=3.0_IF=0.01_localE=3_seed=2026/round_metrics.csv,21,epoch; method; partition; overall_acc; non_tail_acc; bottom20_tail_acc; macro_per_class_acc; head_acc; medium_acc; tail_acc; macro_f1; seed; tail_class_ratio,2195
cifar100_LT/PromptFL_fedavg_vit_b16_batchSize32,output/cifar100_LT/PromptFL_fedavg_vit_b16_batchSize32/PanelC_users30_localE3/partition=client-longtail_lambda=0.75_alpha=0.5_rho=3.0_IF=0.01_localE=3_seed=42/round_metrics.csv,21,epoch; method; partition; overall_acc; non_tail_acc; bottom20_tail_acc; macro_per_class_acc; head_acc; medium_acc; tail_acc; macro_f1; seed; tail_class_ratio,2132
cifar100_LT/PromptFL_fedavg_vit_b16_batchSize32,output/cifar100_LT/PromptFL_fedavg_vit_b16_batchSize32/PanelC_users30_localE3/partition=client-longtail_lambda=0.75_alpha=0.75_rho=3.0_IF=0.01_localE=3_seed=1/round_metrics.csv,21,epoch; method; partition; overall_acc; non_tail_acc; bottom20_tail_acc; macro_per_class_acc; head_acc; medium_acc; tail_acc; macro_f1; seed; tail_class_ratio,2135
cifar100_LT/PromptFL_fedavg_vit_b16_batchSize32,output/cifar100_LT/PromptFL_fedavg_vit_b16_batchSize32/PanelC_users30_localE3/partition=client-longtail_lambda=0.75_alpha=0.75_rho=3.0_IF=0.01_localE=3_seed=2026/round_metrics.csv,21,epoch; method; partition; overall_acc; non_tail_acc; bottom20_tail_acc; macro_per_class_acc; head_acc; medium_acc; tail_acc; macro_f1; seed; tail_class_ratio,2185
cifar100_LT/PromptFL_fedavg_vit_b16_batchSize32,output/cifar100_LT/PromptFL_fedavg_vit_b16_batchSize32/PanelC_users30_localE3/partition=client-longtail_lambda=0.75_alpha=0.75_rho=3.0_IF=0.01_localE=3_seed=42/round_metrics.csv,21,epoch; method; partition; overall_acc; non_tail_acc; bottom20_tail_acc; macro_per_class_acc; head_acc; medium_acc; tail_acc; macro_f1; seed; tail_class_ratio,2142
cifar100_LT/PromptFL_fedavg_vit_b16_batchSize32,output/cifar100_LT/PromptFL_fedavg_vit_b16_batchSize32/PanelC_users30_localE3/partition=client-longtail_lambda=0.75_alpha=1.0_rho=3.0_IF=0.01_localE=3_seed=1/round_metrics.csv,21,epoch; method; partition; overall_acc; non_tail_acc; bottom20_tail_acc; macro_per_class_acc; head_acc; medium_acc; tail_acc; macro_f1; seed; tail_class_ratio,2129
cifar100_LT/PromptFL_fedavg_vit_b16_batchSize32,output/cifar100_LT/PromptFL_fedavg_vit_b16_batchSize32/PanelC_users30_localE3/partition=client-longtail_lambda=0.75_alpha=1.0_rho=3.0_IF=0.01_localE=3_seed=2026/round_metrics.csv,21,epoch; method; partition; overall_acc; non_tail_acc; bottom20_tail_acc; macro_per_class_acc; head_acc; medium_acc; tail_acc; macro_f1; seed; tail_class_ratio,2198
cifar100_LT/PromptFL_fedavg_vit_b16_batchSize32,output/cifar100_LT/PromptFL_fedavg_vit_b16_batchSize32/PanelC_users30_localE3/partition=client-longtail_lambda=0.75_alpha=1.0_rho=3.0_IF=0.01_localE=3_seed=42/round_metrics.csv,21,epoch; method; partition; overall_acc; non_tail_acc; bottom20_tail_acc; macro_per_class_acc; head_acc; medium_acc; tail_acc; macro_f1; seed; tail_class_ratio,2154
cifar100_LT/PromptFL_fedavg_vit_b16_batchSize32,output/cifar100_LT/PromptFL_fedavg_vit_b16_batchSize32/PanelC_users30_localE3/partition=noniid-labeldir-fine_alpha=0.1_IF=0.01_localE=3_seed=1/round_metrics.csv,21,epoch; method; partition; overall_acc; non_tail_acc; bottom20_tail_acc; macro_per_class_acc; head_acc; medium_acc; tail_acc; macro_f1; seed; tail_class_ratio,2236
cifar100_LT/PromptFL_fedavg_vit_b16_batchSize32,output/cifar100_LT/PromptFL_fedavg_vit_b16_batchSize32/PanelC_users30_localE3/partition=noniid-labeldir-fine_alpha=0.1_IF=0.01_localE=3_seed=2026/round_metrics.csv,21,epoch; method; partition; overall_acc; non_tail_acc; bottom20_tail_acc; macro_per_class_acc; head_acc; medium_acc; tail_acc; macro_f1; seed; tail_class_ratio,2295
cifar100_LT/PromptFL_fedavg_vit_b16_batchSize32,output/cifar100_LT/PromptFL_fedavg_vit_b16_batchSize32/PanelC_users30_localE3/partition=noniid-labeldir-fine_alpha=0.1_IF=0.01_localE=3_seed=42/round_metrics.csv,21,epoch; method; partition; overall_acc; non_tail_acc; bottom20_tail_acc; macro_per_class_acc; head_acc; medium_acc; tail_acc; macro_f1; seed; tail_class_ratio,2256
cifar100_LT/PromptFL_fedavg_vit_b16_batchSize32,output/cifar100_LT/PromptFL_fedavg_vit_b16_batchSize32/PanelC_users30_localE3/partition=noniid-labeldir-fine_alpha=0.25_IF=0.01_localE=3_seed=1/round_metrics.csv,21,epoch; method; partition; overall_acc; non_tail_acc; bottom20_tail_acc; macro_per_class_acc; head_acc; medium_acc; tail_acc; macro_f1; seed; tail_class_ratio,2230
cifar100_LT/PromptFL_fedavg_vit_b16_batchSize32,output/cifar100_LT/PromptFL_fedavg_vit_b16_batchSize32/PanelC_users30_localE3/partition=noniid-labeldir-fine_alpha=0.25_IF=0.01_localE=3_seed=2026/round_metrics.csv,21,epoch; method; partition; overall_acc; non_tail_acc; bottom20_tail_acc; macro_per_class_acc; head_acc; medium_acc; tail_acc; macro_f1; seed; tail_class_ratio,2302
cifar100_LT/PromptFL_fedavg_vit_b16_batchSize32,output/cifar100_LT/PromptFL_fedavg_vit_b16_batchSize32/PanelC_users30_localE3/partition=noniid-labeldir-fine_alpha=0.25_IF=0.01_localE=3_seed=42/round_metrics.csv,21,epoch; method; partition; overall_acc; non_tail_acc; bottom20_tail_acc; macro_per_class_acc; head_acc; medium_acc; tail_acc; macro_f1; seed; tail_class_ratio,2249
cifar100_LT/PromptFL_fedavg_vit_b16_batchSize32,output/cifar100_LT/PromptFL_fedavg_vit_b16_batchSize32/PanelC_users30_localE3/partition=noniid-labeldir-fine_alpha=0.5_IF=0.01_localE=3_seed=1/round_metrics.csv,21,epoch; method; partition; overall_acc; non_tail_acc; bottom20_tail_acc; macro_per_class_acc; head_acc; medium_acc; tail_acc; macro_f1; seed; tail_class_ratio,2219
cifar100_LT/PromptFL_fedavg_vit_b16_batchSize32,output/cifar100_LT/PromptFL_fedavg_vit_b16_batchSize32/PanelC_users30_localE3/partition=noniid-labeldir-fine_alpha=0.5_IF=0.01_localE=3_seed=2026/round_metrics.csv,21,epoch; method; partition; overall_acc; non_tail_acc; bottom20_tail_acc; macro_per_class_acc; head_acc; medium_acc; tail_acc; macro_f1; seed; tail_class_ratio,2295
cifar100_LT/PromptFL_fedavg_vit_b16_batchSize32,output/cifar100_LT/PromptFL_fedavg_vit_b16_batchSize32/PanelC_users30_localE3/partition=noniid-labeldir-fine_alpha=0.5_IF=0.01_localE=3_seed=42/round_metrics.csv,21,epoch; method; partition; overall_acc; non_tail_acc; bottom20_tail_acc; macro_per_class_acc; head_acc; medium_acc; tail_acc; macro_f1; seed; tail_class_ratio,2253
cifar100_LT/PromptFL_fedavg_vit_b16_batchSize32,output/cifar100_LT/PromptFL_fedavg_vit_b16_batchSize32/PanelC_users30_localE3/partition=noniid-labeldir-fine_alpha=0.75_IF=0.01_localE=3_seed=2026/round_metrics.csv,21,epoch; method; partition; overall_acc; non_tail_acc; bottom20_tail_acc; macro_per_class_acc; head_acc; medium_acc; tail_acc; macro_f1; seed; tail_class_ratio,2303
cifar100_LT/PromptFL_fedavg_vit_b16_batchSize32,output/cifar100_LT/PromptFL_fedavg_vit_b16_batchSize32/PanelC_users30_localE3/partition=noniid-labeldir-fine_alpha=0.75_IF=0.01_localE=3_seed=42/round_metrics.csv,21,epoch; method; partition; overall_acc; non_tail_acc; bottom20_tail_acc; macro_per_class_acc; head_acc; medium_acc; tail_acc; macro_f1; seed; tail_class_ratio,2233
cifar100_LT/PromptFL_fedavg_vit_b16_batchSize32,output/cifar100_LT/PromptFL_fedavg_vit_b16_batchSize32/PanelC_users30_localE3/partition=noniid-labeldir-fine_alpha=1.0_IF=0.01_localE=3_seed=2026/round_metrics.csv,21,epoch; method; partition; overall_acc; non_tail_acc; bottom20_tail_acc; macro_per_class_acc; head_acc; medium_acc; tail_acc; macro_f1; seed; tail_class_ratio,2276
cifar100_LT/PromptFL_fedavg_vit_b16_batchSize32,output/cifar100_LT/PromptFL_fedavg_vit_b16_batchSize32/PanelC_users30_localE3/partition=noniid-labeldir-fine_alpha=1.0_IF=0.01_localE=3_seed=42/round_metrics.csv,21,epoch; method; partition; overall_acc; non_tail_acc; bottom20_tail_acc; macro_per_class_acc; head_acc; medium_acc; tail_acc; macro_f1; seed; tail_class_ratio,2257
cifar100_LT/PromptFL_fedavg_vit_b16_batchSize32,output/cifar100_LT/PromptFL_fedavg_vit_b16_batchSize32/PanelC_users30_localE3/summary/panel_c_all_runs.csv,27,partition; alpha; seed; run_dir; overall_acc; non_tail_acc; bottom20_tail_acc; macro_per_class_acc; tail_effective_client_number; tail_top1_client_mass; tail_top2_client_mass; client_sample_cv; tail_to_tail_budget; non_tail_to_tail_budget; actual_tail_client_purity,8281
cifar100_LT/PromptFL_fedavg_vit_b16_batchSize32,output/cifar100_LT/PromptFL_fedavg_vit_b16_batchSize32/PanelC_users30_localE3/summary/panel_c_paired_delta.csv,12,alpha; seed; dirichlet_tail_acc; clientlt_tail_acc; clientlt_minus_dirichlet,449
cifar100_LT/PromptFL_fedavg_vit_b16_batchSize32,output/cifar100_LT/PromptFL_fedavg_vit_b16_batchSize32/PanelC_users30_localE3/summary/panel_c_summary.csv,10,partition; alpha; num_runs; overall_acc_mean; overall_acc_std; non_tail_acc_mean; non_tail_acc_std; bottom20_tail_acc_mean; bottom20_tail_acc_std; macro_per_class_acc_mean; macro_per_class_acc_std; tail_effective_client_number_mean; tail_effective_client_number_std; tail_top1_client_mass_mean; tail_top1_client_mass_std; tail_top2_client_mass_mean; tail_top2_client_mass_std; client_sample_cv_mean; client_sample_cv_std; tail_to_tail_budget_mean; tail_to_tail_budget_std; non_tail_to_tail_budget_mean; non_tail_to_tail_budget_std; actual_tail_client_purity_mean; actual_tail_client_purity_std,3957
cifar100_LT/capt_main_matched,output/cifar100_LT/capt_main_matched/seed1/frac0.4/CAPT_client-longtail/round_metrics.csv,9,epoch; method; partition; overall_acc; non_tail_acc; bottom20_tail_acc; macro_per_class_acc; head_acc; medium_acc; tail_acc; macro_f1; seed; tail_clients_per_class; tail_class_ratio,1002
cifar100_LT/capt_main_matched,output/cifar100_LT/capt_main_matched/seed1/frac0.4/CAPT_noniid-labeldir/round_metrics.csv,12,epoch; method; partition; overall_acc; non_tail_acc; bottom20_tail_acc; macro_per_class_acc; head_acc; medium_acc; tail_acc; macro_f1; seed; tail_clients_per_class; tail_class_ratio,1270
cifar100_LT/capt_main_matched,output/cifar100_LT/capt_main_matched/seed3407/frac0.4/CAPT_client-longtail/round_metrics.csv,9,epoch; method; partition; overall_acc; non_tail_acc; bottom20_tail_acc; macro_per_class_acc; head_acc; medium_acc; tail_acc; macro_f1; seed; tail_clients_per_class; tail_class_ratio,1026
cifar100_LT/capt_main_matched,output/cifar100_LT/capt_main_matched/seed3407/frac0.4/CAPT_noniid-labeldir/round_metrics.csv,12,epoch; method; partition; overall_acc; non_tail_acc; bottom20_tail_acc; macro_per_class_acc; head_acc; medium_acc; tail_acc; macro_f1; seed; tail_clients_per_class; tail_class_ratio,1313
cifar100_LT/capt_main_matched,output/cifar100_LT/capt_main_matched/seed42/frac0.4/CAPT_client-longtail/round_metrics.csv,9,epoch; method; partition; overall_acc; non_tail_acc; bottom20_tail_acc; macro_per_class_acc; head_acc; medium_acc; tail_acc; macro_f1; seed; tail_clients_per_class; tail_class_ratio,1019
cifar100_LT/capt_main_matched,output/cifar100_LT/capt_main_matched/seed42/frac0.4/CAPT_noniid-labeldir/round_metrics.csv,12,epoch; method; partition; overall_acc; non_tail_acc; bottom20_tail_acc; macro_per_class_acc; head_acc; medium_acc; tail_acc; macro_f1; seed; tail_clients_per_class; tail_class_ratio,1293
cifar100_LT/clientLT_seed42,output/cifar100_LT/clientLT_seed42/round_metrics.csv,100,epoch; method; partition; overall_acc; non_tail_acc; bottom20_tail_acc; macro_per_class_acc; head_acc; medium_acc; tail_acc; macro_f1; seed; tail_class_ratio,9642
cifar100_LT/clientLT_seed42,output/cifar100_LT/clientLT_seed42/experiment_d/client_update_norm_summary.csv,100,epoch_index; communication_round; seed; partition; local_epochs; mean_update_norm_all; median_update_norm_all; mean_update_norm_head_clients; mean_update_norm_tail_specialists; max_update_norm; min_update_norm; nan_count; inf_count,15242
cifar100_LT/clientLT_seed42,output/cifar100_LT/clientLT_seed42/experiment_d/client_update_norms.csv,3000,epoch_index; communication_round; seed; partition; local_epochs; client_id; client_role; client_num_samples; update_norm; is_finite,220255
cifar100_LT/clientLT_seed42,output/cifar100_LT/clientLT_seed42/experiment_d/experiment_d_per_class.csv,60,epoch_index; communication_round; seed; partition; num_users; frac; local_epochs; class_id; class_group; global_class_count; num_support_clients; support_client_fraction; support_fedavg_weight; support_normalized_denominator; class_positive_samples; positive_samples_in_tail_specialists; positive_sample_specialist_ratio; num_tail_specialists; num_support_tail_specialists; acc_before; acc_support_actual; acc_support_normalized; acc_all; gain_support_actual; gain_support_normalized; gain_all; offset_gap; support_actual_positive; support_normalized_positive; offset_observed; full_reversal; specialization_lambda; intra_group_alpha; head_leakage_scale; beta,12447
cifar100_LT/clientLT_seed42,output/cifar100_LT/clientLT_seed42/experiment_d/experiment_d_round_summary.csv,3,epoch_index; communication_round; seed; partition; local_epochs; num_tail_classes; mean_gain_support_actual; median_gain_support_actual; mean_gain_support_normalized; median_gain_support_normalized; mean_gain_all; median_gain_all; mean_offset_gap; median_offset_gap; support_actual_positive_rate; support_normalized_positive_rate; offset_observed_rate; full_reversal_rate; mean_support_fedavg_weight; mean_num_support_clients; mean_positive_sample_specialist_ratio,884
cifar100_LT/fedtef_clean_topology,output/cifar100_LT/fedtef_clean_topology/seed1/frac0.4/Topo-FedTEF-clean_client-longtail/fedtef_branch_diagnostics.csv,60,epoch; scope; num_classes; num_samples; base_acc; tail_only_acc; fused_acc; fused_minus_base_acc; base_margin; base_cosine_margin; fused_margin; changed_rate; right_flip_rate; wrong_flip_rate; residual_abs; fused_delta_abs; semantic_rescue_gate; release_reliability; class_release_gate,11743
cifar100_LT/fedtef_clean_topology,output/cifar100_LT/fedtef_clean_topology/seed1/frac0.4/Topo-FedTEF-clean_client-longtail/fedtef_v2_gate_history.csv,20,epoch; is_warmup; score_mode; warmup_mode; gate_mode; tail_topk; protected_count; tail_overlap_count; head_overlap_count; tail_overlap_ids; protected_ids; top_gate_ids; gate_min; gate_max; gate_mean; gate_std; score_min; score_max; score_mean; score_std; exposure_min; exposure_max; exposure_mean; opportunity_min; opportunity_max; opportunity_mean; protected_set_jaccard_with_previous_round; churn_rate; average_protected_lifetime; tail_protected_lifetime; head_protected_lifetime; head_scarcity_mean; tail_scarcity_mean; head_residual_need_mean; tail_residual_need_mean; head_tail_need_mean; tail_tail_need_mean; head_class_prior_mean; tail_class_prior_mean; head_class_prior_proxy_mean; tail_class_prior_proxy_mean; head_positive_proxy_mean; tail_positive_proxy_mean; head_observed_count_mean; tail_observed_count_mean; head_observation_ema_mean; tail_observation_ema_mean; head_reliability_mean; tail_reliability_mean; observer_exposure_mass_head_mean; observer_exposure_mass_tail_mean; observer_difficulty_head_mean; observer_difficulty_tail_mean; observer_survival_head_mean; observer_survival_tail_mean; observer_age_head_mean; observer_age_tail_mean; topology_exposure_budget_ids; topology_survival_budget_ids; gradient_prior_lock_active; gradient_prior_lock_mode; gradient_prior_lock_source_round; gradient_prior_locked_until_round; gradient_prior_refine_swaps; gradient_prior_refine_added_ids; gradient_prior_refine_removed_ids,18609
cifar100_LT/fedtef_clean_topology,output/cifar100_LT/fedtef_clean_topology/seed1/frac0.4/Topo-FedTEF-clean_client-longtail/per_class_metrics.csv,100,class_id; class_group; global_count; num_support_clients; exposure_E; exposure_score_s; protected; per_class_acc_base; per_class_acc_tail_only; per_class_acc_fedtef; base_margin; base_cosine_margin; fused_margin; changed_rate; right_flip_rate; wrong_flip_rate; residual_abs; fused_delta_abs; semantic_rescue_gate; release_reliability; class_release_gate,19249
cifar100_LT/fedtef_clean_topology,output/cifar100_LT/fedtef_clean_topology/seed1/frac0.4/Topo-FedTEF-clean_client-longtail/round_metrics.csv,20,epoch; method; partition; overall_acc; non_tail_acc; bottom20_tail_acc; macro_per_class_acc; head_acc; medium_acc; tail_acc; macro_f1; seed; tail_clients_per_class; tail_class_ratio,2032
cifar100_LT/fedtef_clean_topology,output/cifar100_LT/fedtef_clean_topology/seed1/frac0.4/Topo-FedTEF-clean_client-longtail/shared_stream_update_diagnostics.csv,60,epoch; seed; partition; stream; num_tensors; num_parameters; local_update_norm_weighted; fedavg_update_norm; cancellation_rate,6077
cifar100_LT/fedtef_clean_topology,output/cifar100_LT/fedtef_clean_topology/seed1/frac0.4/Topo-FedTEF-clean_client-longtail/tailagg_diagnostics_per_class.csv,2000,epoch; seed; partition; mode; class_id; class_group; global_count; observed_client_count; local_energy_sum; local_energy_mean_observed; fedavg_row_energy; tailagg_row_energy; fedavg_retention_ratio; tailagg_retention_ratio; memory_row_norm,300836
cifar100_LT/fedtef_clean_topology,output/cifar100_LT/fedtef_clean_topology/seed1/frac0.4/Topo-FedTEF-oracle-bottom20_client-longtail/fedtef_branch_diagnostics.csv,63,epoch; scope; num_classes; num_samples; base_acc; tail_only_acc; fused_acc; fused_minus_base_acc; base_margin; base_cosine_margin; fused_margin; changed_rate; right_flip_rate; wrong_flip_rate; residual_abs; fused_delta_abs; semantic_rescue_gate; release_reliability; class_release_gate,11837
cifar100_LT/fedtef_clean_topology,output/cifar100_LT/fedtef_clean_topology/seed1/frac0.4/Topo-FedTEF-oracle-bottom20_client-longtail/fedtef_v2_gate_history.csv,100,epoch; is_warmup; score_mode; warmup_mode; gate_mode; tail_topk; protected_count; tail_overlap_count; head_overlap_count; tail_overlap_ids; protected_ids; top_gate_ids; gate_min; gate_max; gate_mean; gate_std; score_min; score_max; score_mean; score_std; exposure_min; exposure_max; exposure_mean; opportunity_min; opportunity_max; opportunity_mean; protected_set_jaccard_with_previous_round; churn_rate; average_protected_lifetime; tail_protected_lifetime; head_protected_lifetime; head_scarcity_mean; tail_scarcity_mean; head_residual_need_mean; tail_residual_need_mean; head_tail_need_mean; tail_tail_need_mean; head_class_prior_mean; tail_class_prior_mean; head_class_prior_proxy_mean; tail_class_prior_proxy_mean; head_positive_proxy_mean; tail_positive_proxy_mean; head_observed_count_mean; tail_observed_count_mean; head_observation_ema_mean; tail_observation_ema_mean; head_reliability_mean; tail_reliability_mean; observer_exposure_mass_head_mean; observer_exposure_mass_tail_mean; observer_difficulty_head_mean; observer_difficulty_tail_mean; observer_survival_head_mean; observer_survival_tail_mean; observer_age_head_mean; observer_age_tail_mean; topology_exposure_budget_ids; topology_survival_budget_ids; gradient_prior_lock_active; gradient_prior_lock_mode; gradient_prior_lock_source_round; gradient_prior_locked_until_round; gradient_prior_refine_swaps; gradient_prior_refine_added_ids; gradient_prior_refine_removed_ids,73809
cifar100_LT/fedtef_clean_topology,output/cifar100_LT/fedtef_clean_topology/seed1/frac0.4/Topo-FedTEF-oracle-bottom20_client-longtail/per_class_metrics.csv,100,class_id; class_group; global_count; num_support_clients; exposure_E; exposure_score_s; protected; per_class_acc_base; per_class_acc_tail_only; per_class_acc_fedtef; base_margin; base_cosine_margin; fused_margin; changed_rate; right_flip_rate; wrong_flip_rate; residual_abs; fused_delta_abs; semantic_rescue_gate; release_reliability; class_release_gate,15733
cifar100_LT/fedtef_clean_topology,output/cifar100_LT/fedtef_clean_topology/seed1/frac0.4/Topo-FedTEF-oracle-bottom20_client-longtail/round_metrics.csv,21,epoch; method; partition; overall_acc; non_tail_acc; bottom20_tail_acc; macro_per_class_acc; head_acc; medium_acc; tail_acc; macro_f1; seed; tail_clients_per_class; tail_class_ratio,2127
cifar100_LT/fedtef_clean_topology,output/cifar100_LT/fedtef_clean_topology/seed1/frac0.4/Topo-FedTEF-oracle-bottom20_client-longtail/shared_stream_update_diagnostics.csv,300,epoch; seed; partition; stream; num_tensors; num_parameters; local_update_norm_weighted; fedavg_update_norm; cancellation_rate,30055
cifar100_LT/fedtef_clean_topology,output/cifar100_LT/fedtef_clean_topology/seed1/frac0.4/Topo-FedTEF-oracle-bottom20_client-longtail/tailagg_diagnostics_per_class.csv,10000,epoch; seed; partition; mode; class_id; class_group; global_count; observed_client_count; local_energy_sum; local_energy_mean_observed; fedavg_row_energy; tailagg_row_energy; fedavg_retention_ratio; tailagg_retention_ratio; memory_row_norm,1413121
cifar100_LT/fedtef_v10_topology_observer,output/cifar100_LT/fedtef_v10_topology_observer/seed1/frac0.4/FedTEF-v10-topology_client-longtail/fedtef_v2_gate_history.csv,1,epoch; is_warmup; score_mode; warmup_mode; gate_mode; tail_topk; protected_count; tail_overlap_count; head_overlap_count; tail_overlap_ids; protected_ids; top_gate_ids; gate_min; gate_max; gate_mean; gate_std; score_min; score_max; score_mean; score_std; exposure_min; exposure_max; exposure_mean; opportunity_min; opportunity_max; opportunity_mean; protected_set_jaccard_with_previous_round; churn_rate; average_protected_lifetime; tail_protected_lifetime; head_protected_lifetime; head_scarcity_mean; tail_scarcity_mean; head_residual_need_mean; tail_residual_need_mean; head_tail_need_mean; tail_tail_need_mean; head_class_prior_mean; tail_class_prior_mean; head_class_prior_proxy_mean; tail_class_prior_proxy_mean; head_positive_proxy_mean; tail_positive_proxy_mean; head_observed_count_mean; tail_observed_count_mean; head_observation_ema_mean; tail_observation_ema_mean; head_reliability_mean; tail_reliability_mean; observer_exposure_mass_head_mean; observer_exposure_mass_tail_mean; observer_difficulty_head_mean; observer_difficulty_tail_mean; observer_survival_head_mean; observer_survival_tail_mean; observer_age_head_mean; observer_age_tail_mean; topology_exposure_budget_ids; topology_survival_budget_ids; gradient_prior_lock_active; gradient_prior_lock_mode; gradient_prior_lock_source_round; gradient_prior_locked_until_round; gradient_prior_refine_swaps; gradient_prior_refine_added_ids; gradient_prior_refine_removed_ids,2033
cifar100_LT/fedtef_v10_topology_observer,output/cifar100_LT/fedtef_v10_topology_observer/seed1/frac0.4/FedTEF-v10-topology_noniid-labeldir/fedtef_branch_diagnostics.csv,63,epoch; scope; num_classes; num_samples; base_acc; tail_only_acc; fused_acc; fused_minus_base_acc; base_margin; base_cosine_margin; fused_margin; changed_rate; right_flip_rate; wrong_flip_rate; residual_abs; fused_delta_abs; semantic_rescue_gate; release_reliability; class_release_gate,12422
cifar100_LT/fedtef_v10_topology_observer,output/cifar100_LT/fedtef_v10_topology_observer/seed1/frac0.4/FedTEF-v10-topology_noniid-labeldir/fedtef_v2_gate_history.csv,100,epoch; is_warmup; score_mode; warmup_mode; gate_mode; tail_topk; protected_count; tail_overlap_count; head_overlap_count; tail_overlap_ids; protected_ids; top_gate_ids; gate_min; gate_max; gate_mean; gate_std; score_min; score_max; score_mean; score_std; exposure_min; exposure_max; exposure_mean; opportunity_min; opportunity_max; opportunity_mean; protected_set_jaccard_with_previous_round; churn_rate; average_protected_lifetime; tail_protected_lifetime; head_protected_lifetime; head_scarcity_mean; tail_scarcity_mean; head_residual_need_mean; tail_residual_need_mean; head_tail_need_mean; tail_tail_need_mean; head_class_prior_mean; tail_class_prior_mean; head_class_prior_proxy_mean; tail_class_prior_proxy_mean; head_positive_proxy_mean; tail_positive_proxy_mean; head_observed_count_mean; tail_observed_count_mean; head_observation_ema_mean; tail_observation_ema_mean; head_reliability_mean; tail_reliability_mean; observer_exposure_mass_head_mean; observer_exposure_mass_tail_mean; observer_difficulty_head_mean; observer_difficulty_tail_mean; observer_survival_head_mean; observer_survival_tail_mean; observer_age_head_mean; observer_age_tail_mean; topology_exposure_budget_ids; topology_survival_budget_ids; gradient_prior_lock_active; gradient_prior_lock_mode; gradient_prior_lock_source_round; gradient_prior_locked_until_round; gradient_prior_refine_swaps; gradient_prior_refine_added_ids; gradient_prior_refine_removed_ids,94364
cifar100_LT/fedtef_v10_topology_observer,output/cifar100_LT/fedtef_v10_topology_observer/seed1/frac0.4/FedTEF-v10-topology_noniid-labeldir/per_class_metrics.csv,100,class_id; class_group; global_count; num_support_clients; exposure_E; exposure_score_s; protected; per_class_acc_base; per_class_acc_tail_only; per_class_acc_fedtef; base_margin; base_cosine_margin; fused_margin; changed_rate; right_flip_rate; wrong_flip_rate; residual_abs; fused_delta_abs; semantic_rescue_gate; release_reliability; class_release_gate,19363
cifar100_LT/fedtef_v10_topology_observer,output/cifar100_LT/fedtef_v10_topology_observer/seed1/frac0.4/FedTEF-v10-topology_noniid-labeldir/round_metrics.csv,21,epoch; method; partition; overall_acc; non_tail_acc; bottom20_tail_acc; macro_per_class_acc; head_acc; medium_acc; tail_acc; macro_f1; seed; tail_clients_per_class; tail_class_ratio,2149
cifar100_LT/fedtef_v10_topology_observer,output/cifar100_LT/fedtef_v10_topology_observer/seed1/frac0.4/FedTEF-v10-topology_noniid-labeldir/shared_stream_update_diagnostics.csv,300,epoch; seed; partition; stream; num_tensors; num_parameters; local_update_norm_weighted; fedavg_update_norm; cancellation_rate,30210
cifar100_LT/fedtef_v10_topology_observer,output/cifar100_LT/fedtef_v10_topology_observer/seed1/frac0.4/FedTEF-v10-topology_noniid-labeldir/tailagg_diagnostics_per_class.csv,10000,epoch; seed; partition; mode; class_id; class_group; global_count; observed_client_count; local_energy_sum; local_energy_mean_observed; fedavg_row_energy; tailagg_row_energy; fedavg_retention_ratio; tailagg_retention_ratio; memory_row_norm,1248191
cifar100_LT/fedtef_v10_topology_observer,output/cifar100_LT/fedtef_v10_topology_observer/seed3407/frac0.4/FedTEF-v10-topology_noniid-labeldir/fedtef_branch_diagnostics.csv,63,epoch; scope; num_classes; num_samples; base_acc; tail_only_acc; fused_acc; fused_minus_base_acc; base_margin; base_cosine_margin; fused_margin; changed_rate; right_flip_rate; wrong_flip_rate; residual_abs; fused_delta_abs; semantic_rescue_gate; release_reliability; class_release_gate,12422
cifar100_LT/fedtef_v10_topology_observer,output/cifar100_LT/fedtef_v10_topology_observer/seed3407/frac0.4/FedTEF-v10-topology_noniid-labeldir/fedtef_v2_gate_history.csv,100,epoch; is_warmup; score_mode; warmup_mode; gate_mode; tail_topk; protected_count; tail_overlap_count; head_overlap_count; tail_overlap_ids; protected_ids; top_gate_ids; gate_min; gate_max; gate_mean; gate_std; score_min; score_max; score_mean; score_std; exposure_min; exposure_max; exposure_mean; opportunity_min; opportunity_max; opportunity_mean; protected_set_jaccard_with_previous_round; churn_rate; average_protected_lifetime; tail_protected_lifetime; head_protected_lifetime; head_scarcity_mean; tail_scarcity_mean; head_residual_need_mean; tail_residual_need_mean; head_tail_need_mean; tail_tail_need_mean; head_class_prior_mean; tail_class_prior_mean; head_class_prior_proxy_mean; tail_class_prior_proxy_mean; head_positive_proxy_mean; tail_positive_proxy_mean; head_observed_count_mean; tail_observed_count_mean; head_observation_ema_mean; tail_observation_ema_mean; head_reliability_mean; tail_reliability_mean; observer_exposure_mass_head_mean; observer_exposure_mass_tail_mean; observer_difficulty_head_mean; observer_difficulty_tail_mean; observer_survival_head_mean; observer_survival_tail_mean; observer_age_head_mean; observer_age_tail_mean; topology_exposure_budget_ids; topology_survival_budget_ids; gradient_prior_lock_active; gradient_prior_lock_mode; gradient_prior_lock_source_round; gradient_prior_locked_until_round; gradient_prior_refine_swaps; gradient_prior_refine_added_ids; gradient_prior_refine_removed_ids,94364
cifar100_LT/fedtef_v10_topology_observer,output/cifar100_LT/fedtef_v10_topology_observer/seed3407/frac0.4/FedTEF-v10-topology_noniid-labeldir/per_class_metrics.csv,100,class_id; class_group; global_count; num_support_clients; exposure_E; exposure_score_s; protected; per_class_acc_base; per_class_acc_tail_only; per_class_acc_fedtef; base_margin; base_cosine_margin; fused_margin; changed_rate; right_flip_rate; wrong_flip_rate; residual_abs; fused_delta_abs; semantic_rescue_gate; release_reliability; class_release_gate,19363
cifar100_LT/fedtef_v10_topology_observer,output/cifar100_LT/fedtef_v10_topology_observer/seed3407/frac0.4/FedTEF-v10-topology_noniid-labeldir/round_metrics.csv,21,epoch; method; partition; overall_acc; non_tail_acc; bottom20_tail_acc; macro_per_class_acc; head_acc; medium_acc; tail_acc; macro_f1; seed; tail_clients_per_class; tail_class_ratio,2212
cifar100_LT/fedtef_v10_topology_observer,output/cifar100_LT/fedtef_v10_topology_observer/seed3407/frac0.4/FedTEF-v10-topology_noniid-labeldir/shared_stream_update_diagnostics.csv,300,epoch; seed; partition; stream; num_tensors; num_parameters; local_update_norm_weighted; fedavg_update_norm; cancellation_rate,31110
cifar100_LT/fedtef_v10_topology_observer,output/cifar100_LT/fedtef_v10_topology_observer/seed3407/frac0.4/FedTEF-v10-topology_noniid-labeldir/tailagg_diagnostics_per_class.csv,10000,epoch; seed; partition; mode; class_id; class_group; global_count; observed_client_count; local_energy_sum; local_energy_mean_observed; fedavg_row_energy; tailagg_row_energy; fedavg_retention_ratio; tailagg_retention_ratio; memory_row_norm,1278191
cifar100_LT/fedtef_v10_topology_observer,output/cifar100_LT/fedtef_v10_topology_observer/seed42/frac0.4/FedTEF-v10-topology_noniid-labeldir/fedtef_branch_diagnostics.csv,63,epoch; scope; num_classes; num_samples; base_acc; tail_only_acc; fused_acc; fused_minus_base_acc; base_margin; base_cosine_margin; fused_margin; changed_rate; right_flip_rate; wrong_flip_rate; residual_abs; fused_delta_abs; semantic_rescue_gate; release_reliability; class_release_gate,12422
cifar100_LT/fedtef_v10_topology_observer,output/cifar100_LT/fedtef_v10_topology_observer/seed42/frac0.4/FedTEF-v10-topology_noniid-labeldir/fedtef_v2_gate_history.csv,100,epoch; is_warmup; score_mode; warmup_mode; gate_mode; tail_topk; protected_count; tail_overlap_count; head_overlap_count; tail_overlap_ids; protected_ids; top_gate_ids; gate_min; gate_max; gate_mean; gate_std; score_min; score_max; score_mean; score_std; exposure_min; exposure_max; exposure_mean; opportunity_min; opportunity_max; opportunity_mean; protected_set_jaccard_with_previous_round; churn_rate; average_protected_lifetime; tail_protected_lifetime; head_protected_lifetime; head_scarcity_mean; tail_scarcity_mean; head_residual_need_mean; tail_residual_need_mean; head_tail_need_mean; tail_tail_need_mean; head_class_prior_mean; tail_class_prior_mean; head_class_prior_proxy_mean; tail_class_prior_proxy_mean; head_positive_proxy_mean; tail_positive_proxy_mean; head_observed_count_mean; tail_observed_count_mean; head_observation_ema_mean; tail_observation_ema_mean; head_reliability_mean; tail_reliability_mean; observer_exposure_mass_head_mean; observer_exposure_mass_tail_mean; observer_difficulty_head_mean; observer_difficulty_tail_mean; observer_survival_head_mean; observer_survival_tail_mean; observer_age_head_mean; observer_age_tail_mean; topology_exposure_budget_ids; topology_survival_budget_ids; gradient_prior_lock_active; gradient_prior_lock_mode; gradient_prior_lock_source_round; gradient_prior_locked_until_round; gradient_prior_refine_swaps; gradient_prior_refine_added_ids; gradient_prior_refine_removed_ids,94364
cifar100_LT/fedtef_v10_topology_observer,output/cifar100_LT/fedtef_v10_topology_observer/seed42/frac0.4/FedTEF-v10-topology_noniid-labeldir/per_class_metrics.csv,100,class_id; class_group; global_count; num_support_clients; exposure_E; exposure_score_s; protected; per_class_acc_base; per_class_acc_tail_only; per_class_acc_fedtef; base_margin; base_cosine_margin; fused_margin; changed_rate; right_flip_rate; wrong_flip_rate; residual_abs; fused_delta_abs; semantic_rescue_gate; release_reliability; class_release_gate,19363
cifar100_LT/fedtef_v10_topology_observer,output/cifar100_LT/fedtef_v10_topology_observer/seed42/frac0.4/FedTEF-v10-topology_noniid-labeldir/round_metrics.csv,21,epoch; method; partition; overall_acc; non_tail_acc; bottom20_tail_acc; macro_per_class_acc; head_acc; medium_acc; tail_acc; macro_f1; seed; tail_clients_per_class; tail_class_ratio,2170
cifar100_LT/fedtef_v10_topology_observer,output/cifar100_LT/fedtef_v10_topology_observer/seed42/frac0.4/FedTEF-v10-topology_noniid-labeldir/shared_stream_update_diagnostics.csv,300,epoch; seed; partition; stream; num_tensors; num_parameters; local_update_norm_weighted; fedavg_update_norm; cancellation_rate,30510
cifar100_LT/fedtef_v10_topology_observer,output/cifar100_LT/fedtef_v10_topology_observer/seed42/frac0.4/FedTEF-v10-topology_noniid-labeldir/tailagg_diagnostics_per_class.csv,10000,epoch; seed; partition; mode; class_id; class_group; global_count; observed_client_count; local_energy_sum; local_energy_mean_observed; fedavg_row_energy; tailagg_row_energy; fedavg_retention_ratio; tailagg_retention_ratio; memory_row_norm,1258191
cifar100_LT/fedtef_v2_strong_k30_hard_l05_margin_prior,output/cifar100_LT/fedtef_v2_strong_k30_hard_l05_margin_prior/seed1/frac0.4/FedTEF-v2_client-longtail/fedtef_v2_gate_history.csv,100,epoch; is_warmup; score_mode; warmup_mode; gate_mode; tail_topk; protected_count; tail_overlap_count; head_overlap_count; tail_overlap_ids; protected_ids; top_gate_ids; gate_min; gate_max; gate_mean; gate_std; score_min; score_max; score_mean; score_std; exposure_min; exposure_max; exposure_mean; opportunity_min; opportunity_max; opportunity_mean; protected_set_jaccard_with_previous_round; churn_rate; average_protected_lifetime; tail_protected_lifetime; head_protected_lifetime; head_scarcity_mean; tail_scarcity_mean; head_residual_need_mean; tail_residual_need_mean; head_tail_need_mean; tail_tail_need_mean; head_class_prior_mean; tail_class_prior_mean; head_class_prior_proxy_mean; tail_class_prior_proxy_mean; head_positive_proxy_mean; tail_positive_proxy_mean; head_observed_count_mean; tail_observed_count_mean; gradient_prior_lock_active; gradient_prior_lock_mode; gradient_prior_lock_source_round; gradient_prior_locked_until_round; gradient_prior_refine_swaps; gradient_prior_refine_added_ids; gradient_prior_refine_removed_ids,72860
cifar100_LT/fedtef_v2_strong_k30_hard_l05_margin_prior,output/cifar100_LT/fedtef_v2_strong_k30_hard_l05_margin_prior/seed1/frac0.4/FedTEF-v2_client-longtail/per_class_metrics.csv,100,class_id; class_group; global_count; num_support_clients; exposure_E; exposure_score_s; protected; per_class_acc_base; per_class_acc_tail_only; per_class_acc_fedtef,7561
cifar100_LT/fedtef_v2_strong_k30_hard_l05_margin_prior,output/cifar100_LT/fedtef_v2_strong_k30_hard_l05_margin_prior/seed1/frac0.4/FedTEF-v2_client-longtail/round_metrics.csv,21,epoch; method; partition; overall_acc; non_tail_acc; bottom20_tail_acc; macro_per_class_acc; head_acc; medium_acc; tail_acc; macro_f1; seed; tail_clients_per_class; tail_class_ratio,2826
cifar100_LT/fedtef_v2_strong_k30_hard_l05_margin_prior,output/cifar100_LT/fedtef_v2_strong_k30_hard_l05_margin_prior/seed1/frac0.4/FedTEF-v2_noniid-labeldir/fedtef_v2_gate_history.csv,100,epoch; is_warmup; score_mode; warmup_mode; gate_mode; tail_topk; protected_count; tail_overlap_count; head_overlap_count; tail_overlap_ids; protected_ids; top_gate_ids; gate_min; gate_max; gate_mean; gate_std; score_min; score_max; score_mean; score_std; exposure_min; exposure_max; exposure_mean; opportunity_min; opportunity_max; opportunity_mean; protected_set_jaccard_with_previous_round; churn_rate; average_protected_lifetime; tail_protected_lifetime; head_protected_lifetime; head_scarcity_mean; tail_scarcity_mean; head_residual_need_mean; tail_residual_need_mean; head_tail_need_mean; tail_tail_need_mean; head_class_prior_mean; tail_class_prior_mean; head_class_prior_proxy_mean; tail_class_prior_proxy_mean; head_positive_proxy_mean; tail_positive_proxy_mean; head_observed_count_mean; tail_observed_count_mean; gradient_prior_lock_active; gradient_prior_lock_mode; gradient_prior_lock_source_round; gradient_prior_locked_until_round; gradient_prior_refine_swaps; gradient_prior_refine_added_ids; gradient_prior_refine_removed_ids,72925
cifar100_LT/fedtef_v2_strong_k30_hard_l05_margin_prior,output/cifar100_LT/fedtef_v2_strong_k30_hard_l05_margin_prior/seed1/frac0.4/FedTEF-v2_noniid-labeldir/per_class_metrics.csv,100,class_id; class_group; global_count; num_support_clients; exposure_E; exposure_score_s; protected; per_class_acc_base; per_class_acc_tail_only; per_class_acc_fedtef,7548
cifar100_LT/fedtef_v2_strong_k30_hard_l05_margin_prior,output/cifar100_LT/fedtef_v2_strong_k30_hard_l05_margin_prior/seed1/frac0.4/FedTEF-v2_noniid-labeldir/round_metrics.csv,21,epoch; method; partition; overall_acc; non_tail_acc; bottom20_tail_acc; macro_per_class_acc; head_acc; medium_acc; tail_acc; macro_f1; seed; tail_clients_per_class; tail_class_ratio,2895
cifar100_LT/fedtef_v2_strong_k30_hard_l05_margin_prior,output/cifar100_LT/fedtef_v2_strong_k30_hard_l05_margin_prior/seed3407/frac0.4/FedTEF-v2_client-longtail/fedtef_v2_gate_history.csv,100,epoch; is_warmup; score_mode; warmup_mode; gate_mode; tail_topk; protected_count; tail_overlap_count; head_overlap_count; tail_overlap_ids; protected_ids; top_gate_ids; gate_min; gate_max; gate_mean; gate_std; score_min; score_max; score_mean; score_std; exposure_min; exposure_max; exposure_mean; opportunity_min; opportunity_max; opportunity_mean; protected_set_jaccard_with_previous_round; churn_rate; average_protected_lifetime; tail_protected_lifetime; head_protected_lifetime; head_scarcity_mean; tail_scarcity_mean; head_residual_need_mean; tail_residual_need_mean; head_tail_need_mean; tail_tail_need_mean; head_class_prior_mean; tail_class_prior_mean; head_class_prior_proxy_mean; tail_class_prior_proxy_mean; head_positive_proxy_mean; tail_positive_proxy_mean; head_observed_count_mean; tail_observed_count_mean; gradient_prior_lock_active; gradient_prior_lock_mode; gradient_prior_lock_source_round; gradient_prior_locked_until_round; gradient_prior_refine_swaps; gradient_prior_refine_added_ids; gradient_prior_refine_removed_ids,72860
cifar100_LT/fedtef_v2_strong_k30_hard_l05_margin_prior,output/cifar100_LT/fedtef_v2_strong_k30_hard_l05_margin_prior/seed3407/frac0.4/FedTEF-v2_client-longtail/per_class_metrics.csv,100,class_id; class_group; global_count; num_support_clients; exposure_E; exposure_score_s; protected; per_class_acc_base; per_class_acc_tail_only; per_class_acc_fedtef,7561
cifar100_LT/fedtef_v2_strong_k30_hard_l05_margin_prior,output/cifar100_LT/fedtef_v2_strong_k30_hard_l05_margin_prior/seed3407/frac0.4/FedTEF-v2_client-longtail/round_metrics.csv,21,epoch; method; partition; overall_acc; non_tail_acc; bottom20_tail_acc; macro_per_class_acc; head_acc; medium_acc; tail_acc; macro_f1; seed; tail_clients_per_class; tail_class_ratio,2889
cifar100_LT/fedtef_v2_strong_k30_hard_l05_margin_prior,output/cifar100_LT/fedtef_v2_strong_k30_hard_l05_margin_prior/seed3407/frac0.4/FedTEF-v2_noniid-labeldir/fedtef_v2_gate_history.csv,100,epoch; is_warmup; score_mode; warmup_mode; gate_mode; tail_topk; protected_count; tail_overlap_count; head_overlap_count; tail_overlap_ids; protected_ids; top_gate_ids; gate_min; gate_max; gate_mean; gate_std; score_min; score_max; score_mean; score_std; exposure_min; exposure_max; exposure_mean; opportunity_min; opportunity_max; opportunity_mean; protected_set_jaccard_with_previous_round; churn_rate; average_protected_lifetime; tail_protected_lifetime; head_protected_lifetime; head_scarcity_mean; tail_scarcity_mean; head_residual_need_mean; tail_residual_need_mean; head_tail_need_mean; tail_tail_need_mean; head_class_prior_mean; tail_class_prior_mean; head_class_prior_proxy_mean; tail_class_prior_proxy_mean; head_positive_proxy_mean; tail_positive_proxy_mean; head_observed_count_mean; tail_observed_count_mean; gradient_prior_lock_active; gradient_prior_lock_mode; gradient_prior_lock_source_round; gradient_prior_locked_until_round; gradient_prior_refine_swaps; gradient_prior_refine_added_ids; gradient_prior_refine_removed_ids,72925
cifar100_LT/fedtef_v2_strong_k30_hard_l05_margin_prior,output/cifar100_LT/fedtef_v2_strong_k30_hard_l05_margin_prior/seed3407/frac0.4/FedTEF-v2_noniid-labeldir/per_class_metrics.csv,100,class_id; class_group; global_count; num_support_clients; exposure_E; exposure_score_s; protected; per_class_acc_base; per_class_acc_tail_only; per_class_acc_fedtef,7548
cifar100_LT/fedtef_v2_strong_k30_hard_l05_margin_prior,output/cifar100_LT/fedtef_v2_strong_k30_hard_l05_margin_prior/seed3407/frac0.4/FedTEF-v2_noniid-labeldir/round_metrics.csv,21,epoch; method; partition; overall_acc; non_tail_acc; bottom20_tail_acc; macro_per_class_acc; head_acc; medium_acc; tail_acc; macro_f1; seed; tail_clients_per_class; tail_class_ratio,2958
cifar100_LT/fedtef_v2_strong_k30_hard_l05_margin_prior,output/cifar100_LT/fedtef_v2_strong_k30_hard_l05_margin_prior/seed42/frac0.4/FedTEF-v2_client-longtail/fedtef_v2_gate_history.csv,100,epoch; is_warmup; score_mode; warmup_mode; gate_mode; tail_topk; protected_count; tail_overlap_count; head_overlap_count; tail_overlap_ids; protected_ids; top_gate_ids; gate_min; gate_max; gate_mean; gate_std; score_min; score_max; score_mean; score_std; exposure_min; exposure_max; exposure_mean; opportunity_min; opportunity_max; opportunity_mean; protected_set_jaccard_with_previous_round; churn_rate; average_protected_lifetime; tail_protected_lifetime; head_protected_lifetime; head_scarcity_mean; tail_scarcity_mean; head_residual_need_mean; tail_residual_need_mean; head_tail_need_mean; tail_tail_need_mean; head_class_prior_mean; tail_class_prior_mean; head_class_prior_proxy_mean; tail_class_prior_proxy_mean; head_positive_proxy_mean; tail_positive_proxy_mean; head_observed_count_mean; tail_observed_count_mean; gradient_prior_lock_active; gradient_prior_lock_mode; gradient_prior_lock_source_round; gradient_prior_locked_until_round; gradient_prior_refine_swaps; gradient_prior_refine_added_ids; gradient_prior_refine_removed_ids,72860
cifar100_LT/fedtef_v2_strong_k30_hard_l05_margin_prior,output/cifar100_LT/fedtef_v2_strong_k30_hard_l05_margin_prior/seed42/frac0.4/FedTEF-v2_client-longtail/per_class_metrics.csv,100,class_id; class_group; global_count; num_support_clients; exposure_E; exposure_score_s; protected; per_class_acc_base; per_class_acc_tail_only; per_class_acc_fedtef,7561
cifar100_LT/fedtef_v2_strong_k30_hard_l05_margin_prior,output/cifar100_LT/fedtef_v2_strong_k30_hard_l05_margin_prior/seed42/frac0.4/FedTEF-v2_client-longtail/round_metrics.csv,21,epoch; method; partition; overall_acc; non_tail_acc; bottom20_tail_acc; macro_per_class_acc; head_acc; medium_acc; tail_acc; macro_f1; seed; tail_clients_per_class; tail_class_ratio,2847
cifar100_LT/fedtef_v2_strong_k30_hard_l05_margin_prior,output/cifar100_LT/fedtef_v2_strong_k30_hard_l05_margin_prior/seed42/frac0.4/FedTEF-v2_noniid-labeldir/fedtef_v2_gate_history.csv,100,epoch; is_warmup; score_mode; warmup_mode; gate_mode; tail_topk; protected_count; tail_overlap_count; head_overlap_count; tail_overlap_ids; protected_ids; top_gate_ids; gate_min; gate_max; gate_mean; gate_std; score_min; score_max; score_mean; score_std; exposure_min; exposure_max; exposure_mean; opportunity_min; opportunity_max; opportunity_mean; protected_set_jaccard_with_previous_round; churn_rate; average_protected_lifetime; tail_protected_lifetime; head_protected_lifetime; head_scarcity_mean; tail_scarcity_mean; head_residual_need_mean; tail_residual_need_mean; head_tail_need_mean; tail_tail_need_mean; head_class_prior_mean; tail_class_prior_mean; head_class_prior_proxy_mean; tail_class_prior_proxy_mean; head_positive_proxy_mean; tail_positive_proxy_mean; head_observed_count_mean; tail_observed_count_mean; gradient_prior_lock_active; gradient_prior_lock_mode; gradient_prior_lock_source_round; gradient_prior_locked_until_round; gradient_prior_refine_swaps; gradient_prior_refine_added_ids; gradient_prior_refine_removed_ids,72925
cifar100_LT/fedtef_v2_strong_k30_hard_l05_margin_prior,output/cifar100_LT/fedtef_v2_strong_k30_hard_l05_margin_prior/seed42/frac0.4/FedTEF-v2_noniid-labeldir/per_class_metrics.csv,100,class_id; class_group; global_count; num_support_clients; exposure_E; exposure_score_s; protected; per_class_acc_base; per_class_acc_tail_only; per_class_acc_fedtef,7548
cifar100_LT/fedtef_v2_strong_k30_hard_l05_margin_prior,output/cifar100_LT/fedtef_v2_strong_k30_hard_l05_margin_prior/seed42/frac0.4/FedTEF-v2_noniid-labeldir/round_metrics.csv,21,epoch; method; partition; overall_acc; non_tail_acc; bottom20_tail_acc; macro_per_class_acc; head_acc; medium_acc; tail_acc; macro_f1; seed; tail_clients_per_class; tail_class_ratio,2916
cifar100_LT/fedtef_v3_prior_base_samplegate_conflict,output/cifar100_LT/fedtef_v3_prior_base_samplegate_conflict/seed1/frac0.4/FedTEF-v2_client-longtail/fedtef_v2_gate_history.csv,100,epoch; is_warmup; score_mode; warmup_mode; gate_mode; tail_topk; protected_count; tail_overlap_count; head_overlap_count; tail_overlap_ids; protected_ids; top_gate_ids; gate_min; gate_max; gate_mean; gate_std; score_min; score_max; score_mean; score_std; exposure_min; exposure_max; exposure_mean; opportunity_min; opportunity_max; opportunity_mean; protected_set_jaccard_with_previous_round; churn_rate; average_protected_lifetime; tail_protected_lifetime; head_protected_lifetime; head_scarcity_mean; tail_scarcity_mean; head_residual_need_mean; tail_residual_need_mean; head_tail_need_mean; tail_tail_need_mean; head_class_prior_mean; tail_class_prior_mean; head_class_prior_proxy_mean; tail_class_prior_proxy_mean; head_positive_proxy_mean; tail_positive_proxy_mean; head_observed_count_mean; tail_observed_count_mean; gradient_prior_lock_active; gradient_prior_lock_mode; gradient_prior_lock_source_round; gradient_prior_locked_until_round; gradient_prior_refine_swaps; gradient_prior_refine_added_ids; gradient_prior_refine_removed_ids,73141
cifar100_LT/fedtef_v3_prior_base_samplegate_conflict,output/cifar100_LT/fedtef_v3_prior_base_samplegate_conflict/seed1/frac0.4/FedTEF-v2_client-longtail/per_class_metrics.csv,100,class_id; class_group; global_count; num_support_clients; exposure_E; exposure_score_s; protected; per_class_acc_base; per_class_acc_tail_only; per_class_acc_fedtef,7580
cifar100_LT/fedtef_v3_prior_base_samplegate_conflict,output/cifar100_LT/fedtef_v3_prior_base_samplegate_conflict/seed1/frac0.4/FedTEF-v2_client-longtail/round_metrics.csv,21,epoch; method; partition; overall_acc; non_tail_acc; bottom20_tail_acc; macro_per_class_acc; head_acc; medium_acc; tail_acc; macro_f1; seed; tail_clients_per_class; tail_class_ratio,2161
cifar100_LT/fedtef_v5_adapter_dirichlet_evidence_lifecycle,output/cifar100_LT/fedtef_v5_adapter_dirichlet_evidence_lifecycle/seed1/frac0.4/FedTEF-v5_noniid-labeldir/fedtef_branch_diagnostics.csv,63,epoch; scope; num_classes; num_samples; base_acc; tail_only_acc; fused_acc; fused_minus_base_acc; base_margin; base_cosine_margin; fused_margin; changed_rate; right_flip_rate; wrong_flip_rate; residual_abs; fused_delta_abs; semantic_rescue_gate,11494
cifar100_LT/fedtef_v5_adapter_dirichlet_evidence_lifecycle,output/cifar100_LT/fedtef_v5_adapter_dirichlet_evidence_lifecycle/seed1/frac0.4/FedTEF-v5_noniid-labeldir/fedtef_v2_gate_history.csv,100,epoch; is_warmup; score_mode; warmup_mode; gate_mode; tail_topk; protected_count; tail_overlap_count; head_overlap_count; tail_overlap_ids; protected_ids; top_gate_ids; gate_min; gate_max; gate_mean; gate_std; score_min; score_max; score_mean; score_std; exposure_min; exposure_max; exposure_mean; opportunity_min; opportunity_max; opportunity_mean; protected_set_jaccard_with_previous_round; churn_rate; average_protected_lifetime; tail_protected_lifetime; head_protected_lifetime; head_scarcity_mean; tail_scarcity_mean; head_residual_need_mean; tail_residual_need_mean; head_tail_need_mean; tail_tail_need_mean; head_class_prior_mean; tail_class_prior_mean; head_class_prior_proxy_mean; tail_class_prior_proxy_mean; head_positive_proxy_mean; tail_positive_proxy_mean; head_observed_count_mean; tail_observed_count_mean; head_observation_ema_mean; tail_observation_ema_mean; head_reliability_mean; tail_reliability_mean; gradient_prior_lock_active; gradient_prior_lock_mode; gradient_prior_lock_source_round; gradient_prior_locked_until_round; gradient_prior_refine_swaps; gradient_prior_refine_added_ids; gradient_prior_refine_removed_ids,72572
cifar100_LT/fedtef_v5_adapter_dirichlet_evidence_lifecycle,output/cifar100_LT/fedtef_v5_adapter_dirichlet_evidence_lifecycle/seed1/frac0.4/FedTEF-v5_noniid-labeldir/per_class_metrics.csv,100,class_id; class_group; global_count; num_support_clients; exposure_E; exposure_score_s; protected; per_class_acc_base; per_class_acc_tail_only; per_class_acc_fedtef; base_margin; base_cosine_margin; fused_margin; changed_rate; right_flip_rate; wrong_flip_rate; residual_abs; fused_delta_abs; semantic_rescue_gate,18985
cifar100_LT/fedtef_v5_adapter_dirichlet_evidence_lifecycle,output/cifar100_LT/fedtef_v5_adapter_dirichlet_evidence_lifecycle/seed1/frac0.4/FedTEF-v5_noniid-labeldir/round_metrics.csv,21,epoch; method; partition; overall_acc; non_tail_acc; bottom20_tail_acc; macro_per_class_acc; head_acc; medium_acc; tail_acc; macro_f1; seed; tail_clients_per_class; tail_class_ratio,2173
cifar100_LT/fedtef_v5_adapter_dirichlet_evidence_lifecycle,output/cifar100_LT/fedtef_v5_adapter_dirichlet_evidence_lifecycle/seed1/frac0.4/FedTEF-v5_noniid-labeldir/shared_stream_update_diagnostics.csv,300,epoch; seed; partition; stream; num_tensors; num_parameters; local_update_norm_weighted; fedavg_update_norm; cancellation_rate,30190
cifar100_LT/fedtef_v5_adapter_dirichlet_evidence_lifecycle,output/cifar100_LT/fedtef_v5_adapter_dirichlet_evidence_lifecycle/seed1/frac0.4/FedTEF-v5_noniid-labeldir/tailagg_diagnostics_per_class.csv,10000,epoch; seed; partition; mode; class_id; class_group; global_count; observed_client_count; local_energy_sum; local_energy_mean_observed; fedavg_row_energy; tailagg_row_energy; fedavg_retention_ratio; tailagg_retention_ratio; memory_row_norm,1955360
cifar100_LT/fedtef_v5_adapter_dirichlet_evidence_lifecycle,output/cifar100_LT/fedtef_v5_adapter_dirichlet_evidence_lifecycle/seed3407/frac0.4/FedTEF-v5_noniid-labeldir/fedtef_branch_diagnostics.csv,33,epoch; scope; num_classes; num_samples; base_acc; tail_only_acc; fused_acc; fused_minus_base_acc; base_margin; base_cosine_margin; fused_margin; changed_rate; right_flip_rate; wrong_flip_rate; residual_abs; fused_delta_abs; semantic_rescue_gate,6092
cifar100_LT/fedtef_v5_adapter_dirichlet_evidence_lifecycle,output/cifar100_LT/fedtef_v5_adapter_dirichlet_evidence_lifecycle/seed3407/frac0.4/FedTEF-v5_noniid-labeldir/fedtef_v2_gate_history.csv,56,epoch; is_warmup; score_mode; warmup_mode; gate_mode; tail_topk; protected_count; tail_overlap_count; head_overlap_count; tail_overlap_ids; protected_ids; top_gate_ids; gate_min; gate_max; gate_mean; gate_std; score_min; score_max; score_mean; score_std; exposure_min; exposure_max; exposure_mean; opportunity_min; opportunity_max; opportunity_mean; protected_set_jaccard_with_previous_round; churn_rate; average_protected_lifetime; tail_protected_lifetime; head_protected_lifetime; head_scarcity_mean; tail_scarcity_mean; head_residual_need_mean; tail_residual_need_mean; head_tail_need_mean; tail_tail_need_mean; head_class_prior_mean; tail_class_prior_mean; head_class_prior_proxy_mean; tail_class_prior_proxy_mean; head_positive_proxy_mean; tail_positive_proxy_mean; head_observed_count_mean; tail_observed_count_mean; head_observation_ema_mean; tail_observation_ema_mean; head_reliability_mean; tail_reliability_mean; gradient_prior_lock_active; gradient_prior_lock_mode; gradient_prior_lock_source_round; gradient_prior_locked_until_round; gradient_prior_refine_swaps; gradient_prior_refine_added_ids; gradient_prior_refine_removed_ids,41083
cifar100_LT/fedtef_v5_adapter_dirichlet_evidence_lifecycle,output/cifar100_LT/fedtef_v5_adapter_dirichlet_evidence_lifecycle/seed3407/frac0.4/FedTEF-v5_noniid-labeldir/per_class_metrics.csv,100,class_id; class_group; global_count; num_support_clients; exposure_E; exposure_score_s; protected; per_class_acc_base; per_class_acc_tail_only; per_class_acc_fedtef; base_margin; base_cosine_margin; fused_margin; changed_rate; right_flip_rate; wrong_flip_rate; residual_abs; fused_delta_abs; semantic_rescue_gate,19050
cifar100_LT/fedtef_v5_adapter_dirichlet_evidence_lifecycle,output/cifar100_LT/fedtef_v5_adapter_dirichlet_evidence_lifecycle/seed3407/frac0.4/FedTEF-v5_noniid-labeldir/round_metrics.csv,11,epoch; method; partition; overall_acc; non_tail_acc; bottom20_tail_acc; macro_per_class_acc; head_acc; medium_acc; tail_acc; macro_f1; seed; tail_clients_per_class; tail_class_ratio,1241
cifar100_LT/fedtef_v5_adapter_dirichlet_evidence_lifecycle,output/cifar100_LT/fedtef_v5_adapter_dirichlet_evidence_lifecycle/seed3407/frac0.4/FedTEF-v5_noniid-labeldir/shared_stream_update_diagnostics.csv,165,epoch; seed; partition; stream; num_tensors; num_parameters; local_update_norm_weighted; fedavg_update_norm; cancellation_rate,17141
cifar100_LT/fedtef_v5_adapter_dirichlet_evidence_lifecycle,output/cifar100_LT/fedtef_v5_adapter_dirichlet_evidence_lifecycle/seed3407/frac0.4/FedTEF-v5_noniid-labeldir/tailagg_diagnostics_per_class.csv,5500,epoch; seed; partition; mode; class_id; class_group; global_count; observed_client_count; local_energy_sum; local_energy_mean_observed; fedavg_row_energy; tailagg_row_energy; fedavg_retention_ratio; tailagg_retention_ratio; memory_row_norm,1101804
cifar100_LT/fedtef_v5_adapter_dirichlet_evidence_lifecycle,output/cifar100_LT/fedtef_v5_adapter_dirichlet_evidence_lifecycle/seed42/frac0.4/FedTEF-v5_noniid-labeldir/fedtef_branch_diagnostics.csv,63,epoch; scope; num_classes; num_samples; base_acc; tail_only_acc; fused_acc; fused_minus_base_acc; base_margin; base_cosine_margin; fused_margin; changed_rate; right_flip_rate; wrong_flip_rate; residual_abs; fused_delta_abs; semantic_rescue_gate,11426
cifar100_LT/fedtef_v5_adapter_dirichlet_evidence_lifecycle,output/cifar100_LT/fedtef_v5_adapter_dirichlet_evidence_lifecycle/seed42/frac0.4/FedTEF-v5_noniid-labeldir/fedtef_v2_gate_history.csv,100,epoch; is_warmup; score_mode; warmup_mode; gate_mode; tail_topk; protected_count; tail_overlap_count; head_overlap_count; tail_overlap_ids; protected_ids; top_gate_ids; gate_min; gate_max; gate_mean; gate_std; score_min; score_max; score_mean; score_std; exposure_min; exposure_max; exposure_mean; opportunity_min; opportunity_max; opportunity_mean; protected_set_jaccard_with_previous_round; churn_rate; average_protected_lifetime; tail_protected_lifetime; head_protected_lifetime; head_scarcity_mean; tail_scarcity_mean; head_residual_need_mean; tail_residual_need_mean; head_tail_need_mean; tail_tail_need_mean; head_class_prior_mean; tail_class_prior_mean; head_class_prior_proxy_mean; tail_class_prior_proxy_mean; head_positive_proxy_mean; tail_positive_proxy_mean; head_observed_count_mean; tail_observed_count_mean; head_observation_ema_mean; tail_observation_ema_mean; head_reliability_mean; tail_reliability_mean; gradient_prior_lock_active; gradient_prior_lock_mode; gradient_prior_lock_source_round; gradient_prior_locked_until_round; gradient_prior_refine_swaps; gradient_prior_refine_added_ids; gradient_prior_refine_removed_ids,72476
cifar100_LT/fedtef_v5_adapter_dirichlet_evidence_lifecycle,output/cifar100_LT/fedtef_v5_adapter_dirichlet_evidence_lifecycle/seed42/frac0.4/FedTEF-v5_noniid-labeldir/per_class_metrics.csv,100,class_id; class_group; global_count; num_support_clients; exposure_E; exposure_score_s; protected; per_class_acc_base; per_class_acc_tail_only; per_class_acc_fedtef; base_margin; base_cosine_margin; fused_margin; changed_rate; right_flip_rate; wrong_flip_rate; residual_abs; fused_delta_abs; semantic_rescue_gate,18924
cifar100_LT/fedtef_v5_adapter_dirichlet_evidence_lifecycle,output/cifar100_LT/fedtef_v5_adapter_dirichlet_evidence_lifecycle/seed42/frac0.4/FedTEF-v5_noniid-labeldir/round_metrics.csv,21,epoch; method; partition; overall_acc; non_tail_acc; bottom20_tail_acc; macro_per_class_acc; head_acc; medium_acc; tail_acc; macro_f1; seed; tail_clients_per_class; tail_class_ratio,2165
cifar100_LT/fedtef_v5_adapter_dirichlet_evidence_lifecycle,output/cifar100_LT/fedtef_v5_adapter_dirichlet_evidence_lifecycle/seed42/frac0.4/FedTEF-v5_noniid-labeldir/shared_stream_update_diagnostics.csv,300,epoch; seed; partition; stream; num_tensors; num_parameters; local_update_norm_weighted; fedavg_update_norm; cancellation_rate,30451
cifar100_LT/fedtef_v5_adapter_dirichlet_evidence_lifecycle,output/cifar100_LT/fedtef_v5_adapter_dirichlet_evidence_lifecycle/seed42/frac0.4/FedTEF-v5_noniid-labeldir/tailagg_diagnostics_per_class.csv,10000,epoch; seed; partition; mode; class_id; class_group; global_count; observed_client_count; local_energy_sum; local_energy_mean_observed; fedavg_row_energy; tailagg_row_energy; fedavg_retention_ratio; tailagg_retention_ratio; memory_row_norm,1968819
cifar100_LT/fedtef_v5_component_ladder,output/cifar100_LT/fedtef_v5_component_ladder/fedtef_v5_component_summary.csv,8,variant; run_dir; seed; frac; partition; epoch; base_overall; base_head; base_tail; fused_overall; fused_head; fused_tail; tail_fused_minus_base; tail_base_cosine_margin; tail_fused_margin; tail_right_flip_rate; head_wrong_flip_rate; tail_residual_abs; tail_fused_delta_abs; tail_rescue_gate; lora_local_update_norm; lora_fedavg_update_norm; lora_cancellation_rate; img_adapter_fedavg_update_norm; tail_local_evidence; head_local_evidence; tail_fedavg_retention; tail_tailagg_retention; head_tailagg_retention; tail_memory_row_norm; gate_tail_overlap; gate_protected_count,3830
cifar100_LT/fedtef_v5_component_ladder,output/cifar100_LT/fedtef_v5_component_ladder/adapter_only/seed1/frac0.4/FedTEF-v5_noniid-labeldir/fedtef_branch_diagnostics.csv,21,epoch; scope; num_classes; num_samples; base_acc; tail_only_acc; fused_acc; fused_minus_base_acc; base_margin; base_cosine_margin; fused_margin; changed_rate; right_flip_rate; wrong_flip_rate; residual_abs; fused_delta_abs; semantic_rescue_gate,2543
cifar100_LT/fedtef_v5_component_ladder,output/cifar100_LT/fedtef_v5_component_ladder/adapter_only/seed1/frac0.4/FedTEF-v5_noniid-labeldir/fedtef_v2_gate_history.csv,30,epoch; is_warmup; score_mode; warmup_mode; gate_mode; tail_topk; protected_count; tail_overlap_count; head_overlap_count; tail_overlap_ids; protected_ids; top_gate_ids; gate_min; gate_max; gate_mean; gate_std; score_min; score_max; score_mean; score_std; exposure_min; exposure_max; exposure_mean; opportunity_min; opportunity_max; opportunity_mean; protected_set_jaccard_with_previous_round; churn_rate; average_protected_lifetime; tail_protected_lifetime; head_protected_lifetime; head_scarcity_mean; tail_scarcity_mean; head_residual_need_mean; tail_residual_need_mean; head_tail_need_mean; tail_tail_need_mean; head_class_prior_mean; tail_class_prior_mean; head_class_prior_proxy_mean; tail_class_prior_proxy_mean; head_positive_proxy_mean; tail_positive_proxy_mean; head_observed_count_mean; tail_observed_count_mean; head_observation_ema_mean; tail_observation_ema_mean; head_reliability_mean; tail_reliability_mean; gradient_prior_lock_active; gradient_prior_lock_mode; gradient_prior_lock_source_round; gradient_prior_locked_until_round; gradient_prior_refine_swaps; gradient_prior_refine_added_ids; gradient_prior_refine_removed_ids,22110
cifar100_LT/fedtef_v5_component_ladder,output/cifar100_LT/fedtef_v5_component_ladder/adapter_only/seed1/frac0.4/FedTEF-v5_noniid-labeldir/per_class_metrics.csv,100,class_id; class_group; global_count; num_support_clients; exposure_E; exposure_score_s; protected; per_class_acc_base; per_class_acc_tail_only; per_class_acc_fedtef; base_margin; base_cosine_margin; fused_margin; changed_rate; right_flip_rate; wrong_flip_rate; residual_abs; fused_delta_abs; semantic_rescue_gate,11075
cifar100_LT/fedtef_v5_component_ladder,output/cifar100_LT/fedtef_v5_component_ladder/adapter_only/seed1/frac0.4/FedTEF-v5_noniid-labeldir/round_metrics.csv,7,epoch; method; partition; overall_acc; non_tail_acc; bottom20_tail_acc; macro_per_class_acc; head_acc; medium_acc; tail_acc; macro_f1; seed; tail_clients_per_class; tail_class_ratio,953
cifar100_LT/fedtef_v5_component_ladder,output/cifar100_LT/fedtef_v5_component_ladder/adapter_only/seed1/frac0.4/FedTEF-v5_noniid-labeldir/shared_stream_update_diagnostics.csv,90,epoch; seed; partition; stream; num_tensors; num_parameters; local_update_norm_weighted; fedavg_update_norm; cancellation_rate,9127
cifar100_LT/fedtef_v5_component_ladder,output/cifar100_LT/fedtef_v5_component_ladder/adapter_only/seed1/frac0.4/FedTEF-v5_noniid-labeldir/tailagg_diagnostics_per_class.csv,3000,epoch; seed; partition; mode; class_id; class_group; global_count; observed_client_count; local_energy_sum; local_energy_mean_observed; fedavg_row_energy; tailagg_row_energy; fedavg_retention_ratio; tailagg_retention_ratio; memory_row_norm,221527
cifar100_LT/fedtef_v5_component_ladder,output/cifar100_LT/fedtef_v5_component_ladder/full_v5/seed1/frac0.4/FedTEF-v5_noniid-labeldir/fedtef_branch_diagnostics.csv,21,epoch; scope; num_classes; num_samples; base_acc; tail_only_acc; fused_acc; fused_minus_base_acc; base_margin; base_cosine_margin; fused_margin; changed_rate; right_flip_rate; wrong_flip_rate; residual_abs; fused_delta_abs; semantic_rescue_gate,3914
cifar100_LT/fedtef_v5_component_ladder,output/cifar100_LT/fedtef_v5_component_ladder/full_v5/seed1/frac0.4/FedTEF-v5_noniid-labeldir/fedtef_v2_gate_history.csv,30,epoch; is_warmup; score_mode; warmup_mode; gate_mode; tail_topk; protected_count; tail_overlap_count; head_overlap_count; tail_overlap_ids; protected_ids; top_gate_ids; gate_min; gate_max; gate_mean; gate_std; score_min; score_max; score_mean; score_std; exposure_min; exposure_max; exposure_mean; opportunity_min; opportunity_max; opportunity_mean; protected_set_jaccard_with_previous_round; churn_rate; average_protected_lifetime; tail_protected_lifetime; head_protected_lifetime; head_scarcity_mean; tail_scarcity_mean; head_residual_need_mean; tail_residual_need_mean; head_tail_need_mean; tail_tail_need_mean; head_class_prior_mean; tail_class_prior_mean; head_class_prior_proxy_mean; tail_class_prior_proxy_mean; head_positive_proxy_mean; tail_positive_proxy_mean; head_observed_count_mean; tail_observed_count_mean; head_observation_ema_mean; tail_observation_ema_mean; head_reliability_mean; tail_reliability_mean; gradient_prior_lock_active; gradient_prior_lock_mode; gradient_prior_lock_source_round; gradient_prior_locked_until_round; gradient_prior_refine_swaps; gradient_prior_refine_added_ids; gradient_prior_refine_removed_ids,30126
cifar100_LT/fedtef_v5_component_ladder,output/cifar100_LT/fedtef_v5_component_ladder/full_v5/seed1/frac0.4/FedTEF-v5_noniid-labeldir/per_class_metrics.csv,100,class_id; class_group; global_count; num_support_clients; exposure_E; exposure_score_s; protected; per_class_acc_base; per_class_acc_tail_only; per_class_acc_fedtef; base_margin; base_cosine_margin; fused_margin; changed_rate; right_flip_rate; wrong_flip_rate; residual_abs; fused_delta_abs; semantic_rescue_gate,18747
cifar100_LT/fedtef_v5_component_ladder,output/cifar100_LT/fedtef_v5_component_ladder/full_v5/seed1/frac0.4/FedTEF-v5_noniid-labeldir/round_metrics.csv,7,epoch; method; partition; overall_acc; non_tail_acc; bottom20_tail_acc; macro_per_class_acc; head_acc; medium_acc; tail_acc; macro_f1; seed; tail_clients_per_class; tail_class_ratio,1163
cifar100_LT/fedtef_v5_component_ladder,output/cifar100_LT/fedtef_v5_component_ladder/full_v5/seed1/frac0.4/FedTEF-v5_noniid-labeldir/shared_stream_update_diagnostics.csv,90,epoch; seed; partition; stream; num_tensors; num_parameters; local_update_norm_weighted; fedavg_update_norm; cancellation_rate,8995
cifar100_LT/fedtef_v5_component_ladder,output/cifar100_LT/fedtef_v5_component_ladder/full_v5/seed1/frac0.4/FedTEF-v5_noniid-labeldir/tailagg_diagnostics_per_class.csv,3000,epoch; seed; partition; mode; class_id; class_group; global_count; observed_client_count; local_energy_sum; local_energy_mean_observed; fedavg_row_energy; tailagg_row_energy; fedavg_retention_ratio; tailagg_retention_ratio; memory_row_norm,580826
cifar100_LT/fedtef_v5_component_ladder,output/cifar100_LT/fedtef_v5_component_ladder/lora_memory_fedavg/seed1/frac0.4/FedTEF-v5_noniid-labeldir/fedtef_branch_diagnostics.csv,21,epoch; scope; num_classes; num_samples; base_acc; tail_only_acc; fused_acc; fused_minus_base_acc; base_margin; base_cosine_margin; fused_margin; changed_rate; right_flip_rate; wrong_flip_rate; residual_abs; fused_delta_abs; semantic_rescue_gate,3658
cifar100_LT/fedtef_v5_component_ladder,output/cifar100_LT/fedtef_v5_component_ladder/lora_memory_fedavg/seed1/frac0.4/FedTEF-v5_noniid-labeldir/fedtef_v2_gate_history.csv,30,epoch; is_warmup; score_mode; warmup_mode; gate_mode; tail_topk; protected_count; tail_overlap_count; head_overlap_count; tail_overlap_ids; protected_ids; top_gate_ids; gate_min; gate_max; gate_mean; gate_std; score_min; score_max; score_mean; score_std; exposure_min; exposure_max; exposure_mean; opportunity_min; opportunity_max; opportunity_mean; protected_set_jaccard_with_previous_round; churn_rate; average_protected_lifetime; tail_protected_lifetime; head_protected_lifetime; head_scarcity_mean; tail_scarcity_mean; head_residual_need_mean; tail_residual_need_mean; head_tail_need_mean; tail_tail_need_mean; head_class_prior_mean; tail_class_prior_mean; head_class_prior_proxy_mean; tail_class_prior_proxy_mean; head_positive_proxy_mean; tail_positive_proxy_mean; head_observed_count_mean; tail_observed_count_mean; head_observation_ema_mean; tail_observation_ema_mean; head_reliability_mean; tail_reliability_mean; gradient_prior_lock_active; gradient_prior_lock_mode; gradient_prior_lock_source_round; gradient_prior_locked_until_round; gradient_prior_refine_swaps; gradient_prior_refine_added_ids; gradient_prior_refine_removed_ids,30369
cifar100_LT/fedtef_v5_component_ladder,output/cifar100_LT/fedtef_v5_component_ladder/lora_memory_fedavg/seed1/frac0.4/FedTEF-v5_noniid-labeldir/per_class_metrics.csv,100,class_id; class_group; global_count; num_support_clients; exposure_E; exposure_score_s; protected; per_class_acc_base; per_class_acc_tail_only; per_class_acc_fedtef; base_margin; base_cosine_margin; fused_margin; changed_rate; right_flip_rate; wrong_flip_rate; residual_abs; fused_delta_abs; semantic_rescue_gate,17167
cifar100_LT/fedtef_v5_component_ladder,output/cifar100_LT/fedtef_v5_component_ladder/lora_memory_fedavg/seed1/frac0.4/FedTEF-v5_noniid-labeldir/round_metrics.csv,7,epoch; method; partition; overall_acc; non_tail_acc; bottom20_tail_acc; macro_per_class_acc; head_acc; medium_acc; tail_acc; macro_f1; seed; tail_clients_per_class; tail_class_ratio,1087
cifar100_LT/fedtef_v5_component_ladder,output/cifar100_LT/fedtef_v5_component_ladder/lora_memory_fedavg/seed1/frac0.4/FedTEF-v5_noniid-labeldir/shared_stream_update_diagnostics.csv,90,epoch; seed; partition; stream; num_tensors; num_parameters; local_update_norm_weighted; fedavg_update_norm; cancellation_rate,9003
cifar100_LT/fedtef_v5_component_ladder,output/cifar100_LT/fedtef_v5_component_ladder/lora_memory_fedavg/seed1/frac0.4/FedTEF-v5_noniid-labeldir/tailagg_diagnostics_per_class.csv,3000,epoch; seed; partition; mode; class_id; class_group; global_count; observed_client_count; local_energy_sum; local_energy_mean_observed; fedavg_row_energy; tailagg_row_energy; fedavg_retention_ratio; tailagg_retention_ratio; memory_row_norm,555846
cifar100_LT/fedtef_v5_component_ladder,output/cifar100_LT/fedtef_v5_component_ladder/lora_memory_no_fusion/seed1/frac0.4/FedTEF-v5_noniid-labeldir/fedtef_branch_diagnostics.csv,21,epoch; scope; num_classes; num_samples; base_acc; tail_only_acc; fused_acc; fused_minus_base_acc; base_margin; base_cosine_margin; fused_margin; changed_rate; right_flip_rate; wrong_flip_rate; residual_abs; fused_delta_abs; semantic_rescue_gate,2878
cifar100_LT/fedtef_v5_component_ladder,output/cifar100_LT/fedtef_v5_component_ladder/lora_memory_no_fusion/seed1/frac0.4/FedTEF-v5_noniid-labeldir/fedtef_v2_gate_history.csv,30,epoch; is_warmup; score_mode; warmup_mode; gate_mode; tail_topk; protected_count; tail_overlap_count; head_overlap_count; tail_overlap_ids; protected_ids; top_gate_ids; gate_min; gate_max; gate_mean; gate_std; score_min; score_max; score_mean; score_std; exposure_min; exposure_max; exposure_mean; opportunity_min; opportunity_max; opportunity_mean; protected_set_jaccard_with_previous_round; churn_rate; average_protected_lifetime; tail_protected_lifetime; head_protected_lifetime; head_scarcity_mean; tail_scarcity_mean; head_residual_need_mean; tail_residual_need_mean; head_tail_need_mean; tail_tail_need_mean; head_class_prior_mean; tail_class_prior_mean; head_class_prior_proxy_mean; tail_class_prior_proxy_mean; head_positive_proxy_mean; tail_positive_proxy_mean; head_observed_count_mean; tail_observed_count_mean; head_observation_ema_mean; tail_observation_ema_mean; head_reliability_mean; tail_reliability_mean; gradient_prior_lock_active; gradient_prior_lock_mode; gradient_prior_lock_source_round; gradient_prior_locked_until_round; gradient_prior_refine_swaps; gradient_prior_refine_added_ids; gradient_prior_refine_removed_ids,30175
cifar100_LT/fedtef_v5_component_ladder,output/cifar100_LT/fedtef_v5_component_ladder/lora_memory_no_fusion/seed1/frac0.4/FedTEF-v5_noniid-labeldir/per_class_metrics.csv,100,class_id; class_group; global_count; num_support_clients; exposure_E; exposure_score_s; protected; per_class_acc_base; per_class_acc_tail_only; per_class_acc_fedtef; base_margin; base_cosine_margin; fused_margin; changed_rate; right_flip_rate; wrong_flip_rate; residual_abs; fused_delta_abs; semantic_rescue_gate,15563
cifar100_LT/fedtef_v5_component_ladder,output/cifar100_LT/fedtef_v5_component_ladder/lora_memory_no_fusion/seed1/frac0.4/FedTEF-v5_noniid-labeldir/round_metrics.csv,7,epoch; method; partition; overall_acc; non_tail_acc; bottom20_tail_acc; macro_per_class_acc; head_acc; medium_acc; tail_acc; macro_f1; seed; tail_clients_per_class; tail_class_ratio,1164
cifar100_LT/fedtef_v5_component_ladder,output/cifar100_LT/fedtef_v5_component_ladder/lora_memory_no_fusion/seed1/frac0.4/FedTEF-v5_noniid-labeldir/shared_stream_update_diagnostics.csv,90,epoch; seed; partition; stream; num_tensors; num_parameters; local_update_norm_weighted; fedavg_update_norm; cancellation_rate,9001
cifar100_LT/fedtef_v5_component_ladder,output/cifar100_LT/fedtef_v5_component_ladder/lora_memory_no_fusion/seed1/frac0.4/FedTEF-v5_noniid-labeldir/tailagg_diagnostics_per_class.csv,3000,epoch; seed; partition; mode; class_id; class_group; global_count; observed_client_count; local_energy_sum; local_energy_mean_observed; fedavg_row_energy; tailagg_row_energy; fedavg_retention_ratio; tailagg_retention_ratio; memory_row_norm,586806
cifar100_LT/fedtef_v5_component_ladder,output/cifar100_LT/fedtef_v5_component_ladder/lora_memory_tailagg/seed1/frac0.4/FedTEF-v5_noniid-labeldir/fedtef_branch_diagnostics.csv,21,epoch; scope; num_classes; num_samples; base_acc; tail_only_acc; fused_acc; fused_minus_base_acc; base_margin; base_cosine_margin; fused_margin; changed_rate; right_flip_rate; wrong_flip_rate; residual_abs; fused_delta_abs; semantic_rescue_gate,3607
cifar100_LT/fedtef_v5_component_ladder,output/cifar100_LT/fedtef_v5_component_ladder/lora_memory_tailagg/seed1/frac0.4/FedTEF-v5_noniid-labeldir/fedtef_v2_gate_history.csv,30,epoch; is_warmup; score_mode; warmup_mode; gate_mode; tail_topk; protected_count; tail_overlap_count; head_overlap_count; tail_overlap_ids; protected_ids; top_gate_ids; gate_min; gate_max; gate_mean; gate_std; score_min; score_max; score_mean; score_std; exposure_min; exposure_max; exposure_mean; opportunity_min; opportunity_max; opportunity_mean; protected_set_jaccard_with_previous_round; churn_rate; average_protected_lifetime; tail_protected_lifetime; head_protected_lifetime; head_scarcity_mean; tail_scarcity_mean; head_residual_need_mean; tail_residual_need_mean; head_tail_need_mean; tail_tail_need_mean; head_class_prior_mean; tail_class_prior_mean; head_class_prior_proxy_mean; tail_class_prior_proxy_mean; head_positive_proxy_mean; tail_positive_proxy_mean; head_observed_count_mean; tail_observed_count_mean; head_observation_ema_mean; tail_observation_ema_mean; head_reliability_mean; tail_reliability_mean; gradient_prior_lock_active; gradient_prior_lock_mode; gradient_prior_lock_source_round; gradient_prior_locked_until_round; gradient_prior_refine_swaps; gradient_prior_refine_added_ids; gradient_prior_refine_removed_ids,30244
cifar100_LT/fedtef_v5_component_ladder,output/cifar100_LT/fedtef_v5_component_ladder/lora_memory_tailagg/seed1/frac0.4/FedTEF-v5_noniid-labeldir/per_class_metrics.csv,100,class_id; class_group; global_count; num_support_clients; exposure_E; exposure_score_s; protected; per_class_acc_base; per_class_acc_tail_only; per_class_acc_fedtef; base_margin; base_cosine_margin; fused_margin; changed_rate; right_flip_rate; wrong_flip_rate; residual_abs; fused_delta_abs; semantic_rescue_gate,17254
cifar100_LT/fedtef_v5_component_ladder,output/cifar100_LT/fedtef_v5_component_ladder/lora_memory_tailagg/seed1/frac0.4/FedTEF-v5_noniid-labeldir/round_metrics.csv,7,epoch; method; partition; overall_acc; non_tail_acc; bottom20_tail_acc; macro_per_class_acc; head_acc; medium_acc; tail_acc; macro_f1; seed; tail_clients_per_class; tail_class_ratio,1112
cifar100_LT/fedtef_v5_component_ladder,output/cifar100_LT/fedtef_v5_component_ladder/lora_memory_tailagg/seed1/frac0.4/FedTEF-v5_noniid-labeldir/shared_stream_update_diagnostics.csv,90,epoch; seed; partition; stream; num_tensors; num_parameters; local_update_norm_weighted; fedavg_update_norm; cancellation_rate,9005
cifar100_LT/fedtef_v5_component_ladder,output/cifar100_LT/fedtef_v5_component_ladder/lora_memory_tailagg/seed1/frac0.4/FedTEF-v5_noniid-labeldir/tailagg_diagnostics_per_class.csv,3000,epoch; seed; partition; mode; class_id; class_group; global_count; observed_client_count; local_energy_sum; local_energy_mean_observed; fedavg_row_energy; tailagg_row_energy; fedavg_retention_ratio; tailagg_retention_ratio; memory_row_norm,579059
cifar100_LT/fedtef_v5_component_ladder,output/cifar100_LT/fedtef_v5_component_ladder/lora_memory_tailagg_rescue/seed1/frac0.4/FedTEF-v5_noniid-labeldir/fedtef_branch_diagnostics.csv,21,epoch; scope; num_classes; num_samples; base_acc; tail_only_acc; fused_acc; fused_minus_base_acc; base_margin; base_cosine_margin; fused_margin; changed_rate; right_flip_rate; wrong_flip_rate; residual_abs; fused_delta_abs; semantic_rescue_gate,3902
cifar100_LT/fedtef_v5_component_ladder,output/cifar100_LT/fedtef_v5_component_ladder/lora_memory_tailagg_rescue/seed1/frac0.4/FedTEF-v5_noniid-labeldir/fedtef_v2_gate_history.csv,30,epoch; is_warmup; score_mode; warmup_mode; gate_mode; tail_topk; protected_count; tail_overlap_count; head_overlap_count; tail_overlap_ids; protected_ids; top_gate_ids; gate_min; gate_max; gate_mean; gate_std; score_min; score_max; score_mean; score_std; exposure_min; exposure_max; exposure_mean; opportunity_min; opportunity_max; opportunity_mean; protected_set_jaccard_with_previous_round; churn_rate; average_protected_lifetime; tail_protected_lifetime; head_protected_lifetime; head_scarcity_mean; tail_scarcity_mean; head_residual_need_mean; tail_residual_need_mean; head_tail_need_mean; tail_tail_need_mean; head_class_prior_mean; tail_class_prior_mean; head_class_prior_proxy_mean; tail_class_prior_proxy_mean; head_positive_proxy_mean; tail_positive_proxy_mean; head_observed_count_mean; tail_observed_count_mean; head_observation_ema_mean; tail_observation_ema_mean; head_reliability_mean; tail_reliability_mean; gradient_prior_lock_active; gradient_prior_lock_mode; gradient_prior_lock_source_round; gradient_prior_locked_until_round; gradient_prior_refine_swaps; gradient_prior_refine_added_ids; gradient_prior_refine_removed_ids,30174
cifar100_LT/fedtef_v5_component_ladder,output/cifar100_LT/fedtef_v5_component_ladder/lora_memory_tailagg_rescue/seed1/frac0.4/FedTEF-v5_noniid-labeldir/per_class_metrics.csv,100,class_id; class_group; global_count; num_support_clients; exposure_E; exposure_score_s; protected; per_class_acc_base; per_class_acc_tail_only; per_class_acc_fedtef; base_margin; base_cosine_margin; fused_margin; changed_rate; right_flip_rate; wrong_flip_rate; residual_abs; fused_delta_abs; semantic_rescue_gate,18748
cifar100_LT/fedtef_v5_component_ladder,output/cifar100_LT/fedtef_v5_component_ladder/lora_memory_tailagg_rescue/seed1/frac0.4/FedTEF-v5_noniid-labeldir/round_metrics.csv,7,epoch; method; partition; overall_acc; non_tail_acc; bottom20_tail_acc; macro_per_class_acc; head_acc; medium_acc; tail_acc; macro_f1; seed; tail_clients_per_class; tail_class_ratio,1099
cifar100_LT/fedtef_v5_component_ladder,output/cifar100_LT/fedtef_v5_component_ladder/lora_memory_tailagg_rescue/seed1/frac0.4/FedTEF-v5_noniid-labeldir/shared_stream_update_diagnostics.csv,90,epoch; seed; partition; stream; num_tensors; num_parameters; local_update_norm_weighted; fedavg_update_norm; cancellation_rate,9007
cifar100_LT/fedtef_v5_component_ladder,output/cifar100_LT/fedtef_v5_component_ladder/lora_memory_tailagg_rescue/seed1/frac0.4/FedTEF-v5_noniid-labeldir/tailagg_diagnostics_per_class.csv,3000,epoch; seed; partition; mode; class_id; class_group; global_count; observed_client_count; local_energy_sum; local_energy_mean_observed; fedavg_row_energy; tailagg_row_energy; fedavg_retention_ratio; tailagg_retention_ratio; memory_row_norm,580591
cifar100_LT/fedtef_v5_component_ladder,output/cifar100_LT/fedtef_v5_component_ladder/lora_only/seed1/frac0.4/FedTEF-v5_noniid-labeldir/fedtef_branch_diagnostics.csv,21,epoch; scope; num_classes; num_samples; base_acc; tail_only_acc; fused_acc; fused_minus_base_acc; base_margin; base_cosine_margin; fused_margin; changed_rate; right_flip_rate; wrong_flip_rate; residual_abs; fused_delta_abs; semantic_rescue_gate,2519
cifar100_LT/fedtef_v5_component_ladder,output/cifar100_LT/fedtef_v5_component_ladder/lora_only/seed1/frac0.4/FedTEF-v5_noniid-labeldir/fedtef_v2_gate_history.csv,30,epoch; is_warmup; score_mode; warmup_mode; gate_mode; tail_topk; protected_count; tail_overlap_count; head_overlap_count; tail_overlap_ids; protected_ids; top_gate_ids; gate_min; gate_max; gate_mean; gate_std; score_min; score_max; score_mean; score_std; exposure_min; exposure_max; exposure_mean; opportunity_min; opportunity_max; opportunity_mean; protected_set_jaccard_with_previous_round; churn_rate; average_protected_lifetime; tail_protected_lifetime; head_protected_lifetime; head_scarcity_mean; tail_scarcity_mean; head_residual_need_mean; tail_residual_need_mean; head_tail_need_mean; tail_tail_need_mean; head_class_prior_mean; tail_class_prior_mean; head_class_prior_proxy_mean; tail_class_prior_proxy_mean; head_positive_proxy_mean; tail_positive_proxy_mean; head_observed_count_mean; tail_observed_count_mean; head_observation_ema_mean; tail_observation_ema_mean; head_reliability_mean; tail_reliability_mean; gradient_prior_lock_active; gradient_prior_lock_mode; gradient_prior_lock_source_round; gradient_prior_locked_until_round; gradient_prior_refine_swaps; gradient_prior_refine_added_ids; gradient_prior_refine_removed_ids,22110
cifar100_LT/fedtef_v5_component_ladder,output/cifar100_LT/fedtef_v5_component_ladder/lora_only/seed1/frac0.4/FedTEF-v5_noniid-labeldir/per_class_metrics.csv,100,class_id; class_group; global_count; num_support_clients; exposure_E; exposure_score_s; protected; per_class_acc_base; per_class_acc_tail_only; per_class_acc_fedtef; base_margin; base_cosine_margin; fused_margin; changed_rate; right_flip_rate; wrong_flip_rate; residual_abs; fused_delta_abs; semantic_rescue_gate,11060
cifar100_LT/fedtef_v5_component_ladder,output/cifar100_LT/fedtef_v5_component_ladder/lora_only/seed1/frac0.4/FedTEF-v5_noniid-labeldir/round_metrics.csv,7,epoch; method; partition; overall_acc; non_tail_acc; bottom20_tail_acc; macro_per_class_acc; head_acc; medium_acc; tail_acc; macro_f1; seed; tail_clients_per_class; tail_class_ratio,1123
cifar100_LT/fedtef_v5_component_ladder,output/cifar100_LT/fedtef_v5_component_ladder/lora_only/seed1/frac0.4/FedTEF-v5_noniid-labeldir/shared_stream_update_diagnostics.csv,90,epoch; seed; partition; stream; num_tensors; num_parameters; local_update_norm_weighted; fedavg_update_norm; cancellation_rate,9023
cifar100_LT/fedtef_v5_component_ladder,output/cifar100_LT/fedtef_v5_component_ladder/lora_only/seed1/frac0.4/FedTEF-v5_noniid-labeldir/tailagg_diagnostics_per_class.csv,3000,epoch; seed; partition; mode; class_id; class_group; global_count; observed_client_count; local_energy_sum; local_energy_mean_observed; fedavg_row_energy; tailagg_row_energy; fedavg_retention_ratio; tailagg_retention_ratio; memory_row_norm,221527
cifar100_LT/fedtef_v5_component_ladder,output/cifar100_LT/fedtef_v5_component_ladder/prompt_only/seed1/frac0.4/FedTEF-v5_noniid-labeldir/fedtef_branch_diagnostics.csv,21,epoch; scope; num_classes; num_samples; base_acc; tail_only_acc; fused_acc; fused_minus_base_acc; base_margin; base_cosine_margin; fused_margin; changed_rate; right_flip_rate; wrong_flip_rate; residual_abs; fused_delta_abs; semantic_rescue_gate,2527
cifar100_LT/fedtef_v5_component_ladder,output/cifar100_LT/fedtef_v5_component_ladder/prompt_only/seed1/frac0.4/FedTEF-v5_noniid-labeldir/fedtef_v2_gate_history.csv,31,epoch; is_warmup; score_mode; warmup_mode; gate_mode; tail_topk; protected_count; tail_overlap_count; head_overlap_count; tail_overlap_ids; protected_ids; top_gate_ids; gate_min; gate_max; gate_mean; gate_std; score_min; score_max; score_mean; score_std; exposure_min; exposure_max; exposure_mean; opportunity_min; opportunity_max; opportunity_mean; protected_set_jaccard_with_previous_round; churn_rate; average_protected_lifetime; tail_protected_lifetime; head_protected_lifetime; head_scarcity_mean; tail_scarcity_mean; head_residual_need_mean; tail_residual_need_mean; head_tail_need_mean; tail_tail_need_mean; head_class_prior_mean; tail_class_prior_mean; head_class_prior_proxy_mean; tail_class_prior_proxy_mean; head_positive_proxy_mean; tail_positive_proxy_mean; head_observed_count_mean; tail_observed_count_mean; head_observation_ema_mean; tail_observation_ema_mean; head_reliability_mean; tail_reliability_mean; gradient_prior_lock_active; gradient_prior_lock_mode; gradient_prior_lock_source_round; gradient_prior_locked_until_round; gradient_prior_refine_swaps; gradient_prior_refine_added_ids; gradient_prior_refine_removed_ids,22728
cifar100_LT/fedtef_v5_component_ladder,output/cifar100_LT/fedtef_v5_component_ladder/prompt_only/seed1/frac0.4/FedTEF-v5_noniid-labeldir/per_class_metrics.csv,100,class_id; class_group; global_count; num_support_clients; exposure_E; exposure_score_s; protected; per_class_acc_base; per_class_acc_tail_only; per_class_acc_fedtef; base_margin; base_cosine_margin; fused_margin; changed_rate; right_flip_rate; wrong_flip_rate; residual_abs; fused_delta_abs; semantic_rescue_gate,11030
cifar100_LT/fedtef_v5_component_ladder,output/cifar100_LT/fedtef_v5_component_ladder/prompt_only/seed1/frac0.4/FedTEF-v5_noniid-labeldir/round_metrics.csv,7,epoch; method; partition; overall_acc; non_tail_acc; bottom20_tail_acc; macro_per_class_acc; head_acc; medium_acc; tail_acc; macro_f1; seed; tail_clients_per_class; tail_class_ratio,957
cifar100_LT/fedtef_v5_component_ladder,output/cifar100_LT/fedtef_v5_component_ladder/prompt_only/seed1/frac0.4/FedTEF-v5_noniid-labeldir/shared_stream_update_diagnostics.csv,60,epoch; seed; partition; stream; num_tensors; num_parameters; local_update_norm_weighted; fedavg_update_norm; cancellation_rate,6086
cifar100_LT/fedtef_v5_component_ladder,output/cifar100_LT/fedtef_v5_component_ladder/prompt_only/seed1/frac0.4/FedTEF-v5_noniid-labeldir/tailagg_diagnostics_per_class.csv,3000,epoch; seed; partition; mode; class_id; class_group; global_count; observed_client_count; local_energy_sum; local_energy_mean_observed; fedavg_row_energy; tailagg_row_energy; fedavg_retention_ratio; tailagg_retention_ratio; memory_row_norm,221527
cifar100_LT/fedtef_v6_low_exposure_router_dirichlet,output/cifar100_LT/fedtef_v6_low_exposure_router_dirichlet/seed1/frac0.4/FedTEF-v6_noniid-labeldir/fedtef_branch_diagnostics.csv,63,epoch; scope; num_classes; num_samples; base_acc; tail_only_acc; fused_acc; fused_minus_base_acc; base_margin; base_cosine_margin; fused_margin; changed_rate; right_flip_rate; wrong_flip_rate; residual_abs; fused_delta_abs; semantic_rescue_gate,11498
cifar100_LT/fedtef_v6_low_exposure_router_dirichlet,output/cifar100_LT/fedtef_v6_low_exposure_router_dirichlet/seed1/frac0.4/FedTEF-v6_noniid-labeldir/fedtef_v2_gate_history.csv,100,epoch; is_warmup; score_mode; warmup_mode; gate_mode; tail_topk; protected_count; tail_overlap_count; head_overlap_count; tail_overlap_ids; protected_ids; top_gate_ids; gate_min; gate_max; gate_mean; gate_std; score_min; score_max; score_mean; score_std; exposure_min; exposure_max; exposure_mean; opportunity_min; opportunity_max; opportunity_mean; protected_set_jaccard_with_previous_round; churn_rate; average_protected_lifetime; tail_protected_lifetime; head_protected_lifetime; head_scarcity_mean; tail_scarcity_mean; head_residual_need_mean; tail_residual_need_mean; head_tail_need_mean; tail_tail_need_mean; head_class_prior_mean; tail_class_prior_mean; head_class_prior_proxy_mean; tail_class_prior_proxy_mean; head_positive_proxy_mean; tail_positive_proxy_mean; head_observed_count_mean; tail_observed_count_mean; head_observation_ema_mean; tail_observation_ema_mean; head_reliability_mean; tail_reliability_mean; gradient_prior_lock_active; gradient_prior_lock_mode; gradient_prior_lock_source_round; gradient_prior_locked_until_round; gradient_prior_refine_swaps; gradient_prior_refine_added_ids; gradient_prior_refine_removed_ids,72501
cifar100_LT/fedtef_v6_low_exposure_router_dirichlet,output/cifar100_LT/fedtef_v6_low_exposure_router_dirichlet/seed1/frac0.4/FedTEF-v6_noniid-labeldir/per_class_metrics.csv,100,class_id; class_group; global_count; num_support_clients; exposure_E; exposure_score_s; protected; per_class_acc_base; per_class_acc_tail_only; per_class_acc_fedtef; base_margin; base_cosine_margin; fused_margin; changed_rate; right_flip_rate; wrong_flip_rate; residual_abs; fused_delta_abs; semantic_rescue_gate,19029
cifar100_LT/fedtef_v6_low_exposure_router_dirichlet,output/cifar100_LT/fedtef_v6_low_exposure_router_dirichlet/seed1/frac0.4/FedTEF-v6_noniid-labeldir/round_metrics.csv,21,epoch; method; partition; overall_acc; non_tail_acc; bottom20_tail_acc; macro_per_class_acc; head_acc; medium_acc; tail_acc; macro_f1; seed; tail_clients_per_class; tail_class_ratio,2138
cifar100_LT/fedtef_v6_low_exposure_router_dirichlet,output/cifar100_LT/fedtef_v6_low_exposure_router_dirichlet/seed1/frac0.4/FedTEF-v6_noniid-labeldir/shared_stream_update_diagnostics.csv,300,epoch; seed; partition; stream; num_tensors; num_parameters; local_update_norm_weighted; fedavg_update_norm; cancellation_rate,30219
cifar100_LT/fedtef_v6_low_exposure_router_dirichlet,output/cifar100_LT/fedtef_v6_low_exposure_router_dirichlet/seed1/frac0.4/FedTEF-v6_noniid-labeldir/tailagg_diagnostics_per_class.csv,10000,epoch; seed; partition; mode; class_id; class_group; global_count; observed_client_count; local_energy_sum; local_energy_mean_observed; fedavg_row_energy; tailagg_row_energy; fedavg_retention_ratio; tailagg_retention_ratio; memory_row_norm,1724133
cifar100_LT/fedtef_v7_allrows_l03,output/cifar100_LT/fedtef_v7_allrows_l03/seed1/frac0.4/FedTEF-v7_noniid-labeldir/fedtef_branch_diagnostics.csv,63,epoch; scope; num_classes; num_samples; base_acc; tail_only_acc; fused_acc; fused_minus_base_acc; base_margin; base_cosine_margin; fused_margin; changed_rate; right_flip_rate; wrong_flip_rate; residual_abs; fused_delta_abs; semantic_rescue_gate,11353
cifar100_LT/fedtef_v7_allrows_l03,output/cifar100_LT/fedtef_v7_allrows_l03/seed1/frac0.4/FedTEF-v7_noniid-labeldir/fedtef_v2_gate_history.csv,100,epoch; is_warmup; score_mode; warmup_mode; gate_mode; tail_topk; protected_count; tail_overlap_count; head_overlap_count; tail_overlap_ids; protected_ids; top_gate_ids; gate_min; gate_max; gate_mean; gate_std; score_min; score_max; score_mean; score_std; exposure_min; exposure_max; exposure_mean; opportunity_min; opportunity_max; opportunity_mean; protected_set_jaccard_with_previous_round; churn_rate; average_protected_lifetime; tail_protected_lifetime; head_protected_lifetime; head_scarcity_mean; tail_scarcity_mean; head_residual_need_mean; tail_residual_need_mean; head_tail_need_mean; tail_tail_need_mean; head_class_prior_mean; tail_class_prior_mean; head_class_prior_proxy_mean; tail_class_prior_proxy_mean; head_positive_proxy_mean; tail_positive_proxy_mean; head_observed_count_mean; tail_observed_count_mean; head_observation_ema_mean; tail_observation_ema_mean; head_reliability_mean; tail_reliability_mean; gradient_prior_lock_active; gradient_prior_lock_mode; gradient_prior_lock_source_round; gradient_prior_locked_until_round; gradient_prior_refine_swaps; gradient_prior_refine_added_ids; gradient_prior_refine_removed_ids,75821
cifar100_LT/fedtef_v7_allrows_l03,output/cifar100_LT/fedtef_v7_allrows_l03/seed1/frac0.4/FedTEF-v7_noniid-labeldir/per_class_metrics.csv,100,class_id; class_group; global_count; num_support_clients; exposure_E; exposure_score_s; protected; per_class_acc_base; per_class_acc_tail_only; per_class_acc_fedtef; base_margin; base_cosine_margin; fused_margin; changed_rate; right_flip_rate; wrong_flip_rate; residual_abs; fused_delta_abs; semantic_rescue_gate,18951
cifar100_LT/fedtef_v7_allrows_l03,output/cifar100_LT/fedtef_v7_allrows_l03/seed1/frac0.4/FedTEF-v7_noniid-labeldir/round_metrics.csv,21,epoch; method; partition; overall_acc; non_tail_acc; bottom20_tail_acc; macro_per_class_acc; head_acc; medium_acc; tail_acc; macro_f1; seed; tail_clients_per_class; tail_class_ratio,2124
cifar100_LT/fedtef_v7_allrows_l03,output/cifar100_LT/fedtef_v7_allrows_l03/seed1/frac0.4/FedTEF-v7_noniid-labeldir/shared_stream_update_diagnostics.csv,300,epoch; seed; partition; stream; num_tensors; num_parameters; local_update_norm_weighted; fedavg_update_norm; cancellation_rate,30246
cifar100_LT/fedtef_v7_allrows_l03,output/cifar100_LT/fedtef_v7_allrows_l03/seed1/frac0.4/FedTEF-v7_noniid-labeldir/tailagg_diagnostics_per_class.csv,10000,epoch; seed; partition; mode; class_id; class_group; global_count; observed_client_count; local_energy_sum; local_energy_mean_observed; fedavg_row_energy; tailagg_row_energy; fedavg_retention_ratio; tailagg_retention_ratio; memory_row_norm,1741718
cifar100_LT/fedtef_v7_routed_prompt_dirichlet,output/cifar100_LT/fedtef_v7_routed_prompt_dirichlet/seed1/frac0.4/FedTEF-v7_noniid-labeldir/fedtef_branch_diagnostics.csv,63,epoch; scope; num_classes; num_samples; base_acc; tail_only_acc; fused_acc; fused_minus_base_acc; base_margin; base_cosine_margin; fused_margin; changed_rate; right_flip_rate; wrong_flip_rate; residual_abs; fused_delta_abs; semantic_rescue_gate,11541
cifar100_LT/fedtef_v7_routed_prompt_dirichlet,output/cifar100_LT/fedtef_v7_routed_prompt_dirichlet/seed1/frac0.4/FedTEF-v7_noniid-labeldir/fedtef_v2_gate_history.csv,100,epoch; is_warmup; score_mode; warmup_mode; gate_mode; tail_topk; protected_count; tail_overlap_count; head_overlap_count; tail_overlap_ids; protected_ids; top_gate_ids; gate_min; gate_max; gate_mean; gate_std; score_min; score_max; score_mean; score_std; exposure_min; exposure_max; exposure_mean; opportunity_min; opportunity_max; opportunity_mean; protected_set_jaccard_with_previous_round; churn_rate; average_protected_lifetime; tail_protected_lifetime; head_protected_lifetime; head_scarcity_mean; tail_scarcity_mean; head_residual_need_mean; tail_residual_need_mean; head_tail_need_mean; tail_tail_need_mean; head_class_prior_mean; tail_class_prior_mean; head_class_prior_proxy_mean; tail_class_prior_proxy_mean; head_positive_proxy_mean; tail_positive_proxy_mean; head_observed_count_mean; tail_observed_count_mean; head_observation_ema_mean; tail_observation_ema_mean; head_reliability_mean; tail_reliability_mean; gradient_prior_lock_active; gradient_prior_lock_mode; gradient_prior_lock_source_round; gradient_prior_locked_until_round; gradient_prior_refine_swaps; gradient_prior_refine_added_ids; gradient_prior_refine_removed_ids,75927
cifar100_LT/fedtef_v7_routed_prompt_dirichlet,output/cifar100_LT/fedtef_v7_routed_prompt_dirichlet/seed1/frac0.4/FedTEF-v7_noniid-labeldir/per_class_metrics.csv,100,class_id; class_group; global_count; num_support_clients; exposure_E; exposure_score_s; protected; per_class_acc_base; per_class_acc_tail_only; per_class_acc_fedtef; base_margin; base_cosine_margin; fused_margin; changed_rate; right_flip_rate; wrong_flip_rate; residual_abs; fused_delta_abs; semantic_rescue_gate,18909
cifar100_LT/fedtef_v7_routed_prompt_dirichlet,output/cifar100_LT/fedtef_v7_routed_prompt_dirichlet/seed1/frac0.4/FedTEF-v7_noniid-labeldir/round_metrics.csv,21,epoch; method; partition; overall_acc; non_tail_acc; bottom20_tail_acc; macro_per_class_acc; head_acc; medium_acc; tail_acc; macro_f1; seed; tail_clients_per_class; tail_class_ratio,2149
cifar100_LT/fedtef_v7_routed_prompt_dirichlet,output/cifar100_LT/fedtef_v7_routed_prompt_dirichlet/seed1/frac0.4/FedTEF-v7_noniid-labeldir/shared_stream_update_diagnostics.csv,300,epoch; seed; partition; stream; num_tensors; num_parameters; local_update_norm_weighted; fedavg_update_norm; cancellation_rate,30228
cifar100_LT/fedtef_v7_routed_prompt_dirichlet,output/cifar100_LT/fedtef_v7_routed_prompt_dirichlet/seed1/frac0.4/FedTEF-v7_noniid-labeldir/tailagg_diagnostics_per_class.csv,10000,epoch; seed; partition; mode; class_id; class_group; global_count; observed_client_count; local_energy_sum; local_energy_mean_observed; fedavg_row_energy; tailagg_row_energy; fedavg_retention_ratio; tailagg_retention_ratio; memory_row_norm,1736642
cifar100_LT/fedtef_v8_acquisition_dirichlet,output/cifar100_LT/fedtef_v8_acquisition_dirichlet/seed1/frac0.4/FedTEF-v8-acq_noniid-labeldir/fedtef_branch_diagnostics.csv,63,epoch; scope; num_classes; num_samples; base_acc; tail_only_acc; fused_acc; fused_minus_base_acc; base_margin; base_cosine_margin; fused_margin; changed_rate; right_flip_rate; wrong_flip_rate; residual_abs; fused_delta_abs; semantic_rescue_gate; release_reliability; class_release_gate,13593
cifar100_LT/fedtef_v8_acquisition_dirichlet,output/cifar100_LT/fedtef_v8_acquisition_dirichlet/seed1/frac0.4/FedTEF-v8-acq_noniid-labeldir/fedtef_v2_gate_history.csv,100,epoch; is_warmup; score_mode; warmup_mode; gate_mode; tail_topk; protected_count; tail_overlap_count; head_overlap_count; tail_overlap_ids; protected_ids; top_gate_ids; gate_min; gate_max; gate_mean; gate_std; score_min; score_max; score_mean; score_std; exposure_min; exposure_max; exposure_mean; opportunity_min; opportunity_max; opportunity_mean; protected_set_jaccard_with_previous_round; churn_rate; average_protected_lifetime; tail_protected_lifetime; head_protected_lifetime; head_scarcity_mean; tail_scarcity_mean; head_residual_need_mean; tail_residual_need_mean; head_tail_need_mean; tail_tail_need_mean; head_class_prior_mean; tail_class_prior_mean; head_class_prior_proxy_mean; tail_class_prior_proxy_mean; head_positive_proxy_mean; tail_positive_proxy_mean; head_observed_count_mean; tail_observed_count_mean; head_observation_ema_mean; tail_observation_ema_mean; head_reliability_mean; tail_reliability_mean; gradient_prior_lock_active; gradient_prior_lock_mode; gradient_prior_lock_source_round; gradient_prior_locked_until_round; gradient_prior_refine_swaps; gradient_prior_refine_added_ids; gradient_prior_refine_removed_ids,74778
cifar100_LT/fedtef_v8_acquisition_dirichlet,output/cifar100_LT/fedtef_v8_acquisition_dirichlet/seed1/frac0.4/FedTEF-v8-acq_noniid-labeldir/per_class_metrics.csv,100,class_id; class_group; global_count; num_support_clients; exposure_E; exposure_score_s; protected; per_class_acc_base; per_class_acc_tail_only; per_class_acc_fedtef; base_margin; base_cosine_margin; fused_margin; changed_rate; right_flip_rate; wrong_flip_rate; residual_abs; fused_delta_abs; semantic_rescue_gate; release_reliability; class_release_gate,20459
cifar100_LT/fedtef_v8_acquisition_dirichlet,output/cifar100_LT/fedtef_v8_acquisition_dirichlet/seed1/frac0.4/FedTEF-v8-acq_noniid-labeldir/round_metrics.csv,21,epoch; method; partition; overall_acc; non_tail_acc; bottom20_tail_acc; macro_per_class_acc; head_acc; medium_acc; tail_acc; macro_f1; seed; tail_clients_per_class; tail_class_ratio,2156
cifar100_LT/fedtef_v8_acquisition_dirichlet,output/cifar100_LT/fedtef_v8_acquisition_dirichlet/seed1/frac0.4/FedTEF-v8-acq_noniid-labeldir/shared_stream_update_diagnostics.csv,300,epoch; seed; partition; stream; num_tensors; num_parameters; local_update_norm_weighted; fedavg_update_norm; cancellation_rate,30141
cifar100_LT/fedtef_v8_acquisition_dirichlet,output/cifar100_LT/fedtef_v8_acquisition_dirichlet/seed1/frac0.4/FedTEF-v8-acq_noniid-labeldir/tailagg_diagnostics_per_class.csv,10000,epoch; seed; partition; mode; class_id; class_group; global_count; observed_client_count; local_energy_sum; local_energy_mean_observed; fedavg_row_energy; tailagg_row_energy; fedavg_retention_ratio; tailagg_retention_ratio; memory_row_norm,1719321
cifar100_LT/fedtef_v8_lite_dirichlet,output/cifar100_LT/fedtef_v8_lite_dirichlet/seed1/frac0.4/FedTEF-v8-lite_noniid-labeldir/fedtef_branch_diagnostics.csv,63,epoch; scope; num_classes; num_samples; base_acc; tail_only_acc; fused_acc; fused_minus_base_acc; base_margin; base_cosine_margin; fused_margin; changed_rate; right_flip_rate; wrong_flip_rate; residual_abs; fused_delta_abs; semantic_rescue_gate; release_reliability; class_release_gate,13680
cifar100_LT/fedtef_v8_lite_dirichlet,output/cifar100_LT/fedtef_v8_lite_dirichlet/seed1/frac0.4/FedTEF-v8-lite_noniid-labeldir/fedtef_v2_gate_history.csv,100,epoch; is_warmup; score_mode; warmup_mode; gate_mode; tail_topk; protected_count; tail_overlap_count; head_overlap_count; tail_overlap_ids; protected_ids; top_gate_ids; gate_min; gate_max; gate_mean; gate_std; score_min; score_max; score_mean; score_std; exposure_min; exposure_max; exposure_mean; opportunity_min; opportunity_max; opportunity_mean; protected_set_jaccard_with_previous_round; churn_rate; average_protected_lifetime; tail_protected_lifetime; head_protected_lifetime; head_scarcity_mean; tail_scarcity_mean; head_residual_need_mean; tail_residual_need_mean; head_tail_need_mean; tail_tail_need_mean; head_class_prior_mean; tail_class_prior_mean; head_class_prior_proxy_mean; tail_class_prior_proxy_mean; head_positive_proxy_mean; tail_positive_proxy_mean; head_observed_count_mean; tail_observed_count_mean; head_observation_ema_mean; tail_observation_ema_mean; head_reliability_mean; tail_reliability_mean; gradient_prior_lock_active; gradient_prior_lock_mode; gradient_prior_lock_source_round; gradient_prior_locked_until_round; gradient_prior_refine_swaps; gradient_prior_refine_added_ids; gradient_prior_refine_removed_ids,75047
cifar100_LT/fedtef_v8_lite_dirichlet,output/cifar100_LT/fedtef_v8_lite_dirichlet/seed1/frac0.4/FedTEF-v8-lite_noniid-labeldir/per_class_metrics.csv,100,class_id; class_group; global_count; num_support_clients; exposure_E; exposure_score_s; protected; per_class_acc_base; per_class_acc_tail_only; per_class_acc_fedtef; base_margin; base_cosine_margin; fused_margin; changed_rate; right_flip_rate; wrong_flip_rate; residual_abs; fused_delta_abs; semantic_rescue_gate; release_reliability; class_release_gate,20543
cifar100_LT/fedtef_v8_lite_dirichlet,output/cifar100_LT/fedtef_v8_lite_dirichlet/seed1/frac0.4/FedTEF-v8-lite_noniid-labeldir/round_metrics.csv,21,epoch; method; partition; overall_acc; non_tail_acc; bottom20_tail_acc; macro_per_class_acc; head_acc; medium_acc; tail_acc; macro_f1; seed; tail_clients_per_class; tail_class_ratio,2138
cifar100_LT/fedtef_v8_lite_dirichlet,output/cifar100_LT/fedtef_v8_lite_dirichlet/seed1/frac0.4/FedTEF-v8-lite_noniid-labeldir/shared_stream_update_diagnostics.csv,300,epoch; seed; partition; stream; num_tensors; num_parameters; local_update_norm_weighted; fedavg_update_norm; cancellation_rate,30222
cifar100_LT/fedtef_v8_lite_dirichlet,output/cifar100_LT/fedtef_v8_lite_dirichlet/seed1/frac0.4/FedTEF-v8-lite_noniid-labeldir/tailagg_diagnostics_per_class.csv,10000,epoch; seed; partition; mode; class_id; class_group; global_count; observed_client_count; local_energy_sum; local_energy_mean_observed; fedavg_row_energy; tailagg_row_energy; fedavg_retention_ratio; tailagg_retention_ratio; memory_row_norm,1719355
cifar100_LT/fedtef_v9_clean_acquisition_dirichlet,output/cifar100_LT/fedtef_v9_clean_acquisition_dirichlet/seed1/frac0.4/FedTEF-v9-clean-acq_noniid-labeldir/fedtef_branch_diagnostics.csv,63,epoch; scope; num_classes; num_samples; base_acc; tail_only_acc; fused_acc; fused_minus_base_acc; base_margin; base_cosine_margin; fused_margin; changed_rate; right_flip_rate; wrong_flip_rate; residual_abs; fused_delta_abs; semantic_rescue_gate; release_reliability; class_release_gate,13816
cifar100_LT/fedtef_v9_clean_acquisition_dirichlet,output/cifar100_LT/fedtef_v9_clean_acquisition_dirichlet/seed1/frac0.4/FedTEF-v9-clean-acq_noniid-labeldir/fedtef_v2_gate_history.csv,100,epoch; is_warmup; score_mode; warmup_mode; gate_mode; tail_topk; protected_count; tail_overlap_count; head_overlap_count; tail_overlap_ids; protected_ids; top_gate_ids; gate_min; gate_max; gate_mean; gate_std; score_min; score_max; score_mean; score_std; exposure_min; exposure_max; exposure_mean; opportunity_min; opportunity_max; opportunity_mean; protected_set_jaccard_with_previous_round; churn_rate; average_protected_lifetime; tail_protected_lifetime; head_protected_lifetime; head_scarcity_mean; tail_scarcity_mean; head_residual_need_mean; tail_residual_need_mean; head_tail_need_mean; tail_tail_need_mean; head_class_prior_mean; tail_class_prior_mean; head_class_prior_proxy_mean; tail_class_prior_proxy_mean; head_positive_proxy_mean; tail_positive_proxy_mean; head_observed_count_mean; tail_observed_count_mean; head_observation_ema_mean; tail_observation_ema_mean; head_reliability_mean; tail_reliability_mean; gradient_prior_lock_active; gradient_prior_lock_mode; gradient_prior_lock_source_round; gradient_prior_locked_until_round; gradient_prior_refine_swaps; gradient_prior_refine_added_ids; gradient_prior_refine_removed_ids,74109
cifar100_LT/fedtef_v9_clean_acquisition_dirichlet,output/cifar100_LT/fedtef_v9_clean_acquisition_dirichlet/seed1/frac0.4/FedTEF-v9-clean-acq_noniid-labeldir/per_class_metrics.csv,100,class_id; class_group; global_count; num_support_clients; exposure_E; exposure_score_s; protected; per_class_acc_base; per_class_acc_tail_only; per_class_acc_fedtef; base_margin; base_cosine_margin; fused_margin; changed_rate; right_flip_rate; wrong_flip_rate; residual_abs; fused_delta_abs; semantic_rescue_gate; release_reliability; class_release_gate,20651
cifar100_LT/fedtef_v9_clean_acquisition_dirichlet,output/cifar100_LT/fedtef_v9_clean_acquisition_dirichlet/seed1/frac0.4/FedTEF-v9-clean-acq_noniid-labeldir/round_metrics.csv,21,epoch; method; partition; overall_acc; non_tail_acc; bottom20_tail_acc; macro_per_class_acc; head_acc; medium_acc; tail_acc; macro_f1; seed; tail_clients_per_class; tail_class_ratio,2138
cifar100_LT/fedtef_v9_clean_acquisition_dirichlet,output/cifar100_LT/fedtef_v9_clean_acquisition_dirichlet/seed1/frac0.4/FedTEF-v9-clean-acq_noniid-labeldir/shared_stream_update_diagnostics.csv,300,epoch; seed; partition; stream; num_tensors; num_parameters; local_update_norm_weighted; fedavg_update_norm; cancellation_rate,30258
cifar100_LT/fedtef_v9_clean_acquisition_dirichlet,output/cifar100_LT/fedtef_v9_clean_acquisition_dirichlet/seed1/frac0.4/FedTEF-v9-clean-acq_noniid-labeldir/tailagg_diagnostics_per_class.csv,10000,epoch; seed; partition; mode; class_id; class_group; global_count; observed_client_count; local_energy_sum; local_energy_mean_observed; fedavg_row_energy; tailagg_row_energy; fedavg_retention_ratio; tailagg_retention_ratio; memory_row_norm,1577115
cifar100_LT/lora,output/cifar100_LT/lora/clientLT_seed42/round_metrics.csv,101,epoch; method; partition; overall_acc; non_tail_acc; bottom20_tail_acc; macro_per_class_acc; head_acc; medium_acc; tail_acc; macro_f1; seed; tail_class_ratio,9738
cifar100_LT/lora,output/cifar100_LT/lora/clientLT_seed42/experiment_d/client_update_norm_summary.csv,100,epoch_index; communication_round; seed; partition; local_epochs; mean_update_norm_all; median_update_norm_all; mean_update_norm_head_clients; mean_update_norm_tail_specialists; max_update_norm; min_update_norm; nan_count; inf_count,15120
cifar100_LT/lora,output/cifar100_LT/lora/clientLT_seed42/experiment_d/client_update_norms.csv,3000,epoch_index; communication_round; seed; partition; local_epochs; client_id; client_role; client_num_samples; update_norm; is_finite,219755
cifar100_LT/lora,output/cifar100_LT/lora/clientLT_seed42/experiment_d/experiment_d_per_class.csv,60,epoch_index; communication_round; seed; partition; num_users; frac; local_epochs; class_id; class_group; global_class_count; num_support_clients; support_client_fraction; support_fedavg_weight; support_normalized_denominator; class_positive_samples; positive_samples_in_tail_specialists; positive_sample_specialist_ratio; num_tail_specialists; num_support_tail_specialists; acc_before; acc_support_actual; acc_support_normalized; acc_all; gain_support_actual; gain_support_normalized; gain_all; offset_gap; support_actual_positive; support_normalized_positive; offset_observed; full_reversal; specialization_lambda; intra_group_alpha; head_leakage_scale; beta,12548
cifar100_LT/lora,output/cifar100_LT/lora/clientLT_seed42/experiment_d/experiment_d_round_summary.csv,3,epoch_index; communication_round; seed; partition; local_epochs; num_tail_classes; mean_gain_support_actual; median_gain_support_actual; mean_gain_support_normalized; median_gain_support_normalized; mean_gain_all; median_gain_all; mean_offset_gap; median_offset_gap; support_actual_positive_rate; support_normalized_positive_rate; offset_observed_rate; full_reversal_rate; mean_support_fedavg_weight; mean_num_support_clients; mean_positive_sample_specialist_ratio,936
compatibility_retention_bridge,output/compatibility_retention_bridge/background_aggregate_metrics.csv,40,data_seed; tail_class; absent_client_count; absent_sample_count; fedavg_weight_sum; background_update_norm_diagnostic; background_state_hash,4962
compatibility_retention_bridge,output/compatibility_retention_bridge/background_selection_manifest.csv,1200,data_seed; tail_class; client_id; client_sample_count; client_tail_count; class_absent_selected; fedavg_weight,49074
compatibility_retention_bridge,output/compatibility_retention_bridge/bridge_main_results.csv,3,condition_or_contrast; retention_ratio; ci_low; ci_high; tail_class_count,321
compatibility_retention_bridge,output/compatibility_retention_bridge/bridge_metrics.csv,400,data_seed; tail_class; hard_class; hard_rank; control_class; condition; theta0_m_c; local_m_c; post_m_c; g_local; g_post; background_state_hash; local_state_hash; post_state_hash; source_reproduction_abs_error; optimizer_steps; scheduler_steps; precision,135449
compatibility_retention_bridge,output/compatibility_retention_bridge/bridge_per_tail_class.csv,20,tail_class; hard_g_local; hard_g_post; hard_retention_ratio; control_g_local; control_g_post; control_retention_ratio; hard_minus_control_retention_ratio,2941
cusp_minimal_refactor_20260801_163123,output/cusp_minimal_refactor_20260801_163123/cusp_eval_client-longtail_seed42_round10/candidate_manifest.csv,13,candidate_id; method; raw_norm; final_norm; scale_factor; candidate_hash; coefficient_hash; fallback_class_count; solver; utility_source; subspace_rank,2941
cusp_minimal_refactor_20260801_163123,output/cusp_minimal_refactor_20260801_163123/cusp_eval_client-longtail_seed42_round10/oracle_all_candidates.csv,13,candidate_id; method; overall_acc; macro_acc; head_acc; tail_acc; final_norm,1119
cusp_minimal_refactor_20260801_163123,output/cusp_minimal_refactor_20260801_163123/cusp_eval_client-longtail_seed42_round10/oracle_per_class.csv,1300,candidate_id; method; class_id; group; test_count; correct_count; class_acc,70853
cusp_minimal_refactor_20260801_163123,output/cusp_minimal_refactor_20260801_163123/cusp_eval_client-longtail_seed42_round10/oracle_results.csv,4,method; num_candidates; candidate_id; overall_acc; macro_acc; head_acc; tail_acc; final_norm; tail_acc_mean; tail_acc_std; tail_acc_min; tail_acc_p25; tail_acc_median; tail_acc_p75; tail_acc_max,499
cusp_minimal_refactor_20260801_163123,output/cusp_minimal_refactor_20260801_163123/cusp_eval_client-longtail_seed42_round10/random_reweight_distribution.csv,10,candidate_id; method; overall_acc; macro_acc; head_acc; tail_acc; final_norm,911
e1_seed42_results_for_analysis,output/e1_seed42_results_for_analysis/e1_strength_breadth/formal/seed42/analysis/accuracy_matches.csv,20,tail_class; clientlt_peak_round; clientlt_accuracy; dirichlet_matched_round; dirichlet_accuracy; absolute_accuracy_gap; within_tolerance,724
e1_seed42_results_for_analysis,output/e1_seed42_results_for_analysis/e1_strength_breadth/formal/seed42/analysis/derived_strength_per_class.csv,40,topology; tail_class; time_to_peak; initial_margin; peak_margin; final_margin; forgetting; retention_ratio_requested; retained_gain_fraction; initial_accuracy; peak_round_accuracy; final_accuracy,6197
e1_seed42_results_for_analysis,output/e1_seed42_results_for_analysis/e1_strength_breadth/formal/seed42/clientlt_controlled/e1_optimizer_steps.csv,3000,seed; topology; round; client_id; client_samples; optimizer_steps; scheduler_steps,115238
e1_seed42_results_for_analysis,output/e1_seed42_results_for_analysis/e1_strength_breadth/formal/seed42/clientlt_controlled/e1_round_manifest.csv,101,seed; topology; round; theta0_hash; checkpoint_path; checkpoint_lora_hash; clean_logits_hash; clean_features_hash,38075
e1_seed42_results_for_analysis,output/e1_seed42_results_for_analysis/e1_strength_breadth/formal/seed42/clientlt_controlled/lora_aggregation_summary.csv,100,epoch_index; communication_round; partition; aggregation; num_selected_clients; num_active_clients; weight_sum; effective_num_clients; max_weight; min_positive_weight; tail_class_count; covered_tail_class_count; uncovered_tail_classes,12591
e1_seed42_results_for_analysis,output/e1_seed42_results_for_analysis/e1_strength_breadth/formal/seed42/clientlt_controlled/lora_aggregation_weights.csv,3000,epoch_index; communication_round; partition; aggregation; client_id; client_num_samples; num_supported_tail_classes; aggregation_weight,216090
e1_seed42_results_for_analysis,output/e1_seed42_results_for_analysis/e1_strength_breadth/formal/seed42/clientlt_controlled/multi_view_robustness.csv,2020,round; seed; theta0_hash; topology; metric_family; tail_class; sample_count; view_accuracies; view_margins; worst_view_accuracy; prediction_consistency; all_view_prediction_consistency; worst_view_margin; clean_accuracy; mean_corruption_accuracy; clean_to_corruption_accuracy_drop; clean_to_worst_view_accuracy_drop,996303
e1_seed42_results_for_analysis,output/e1_seed42_results_for_analysis/e1_strength_breadth/formal/seed42/clientlt_controlled/neighbor_discrimination_breadth.csv,2020,round; seed; theta0_hash; topology; metric_family; tail_class; sample_count; neighbor_count; neighbor_class_ids; neighbor_mean_margins; target_vs_neighbor_pairwise_margin; worst_neighbor_margin; positive_margin_neighbor_coverage; neighbor_margin_variance,835561
e1_seed42_results_for_analysis,output/e1_seed42_results_for_analysis/e1_strength_breadth/formal/seed42/clientlt_controlled/representation_drift.csv,2020,seed; topology; round; theta0_hash; tail_class; sample_count; mean_sample_cosine_drift_from_round0; centroid_cosine_drift_from_round0,278626
e1_seed42_results_for_analysis,output/e1_seed42_results_for_analysis/e1_strength_breadth/formal/seed42/clientlt_controlled/round_metrics.csv,101,epoch; method; partition; aggregation; overall_acc; non_tail_acc; bottom20_tail_acc; macro_per_class_acc; head_acc; medium_acc; tail_acc; macro_f1; seed; tail_class_ratio,11563
e1_seed42_results_for_analysis,output/e1_seed42_results_for_analysis/e1_strength_breadth/formal/seed42/clientlt_controlled/tail_strength.csv,2020,seed; topology; round; theta0_hash; tail_class; sample_count; tail_accuracy; tail_margin; tail_loss,286619
e1_seed42_results_for_analysis,output/e1_seed42_results_for_analysis/e1_strength_breadth/formal/seed42/clientlt_controlled/visual_subgroup_coverage.csv,2020,round; seed; theta0_hash; topology; metric_family; tail_class; sample_count; cluster_count; cluster_sizes; cluster_accuracies; worst_cluster_accuracy; cluster_accuracy_std; recognized_cluster_count_at_50; recognized_cluster_fraction_at_50; cluster_balanced_accuracy; recognized_accuracy_threshold,546043
e1_seed42_results_for_analysis,output/e1_seed42_results_for_analysis/e1_strength_breadth/formal/seed42/dirichlet/e1_optimizer_steps.csv,3000,seed; topology; round; client_id; client_samples; optimizer_steps; scheduler_steps,85838
e1_seed42_results_for_analysis,output/e1_seed42_results_for_analysis/e1_strength_breadth/formal/seed42/dirichlet/e1_round_manifest.csv,101,seed; topology; round; theta0_hash; checkpoint_path; checkpoint_lora_hash; clean_logits_hash; clean_features_hash,36055
e1_seed42_results_for_analysis,output/e1_seed42_results_for_analysis/e1_strength_breadth/formal/seed42/dirichlet/lora_aggregation_summary.csv,100,epoch_index; communication_round; partition; aggregation; num_selected_clients; num_active_clients; weight_sum; effective_num_clients; max_weight; min_positive_weight; tail_class_count; covered_tail_class_count; uncovered_tail_classes,11899
e1_seed42_results_for_analysis,output/e1_seed42_results_for_analysis/e1_strength_breadth/formal/seed42/dirichlet/lora_aggregation_weights.csv,3000,epoch_index; communication_round; partition; aggregation; client_id; client_num_samples; num_supported_tail_classes; aggregation_weight,197490
e1_seed42_results_for_analysis,output/e1_seed42_results_for_analysis/e1_strength_breadth/formal/seed42/dirichlet/multi_view_robustness.csv,2020,round; seed; theta0_hash; topology; metric_family; tail_class; sample_count; view_accuracies; view_margins; worst_view_accuracy; prediction_consistency; all_view_prediction_consistency; worst_view_margin; clean_accuracy; mean_corruption_accuracy; clean_to_corruption_accuracy_drop; clean_to_worst_view_accuracy_drop,979689
e1_seed42_results_for_analysis,output/e1_seed42_results_for_analysis/e1_strength_breadth/formal/seed42/dirichlet/neighbor_discrimination_breadth.csv,2020,round; seed; theta0_hash; topology; metric_family; tail_class; sample_count; neighbor_count; neighbor_class_ids; neighbor_mean_margins; target_vs_neighbor_pairwise_margin; worst_neighbor_margin; positive_margin_neighbor_coverage; neighbor_margin_variance,812677
e1_seed42_results_for_analysis,output/e1_seed42_results_for_analysis/e1_strength_breadth/formal/seed42/dirichlet/representation_drift.csv,2020,seed; topology; round; theta0_hash; tail_class; sample_count; mean_sample_cosine_drift_from_round0; centroid_cosine_drift_from_round0,258791
e1_seed42_results_for_analysis,output/e1_seed42_results_for_analysis/e1_strength_breadth/formal/seed42/dirichlet/round_metrics.csv,101,epoch; method; partition; aggregation; overall_acc; non_tail_acc; bottom20_tail_acc; macro_per_class_acc; head_acc; medium_acc; tail_acc; macro_f1; seed; tail_class_ratio,10931
e1_seed42_results_for_analysis,output/e1_seed42_results_for_analysis/e1_strength_breadth/formal/seed42/dirichlet/tail_strength.csv,2020,seed; topology; round; theta0_hash; tail_class; sample_count; tail_accuracy; tail_margin; tail_loss,266360
e1_seed42_results_for_analysis,output/e1_seed42_results_for_analysis/e1_strength_breadth/formal/seed42/dirichlet/visual_subgroup_coverage.csv,2020,round; seed; theta0_hash; topology; metric_family; tail_class; sample_count; cluster_count; cluster_sizes; cluster_accuracies; worst_cluster_accuracy; cluster_accuracy_std; recognized_cluster_count_at_50; recognized_cluster_fraction_at_50; cluster_balanced_accuracy; recognized_accuracy_threshold,535249
eri_closure_v1,output/eri_closure_v1/runs/clientlt_fedavg/seed42/eri_closure/analysis/attribution_validity.csv,300,communication_round; class_id; method; attributed_change; direct_change; absolute_completeness_error; trained_server_endpoint; candidate_vs_trained_endpoint_abs_error,37731
eri_closure_v1,output/eri_closure_v1/runs/clientlt_fedavg/seed42/eri_closure/analysis/client_effects.csv,9000,communication_round; class_id; method; client_id; supports_class; functional_effect; signed_role,501950
eri_closure_v1,output/eri_closure_v1/runs/clientlt_fedavg/seed42/eri_closure/analysis/first_order_client_effects.csv,9000,communication_round; class_id; method; client_id; supports_class; functional_effect; signed_role,609925
eri_closure_v1,output/eri_closure_v1/runs/clientlt_fedavg/seed42/eri_closure/analysis/first_order_signed_budgets.csv,300,communication_round; class_id; method; supporter_count; non_supporter_count; W; H; D; R; positive_refresh; ERI; non_support_net; support_net,53550
eri_closure_v1,output/eri_closure_v1/runs/clientlt_fedavg/seed42/eri_closure/analysis/round_signed_budgets.csv,300,communication_round; class_id; method; supporter_count; non_supporter_count; W; H; D; R; positive_refresh; ERI; non_support_net; support_net,50030
eri_closure_v1,output/eri_closure_v1/runs/matched_dirichlet_fedavg/seed42/eri_closure/analysis/attribution_validity.csv,300,communication_round; class_id; method; attributed_change; direct_change; absolute_completeness_error; trained_server_endpoint; candidate_vs_trained_endpoint_abs_error,37715
eri_closure_v1,output/eri_closure_v1/runs/matched_dirichlet_fedavg/seed42/eri_closure/analysis/client_effects.csv,9000,communication_round; class_id; method; client_id; supports_class; functional_effect; signed_role,505513
eri_closure_v1,output/eri_closure_v1/runs/matched_dirichlet_fedavg/seed42/eri_closure/analysis/first_order_client_effects.csv,9000,communication_round; class_id; method; client_id; supports_class; functional_effect; signed_role,613482
eri_closure_v1,output/eri_closure_v1/runs/matched_dirichlet_fedavg/seed42/eri_closure/analysis/first_order_signed_budgets.csv,300,communication_round; class_id; method; supporter_count; non_supporter_count; W; H; D; R; positive_refresh; ERI; non_support_net; support_net,54946
eri_closure_v1,output/eri_closure_v1/runs/matched_dirichlet_fedavg/seed42/eri_closure/analysis/round_signed_budgets.csv,300,communication_round; class_id; method; supporter_count; non_supporter_count; W; H; D; R; positive_refresh; ERI; non_support_net; support_net,51498
eri_seed42_share,output/eri_seed42_share/output/eri_closure_v1/runs/clientlt_fedavg/seed42/lora_aggregation_summary.csv,100,epoch_index; communication_round; partition; aggregation; num_selected_clients; num_active_clients; weight_sum; effective_num_clients; max_weight; min_positive_weight; tail_class_count; covered_tail_class_count; uncovered_tail_classes,12506
eri_seed42_share,output/eri_seed42_share/output/eri_closure_v1/runs/clientlt_fedavg/seed42/lora_aggregation_weights.csv,3000,epoch_index; communication_round; partition; aggregation; client_id; client_num_samples; num_supported_tail_classes; aggregation_weight,182790
eri_seed42_share,output/eri_seed42_share/output/eri_closure_v1/runs/clientlt_fedavg/seed42/round_metrics.csv,100,epoch; method; partition; aggregation; overall_acc; non_tail_acc; bottom20_tail_acc; macro_per_class_acc; head_acc; medium_acc; tail_acc; macro_f1; seed; tail_class_ratio,10394
eri_seed42_share,output/eri_seed42_share/output/eri_closure_v1/runs/clientlt_fedavg/seed42/eri_closure/test_per_class_metrics.csv,10000,communication_round; class_id; accuracy_percent; mean_true_log_odds,315573
eri_seed42_share,output/eri_seed42_share/output/eri_closure_v1/runs/matched_dirichlet_fedavg/seed42/lora_aggregation_summary.csv,100,epoch_index; communication_round; partition; aggregation; num_selected_clients; num_active_clients; weight_sum; effective_num_clients; max_weight; min_positive_weight; tail_class_count; covered_tail_class_count; uncovered_tail_classes,12706
eri_seed42_share,output/eri_seed42_share/output/eri_closure_v1/runs/matched_dirichlet_fedavg/seed42/lora_aggregation_weights.csv,3000,epoch_index; communication_round; partition; aggregation; client_id; client_num_samples; num_supported_tail_classes; aggregation_weight,188490
eri_seed42_share,output/eri_seed42_share/output/eri_closure_v1/runs/matched_dirichlet_fedavg/seed42/round_metrics.csv,100,epoch; method; partition; aggregation; overall_acc; non_tail_acc; bottom20_tail_acc; macro_per_class_acc; head_acc; medium_acc; tail_acc; macro_f1; seed; tail_class_ratio,10578
eri_seed42_share,output/eri_seed42_share/output/eri_closure_v1/runs/matched_dirichlet_fedavg/seed42/eri_closure/test_per_class_metrics.csv,10000,communication_round; class_id; accuracy_percent; mean_true_log_odds,317759
expC_lambda_response_frac02,output/expC_lambda_response_frac02/summary_all_runs.csv,45,method; method_display; lambda_T; alpha_T; seed; final_overall_acc; final_head_acc; final_tail_acc; final_macro_acc; best_overall_acc; best_tail_acc; tail_peak_to_final_drop; tail_client_purity; head_leakage_to_tail_clients; tail_leakage_to_head_clients; tail_active_rounds_mean; tail_active_rounds_std; exposure_interval_mean; exposure_interval_std; max_exposure_gap_mean; max_exposure_gap_std; tail_top1_mass_mean; tail_top2_mass_mean; effective_client_number_mean; normalized_entropy_mean; output_dir,16463
expC_lambda_response_frac02,output/expC_lambda_response_frac02/summary_by_method_lambda.csv,15,method; method_display; lambda_T; alpha_T; num_runs; final_overall_acc_mean; final_overall_acc_std; final_head_acc_mean; final_head_acc_std; final_tail_acc_mean; final_tail_acc_std; final_macro_acc_mean; final_macro_acc_std; tail_peak_to_final_drop_mean; tail_peak_to_final_drop_std; tail_active_rounds_mean_mean; tail_active_rounds_mean_std; max_exposure_gap_mean_mean; max_exposure_gap_mean_std,3719
expC_lambda_response_frac02,output/expC_lambda_response_frac02/method=capt/lambda=0.00/seed=1/per_class_metrics.csv,100,class_id; class_group; global_count; num_support_clients; per_class_acc,2311
expC_lambda_response_frac02,output/expC_lambda_response_frac02/method=capt/lambda=0.00/seed=1/per_round_metrics.csv,9,round; overall_acc; head_acc; tail_acc; macro_acc,300
expC_lambda_response_frac02,output/expC_lambda_response_frac02/method=capt/lambda=0.00/seed=1/round_metrics.csv,9,epoch; method; partition; overall_acc; non_tail_acc; bottom20_tail_acc; macro_per_class_acc; head_acc; medium_acc; tail_acc; macro_f1; seed; tail_class_ratio,949
expC_lambda_response_frac02,output/expC_lambda_response_frac02/method=capt/lambda=0.00/seed=2/per_class_metrics.csv,100,class_id; class_group; global_count; num_support_clients; per_class_acc,2297
expC_lambda_response_frac02,output/expC_lambda_response_frac02/method=capt/lambda=0.00/seed=2/per_round_metrics.csv,9,round; overall_acc; head_acc; tail_acc; macro_acc,298
expC_lambda_response_frac02,output/expC_lambda_response_frac02/method=capt/lambda=0.00/seed=2/round_metrics.csv,9,epoch; method; partition; overall_acc; non_tail_acc; bottom20_tail_acc; macro_per_class_acc; head_acc; medium_acc; tail_acc; macro_f1; seed; tail_class_ratio,949
expC_lambda_response_frac02,output/expC_lambda_response_frac02/method=capt/lambda=0.00/seed=3/per_class_metrics.csv,100,class_id; class_group; global_count; num_support_clients; per_class_acc,2284
expC_lambda_response_frac02,output/expC_lambda_response_frac02/method=capt/lambda=0.00/seed=3/per_round_metrics.csv,9,round; overall_acc; head_acc; tail_acc; macro_acc,306
expC_lambda_response_frac02,output/expC_lambda_response_frac02/method=capt/lambda=0.00/seed=3/round_metrics.csv,9,epoch; method; partition; overall_acc; non_tail_acc; bottom20_tail_acc; macro_per_class_acc; head_acc; medium_acc; tail_acc; macro_f1; seed; tail_class_ratio,962
expC_lambda_response_frac02,output/expC_lambda_response_frac02/method=capt/lambda=0.25/seed=1/per_class_metrics.csv,100,class_id; class_group; global_count; num_support_clients; per_class_acc,2310
expC_lambda_response_frac02,output/expC_lambda_response_frac02/method=capt/lambda=0.25/seed=1/per_round_metrics.csv,9,round; overall_acc; head_acc; tail_acc; macro_acc,299
expC_lambda_response_frac02,output/expC_lambda_response_frac02/method=capt/lambda=0.25/seed=1/round_metrics.csv,9,epoch; method; partition; overall_acc; non_tail_acc; bottom20_tail_acc; macro_per_class_acc; head_acc; medium_acc; tail_acc; macro_f1; seed; tail_class_ratio,948
expC_lambda_response_frac02,output/expC_lambda_response_frac02/method=capt/lambda=0.25/seed=2/per_class_metrics.csv,100,class_id; class_group; global_count; num_support_clients; per_class_acc,2271
expC_lambda_response_frac02,output/expC_lambda_response_frac02/method=capt/lambda=0.25/seed=2/per_round_metrics.csv,8,round; overall_acc; head_acc; tail_acc; macro_acc,270
expC_lambda_response_frac02,output/expC_lambda_response_frac02/method=capt/lambda=0.25/seed=2/round_metrics.csv,8,epoch; method; partition; overall_acc; non_tail_acc; bottom20_tail_acc; macro_per_class_acc; head_acc; medium_acc; tail_acc; macro_f1; seed; tail_class_ratio,858
expC_lambda_response_frac02,output/expC_lambda_response_frac02/method=capt/lambda=0.25/seed=3/per_class_metrics.csv,100,class_id; class_group; global_count; num_support_clients; per_class_acc,2324
expC_lambda_response_frac02,output/expC_lambda_response_frac02/method=capt/lambda=0.25/seed=3/per_round_metrics.csv,8,round; overall_acc; head_acc; tail_acc; macro_acc,278
expC_lambda_response_frac02,output/expC_lambda_response_frac02/method=capt/lambda=0.25/seed=3/round_metrics.csv,8,epoch; method; partition; overall_acc; non_tail_acc; bottom20_tail_acc; macro_per_class_acc; head_acc; medium_acc; tail_acc; macro_f1; seed; tail_class_ratio,872
expC_lambda_response_frac02,output/expC_lambda_response_frac02/method=capt/lambda=0.50/seed=1/per_class_metrics.csv,100,class_id; class_group; global_count; num_support_clients; per_class_acc,2311
expC_lambda_response_frac02,output/expC_lambda_response_frac02/method=capt/lambda=0.50/seed=1/per_round_metrics.csv,9,round; overall_acc; head_acc; tail_acc; macro_acc,306
expC_lambda_response_frac02,output/expC_lambda_response_frac02/method=capt/lambda=0.50/seed=1/round_metrics.csv,9,epoch; method; partition; overall_acc; non_tail_acc; bottom20_tail_acc; macro_per_class_acc; head_acc; medium_acc; tail_acc; macro_f1; seed; tail_class_ratio,964
expC_lambda_response_frac02,output/expC_lambda_response_frac02/method=capt/lambda=0.50/seed=2/per_class_metrics.csv,100,class_id; class_group; global_count; num_support_clients; per_class_acc,2298
expC_lambda_response_frac02,output/expC_lambda_response_frac02/method=capt/lambda=0.50/seed=2/per_round_metrics.csv,9,round; overall_acc; head_acc; tail_acc; macro_acc,308
expC_lambda_response_frac02,output/expC_lambda_response_frac02/method=capt/lambda=0.50/seed=2/round_metrics.csv,9,epoch; method; partition; overall_acc; non_tail_acc; bottom20_tail_acc; macro_per_class_acc; head_acc; medium_acc; tail_acc; macro_f1; seed; tail_class_ratio,967
expC_lambda_response_frac02,output/expC_lambda_response_frac02/method=capt/lambda=0.50/seed=3/per_class_metrics.csv,100,class_id; class_group; global_count; num_support_clients; per_class_acc,2338
expC_lambda_response_frac02,output/expC_lambda_response_frac02/method=capt/lambda=0.50/seed=3/per_round_metrics.csv,9,round; overall_acc; head_acc; tail_acc; macro_acc,305
expC_lambda_response_frac02,output/expC_lambda_response_frac02/method=capt/lambda=0.50/seed=3/round_metrics.csv,9,epoch; method; partition; overall_acc; non_tail_acc; bottom20_tail_acc; macro_per_class_acc; head_acc; medium_acc; tail_acc; macro_f1; seed; tail_class_ratio,960
expC_lambda_response_frac02,output/expC_lambda_response_frac02/method=capt/lambda=0.75/seed=1/per_class_metrics.csv,100,class_id; class_group; global_count; num_support_clients; per_class_acc,2280
expC_lambda_response_frac02,output/expC_lambda_response_frac02/method=capt/lambda=0.75/seed=1/per_round_metrics.csv,9,round; overall_acc; head_acc; tail_acc; macro_acc,300
expC_lambda_response_frac02,output/expC_lambda_response_frac02/method=capt/lambda=0.75/seed=1/round_metrics.csv,9,epoch; method; partition; overall_acc; non_tail_acc; bottom20_tail_acc; macro_per_class_acc; head_acc; medium_acc; tail_acc; macro_f1; seed; tail_class_ratio,950
expC_lambda_response_frac02,output/expC_lambda_response_frac02/method=capt/lambda=0.75/seed=2/per_class_metrics.csv,100,class_id; class_group; global_count; num_support_clients; per_class_acc,2280
expC_lambda_response_frac02,output/expC_lambda_response_frac02/method=capt/lambda=0.75/seed=2/per_round_metrics.csv,9,round; overall_acc; head_acc; tail_acc; macro_acc,303
expC_lambda_response_frac02,output/expC_lambda_response_frac02/method=capt/lambda=0.75/seed=2/round_metrics.csv,9,epoch; method; partition; overall_acc; non_tail_acc; bottom20_tail_acc; macro_per_class_acc; head_acc; medium_acc; tail_acc; macro_f1; seed; tail_class_ratio,957
expC_lambda_response_frac02,output/expC_lambda_response_frac02/method=capt/lambda=0.75/seed=3/per_class_metrics.csv,100,class_id; class_group; global_count; num_support_clients; per_class_acc,2281
expC_lambda_response_frac02,output/expC_lambda_response_frac02/method=capt/lambda=0.75/seed=3/per_round_metrics.csv,9,round; overall_acc; head_acc; tail_acc; macro_acc,293
expC_lambda_response_frac02,output/expC_lambda_response_frac02/method=capt/lambda=0.75/seed=3/round_metrics.csv,9,epoch; method; partition; overall_acc; non_tail_acc; bottom20_tail_acc; macro_per_class_acc; head_acc; medium_acc; tail_acc; macro_f1; seed; tail_class_ratio,943
expC_lambda_response_frac02,output/expC_lambda_response_frac02/method=capt/lambda=1.00/seed=1/per_class_metrics.csv,100,class_id; class_group; global_count; num_support_clients; per_class_acc,2313
expC_lambda_response_frac02,output/expC_lambda_response_frac02/method=capt/lambda=1.00/seed=1/per_round_metrics.csv,9,round; overall_acc; head_acc; tail_acc; macro_acc,300
expC_lambda_response_frac02,output/expC_lambda_response_frac02/method=capt/lambda=1.00/seed=1/round_metrics.csv,9,epoch; method; partition; overall_acc; non_tail_acc; bottom20_tail_acc; macro_per_class_acc; head_acc; medium_acc; tail_acc; macro_f1; seed; tail_class_ratio,951
expC_lambda_response_frac02,output/expC_lambda_response_frac02/method=capt/lambda=1.00/seed=2/per_class_metrics.csv,100,class_id; class_group; global_count; num_support_clients; per_class_acc,2300
expC_lambda_response_frac02,output/expC_lambda_response_frac02/method=capt/lambda=1.00/seed=2/per_round_metrics.csv,9,round; overall_acc; head_acc; tail_acc; macro_acc,302
expC_lambda_response_frac02,output/expC_lambda_response_frac02/method=capt/lambda=1.00/seed=2/round_metrics.csv,9,epoch; method; partition; overall_acc; non_tail_acc; bottom20_tail_acc; macro_per_class_acc; head_acc; medium_acc; tail_acc; macro_f1; seed; tail_class_ratio,955
expC_lambda_response_frac02,output/expC_lambda_response_frac02/method=capt/lambda=1.00/seed=3/per_class_metrics.csv,100,class_id; class_group; global_count; num_support_clients; per_class_acc,2274
expC_lambda_response_frac02,output/expC_lambda_response_frac02/method=capt/lambda=1.00/seed=3/per_round_metrics.csv,9,round; overall_acc; head_acc; tail_acc; macro_acc,304
expC_lambda_response_frac02,output/expC_lambda_response_frac02/method=capt/lambda=1.00/seed=3/round_metrics.csv,9,epoch; method; partition; overall_acc; non_tail_acc; bottom20_tail_acc; macro_per_class_acc; head_acc; medium_acc; tail_acc; macro_f1; seed; tail_class_ratio,960
expC_lambda_response_frac02,output/expC_lambda_response_frac02/method=promptfl/lambda=0.00/seed=1/per_class_metrics.csv,100,class_id; class_group; global_count; num_support_clients; per_class_acc,2336
expC_lambda_response_frac02,output/expC_lambda_response_frac02/method=promptfl/lambda=0.00/seed=1/per_round_metrics.csv,42,round; overall_acc; head_acc; tail_acc; macro_acc,1236
expC_lambda_response_frac02,output/expC_lambda_response_frac02/method=promptfl/lambda=0.00/seed=1/round_metrics.csv,42,epoch; method; partition; overall_acc; non_tail_acc; bottom20_tail_acc; macro_per_class_acc; head_acc; medium_acc; tail_acc; macro_f1; seed; tail_class_ratio,4096
expC_lambda_response_frac02,output/expC_lambda_response_frac02/method=promptfl/lambda=0.00/seed=2/per_class_metrics.csv,100,class_id; class_group; global_count; num_support_clients; per_class_acc,2336
expC_lambda_response_frac02,output/expC_lambda_response_frac02/method=promptfl/lambda=0.00/seed=2/per_round_metrics.csv,23,round; overall_acc; head_acc; tail_acc; macro_acc,696
expC_lambda_response_frac02,output/expC_lambda_response_frac02/method=promptfl/lambda=0.00/seed=2/round_metrics.csv,23,epoch; method; partition; overall_acc; non_tail_acc; bottom20_tail_acc; macro_per_class_acc; head_acc; medium_acc; tail_acc; macro_f1; seed; tail_class_ratio,2308
expC_lambda_response_frac02,output/expC_lambda_response_frac02/method=promptfl/lambda=0.00/seed=3/per_class_metrics.csv,100,class_id; class_group; global_count; num_support_clients; per_class_acc,2337
expC_lambda_response_frac02,output/expC_lambda_response_frac02/method=promptfl/lambda=0.00/seed=3/per_round_metrics.csv,21,round; overall_acc; head_acc; tail_acc; macro_acc,641
expC_lambda_response_frac02,output/expC_lambda_response_frac02/method=promptfl/lambda=0.00/seed=3/round_metrics.csv,21,epoch; method; partition; overall_acc; non_tail_acc; bottom20_tail_acc; macro_per_class_acc; head_acc; medium_acc; tail_acc; macro_f1; seed; tail_class_ratio,2122
expC_lambda_response_frac02,output/expC_lambda_response_frac02/method=promptfl/lambda=0.25/seed=1/per_class_metrics.csv,100,class_id; class_group; global_count; num_support_clients; per_class_acc,2366
expC_lambda_response_frac02,output/expC_lambda_response_frac02/method=promptfl/lambda=0.25/seed=1/per_round_metrics.csv,21,round; overall_acc; head_acc; tail_acc; macro_acc,637
expC_lambda_response_frac02,output/expC_lambda_response_frac02/method=promptfl/lambda=0.25/seed=1/round_metrics.csv,21,epoch; method; partition; overall_acc; non_tail_acc; bottom20_tail_acc; macro_per_class_acc; head_acc; medium_acc; tail_acc; macro_f1; seed; tail_class_ratio,2110
expC_lambda_response_frac02,output/expC_lambda_response_frac02/method=promptfl/lambda=0.25/seed=2/per_class_metrics.csv,100,class_id; class_group; global_count; num_support_clients; per_class_acc,2337
expC_lambda_response_frac02,output/expC_lambda_response_frac02/method=promptfl/lambda=0.25/seed=2/per_round_metrics.csv,21,round; overall_acc; head_acc; tail_acc; macro_acc,653
expC_lambda_response_frac02,output/expC_lambda_response_frac02/method=promptfl/lambda=0.25/seed=2/round_metrics.csv,21,epoch; method; partition; overall_acc; non_tail_acc; bottom20_tail_acc; macro_per_class_acc; head_acc; medium_acc; tail_acc; macro_f1; seed; tail_class_ratio,2145
expC_lambda_response_frac02,output/expC_lambda_response_frac02/method=promptfl/lambda=0.25/seed=3/per_class_metrics.csv,100,class_id; class_group; global_count; num_support_clients; per_class_acc,2323
expC_lambda_response_frac02,output/expC_lambda_response_frac02/method=promptfl/lambda=0.25/seed=3/per_round_metrics.csv,21,round; overall_acc; head_acc; tail_acc; macro_acc,640
expC_lambda_response_frac02,output/expC_lambda_response_frac02/method=promptfl/lambda=0.25/seed=3/round_metrics.csv,21,epoch; method; partition; overall_acc; non_tail_acc; bottom20_tail_acc; macro_per_class_acc; head_acc; medium_acc; tail_acc; macro_f1; seed; tail_class_ratio,2119
expC_lambda_response_frac02,output/expC_lambda_response_frac02/method=promptfl/lambda=0.50/seed=1/per_class_metrics.csv,100,class_id; class_group; global_count; num_support_clients; per_class_acc,2325
expC_lambda_response_frac02,output/expC_lambda_response_frac02/method=promptfl/lambda=0.50/seed=1/per_round_metrics.csv,21,round; overall_acc; head_acc; tail_acc; macro_acc,651
expC_lambda_response_frac02,output/expC_lambda_response_frac02/method=promptfl/lambda=0.50/seed=1/round_metrics.csv,21,epoch; method; partition; overall_acc; non_tail_acc; bottom20_tail_acc; macro_per_class_acc; head_acc; medium_acc; tail_acc; macro_f1; seed; tail_class_ratio,2138
expC_lambda_response_frac02,output/expC_lambda_response_frac02/method=promptfl/lambda=0.50/seed=2/per_class_metrics.csv,100,class_id; class_group; global_count; num_support_clients; per_class_acc,2361
expC_lambda_response_frac02,output/expC_lambda_response_frac02/method=promptfl/lambda=0.50/seed=2/per_round_metrics.csv,21,round; overall_acc; head_acc; tail_acc; macro_acc,647
expC_lambda_response_frac02,output/expC_lambda_response_frac02/method=promptfl/lambda=0.50/seed=2/round_metrics.csv,21,epoch; method; partition; overall_acc; non_tail_acc; bottom20_tail_acc; macro_per_class_acc; head_acc; medium_acc; tail_acc; macro_f1; seed; tail_class_ratio,2134
expC_lambda_response_frac02,output/expC_lambda_response_frac02/method=promptfl/lambda=0.50/seed=3/per_class_metrics.csv,100,class_id; class_group; global_count; num_support_clients; per_class_acc,2345
expC_lambda_response_frac02,output/expC_lambda_response_frac02/method=promptfl/lambda=0.50/seed=3/per_round_metrics.csv,21,round; overall_acc; head_acc; tail_acc; macro_acc,644
expC_lambda_response_frac02,output/expC_lambda_response_frac02/method=promptfl/lambda=0.50/seed=3/round_metrics.csv,21,epoch; method; partition; overall_acc; non_tail_acc; bottom20_tail_acc; macro_per_class_acc; head_acc; medium_acc; tail_acc; macro_f1; seed; tail_class_ratio,2132
expC_lambda_response_frac02,output/expC_lambda_response_frac02/method=promptfl/lambda=0.75/seed=1/per_class_metrics.csv,100,class_id; class_group; global_count; num_support_clients; per_class_acc,2291
expC_lambda_response_frac02,output/expC_lambda_response_frac02/method=promptfl/lambda=0.75/seed=1/per_round_metrics.csv,21,round; overall_acc; head_acc; tail_acc; macro_acc,643
expC_lambda_response_frac02,output/expC_lambda_response_frac02/method=promptfl/lambda=0.75/seed=1/round_metrics.csv,21,epoch; method; partition; overall_acc; non_tail_acc; bottom20_tail_acc; macro_per_class_acc; head_acc; medium_acc; tail_acc; macro_f1; seed; tail_class_ratio,2128
expC_lambda_response_frac02,output/expC_lambda_response_frac02/method=promptfl/lambda=0.75/seed=2/per_class_metrics.csv,100,class_id; class_group; global_count; num_support_clients; per_class_acc,2306
expC_lambda_response_frac02,output/expC_lambda_response_frac02/method=promptfl/lambda=0.75/seed=2/per_round_metrics.csv,21,round; overall_acc; head_acc; tail_acc; macro_acc,644
expC_lambda_response_frac02,output/expC_lambda_response_frac02/method=promptfl/lambda=0.75/seed=2/round_metrics.csv,21,epoch; method; partition; overall_acc; non_tail_acc; bottom20_tail_acc; macro_per_class_acc; head_acc; medium_acc; tail_acc; macro_f1; seed; tail_class_ratio,2123
expC_lambda_response_frac02,output/expC_lambda_response_frac02/method=promptfl/lambda=0.75/seed=3/per_class_metrics.csv,100,class_id; class_group; global_count; num_support_clients; per_class_acc,2320
expC_lambda_response_frac02,output/expC_lambda_response_frac02/method=promptfl/lambda=0.75/seed=3/per_round_metrics.csv,21,round; overall_acc; head_acc; tail_acc; macro_acc,639
expC_lambda_response_frac02,output/expC_lambda_response_frac02/method=promptfl/lambda=0.75/seed=3/round_metrics.csv,21,epoch; method; partition; overall_acc; non_tail_acc; bottom20_tail_acc; macro_per_class_acc; head_acc; medium_acc; tail_acc; macro_f1; seed; tail_class_ratio,2124
expC_lambda_response_frac02,output/expC_lambda_response_frac02/method=promptfl/lambda=1.00/seed=1/per_class_metrics.csv,100,class_id; class_group; global_count; num_support_clients; per_class_acc,2342
expC_lambda_response_frac02,output/expC_lambda_response_frac02/method=promptfl/lambda=1.00/seed=1/per_round_metrics.csv,21,round; overall_acc; head_acc; tail_acc; macro_acc,642
expC_lambda_response_frac02,output/expC_lambda_response_frac02/method=promptfl/lambda=1.00/seed=1/round_metrics.csv,21,epoch; method; partition; overall_acc; non_tail_acc; bottom20_tail_acc; macro_per_class_acc; head_acc; medium_acc; tail_acc; macro_f1; seed; tail_class_ratio,2130
expC_lambda_response_frac02,output/expC_lambda_response_frac02/method=promptfl/lambda=1.00/seed=2/per_class_metrics.csv,100,class_id; class_group; global_count; num_support_clients; per_class_acc,2260
expC_lambda_response_frac02,output/expC_lambda_response_frac02/method=promptfl/lambda=1.00/seed=2/per_round_metrics.csv,21,round; overall_acc; head_acc; tail_acc; macro_acc,647
expC_lambda_response_frac02,output/expC_lambda_response_frac02/method=promptfl/lambda=1.00/seed=2/round_metrics.csv,21,epoch; method; partition; overall_acc; non_tail_acc; bottom20_tail_acc; macro_per_class_acc; head_acc; medium_acc; tail_acc; macro_f1; seed; tail_class_ratio,2132
expC_lambda_response_frac02,output/expC_lambda_response_frac02/method=promptfl/lambda=1.00/seed=3/per_class_metrics.csv,100,class_id; class_group; global_count; num_support_clients; per_class_acc,2286
expC_lambda_response_frac02,output/expC_lambda_response_frac02/method=promptfl/lambda=1.00/seed=3/per_round_metrics.csv,21,round; overall_acc; head_acc; tail_acc; macro_acc,642
expC_lambda_response_frac02,output/expC_lambda_response_frac02/method=promptfl/lambda=1.00/seed=3/round_metrics.csv,21,epoch; method; partition; overall_acc; non_tail_acc; bottom20_tail_acc; macro_per_class_acc; head_acc; medium_acc; tail_acc; macro_f1; seed; tail_class_ratio,2130
expC_lambda_response_frac02,output/expC_lambda_response_frac02/method=zeroshot/lambda=0.00/seed=1/per_class_metrics.csv,100,class_id; class_group; global_count; num_support_clients; per_class_acc,2323
expC_lambda_response_frac02,output/expC_lambda_response_frac02/method=zeroshot/lambda=0.00/seed=1/per_round_metrics.csv,2,round; overall_acc; head_acc; tail_acc; macro_acc,102
expC_lambda_response_frac02,output/expC_lambda_response_frac02/method=zeroshot/lambda=0.00/seed=1/round_metrics.csv,2,epoch; method; partition; overall_acc; non_tail_acc; bottom20_tail_acc; macro_per_class_acc; head_acc; medium_acc; tail_acc; macro_f1; seed; tail_class_ratio,325
expC_lambda_response_frac02,output/expC_lambda_response_frac02/method=zeroshot/lambda=0.00/seed=2/per_class_metrics.csv,100,class_id; class_group; global_count; num_support_clients; per_class_acc,2323
expC_lambda_response_frac02,output/expC_lambda_response_frac02/method=zeroshot/lambda=0.00/seed=2/per_round_metrics.csv,2,round; overall_acc; head_acc; tail_acc; macro_acc,102
expC_lambda_response_frac02,output/expC_lambda_response_frac02/method=zeroshot/lambda=0.00/seed=2/round_metrics.csv,2,epoch; method; partition; overall_acc; non_tail_acc; bottom20_tail_acc; macro_per_class_acc; head_acc; medium_acc; tail_acc; macro_f1; seed; tail_class_ratio,325
expC_lambda_response_frac02,output/expC_lambda_response_frac02/method=zeroshot/lambda=0.00/seed=3/per_class_metrics.csv,100,class_id; class_group; global_count; num_support_clients; per_class_acc,2323
expC_lambda_response_frac02,output/expC_lambda_response_frac02/method=zeroshot/lambda=0.00/seed=3/per_round_metrics.csv,2,round; overall_acc; head_acc; tail_acc; macro_acc,102
expC_lambda_response_frac02,output/expC_lambda_response_frac02/method=zeroshot/lambda=0.00/seed=3/round_metrics.csv,2,epoch; method; partition; overall_acc; non_tail_acc; bottom20_tail_acc; macro_per_class_acc; head_acc; medium_acc; tail_acc; macro_f1; seed; tail_class_ratio,325
expC_lambda_response_frac02,output/expC_lambda_response_frac02/method=zeroshot/lambda=0.25/seed=1/per_class_metrics.csv,100,class_id; class_group; global_count; num_support_clients; per_class_acc,2323
expC_lambda_response_frac02,output/expC_lambda_response_frac02/method=zeroshot/lambda=0.25/seed=1/per_round_metrics.csv,2,round; overall_acc; head_acc; tail_acc; macro_acc,102
expC_lambda_response_frac02,output/expC_lambda_response_frac02/method=zeroshot/lambda=0.25/seed=1/round_metrics.csv,2,epoch; method; partition; overall_acc; non_tail_acc; bottom20_tail_acc; macro_per_class_acc; head_acc; medium_acc; tail_acc; macro_f1; seed; tail_class_ratio,325
expC_lambda_response_frac02,output/expC_lambda_response_frac02/method=zeroshot/lambda=0.25/seed=2/per_class_metrics.csv,100,class_id; class_group; global_count; num_support_clients; per_class_acc,2323
expC_lambda_response_frac02,output/expC_lambda_response_frac02/method=zeroshot/lambda=0.25/seed=2/per_round_metrics.csv,2,round; overall_acc; head_acc; tail_acc; macro_acc,102
expC_lambda_response_frac02,output/expC_lambda_response_frac02/method=zeroshot/lambda=0.25/seed=2/round_metrics.csv,2,epoch; method; partition; overall_acc; non_tail_acc; bottom20_tail_acc; macro_per_class_acc; head_acc; medium_acc; tail_acc; macro_f1; seed; tail_class_ratio,325
expC_lambda_response_frac02,output/expC_lambda_response_frac02/method=zeroshot/lambda=0.25/seed=3/per_class_metrics.csv,100,class_id; class_group; global_count; num_support_clients; per_class_acc,2323
expC_lambda_response_frac02,output/expC_lambda_response_frac02/method=zeroshot/lambda=0.25/seed=3/per_round_metrics.csv,2,round; overall_acc; head_acc; tail_acc; macro_acc,102
expC_lambda_response_frac02,output/expC_lambda_response_frac02/method=zeroshot/lambda=0.25/seed=3/round_metrics.csv,2,epoch; method; partition; overall_acc; non_tail_acc; bottom20_tail_acc; macro_per_class_acc; head_acc; medium_acc; tail_acc; macro_f1; seed; tail_class_ratio,325
expC_lambda_response_frac02,output/expC_lambda_response_frac02/method=zeroshot/lambda=0.50/seed=1/per_class_metrics.csv,100,class_id; class_group; global_count; num_support_clients; per_class_acc,2323
expC_lambda_response_frac02,output/expC_lambda_response_frac02/method=zeroshot/lambda=0.50/seed=1/per_round_metrics.csv,2,round; overall_acc; head_acc; tail_acc; macro_acc,102
expC_lambda_response_frac02,output/expC_lambda_response_frac02/method=zeroshot/lambda=0.50/seed=1/round_metrics.csv,2,epoch; method; partition; overall_acc; non_tail_acc; bottom20_tail_acc; macro_per_class_acc; head_acc; medium_acc; tail_acc; macro_f1; seed; tail_class_ratio,325
expC_lambda_response_frac02,output/expC_lambda_response_frac02/method=zeroshot/lambda=0.50/seed=2/per_class_metrics.csv,100,class_id; class_group; global_count; num_support_clients; per_class_acc,2323
expC_lambda_response_frac02,output/expC_lambda_response_frac02/method=zeroshot/lambda=0.50/seed=2/per_round_metrics.csv,2,round; overall_acc; head_acc; tail_acc; macro_acc,102
expC_lambda_response_frac02,output/expC_lambda_response_frac02/method=zeroshot/lambda=0.50/seed=2/round_metrics.csv,2,epoch; method; partition; overall_acc; non_tail_acc; bottom20_tail_acc; macro_per_class_acc; head_acc; medium_acc; tail_acc; macro_f1; seed; tail_class_ratio,325
expC_lambda_response_frac02,output/expC_lambda_response_frac02/method=zeroshot/lambda=0.50/seed=3/per_class_metrics.csv,100,class_id; class_group; global_count; num_support_clients; per_class_acc,2323
expC_lambda_response_frac02,output/expC_lambda_response_frac02/method=zeroshot/lambda=0.50/seed=3/per_round_metrics.csv,2,round; overall_acc; head_acc; tail_acc; macro_acc,102
expC_lambda_response_frac02,output/expC_lambda_response_frac02/method=zeroshot/lambda=0.50/seed=3/round_metrics.csv,2,epoch; method; partition; overall_acc; non_tail_acc; bottom20_tail_acc; macro_per_class_acc; head_acc; medium_acc; tail_acc; macro_f1; seed; tail_class_ratio,325
expC_lambda_response_frac02,output/expC_lambda_response_frac02/method=zeroshot/lambda=0.75/seed=1/per_class_metrics.csv,100,class_id; class_group; global_count; num_support_clients; per_class_acc,2319
expC_lambda_response_frac02,output/expC_lambda_response_frac02/method=zeroshot/lambda=0.75/seed=1/per_round_metrics.csv,2,round; overall_acc; head_acc; tail_acc; macro_acc,102
expC_lambda_response_frac02,output/expC_lambda_response_frac02/method=zeroshot/lambda=0.75/seed=1/round_metrics.csv,2,epoch; method; partition; overall_acc; non_tail_acc; bottom20_tail_acc; macro_per_class_acc; head_acc; medium_acc; tail_acc; macro_f1; seed; tail_class_ratio,325
expC_lambda_response_frac02,output/expC_lambda_response_frac02/method=zeroshot/lambda=0.75/seed=2/per_class_metrics.csv,100,class_id; class_group; global_count; num_support_clients; per_class_acc,2319
expC_lambda_response_frac02,output/expC_lambda_response_frac02/method=zeroshot/lambda=0.75/seed=2/per_round_metrics.csv,2,round; overall_acc; head_acc; tail_acc; macro_acc,102
expC_lambda_response_frac02,output/expC_lambda_response_frac02/method=zeroshot/lambda=0.75/seed=2/round_metrics.csv,2,epoch; method; partition; overall_acc; non_tail_acc; bottom20_tail_acc; macro_per_class_acc; head_acc; medium_acc; tail_acc; macro_f1; seed; tail_class_ratio,325
expC_lambda_response_frac02,output/expC_lambda_response_frac02/method=zeroshot/lambda=0.75/seed=3/per_class_metrics.csv,100,class_id; class_group; global_count; num_support_clients; per_class_acc,2319
expC_lambda_response_frac02,output/expC_lambda_response_frac02/method=zeroshot/lambda=0.75/seed=3/per_round_metrics.csv,2,round; overall_acc; head_acc; tail_acc; macro_acc,102
expC_lambda_response_frac02,output/expC_lambda_response_frac02/method=zeroshot/lambda=0.75/seed=3/round_metrics.csv,2,epoch; method; partition; overall_acc; non_tail_acc; bottom20_tail_acc; macro_per_class_acc; head_acc; medium_acc; tail_acc; macro_f1; seed; tail_class_ratio,325
expC_lambda_response_frac02,output/expC_lambda_response_frac02/method=zeroshot/lambda=1.00/seed=1/per_class_metrics.csv,100,class_id; class_group; global_count; num_support_clients; per_class_acc,2313
expC_lambda_response_frac02,output/expC_lambda_response_frac02/method=zeroshot/lambda=1.00/seed=1/per_round_metrics.csv,2,round; overall_acc; head_acc; tail_acc; macro_acc,102
expC_lambda_response_frac02,output/expC_lambda_response_frac02/method=zeroshot/lambda=1.00/seed=1/round_metrics.csv,2,epoch; method; partition; overall_acc; non_tail_acc; bottom20_tail_acc; macro_per_class_acc; head_acc; medium_acc; tail_acc; macro_f1; seed; tail_class_ratio,325
expC_lambda_response_frac02,output/expC_lambda_response_frac02/method=zeroshot/lambda=1.00/seed=2/per_class_metrics.csv,100,class_id; class_group; global_count; num_support_clients; per_class_acc,2313
expC_lambda_response_frac02,output/expC_lambda_response_frac02/method=zeroshot/lambda=1.00/seed=2/per_round_metrics.csv,2,round; overall_acc; head_acc; tail_acc; macro_acc,102
expC_lambda_response_frac02,output/expC_lambda_response_frac02/method=zeroshot/lambda=1.00/seed=2/round_metrics.csv,2,epoch; method; partition; overall_acc; non_tail_acc; bottom20_tail_acc; macro_per_class_acc; head_acc; medium_acc; tail_acc; macro_f1; seed; tail_class_ratio,325
expC_lambda_response_frac02,output/expC_lambda_response_frac02/method=zeroshot/lambda=1.00/seed=3/per_class_metrics.csv,100,class_id; class_group; global_count; num_support_clients; per_class_acc,2313
expC_lambda_response_frac02,output/expC_lambda_response_frac02/method=zeroshot/lambda=1.00/seed=3/per_round_metrics.csv,2,round; overall_acc; head_acc; tail_acc; macro_acc,102
expC_lambda_response_frac02,output/expC_lambda_response_frac02/method=zeroshot/lambda=1.00/seed=3/round_metrics.csv,2,epoch; method; partition; overall_acc; non_tail_acc; bottom20_tail_acc; macro_per_class_acc; head_acc; medium_acc; tail_acc; macro_f1; seed; tail_class_ratio,325
expD_dirichlet_vs_clientlt,output/expD_dirichlet_vs_clientlt/topology/matched_pairs_candidates.csv,15,pair_candidate_rank; clientlt_lambda; clientlt_alpha; dirichlet_beta; match_distance; clientlt_top1; dirichlet_top1; abs_top1_diff; clientlt_neff; dirichlet_neff; relative_neff_diff; clientlt_entropy; dirichlet_entropy; abs_entropy_diff; clientlt_client_size_cv; dirichlet_client_size_cv; match_ok; default_training_target,4171
expD_dirichlet_vs_clientlt,output/expD_dirichlet_vs_clientlt/topology/matched_pairs_one_to_one.csv,3,clientlt_lambda; dirichlet_beta; match_distance,135
expD_dirichlet_vs_clientlt,output/expD_dirichlet_vs_clientlt/topology/summary_all_topology_runs.csv,39,client_sample_count_cv; client_sample_count_gini; client_sample_count_mean; client_sample_count_std; dataset; derived_specialist_client_ids; derived_specialist_purity; derived_specialist_tail_mass_coverage; derived_vs_designated_specialist_jaccard; designated_head_leakage_to_tail_clients; designated_tail_client_purity; designated_tail_leakage_to_head_clients; designated_tail_mass_coverage; experiment; frac; git_commit; global_class_counts; head_classes; head_leakage_to_derived_specialists; max_client_samples; min_client_samples; num_classes; num_clients; num_rounds_for_schedule; output_dir; parameter_key; parameter_name; parameter_value; per_client_tail_purity_gini; per_client_tail_purity_max; per_client_tail_purity_mean; per_client_tail_purity_std; per_client_tail_purity_topk_mean; protocol; schedule_hash; schedule_seed; seed; selected_tail_samples_cv; selected_tail_samples_mean; selected_tail_samples_std; selected_total_samples_cv; selected_total_samples_mean; selected_total_samples_std; specialist_identity_stability_mean; specialist_identity_stability_std; split_seed; tail_active_rounds_mean; tail_active_rounds_std; tail_aggregation_alpha; tail_class_ratio; tail_classes; tail_client_ratio; tail_coexposure_corr_mean; tail_coexposure_corr_std; tail_coexposure_corr_valid_pair_count; tail_coexposure_jaccard_mean; tail_coexposure_jaccard_std; tail_effective_client_number_mean; tail_effective_client_number_std; tail_exposure_interval_mean; tail_exposure_interval_std; tail_leakage_outside_derived_specialists; tail_max_exposure_gap_mean; tail_max_exposure_gap_std; tail_normalized_entropy_mean; tail_normalized_entropy_std; tail_support_jaccard_mean; tail_support_jaccard_std; tail_support_seed_stability_mean; tail_support_seed_stability_std; tail_support_sets; tail_top1_mass_mean; tail_top1_mass_std; tail_top2_mass_mean; tail_top2_mass_std; weighted_distribution_cosine_mean; weighted_distribution_cosine_std,100847
expD_dirichlet_vs_clientlt,output/expD_dirichlet_vs_clientlt/topology/summary_by_protocol_parameter.csv,13,client_sample_count_cv_mean; client_sample_count_cv_std; derived_specialist_purity_mean; derived_specialist_purity_std; derived_specialist_tail_mass_coverage_mean; derived_specialist_tail_mass_coverage_std; head_leakage_to_derived_specialists_mean; head_leakage_to_derived_specialists_std; num_runs; parameter_key; parameter_value; protocol; selected_tail_samples_cv_mean; selected_tail_samples_cv_std; selected_total_samples_cv_mean; selected_total_samples_cv_std; specialist_identity_stability_mean_mean; specialist_identity_stability_mean_std; tail_active_rounds_mean_mean; tail_active_rounds_mean_std; tail_coexposure_corr_mean_mean; tail_coexposure_corr_mean_std; tail_coexposure_jaccard_mean_mean; tail_coexposure_jaccard_mean_std; tail_effective_client_number_mean_mean; tail_effective_client_number_mean_std; tail_exposure_interval_mean_mean; tail_exposure_interval_mean_std; tail_leakage_outside_derived_specialists_mean; tail_leakage_outside_derived_specialists_std; tail_max_exposure_gap_mean_mean; tail_max_exposure_gap_mean_std; tail_normalized_entropy_mean_mean; tail_normalized_entropy_mean_std; tail_support_jaccard_mean_mean; tail_support_jaccard_mean_std; tail_support_seed_stability_mean_mean; tail_support_seed_stability_mean_std; tail_top1_mass_mean_mean; tail_top1_mass_mean_std; tail_top2_mass_mean_mean; tail_top2_mass_mean_std; weighted_distribution_cosine_mean_mean; weighted_distribution_cosine_mean_std,11358
expD_dirichlet_vs_clientlt,output/expD_dirichlet_vs_clientlt/topology/protocol=clientlt/lambda=0.00/seed=1/per_client_metrics.csv,50,client_id; num_samples; head_samples; tail_samples; tail_purity; is_derived_tail_specialist; is_designated_tail_client,2312
expD_dirichlet_vs_clientlt,output/expD_dirichlet_vs_clientlt/topology/protocol=clientlt/lambda=0.00/seed=1/per_tail_class_metrics.csv,20,class_id; global_count; support_client_count; top1_mass; top2_mass; effective_client_number; normalized_entropy; support_clients,2073
expD_dirichlet_vs_clientlt,output/expD_dirichlet_vs_clientlt/topology/protocol=clientlt/lambda=0.00/seed=2/per_client_metrics.csv,50,client_id; num_samples; head_samples; tail_samples; tail_purity; is_derived_tail_specialist; is_designated_tail_client,2315
expD_dirichlet_vs_clientlt,output/expD_dirichlet_vs_clientlt/topology/protocol=clientlt/lambda=0.00/seed=2/per_tail_class_metrics.csv,20,class_id; global_count; support_client_count; top1_mass; top2_mass; effective_client_number; normalized_entropy; support_clients,1872
expD_dirichlet_vs_clientlt,output/expD_dirichlet_vs_clientlt/topology/protocol=clientlt/lambda=0.00/seed=3/per_client_metrics.csv,50,client_id; num_samples; head_samples; tail_samples; tail_purity; is_derived_tail_specialist; is_designated_tail_client,2269
expD_dirichlet_vs_clientlt,output/expD_dirichlet_vs_clientlt/topology/protocol=clientlt/lambda=0.00/seed=3/per_tail_class_metrics.csv,20,class_id; global_count; support_client_count; top1_mass; top2_mass; effective_client_number; normalized_entropy; support_clients,1948
expD_dirichlet_vs_clientlt,output/expD_dirichlet_vs_clientlt/topology/protocol=clientlt/lambda=0.25/seed=1/per_client_metrics.csv,50,client_id; num_samples; head_samples; tail_samples; tail_purity; is_derived_tail_specialist; is_designated_tail_client,2284
expD_dirichlet_vs_clientlt,output/expD_dirichlet_vs_clientlt/topology/protocol=clientlt/lambda=0.25/seed=1/per_tail_class_metrics.csv,20,class_id; global_count; support_client_count; top1_mass; top2_mass; effective_client_number; normalized_entropy; support_clients,2001
expD_dirichlet_vs_clientlt,output/expD_dirichlet_vs_clientlt/topology/protocol=clientlt/lambda=0.25/seed=2/per_client_metrics.csv,50,client_id; num_samples; head_samples; tail_samples; tail_purity; is_derived_tail_specialist; is_designated_tail_client,2305
expD_dirichlet_vs_clientlt,output/expD_dirichlet_vs_clientlt/topology/protocol=clientlt/lambda=0.25/seed=2/per_tail_class_metrics.csv,20,class_id; global_count; support_client_count; top1_mass; top2_mass; effective_client_number; normalized_entropy; support_clients,1950
expD_dirichlet_vs_clientlt,output/expD_dirichlet_vs_clientlt/topology/protocol=clientlt/lambda=0.25/seed=3/per_client_metrics.csv,50,client_id; num_samples; head_samples; tail_samples; tail_purity; is_derived_tail_specialist; is_designated_tail_client,2244
expD_dirichlet_vs_clientlt,output/expD_dirichlet_vs_clientlt/topology/protocol=clientlt/lambda=0.25/seed=3/per_tail_class_metrics.csv,20,class_id; global_count; support_client_count; top1_mass; top2_mass; effective_client_number; normalized_entropy; support_clients,2014
expD_dirichlet_vs_clientlt,output/expD_dirichlet_vs_clientlt/topology/protocol=clientlt/lambda=0.50/seed=1/per_client_metrics.csv,50,client_id; num_samples; head_samples; tail_samples; tail_purity; is_derived_tail_specialist; is_designated_tail_client,2184
expD_dirichlet_vs_clientlt,output/expD_dirichlet_vs_clientlt/topology/protocol=clientlt/lambda=0.50/seed=1/per_tail_class_metrics.csv,20,class_id; global_count; support_client_count; top1_mass; top2_mass; effective_client_number; normalized_entropy; support_clients,1940
expD_dirichlet_vs_clientlt,output/expD_dirichlet_vs_clientlt/topology/protocol=clientlt/lambda=0.50/seed=2/per_client_metrics.csv,50,client_id; num_samples; head_samples; tail_samples; tail_purity; is_derived_tail_specialist; is_designated_tail_client,2233
expD_dirichlet_vs_clientlt,output/expD_dirichlet_vs_clientlt/topology/protocol=clientlt/lambda=0.50/seed=2/per_tail_class_metrics.csv,20,class_id; global_count; support_client_count; top1_mass; top2_mass; effective_client_number; normalized_entropy; support_clients,1877
expD_dirichlet_vs_clientlt,output/expD_dirichlet_vs_clientlt/topology/protocol=clientlt/lambda=0.50/seed=3/per_client_metrics.csv,50,client_id; num_samples; head_samples; tail_samples; tail_purity; is_derived_tail_specialist; is_designated_tail_client,2188
expD_dirichlet_vs_clientlt,output/expD_dirichlet_vs_clientlt/topology/protocol=clientlt/lambda=0.50/seed=3/per_tail_class_metrics.csv,20,class_id; global_count; support_client_count; top1_mass; top2_mass; effective_client_number; normalized_entropy; support_clients,1890
expD_dirichlet_vs_clientlt,output/expD_dirichlet_vs_clientlt/topology/protocol=clientlt/lambda=0.75/seed=1/per_client_metrics.csv,50,client_id; num_samples; head_samples; tail_samples; tail_purity; is_derived_tail_specialist; is_designated_tail_client,2074
expD_dirichlet_vs_clientlt,output/expD_dirichlet_vs_clientlt/topology/protocol=clientlt/lambda=0.75/seed=1/per_tail_class_metrics.csv,20,class_id; global_count; support_client_count; top1_mass; top2_mass; effective_client_number; normalized_entropy; support_clients,1788
expD_dirichlet_vs_clientlt,output/expD_dirichlet_vs_clientlt/topology/protocol=clientlt/lambda=0.75/seed=2/per_client_metrics.csv,50,client_id; num_samples; head_samples; tail_samples; tail_purity; is_derived_tail_specialist; is_designated_tail_client,2060
expD_dirichlet_vs_clientlt,output/expD_dirichlet_vs_clientlt/topology/protocol=clientlt/lambda=0.75/seed=2/per_tail_class_metrics.csv,20,class_id; global_count; support_client_count; top1_mass; top2_mass; effective_client_number; normalized_entropy; support_clients,1821
expD_dirichlet_vs_clientlt,output/expD_dirichlet_vs_clientlt/topology/protocol=clientlt/lambda=0.75/seed=3/per_client_metrics.csv,50,client_id; num_samples; head_samples; tail_samples; tail_purity; is_derived_tail_specialist; is_designated_tail_client,2042
expD_dirichlet_vs_clientlt,output/expD_dirichlet_vs_clientlt/topology/protocol=clientlt/lambda=0.75/seed=3/per_tail_class_metrics.csv,20,class_id; global_count; support_client_count; top1_mass; top2_mass; effective_client_number; normalized_entropy; support_clients,1813
expD_dirichlet_vs_clientlt,output/expD_dirichlet_vs_clientlt/topology/protocol=clientlt/lambda=1.00/seed=1/per_client_metrics.csv,50,client_id; num_samples; head_samples; tail_samples; tail_purity; is_derived_tail_specialist; is_designated_tail_client,1582
expD_dirichlet_vs_clientlt,output/expD_dirichlet_vs_clientlt/topology/protocol=clientlt/lambda=1.00/seed=1/per_tail_class_metrics.csv,20,class_id; global_count; support_client_count; top1_mass; top2_mass; effective_client_number; normalized_entropy; support_clients,1495
expD_dirichlet_vs_clientlt,output/expD_dirichlet_vs_clientlt/topology/protocol=clientlt/lambda=1.00/seed=2/per_client_metrics.csv,50,client_id; num_samples; head_samples; tail_samples; tail_purity; is_derived_tail_specialist; is_designated_tail_client,1580
expD_dirichlet_vs_clientlt,output/expD_dirichlet_vs_clientlt/topology/protocol=clientlt/lambda=1.00/seed=2/per_tail_class_metrics.csv,20,class_id; global_count; support_client_count; top1_mass; top2_mass; effective_client_number; normalized_entropy; support_clients,1312
expD_dirichlet_vs_clientlt,output/expD_dirichlet_vs_clientlt/topology/protocol=clientlt/lambda=1.00/seed=3/per_client_metrics.csv,50,client_id; num_samples; head_samples; tail_samples; tail_purity; is_derived_tail_specialist; is_designated_tail_client,1580
expD_dirichlet_vs_clientlt,output/expD_dirichlet_vs_clientlt/topology/protocol=clientlt/lambda=1.00/seed=3/per_tail_class_metrics.csv,20,class_id; global_count; support_client_count; top1_mass; top2_mass; effective_client_number; normalized_entropy; support_clients,1143
expD_dirichlet_vs_clientlt,output/expD_dirichlet_vs_clientlt/topology/protocol=dirichlet/beta=0.03/seed=1/per_client_metrics.csv,50,client_id; num_samples; head_samples; tail_samples; tail_purity; is_derived_tail_specialist; is_designated_tail_client,2034
expD_dirichlet_vs_clientlt,output/expD_dirichlet_vs_clientlt/topology/protocol=dirichlet/beta=0.03/seed=1/per_tail_class_metrics.csv,20,class_id; global_count; support_client_count; top1_mass; top2_mass; effective_client_number; normalized_entropy; support_clients,1773
expD_dirichlet_vs_clientlt,output/expD_dirichlet_vs_clientlt/topology/protocol=dirichlet/beta=0.03/seed=2/per_client_metrics.csv,50,client_id; num_samples; head_samples; tail_samples; tail_purity; is_derived_tail_specialist; is_designated_tail_client,2003
expD_dirichlet_vs_clientlt,output/expD_dirichlet_vs_clientlt/topology/protocol=dirichlet/beta=0.03/seed=2/per_tail_class_metrics.csv,20,class_id; global_count; support_client_count; top1_mass; top2_mass; effective_client_number; normalized_entropy; support_clients,1802
expD_dirichlet_vs_clientlt,output/expD_dirichlet_vs_clientlt/topology/protocol=dirichlet/beta=0.03/seed=3/per_client_metrics.csv,50,client_id; num_samples; head_samples; tail_samples; tail_purity; is_derived_tail_specialist; is_designated_tail_client,1972
expD_dirichlet_vs_clientlt,output/expD_dirichlet_vs_clientlt/topology/protocol=dirichlet/beta=0.03/seed=3/per_tail_class_metrics.csv,20,class_id; global_count; support_client_count; top1_mass; top2_mass; effective_client_number; normalized_entropy; support_clients,1804
expD_dirichlet_vs_clientlt,output/expD_dirichlet_vs_clientlt/topology/protocol=dirichlet/beta=0.05/seed=1/per_client_metrics.csv,50,client_id; num_samples; head_samples; tail_samples; tail_purity; is_derived_tail_specialist; is_designated_tail_client,1931
expD_dirichlet_vs_clientlt,output/expD_dirichlet_vs_clientlt/topology/protocol=dirichlet/beta=0.05/seed=1/per_tail_class_metrics.csv,20,class_id; global_count; support_client_count; top1_mass; top2_mass; effective_client_number; normalized_entropy; support_clients,1801
expD_dirichlet_vs_clientlt,output/expD_dirichlet_vs_clientlt/topology/protocol=dirichlet/beta=0.05/seed=2/per_client_metrics.csv,50,client_id; num_samples; head_samples; tail_samples; tail_purity; is_derived_tail_specialist; is_designated_tail_client,2016
expD_dirichlet_vs_clientlt,output/expD_dirichlet_vs_clientlt/topology/protocol=dirichlet/beta=0.05/seed=2/per_tail_class_metrics.csv,20,class_id; global_count; support_client_count; top1_mass; top2_mass; effective_client_number; normalized_entropy; support_clients,1828
expD_dirichlet_vs_clientlt,output/expD_dirichlet_vs_clientlt/topology/protocol=dirichlet/beta=0.05/seed=3/per_client_metrics.csv,50,client_id; num_samples; head_samples; tail_samples; tail_purity; is_derived_tail_specialist; is_designated_tail_client,1980
expD_dirichlet_vs_clientlt,output/expD_dirichlet_vs_clientlt/topology/protocol=dirichlet/beta=0.05/seed=3/per_tail_class_metrics.csv,20,class_id; global_count; support_client_count; top1_mass; top2_mass; effective_client_number; normalized_entropy; support_clients,1871
expD_dirichlet_vs_clientlt,output/expD_dirichlet_vs_clientlt/topology/protocol=dirichlet/beta=0.10/seed=1/per_client_metrics.csv,50,client_id; num_samples; head_samples; tail_samples; tail_purity; is_derived_tail_specialist; is_designated_tail_client,2074
expD_dirichlet_vs_clientlt,output/expD_dirichlet_vs_clientlt/topology/protocol=dirichlet/beta=0.10/seed=1/per_tail_class_metrics.csv,20,class_id; global_count; support_client_count; top1_mass; top2_mass; effective_client_number; normalized_entropy; support_clients,1996
expD_dirichlet_vs_clientlt,output/expD_dirichlet_vs_clientlt/topology/protocol=dirichlet/beta=0.10/seed=2/per_client_metrics.csv,50,client_id; num_samples; head_samples; tail_samples; tail_purity; is_derived_tail_specialist; is_designated_tail_client,2064
expD_dirichlet_vs_clientlt,output/expD_dirichlet_vs_clientlt/topology/protocol=dirichlet/beta=0.10/seed=2/per_tail_class_metrics.csv,20,class_id; global_count; support_client_count; top1_mass; top2_mass; effective_client_number; normalized_entropy; support_clients,1981
expD_dirichlet_vs_clientlt,output/expD_dirichlet_vs_clientlt/topology/protocol=dirichlet/beta=0.10/seed=3/per_client_metrics.csv,50,client_id; num_samples; head_samples; tail_samples; tail_purity; is_derived_tail_specialist; is_designated_tail_client,2087
expD_dirichlet_vs_clientlt,output/expD_dirichlet_vs_clientlt/topology/protocol=dirichlet/beta=0.10/seed=3/per_tail_class_metrics.csv,20,class_id; global_count; support_client_count; top1_mass; top2_mass; effective_client_number; normalized_entropy; support_clients,2030
expD_dirichlet_vs_clientlt,output/expD_dirichlet_vs_clientlt/topology/protocol=dirichlet/beta=0.20/seed=1/per_client_metrics.csv,50,client_id; num_samples; head_samples; tail_samples; tail_purity; is_derived_tail_specialist; is_designated_tail_client,2160
expD_dirichlet_vs_clientlt,output/expD_dirichlet_vs_clientlt/topology/protocol=dirichlet/beta=0.20/seed=1/per_tail_class_metrics.csv,20,class_id; global_count; support_client_count; top1_mass; top2_mass; effective_client_number; normalized_entropy; support_clients,2002
expD_dirichlet_vs_clientlt,output/expD_dirichlet_vs_clientlt/topology/protocol=dirichlet/beta=0.20/seed=2/per_client_metrics.csv,50,client_id; num_samples; head_samples; tail_samples; tail_purity; is_derived_tail_specialist; is_designated_tail_client,2098
expD_dirichlet_vs_clientlt,output/expD_dirichlet_vs_clientlt/topology/protocol=dirichlet/beta=0.20/seed=2/per_tail_class_metrics.csv,20,class_id; global_count; support_client_count; top1_mass; top2_mass; effective_client_number; normalized_entropy; support_clients,2017
expD_dirichlet_vs_clientlt,output/expD_dirichlet_vs_clientlt/topology/protocol=dirichlet/beta=0.20/seed=3/per_client_metrics.csv,50,client_id; num_samples; head_samples; tail_samples; tail_purity; is_derived_tail_specialist; is_designated_tail_client,2107
expD_dirichlet_vs_clientlt,output/expD_dirichlet_vs_clientlt/topology/protocol=dirichlet/beta=0.20/seed=3/per_tail_class_metrics.csv,20,class_id; global_count; support_client_count; top1_mass; top2_mass; effective_client_number; normalized_entropy; support_clients,2044
expD_dirichlet_vs_clientlt,output/expD_dirichlet_vs_clientlt/topology/protocol=dirichlet/beta=0.30/seed=1/per_client_metrics.csv,50,client_id; num_samples; head_samples; tail_samples; tail_purity; is_derived_tail_specialist; is_designated_tail_client,2129
expD_dirichlet_vs_clientlt,output/expD_dirichlet_vs_clientlt/topology/protocol=dirichlet/beta=0.30/seed=1/per_tail_class_metrics.csv,20,class_id; global_count; support_client_count; top1_mass; top2_mass; effective_client_number; normalized_entropy; support_clients,2010
expD_dirichlet_vs_clientlt,output/expD_dirichlet_vs_clientlt/topology/protocol=dirichlet/beta=0.30/seed=2/per_client_metrics.csv,50,client_id; num_samples; head_samples; tail_samples; tail_purity; is_derived_tail_specialist; is_designated_tail_client,2160
expD_dirichlet_vs_clientlt,output/expD_dirichlet_vs_clientlt/topology/protocol=dirichlet/beta=0.30/seed=2/per_tail_class_metrics.csv,20,class_id; global_count; support_client_count; top1_mass; top2_mass; effective_client_number; normalized_entropy; support_clients,2099
expD_dirichlet_vs_clientlt,output/expD_dirichlet_vs_clientlt/topology/protocol=dirichlet/beta=0.30/seed=3/per_client_metrics.csv,50,client_id; num_samples; head_samples; tail_samples; tail_purity; is_derived_tail_specialist; is_designated_tail_client,2189
expD_dirichlet_vs_clientlt,output/expD_dirichlet_vs_clientlt/topology/protocol=dirichlet/beta=0.30/seed=3/per_tail_class_metrics.csv,20,class_id; global_count; support_client_count; top1_mass; top2_mass; effective_client_number; normalized_entropy; support_clients,2030
expD_dirichlet_vs_clientlt,output/expD_dirichlet_vs_clientlt/topology/protocol=dirichlet/beta=0.50/seed=1/per_client_metrics.csv,50,client_id; num_samples; head_samples; tail_samples; tail_purity; is_derived_tail_specialist; is_designated_tail_client,2102
expD_dirichlet_vs_clientlt,output/expD_dirichlet_vs_clientlt/topology/protocol=dirichlet/beta=0.50/seed=1/per_tail_class_metrics.csv,20,class_id; global_count; support_client_count; top1_mass; top2_mass; effective_client_number; normalized_entropy; support_clients,2039
expD_dirichlet_vs_clientlt,output/expD_dirichlet_vs_clientlt/topology/protocol=dirichlet/beta=0.50/seed=2/per_client_metrics.csv,50,client_id; num_samples; head_samples; tail_samples; tail_purity; is_derived_tail_specialist; is_designated_tail_client,2127
expD_dirichlet_vs_clientlt,output/expD_dirichlet_vs_clientlt/topology/protocol=dirichlet/beta=0.50/seed=2/per_tail_class_metrics.csv,20,class_id; global_count; support_client_count; top1_mass; top2_mass; effective_client_number; normalized_entropy; support_clients,2084
expD_dirichlet_vs_clientlt,output/expD_dirichlet_vs_clientlt/topology/protocol=dirichlet/beta=0.50/seed=3/per_client_metrics.csv,50,client_id; num_samples; head_samples; tail_samples; tail_purity; is_derived_tail_specialist; is_designated_tail_client,2160
expD_dirichlet_vs_clientlt,output/expD_dirichlet_vs_clientlt/topology/protocol=dirichlet/beta=0.50/seed=3/per_tail_class_metrics.csv,20,class_id; global_count; support_client_count; top1_mass; top2_mass; effective_client_number; normalized_entropy; support_clients,2013
expD_dirichlet_vs_clientlt,output/expD_dirichlet_vs_clientlt/topology/protocol=dirichlet/beta=1.00/seed=1/per_client_metrics.csv,50,client_id; num_samples; head_samples; tail_samples; tail_purity; is_derived_tail_specialist; is_designated_tail_client,2146
expD_dirichlet_vs_clientlt,output/expD_dirichlet_vs_clientlt/topology/protocol=dirichlet/beta=1.00/seed=1/per_tail_class_metrics.csv,20,class_id; global_count; support_client_count; top1_mass; top2_mass; effective_client_number; normalized_entropy; support_clients,2071
expD_dirichlet_vs_clientlt,output/expD_dirichlet_vs_clientlt/topology/protocol=dirichlet/beta=1.00/seed=2/per_client_metrics.csv,50,client_id; num_samples; head_samples; tail_samples; tail_purity; is_derived_tail_specialist; is_designated_tail_client,2094
expD_dirichlet_vs_clientlt,output/expD_dirichlet_vs_clientlt/topology/protocol=dirichlet/beta=1.00/seed=2/per_tail_class_metrics.csv,20,class_id; global_count; support_client_count; top1_mass; top2_mass; effective_client_number; normalized_entropy; support_clients,2044
expD_dirichlet_vs_clientlt,output/expD_dirichlet_vs_clientlt/topology/protocol=dirichlet/beta=1.00/seed=3/per_client_metrics.csv,50,client_id; num_samples; head_samples; tail_samples; tail_purity; is_derived_tail_specialist; is_designated_tail_client,2122
expD_dirichlet_vs_clientlt,output/expD_dirichlet_vs_clientlt/topology/protocol=dirichlet/beta=1.00/seed=3/per_tail_class_metrics.csv,20,class_id; global_count; support_client_count; top1_mass; top2_mass; effective_client_number; normalized_entropy; support_clients,2016
expD_dirichlet_vs_clientlt,output/expD_dirichlet_vs_clientlt/topology/protocol=dirichlet/beta=2.00/seed=1/per_client_metrics.csv,50,client_id; num_samples; head_samples; tail_samples; tail_purity; is_derived_tail_specialist; is_designated_tail_client,2158
expD_dirichlet_vs_clientlt,output/expD_dirichlet_vs_clientlt/topology/protocol=dirichlet/beta=2.00/seed=1/per_tail_class_metrics.csv,20,class_id; global_count; support_client_count; top1_mass; top2_mass; effective_client_number; normalized_entropy; support_clients,2068
expD_dirichlet_vs_clientlt,output/expD_dirichlet_vs_clientlt/topology/protocol=dirichlet/beta=2.00/seed=2/per_client_metrics.csv,50,client_id; num_samples; head_samples; tail_samples; tail_purity; is_derived_tail_specialist; is_designated_tail_client,2100
expD_dirichlet_vs_clientlt,output/expD_dirichlet_vs_clientlt/topology/protocol=dirichlet/beta=2.00/seed=2/per_tail_class_metrics.csv,20,class_id; global_count; support_client_count; top1_mass; top2_mass; effective_client_number; normalized_entropy; support_clients,2051
expD_dirichlet_vs_clientlt,output/expD_dirichlet_vs_clientlt/topology/protocol=dirichlet/beta=2.00/seed=3/per_client_metrics.csv,50,client_id; num_samples; head_samples; tail_samples; tail_purity; is_derived_tail_specialist; is_designated_tail_client,2169
expD_dirichlet_vs_clientlt,output/expD_dirichlet_vs_clientlt/topology/protocol=dirichlet/beta=2.00/seed=3/per_tail_class_metrics.csv,20,class_id; global_count; support_client_count; top1_mass; top2_mass; effective_client_number; normalized_entropy; support_clients,2053
experiment1_global_longtail_verification,output/experiment1_global_longtail_verification/controlled_variables.csv,21,variable; value; role,1428
experiment1_global_longtail_verification,output/experiment1_global_longtail_verification/global_class_counts.csv,100,class_id; class_name; group; dirichlet_global_count; client_lt_global_count; absolute_difference,2548
experiment1_global_longtail_verification,output/experiment1_global_longtail_verification/global_count_verification.csv,2,split; protocol; l1_count_difference; max_class_count_difference; num_mismatched_classes; matches_reference,168
experiment1_global_longtail_verification,output/experiment1_global_longtail_verification/global_longtail_summary.csv,2,split; protocol; total_samples; num_classes; imbalance_factor; max_class_count; min_positive_class_count; mean_class_count; median_class_count; head_classes; middle_classes; tail_classes,331
experiment1_global_longtail_verification,output/experiment1_global_longtail_verification/head_medium_tail_split.csv,100,class_id; class_name; global_count; group,1975
factor_roles_analysis,output/factor_roles_analysis/analysis/budget.csv,1440,origin; round; topology; factor; loss; client_id; optimizer_steps; samples; effective_delta_norm; parameter_delta_norm; seconds; peak_cuda_mb,190266
factor_roles_analysis,output/factor_roles_analysis/analysis/candidates.csv,192,origin; round; mode; topology; factor; loss; weighting; raw_effective_norm; effective_norm; norm_target; multiplier; norm_comparable; norm_relative_error; overall; head20; middle60; tail20; nontail80; probe_tail_logodds; delta_anchor_overall; delta_anchor_head20; delta_anchor_middle60; delta_anchor_tail20; delta_anchor_nontail80; delta_anchor_probe_tail_logodds,60285
factor_roles_analysis,output/factor_roles_analysis/analysis/class_exposure.csv,1200,origin; round; topology; class_id; global_prior; sample_weighted_class_mass; uniform_weighted_class_mass,129382
factor_roles_analysis,output/factor_roles_analysis/analysis/intervention_effects.csv,1152,origin; round; mode; topology; factor; correction; condition; metric; before; after; gain,121970
factor_roles_analysis,output/factor_roles_analysis/analysis/paired_role_scores.csv,12,origin; round; mode; U_A_CLT; U_B_CLT; U_A_Dir; U_B_Dir; K_A; K_B; client_interaction; C_A_CLT; C_B_CLT; class_interaction_CLT; C_A_Dir; C_B_Dir; class_interaction_Dir; client_guard_pass; class_guard_pass; norm_comparable; client_pattern; class_pattern; joint_pattern,2273
factor_roles_analysis,output/factor_roles_analysis/analysis/per_class.csv,19200,origin; round; mode; topology; factor; loss; weighting; class_id; correct; total; accuracy; probe_logodds; delta_accuracy; delta_probe_logodds,1741856
factor_roles_analysis,output/factor_roles_analysis/review/client_update_sizes.csv,4,factor; client_group; mean_samples; mean_steps; mean_effective_delta_norm,317
factor_roles_analysis,output/factor_roles_analysis/review/effect_summary.csv,96,mode; metric; topology; factor; correction; mean; minimum; maximum; positive; zero; negative,9904
factor_roles_analysis,output/factor_roles_analysis/review/interaction_scores.csv,72,origin; round; mode; metric; K_A; K_B; client_A_minus_B; class_B_minus_A_CLT; class_B_minus_A_Dir,8225
factor_roles_analysis,output/factor_roles_analysis/review/norm_matching_dose.csv,48,origin; round; mode; factor; loss; mean_effective_norm; mean_multiplier; min_multiplier; max_multiplier,4433
factor_roles_analysis,output/factor_roles_analysis/review/paired_effects.csv,576,origin; round; mode; metric; topology; factor; correction; gain,46823
factor_roles_analysis,output/factor_roles_analysis/review/tail_count_changes.csv,24,origin; round; mode; factor; tail_net_correct_change; tail_classes_with_changed_correct_count,981
functional_breadth_p0_p1_seed42,output/functional_breadth_p0_p1_seed42/p0_frac1_audit/frac1_run_inventory.csv,19,source_log; declared_output_dir; model; trainer; parameter_carrier; partition; num_users; frac; local_epochs; seed; rounds_configured; eval_points; final_tail_acc; best_tail_acc; best_tail_eval_index; best_tail_round; best_to_final_drop_pp; per_round_trajectory_available; trajectory_storage; metric_source; client_schedule_file; split_seed; specialization_lambda; intra_group_alpha; head_leakage_scale; head_client_ratio; tail_client_ratio; head_class_ratio; tail_class_ratio; imb_factor; causal_status; command; duplicate_log_count; duplicate_logs,44216
functional_breadth_p0_p1_seed42,output/functional_breadth_p0_p1_seed42/p0_frac1_audit/parse_failures.csv,0,,2
functional_breadth_p0_p1_seed42_v2,output/functional_breadth_p0_p1_seed42_v2/p0_frac1_audit/frac1_run_inventory.csv,0,,2
functional_breadth_p0_p1_seed42_v2,output/functional_breadth_p0_p1_seed42_v2/p0_frac1_audit/parse_failures.csv,0,,2
functional_breadth_p0_p1_seed42_v2,output/functional_breadth_p0_p1_seed42_v2/p1_functional_breadth/actual_merged_boundary_gains.csv,2400,tail_class; candidate_a; candidate_b; boundary_neighbor_class; semantic_neighbor_rank; private_sample_count; actual_merged_boundary_gain; selection_split,126764
functional_breadth_p0_p1_seed42_v2,output/functional_breadth_p0_p1_seed42_v2/p1_functional_breadth/actual_merged_summary.csv,240,tail_class; candidate_a; candidate_b; actual_positive_strength; actual_effective_breadth; actual_positive_boundary_count; actual_negative_boundary_harm; actual_head_margin_gain; actual_head_accuracy_gain; update_l2; direct_tail_cosine; candidate_sample_count; optimizer_steps,32661
functional_breadth_p0_p1_seed42_v2,output/functional_breadth_p0_p1_seed42_v2/p1_functional_breadth/candidate_direct_tail_cosine.csv,1600,tail_class; candidate_class; candidate_direct_tail_cosine,44437
functional_breadth_p0_p1_seed42_v2,output/functional_breadth_p0_p1_seed42_v2/p1_functional_breadth/candidate_state_inventory.csv,80,candidate_class; state_path; state_sha256; theta0_hash; update_l2; candidate_sample_count; optimizer_steps_successful; scheduler_steps; amp_overflow_count; source_reused_without_training,22668
functional_breadth_p0_p1_seed42_v2,output/functional_breadth_p0_p1_seed42_v2/p1_functional_breadth/contrast_shortlist.csv,160,tail_class; broad_a; broad_b; narrow_a; narrow_b; predicted_breadth_gap; predicted_match_distance; shortlist_score,11353
functional_breadth_p0_p1_seed42_v2,output/functional_breadth_p0_p1_seed42_v2/p1_functional_breadth/hard_boundary_manifest.csv,200,tail_class; boundary_neighbor_class; semantic_neighbor_rank,1855
functional_breadth_p0_p1_seed42_v2,output/functional_breadth_p0_p1_seed42_v2/p1_functional_breadth/head_safety_manifest.csv,240,data_seed; role; class_id; slot; raw_train_index; base_sample_id; label; excluded_from_all_carrier_b_training; outside_federated_lt_pool,14355
functional_breadth_p0_p1_seed42_v2,output/functional_breadth_p0_p1_seed42_v2/p1_functional_breadth/matched_broad_narrow_pairs.csv,20,tail_class; broad_a; broad_b; narrow_a; narrow_b; predicted_breadth_gap; predicted_match_distance; shortlist_score; broad_actual_positive_strength; narrow_actual_positive_strength; broad_actual_effective_breadth; narrow_actual_effective_breadth; actual_effective_breadth_gap; actual_strength_symmetric_relative_gap; actual_update_norm_symmetric_relative_gap; actual_head_margin_gain_gap; actual_direct_tail_cosine_gap; strength_match; norm_match; head_match; cosine_match; breadth_separated; budget_match; matched_pair_pass; selection_used_test_metrics,6264
functional_breadth_p0_p1_seed42_v2,output/functional_breadth_p0_p1_seed42_v2/p1_functional_breadth/pair_screen.csv,63200,tail_class; candidate_a; candidate_b; donor_count; predicted_update_l2; predicted_head_margin_gain; predicted_direct_tail_cosine; candidate_sample_count; optimizer_steps; predicted_positive_strength; predicted_effective_breadth; predicted_positive_boundary_count; predicted_negative_boundary_harm,8742418
functional_breadth_p0_p1_seed42_v2,output/functional_breadth_p0_p1_seed42_v2/p1_functional_breadth/private_boundary_gains.csv,16000,tail_class; candidate_class; boundary_neighbor_class; semantic_neighbor_rank; private_sample_count; baseline_boundary_margin; updated_boundary_margin; private_boundary_gain; selection_split,1383387
functional_breadth_p0_p1_seed42_v2,output/functional_breadth_p0_p1_seed42_v2/p1_functional_breadth/private_head_safety.csv,80,candidate_class; head_sample_count; private_head_margin_gain; private_head_accuracy_gain; private_head_harm; selection_split,4442
functional_cusp_gate_seed42,output/functional_cusp_gate_seed42/clientlt_gate/candidate_manifest.csv,4,candidate_id; method; update_norm; norm_budget; candidate_hash; fallback; raw_norm; scale_factor; fallback_reason,760
functional_cusp_gate_seed42,output/functional_cusp_gate_seed42/clientlt_gate/candidate_metrics.csv,4,partition; seed; round; candidate_id; method; update_norm; overall_acc; macro_acc; head_acc; tail_acc,483
functional_cusp_gate_seed42,output/functional_cusp_gate_seed42/clientlt_gate/candidate_per_class_metrics.csv,400,candidate_id; method; class_id; test_count; correct_count; class_acc,18983
functional_cusp_gate_seed42,output/functional_cusp_gate_seed42/clientlt_gate/class_functional_diagnostics.csv,100,class_id; support_client_count; effective_client_number; utility_mean; utility_std; sign_agreement; predicted_steering_utility; global_train_count; partition; seed; realized_test_class_delta,12023
functional_cusp_gate_seed42,output/functional_cusp_gate_seed42/dirichlet_gate/candidate_manifest.csv,4,candidate_id; method; update_norm; norm_budget; candidate_hash; fallback; raw_norm; scale_factor; fallback_reason,764
functional_cusp_gate_seed42,output/functional_cusp_gate_seed42/dirichlet_gate/candidate_metrics.csv,4,partition; seed; round; candidate_id; method; update_norm; overall_acc; macro_acc; head_acc; tail_acc,533
functional_cusp_gate_seed42,output/functional_cusp_gate_seed42/dirichlet_gate/candidate_per_class_metrics.csv,400,candidate_id; method; class_id; test_count; correct_count; class_acc,19019
functional_cusp_gate_seed42,output/functional_cusp_gate_seed42/dirichlet_gate/class_functional_diagnostics.csv,100,class_id; support_client_count; effective_client_number; utility_mean; utility_std; sign_agreement; predicted_steering_utility; global_train_count; partition; seed; realized_test_class_delta,12513
la_control_ablation_analysis,output/la_control_ablation_analysis/la_control/analysis/comparisons.csv,70,method_run; baseline_run; metric; last20_method_minus_baseline; training_code_hashes_equal; equal_total_optimizer_steps; comparison,17884
la_control_ablation_analysis,output/la_control_ablation_analysis/la_control/analysis/costs.csv,10,run; completed_round; normal_optimizer_steps; extra_optimizer_steps; unselected_branch_optimizer_steps; total_optimizer_steps; committed_a_optimizer_steps; committed_b_optimizer_steps; a_refresh_events; normal_ab_events; attempted_decisions; accepted_A_decisions; failure_count; freeze_A_forever; freeze_round; feedback_passes; official_test_passes; best_valid_anchor; elapsed_seconds; committed_training_seconds; feedback_seconds; official_test_seconds; feedback_sample_presentations; training_upload_bytes; feedback_upload_bytes; modeled_downlink_bytes,2574
la_control_ablation_analysis,output/la_control_ablation_analysis/la_control/analysis/decisions.csv,18,run; candidate_round; decision_round; selected_branch; accepted_A; failure_count; accepted_A_count; pass_gain; pass_tail; pass_history; anchor_before; anchor_after; selected_history_eligible; anchor_updated; selected_J; freeze_A; rollback_applied; rollback_distance_rounds; a_lr; min_gain; tail_tolerance; history_tolerance; instant_G_all; instant_G_tail; instant_G_hist; instant_bottom5_tail_ids; instant_bottom5_history_ids; instant_g_mean; instant_g_std; instant_tail_g_mean; instant_tail_g_std; instant_bottom5_g_std; delayed_G_all; delayed_G_tail; delayed_G_hist; delayed_bottom5_tail_ids; delayed_bottom5_history_ids; delayed_g_mean; delayed_g_std; delayed_tail_g_mean; delayed_tail_g_std; delayed_bottom5_g_std; P_all; P_tail; P_hist; common_rng_start; A_rng_end; B_rng_end; A_effective_update_norm; B_effective_update_norm,18260
la_control_ablation_analysis,output/la_control_ablation_analysis/la_control/analysis/la_refresh_interactions.csv,5,seed; topology; metric; e0; e1; e2; e3; refresh_gain_without_la; refresh_gain_with_la; la_refresh_interaction; training_code_hashes_equal; comparison,1819
la_control_ablation_analysis,output/la_control_ablation_analysis/la_control/analysis/performance.csv,50,run; seed; topology; method; metric; initial; last20; final; peak; peak_round; best_to_final,7035
la_control_ablation_analysis,output/la_control_ablation_analysis/la_control/analysis/topology_gaps.csv,15,CLT_run; Dir_run; method; metric; last20_Dir_minus_CLT,2334
la_control_ablation_analysis,output/la_control_ablation_analysis/la_control/seed42/client-longtail/e0/tau0_a1_protocol42/budget.csv,3270,event_id; round; candidate_round; branch; phase; client_id; optimizer_steps; scheduler_steps; sample_presentations; committed; trainable_factor; a_optimizer_steps; b_optimizer_steps; upload_bytes; modeled_downlink_bytes,264490
la_control_ablation_analysis,output/la_control_ablation_analysis/la_control/seed42/client-longtail/e0/tau0_a1_protocol42/evaluation_budget.csv,101,label; kind; seconds; sample_presentations; upload_bytes; modeled_downlink_bytes,6284
la_control_ablation_analysis,output/la_control_ablation_analysis/la_control/seed42/client-longtail/e0/tau0_a1_protocol42/event_manifest.csv,109,seed; topology; method; round; phase; active_factor; reconstruction_max_abs_error; frozen_factor_max_abs_error; reconstruction_passed; optimizer_steps; sample_presentations; delta_a_norm; delta_b_norm; effective_delta_norm; new_input_direction_norm; new_direction_fraction; a_drift_from_initial; mean_a_subspace_change; mean_a_subspace_from_initial; event_id; branch; candidate_round; selected_client_ids; server_weights; before_lora_sha256; after_lora_sha256; committed; decision_round; seconds; state_path,129738
la_control_ablation_analysis,output/la_control_ablation_analysis/la_control/seed42/client-longtail/e0/tau0_a1_protocol42/round_metrics.csv,101,epoch; round; decision_round; method; partition; seed; overall_acc; non_tail_acc; head20_acc; middle60_acc; bottom20_tail_acc; macro_per_class_acc,7800
la_control_ablation_analysis,output/la_control_ablation_analysis/la_control/seed42/client-longtail/e0/tau0_a1_protocol42/protocol/partition_source.csv,10847,raw_sample_id; class_id; client_id; local_position,171076
la_control_ablation_analysis,output/la_control_ablation_analysis/la_control/seed42/client-longtail/e0/tau0_a1_protocol42/protocol/probe_manifest.csv,200,class_id; slot; raw_train_index; excluded_from_federated_lt_pool,2814
la_control_ablation_analysis,output/la_control_ablation_analysis/la_control/seed42/client-longtail/e1/tau0_a1_protocol42/budget.csv,3270,event_id; round; candidate_round; branch; phase; client_id; optimizer_steps; scheduler_steps; sample_presentations; committed; trainable_factor; a_optimizer_steps; b_optimizer_steps; upload_bytes; modeled_downlink_bytes,265570
la_control_ablation_analysis,output/la_control_ablation_analysis/la_control/seed42/client-longtail/e1/tau0_a1_protocol42/evaluation_budget.csv,101,label; kind; seconds; sample_presentations; upload_bytes; modeled_downlink_bytes,6283
la_control_ablation_analysis,output/la_control_ablation_analysis/la_control/seed42/client-longtail/e1/tau0_a1_protocol42/event_manifest.csv,109,seed; topology; method; round; phase; active_factor; reconstruction_max_abs_error; frozen_factor_max_abs_error; reconstruction_passed; optimizer_steps; sample_presentations; delta_a_norm; delta_b_norm; effective_delta_norm; new_input_direction_norm; new_direction_fraction; a_drift_from_initial; mean_a_subspace_change; mean_a_subspace_from_initial; event_id; branch; candidate_round; selected_client_ids; server_weights; before_lora_sha256; after_lora_sha256; committed; decision_round; seconds; state_path,130074
la_control_ablation_analysis,output/la_control_ablation_analysis/la_control/seed42/client-longtail/e1/tau0_a1_protocol42/round_metrics.csv,101,epoch; round; decision_round; method; partition; seed; overall_acc; non_tail_acc; head20_acc; middle60_acc; bottom20_tail_acc; macro_per_class_acc,7671
la_control_ablation_analysis,output/la_control_ablation_analysis/la_control/seed42/client-longtail/e1/tau0_a1_protocol42/protocol/partition_source.csv,10847,raw_sample_id; class_id; client_id; local_position,171076
la_control_ablation_analysis,output/la_control_ablation_analysis/la_control/seed42/client-longtail/e1/tau0_a1_protocol42/protocol/probe_manifest.csv,200,class_id; slot; raw_train_index; excluded_from_federated_lt_pool,2814
la_control_ablation_analysis,output/la_control_ablation_analysis/la_control/seed42/client-longtail/e2/tau1_a1_protocol42/budget.csv,3270,event_id; round; candidate_round; branch; phase; client_id; optimizer_steps; scheduler_steps; sample_presentations; committed; trainable_factor; upload_bytes; modeled_downlink_bytes,248449
la_control_ablation_analysis,output/la_control_ablation_analysis/la_control/seed42/client-longtail/e2/tau1_a1_protocol42/evaluation_budget.csv,101,label; kind; seconds; sample_presentations; upload_bytes; modeled_downlink_bytes,6292
la_control_ablation_analysis,output/la_control_ablation_analysis/la_control/seed42/client-longtail/e2/tau1_a1_protocol42/event_manifest.csv,109,seed; topology; method; round; phase; active_factor; reconstruction_max_abs_error; frozen_factor_max_abs_error; reconstruction_passed; optimizer_steps; sample_presentations; delta_a_norm; delta_b_norm; effective_delta_norm; new_input_direction_norm; new_direction_fraction; a_drift_from_initial; mean_a_subspace_change; mean_a_subspace_from_initial; event_id; branch; candidate_round; selected_client_ids; server_weights; before_lora_sha256; after_lora_sha256; committed; decision_round; seconds; state_path,129731
la_control_ablation_analysis,output/la_control_ablation_analysis/la_control/seed42/client-longtail/e2/tau1_a1_protocol42/round_metrics.csv,101,epoch; round; decision_round; method; partition; seed; overall_acc; non_tail_acc; bottom20_tail_acc; macro_per_class_acc,5785
la_control_ablation_analysis,output/la_control_ablation_analysis/la_control/seed42/client-longtail/e2/tau1_a1_protocol42/protocol/partition_source.csv,10847,raw_sample_id; class_id; client_id; local_position,171076
la_control_ablation_analysis,output/la_control_ablation_analysis/la_control/seed42/client-longtail/e2/tau1_a1_protocol42/protocol/probe_manifest.csv,200,class_id; slot; raw_train_index; excluded_from_federated_lt_pool,2814
la_control_ablation_analysis,output/la_control_ablation_analysis/la_control/seed42/client-longtail/e3/tau1_a1_protocol42/budget.csv,3270,event_id; round; candidate_round; branch; phase; client_id; optimizer_steps; scheduler_steps; sample_presentations; committed; trainable_factor; upload_bytes; modeled_downlink_bytes,249529
la_control_ablation_analysis,output/la_control_ablation_analysis/la_control/seed42/client-longtail/e3/tau1_a1_protocol42/evaluation_budget.csv,101,label; kind; seconds; sample_presentations; upload_bytes; modeled_downlink_bytes,6294
la_control_ablation_analysis,output/la_control_ablation_analysis/la_control/seed42/client-longtail/e3/tau1_a1_protocol42/event_manifest.csv,109,seed; topology; method; round; phase; active_factor; reconstruction_max_abs_error; frozen_factor_max_abs_error; reconstruction_passed; optimizer_steps; sample_presentations; delta_a_norm; delta_b_norm; effective_delta_norm; new_input_direction_norm; new_direction_fraction; a_drift_from_initial; mean_a_subspace_change; mean_a_subspace_from_initial; event_id; branch; candidate_round; selected_client_ids; server_weights; before_lora_sha256; after_lora_sha256; committed; decision_round; seconds; state_path,130157
la_control_ablation_analysis,output/la_control_ablation_analysis/la_control/seed42/client-longtail/e3/tau1_a1_protocol42/round_metrics.csv,101,epoch; round; decision_round; method; partition; seed; overall_acc; non_tail_acc; bottom20_tail_acc; macro_per_class_acc,5800
la_control_ablation_analysis,output/la_control_ablation_analysis/la_control/seed42/client-longtail/e3/tau1_a1_protocol42/protocol/partition_source.csv,10847,raw_sample_id; class_id; client_id; local_position,171076
la_control_ablation_analysis,output/la_control_ablation_analysis/la_control/seed42/client-longtail/e3/tau1_a1_protocol42/protocol/probe_manifest.csv,200,class_id; slot; raw_train_index; excluded_from_federated_lt_pool,2814
la_control_ablation_analysis,output/la_control_ablation_analysis/la_control/seed42/client-longtail/e5/tau1_a1_h2_t0.002_hist0.002_gain0.0001_p2_protocol42/budget.csv,4080,event_id; round; candidate_round; branch; phase; client_id; optimizer_steps; scheduler_steps; sample_presentations; committed; trainable_factor; upload_bytes; modeled_downlink_bytes,303223
la_control_ablation_analysis,output/la_control_ablation_analysis/la_control/seed42/client-longtail/e5/tau1_a1_h2_t0.002_hist0.002_gain0.0001_p2_protocol42/control_class_metrics.csv,900,candidate_round; decision_round; class_id; instant_g; delayed_g; history_difference; selected_vs_root; selected_vs_history; bottom5_tail; bottom5_history,120057
la_control_ablation_analysis,output/la_control_ablation_analysis/la_control/seed42/client-longtail/e5/tau1_a1_h2_t0.002_hist0.002_gain0.0001_p2_protocol42/control_decisions.csv,9,candidate_round; decision_round; selected_branch; accepted_A; failure_count; accepted_A_count; pass_gain; pass_tail; pass_history; anchor_before; anchor_after; selected_history_eligible; anchor_updated; selected_J; freeze_A; rollback_applied; rollback_distance_rounds; a_lr; min_gain; tail_tolerance; history_tolerance; instant_G_all; instant_G_tail; instant_G_hist; instant_bottom5_tail_ids; instant_bottom5_history_ids; instant_g_mean; instant_g_std; instant_tail_g_mean; instant_tail_g_std; instant_bottom5_g_std; delayed_G_all; delayed_G_tail; delayed_G_hist; delayed_bottom5_tail_ids; delayed_bottom5_history_ids; delayed_g_mean; delayed_g_std; delayed_tail_g_mean; delayed_tail_g_std; delayed_bottom5_g_std; P_all; P_tail; P_hist; common_rng_start; A_rng_end; B_rng_end; A_effective_update_norm; B_effective_update_norm,8808
la_control_ablation_analysis,output/la_control_ablation_analysis/la_control/seed42/client-longtail/e5/tau1_a1_h2_t0.002_hist0.002_gain0.0001_p2_protocol42/evaluation_budget.csv,138,label; kind; seconds; sample_presentations; upload_bytes; modeled_downlink_bytes,9154
la_control_ablation_analysis,output/la_control_ablation_analysis/la_control/seed42/client-longtail/e5/tau1_a1_h2_t0.002_hist0.002_gain0.0001_p2_protocol42/event_manifest.csv,137,seed; topology; method; round; phase; active_factor; reconstruction_max_abs_error; frozen_factor_max_abs_error; reconstruction_passed; optimizer_steps; sample_presentations; delta_a_norm; delta_b_norm; effective_delta_norm; new_input_direction_norm; new_direction_fraction; a_drift_from_initial; mean_a_subspace_change; mean_a_subspace_from_initial; event_id; branch; candidate_round; selected_client_ids; server_weights; before_lora_sha256; after_lora_sha256; committed; decision_round; seconds; state_path; rollback_applied; rollback_distance_rounds; restore_from_round,162135
la_control_ablation_analysis,output/la_control_ablation_analysis/la_control/seed42/client-longtail/e5/tau1_a1_h2_t0.002_hist0.002_gain0.0001_p2_protocol42/feedback_class_scores.csv,3700,label; class_id; margin,147636
la_control_ablation_analysis,output/la_control_ablation_analysis/la_control/seed42/client-longtail/e5/tau1_a1_h2_t0.002_hist0.002_gain0.0001_p2_protocol42/history_best.csv,9,decision_round; decision_id; selected_J; eligible; updated; best_valid_anchor; best_J,817
la_control_ablation_analysis,output/la_control_ablation_analysis/la_control/seed42/client-longtail/e5/tau1_a1_h2_t0.002_hist0.002_gain0.0001_p2_protocol42/restore_events.csv,1,event_id; round; phase; branch; candidate_round; committed; decision_round; rollback_applied; rollback_distance_rounds; restore_from_round; before_lora_sha256; after_lora_sha256; state_path; optimizer_steps,408
la_control_ablation_analysis,output/la_control_ablation_analysis/la_control/seed42/client-longtail/e5/tau1_a1_h2_t0.002_hist0.002_gain0.0001_p2_protocol42/round_metrics.csv,101,epoch; round; decision_round; method; partition; seed; overall_acc; non_tail_acc; bottom20_tail_acc; macro_per_class_acc,5790
la_control_ablation_analysis,output/la_control_ablation_analysis/la_control/seed42/client-longtail/e5/tau1_a1_h2_t0.002_hist0.002_gain0.0001_p2_protocol42/protocol/partition_source.csv,10847,raw_sample_id; class_id; client_id; local_position,171076
la_control_ablation_analysis,output/la_control_ablation_analysis/la_control/seed42/client-longtail/e5/tau1_a1_h2_t0.002_hist0.002_gain0.0001_p2_protocol42/protocol/probe_manifest.csv,200,class_id; slot; raw_train_index; excluded_from_federated_lt_pool,2814
la_control_ablation_analysis,output/la_control_ablation_analysis/la_control/seed42/client-longtail/j/tau1_a1_protocol42/budget.csv,3270,event_id; round; candidate_round; branch; phase; client_id; optimizer_steps; scheduler_steps; sample_presentations; committed; trainable_factor; a_optimizer_steps; b_optimizer_steps; upload_bytes; modeled_downlink_bytes,280270
la_control_ablation_analysis,output/la_control_ablation_analysis/la_control/seed42/client-longtail/j/tau1_a1_protocol42/evaluation_budget.csv,101,label; kind; seconds; sample_presentations; upload_bytes; modeled_downlink_bytes,6283
la_control_ablation_analysis,output/la_control_ablation_analysis/la_control/seed42/client-longtail/j/tau1_a1_protocol42/event_manifest.csv,109,seed; topology; method; round; phase; active_factor; reconstruction_max_abs_error; frozen_factor_max_abs_error; reconstruction_passed; optimizer_steps; sample_presentations; delta_a_norm; delta_b_norm; effective_delta_norm; new_input_direction_norm; new_direction_fraction; a_drift_from_initial; mean_a_subspace_change; mean_a_subspace_from_initial; event_id; branch; candidate_round; selected_client_ids; server_weights; before_lora_sha256; after_lora_sha256; committed; decision_round; seconds; state_path,132502
la_control_ablation_analysis,output/la_control_ablation_analysis/la_control/seed42/client-longtail/j/tau1_a1_protocol42/round_metrics.csv,101,epoch; round; decision_round; method; partition; seed; overall_acc; non_tail_acc; head20_acc; middle60_acc; bottom20_tail_acc; macro_per_class_acc,7509
la_control_ablation_analysis,output/la_control_ablation_analysis/la_control/seed42/client-longtail/j/tau1_a1_protocol42/protocol/partition_source.csv,10847,raw_sample_id; class_id; client_id; local_position,171076
la_control_ablation_analysis,output/la_control_ablation_analysis/la_control/seed42/client-longtail/j/tau1_a1_protocol42/protocol/probe_manifest.csv,200,class_id; slot; raw_train_index; excluded_from_federated_lt_pool,2814
la_control_ablation_analysis,output/la_control_ablation_analysis/la_control/seed42/client-longtail/s/tau1_a1_protocol42/budget.csv,5700,event_id; round; candidate_round; branch; phase; client_id; optimizer_steps; scheduler_steps; sample_presentations; committed; trainable_factor; a_optimizer_steps; b_optimizer_steps; upload_bytes; modeled_downlink_bytes,465127
la_control_ablation_analysis,output/la_control_ablation_analysis/la_control/seed42/client-longtail/s/tau1_a1_protocol42/evaluation_budget.csv,101,label; kind; seconds; sample_presentations; upload_bytes; modeled_downlink_bytes,6289
la_control_ablation_analysis,output/la_control_ablation_analysis/la_control/seed42/client-longtail/s/tau1_a1_protocol42/event_manifest.csv,190,seed; topology; method; round; phase; active_factor; reconstruction_max_abs_error; frozen_factor_max_abs_error; reconstruction_passed; optimizer_steps; sample_presentations; delta_a_norm; delta_b_norm; effective_delta_norm; new_input_direction_norm; new_direction_fraction; a_drift_from_initial; mean_a_subspace_change; mean_a_subspace_from_initial; event_id; branch; candidate_round; selected_client_ids; server_weights; before_lora_sha256; after_lora_sha256; committed; decision_round; seconds; state_path,226491
la_control_ablation_analysis,output/la_control_ablation_analysis/la_control/seed42/client-longtail/s/tau1_a1_protocol42/round_metrics.csv,101,epoch; round; decision_round; method; partition; seed; overall_acc; non_tail_acc; head20_acc; middle60_acc; bottom20_tail_acc; macro_per_class_acc,7656
la_control_ablation_analysis,output/la_control_ablation_analysis/la_control/seed42/client-longtail/s/tau1_a1_protocol42/protocol/partition_source.csv,10847,raw_sample_id; class_id; client_id; local_position,171076
la_control_ablation_analysis,output/la_control_ablation_analysis/la_control/seed42/client-longtail/s/tau1_a1_protocol42/protocol/probe_manifest.csv,200,class_id; slot; raw_train_index; excluded_from_federated_lt_pool,2814
la_control_ablation_analysis,output/la_control_ablation_analysis/la_control/seed42/matched-dirichlet/e2/tau1_a1_protocol42/budget.csv,3270,event_id; round; candidate_round; branch; phase; client_id; optimizer_steps; scheduler_steps; sample_presentations; committed; trainable_factor; upload_bytes; modeled_downlink_bytes,248449
la_control_ablation_analysis,output/la_control_ablation_analysis/la_control/seed42/matched-dirichlet/e2/tau1_a1_protocol42/evaluation_budget.csv,101,label; kind; seconds; sample_presentations; upload_bytes; modeled_downlink_bytes,6278
la_control_ablation_analysis,output/la_control_ablation_analysis/la_control/seed42/matched-dirichlet/e2/tau1_a1_protocol42/event_manifest.csv,109,seed; topology; method; round; phase; active_factor; reconstruction_max_abs_error; frozen_factor_max_abs_error; reconstruction_passed; optimizer_steps; sample_presentations; delta_a_norm; delta_b_norm; effective_delta_norm; new_input_direction_norm; new_direction_fraction; a_drift_from_initial; mean_a_subspace_change; mean_a_subspace_from_initial; event_id; branch; candidate_round; selected_client_ids; server_weights; before_lora_sha256; after_lora_sha256; committed; decision_round; seconds; state_path,129925
la_control_ablation_analysis,output/la_control_ablation_analysis/la_control/seed42/matched-dirichlet/e2/tau1_a1_protocol42/round_metrics.csv,101,epoch; round; decision_round; method; partition; seed; overall_acc; non_tail_acc; bottom20_tail_acc; macro_per_class_acc,5972
la_control_ablation_analysis,output/la_control_ablation_analysis/la_control/seed42/matched-dirichlet/e2/tau1_a1_protocol42/protocol/partition_source.csv,10847,raw_sample_id; class_id; client_id; local_position,171076
la_control_ablation_analysis,output/la_control_ablation_analysis/la_control/seed42/matched-dirichlet/e2/tau1_a1_protocol42/protocol/probe_manifest.csv,200,class_id; slot; raw_train_index; excluded_from_federated_lt_pool,2814
la_control_ablation_analysis,output/la_control_ablation_analysis/la_control/seed42/matched-dirichlet/e3/tau1_a1_protocol42/budget.csv,3270,event_id; round; candidate_round; branch; phase; client_id; optimizer_steps; scheduler_steps; sample_presentations; committed; trainable_factor; upload_bytes; modeled_downlink_bytes,249529
la_control_ablation_analysis,output/la_control_ablation_analysis/la_control/seed42/matched-dirichlet/e3/tau1_a1_protocol42/evaluation_budget.csv,101,label; kind; seconds; sample_presentations; upload_bytes; modeled_downlink_bytes,6294
la_control_ablation_analysis,output/la_control_ablation_analysis/la_control/seed42/matched-dirichlet/e3/tau1_a1_protocol42/event_manifest.csv,109,seed; topology; method; round; phase; active_factor; reconstruction_max_abs_error; frozen_factor_max_abs_error; reconstruction_passed; optimizer_steps; sample_presentations; delta_a_norm; delta_b_norm; effective_delta_norm; new_input_direction_norm; new_direction_fraction; a_drift_from_initial; mean_a_subspace_change; mean_a_subspace_from_initial; event_id; branch; candidate_round; selected_client_ids; server_weights; before_lora_sha256; after_lora_sha256; committed; decision_round; seconds; state_path,130275
la_control_ablation_analysis,output/la_control_ablation_analysis/la_control/seed42/matched-dirichlet/e3/tau1_a1_protocol42/round_metrics.csv,101,epoch; round; decision_round; method; partition; seed; overall_acc; non_tail_acc; bottom20_tail_acc; macro_per_class_acc,5986
la_control_ablation_analysis,output/la_control_ablation_analysis/la_control/seed42/matched-dirichlet/e3/tau1_a1_protocol42/protocol/partition_source.csv,10847,raw_sample_id; class_id; client_id; local_position,171076
la_control_ablation_analysis,output/la_control_ablation_analysis/la_control/seed42/matched-dirichlet/e3/tau1_a1_protocol42/protocol/probe_manifest.csv,200,class_id; slot; raw_train_index; excluded_from_federated_lt_pool,2814
la_control_ablation_analysis,output/la_control_ablation_analysis/la_control/seed42/matched-dirichlet/e5/tau1_a1_h2_t0.002_hist0.002_gain0.0001_p2_protocol42/budget.csv,4080,event_id; round; candidate_round; branch; phase; client_id; optimizer_steps; scheduler_steps; sample_presentations; committed; trainable_factor; upload_bytes; modeled_downlink_bytes,303223
la_control_ablation_analysis,output/la_control_ablation_analysis/la_control/seed42/matched-dirichlet/e5/tau1_a1_h2_t0.002_hist0.002_gain0.0001_p2_protocol42/control_class_metrics.csv,900,candidate_round; decision_round; class_id; instant_g; delayed_g; history_difference; selected_vs_root; selected_vs_history; bottom5_tail; bottom5_history,120134
la_control_ablation_analysis,output/la_control_ablation_analysis/la_control/seed42/matched-dirichlet/e5/tau1_a1_h2_t0.002_hist0.002_gain0.0001_p2_protocol42/control_decisions.csv,9,candidate_round; decision_round; selected_branch; accepted_A; failure_count; accepted_A_count; pass_gain; pass_tail; pass_history; anchor_before; anchor_after; selected_history_eligible; anchor_updated; selected_J; freeze_A; rollback_applied; rollback_distance_rounds; a_lr; min_gain; tail_tolerance; history_tolerance; instant_G_all; instant_G_tail; instant_G_hist; instant_bottom5_tail_ids; instant_bottom5_history_ids; instant_g_mean; instant_g_std; instant_tail_g_mean; instant_tail_g_std; instant_bottom5_g_std; delayed_G_all; delayed_G_tail; delayed_G_hist; delayed_bottom5_tail_ids; delayed_bottom5_history_ids; delayed_g_mean; delayed_g_std; delayed_tail_g_mean; delayed_tail_g_std; delayed_bottom5_g_std; P_all; P_tail; P_hist; common_rng_start; A_rng_end; B_rng_end; A_effective_update_norm; B_effective_update_norm,8787
la_control_ablation_analysis,output/la_control_ablation_analysis/la_control/seed42/matched-dirichlet/e5/tau1_a1_h2_t0.002_hist0.002_gain0.0001_p2_protocol42/evaluation_budget.csv,138,label; kind; seconds; sample_presentations; upload_bytes; modeled_downlink_bytes,9142
la_control_ablation_analysis,output/la_control_ablation_analysis/la_control/seed42/matched-dirichlet/e5/tau1_a1_h2_t0.002_hist0.002_gain0.0001_p2_protocol42/event_manifest.csv,137,seed; topology; method; round; phase; active_factor; reconstruction_max_abs_error; frozen_factor_max_abs_error; reconstruction_passed; optimizer_steps; sample_presentations; delta_a_norm; delta_b_norm; effective_delta_norm; new_input_direction_norm; new_direction_fraction; a_drift_from_initial; mean_a_subspace_change; mean_a_subspace_from_initial; event_id; branch; candidate_round; selected_client_ids; server_weights; before_lora_sha256; after_lora_sha256; committed; decision_round; seconds; state_path; rollback_applied; rollback_distance_rounds; restore_from_round,162829
la_control_ablation_analysis,output/la_control_ablation_analysis/la_control/seed42/matched-dirichlet/e5/tau1_a1_h2_t0.002_hist0.002_gain0.0001_p2_protocol42/feedback_class_scores.csv,3700,label; class_id; margin,147551
la_control_ablation_analysis,output/la_control_ablation_analysis/la_control/seed42/matched-dirichlet/e5/tau1_a1_h2_t0.002_hist0.002_gain0.0001_p2_protocol42/history_best.csv,9,decision_round; decision_id; selected_J; eligible; updated; best_valid_anchor; best_J,819
la_control_ablation_analysis,output/la_control_ablation_analysis/la_control/seed42/matched-dirichlet/e5/tau1_a1_h2_t0.002_hist0.002_gain0.0001_p2_protocol42/restore_events.csv,1,event_id; round; phase; branch; candidate_round; committed; decision_round; rollback_applied; rollback_distance_rounds; restore_from_round; before_lora_sha256; after_lora_sha256; state_path; optimizer_steps,408
la_control_ablation_analysis,output/la_control_ablation_analysis/la_control/seed42/matched-dirichlet/e5/tau1_a1_h2_t0.002_hist0.002_gain0.0001_p2_protocol42/round_metrics.csv,101,epoch; round; decision_round; method; partition; seed; overall_acc; non_tail_acc; bottom20_tail_acc; macro_per_class_acc,5988
la_control_ablation_analysis,output/la_control_ablation_analysis/la_control/seed42/matched-dirichlet/e5/tau1_a1_h2_t0.002_hist0.002_gain0.0001_p2_protocol42/protocol/partition_source.csv,10847,raw_sample_id; class_id; client_id; local_position,171076
la_control_ablation_analysis,output/la_control_ablation_analysis/la_control/seed42/matched-dirichlet/e5/tau1_a1_h2_t0.002_hist0.002_gain0.0001_p2_protocol42/protocol/probe_manifest.csv,200,class_id; slot; raw_train_index; excluded_from_federated_lt_pool,2814
la_control_ablation_analysis,output/la_control_ablation_analysis/review/event_diagnostics.csv,22,run; phase; events; mean_effective_delta_norm; sum_effective_delta_norm; mean_delta_a_norm; mean_delta_b_norm; last_a_drift; last_a_subspace_distance,3121
la_control_ablation_analysis,output/la_control_ablation_analysis/review/independent_checks.csv,10,run; rounds; per_class_rounds; max_metric_reconstruction_error; budget_verified; normal_phases; extra_phases; partition_file_sha256; initial_lora_sha256; available_state_tensors,2021
la_control_ablation_analysis,output/la_control_ablation_analysis/review/paired_differences.csv,40,comparison; metric; last20_difference; final_difference; improved_classes_last20; unchanged_classes_last20; declined_classes_last20,2508
la_control_ablation_analysis,output/la_control_ablation_analysis/review/per_class_differences.csv,800,comparison; class_id; class_name; last20_difference; final_difference,22967
la_control_ablation_analysis,output/la_control_ablation_analysis/review/per_class_metrics.csv,1000,run; class_id; class_name; group; initial; last20; final; peak; peak_to_final_drop,64068
la_control_ablation_analysis,output/la_control_ablation_analysis/review/trajectory_checkpoints.csv,130,run; round; overall_acc; non_tail_acc; head20_acc; middle60_acc; bottom20_tail_acc,8110
la_control_ablation_analysis,output/la_control_ablation_analysis/review/verified_performance.csv,50,run; metric; initial; last20; final; peak; peak_round; peak_to_final_drop; round90_to100,5058
la_control_analysis,output/la_control_analysis/la_control/analysis/comparisons.csv,9,method_run; baseline_run; metric; last20_method_minus_baseline; comparison,1859
la_control_analysis,output/la_control_analysis/la_control/analysis/costs.csv,4,run; completed_round; normal_optimizer_steps; extra_optimizer_steps; unselected_branch_optimizer_steps; total_optimizer_steps; attempted_decisions; accepted_A_decisions; failure_count; freeze_A_forever; freeze_round; feedback_passes; official_test_passes; best_valid_anchor; elapsed_seconds; feedback_seconds; official_test_seconds; feedback_sample_presentations; training_upload_bytes; feedback_upload_bytes; modeled_downlink_bytes,1110
la_control_analysis,output/la_control_analysis/la_control/analysis/decisions.csv,9,run; candidate_round; decision_round; selected_branch; accepted_A; failure_count; accepted_A_count; pass_gain; pass_tail; pass_history; anchor_before; anchor_after; selected_history_eligible; anchor_updated; selected_J; freeze_A; rollback_applied; rollback_distance_rounds; a_lr; min_gain; tail_tolerance; history_tolerance; instant_G_all; instant_G_tail; instant_G_hist; instant_bottom5_tail_ids; instant_bottom5_history_ids; instant_g_mean; instant_g_std; instant_tail_g_mean; instant_tail_g_std; instant_bottom5_g_std; delayed_G_all; delayed_G_tail; delayed_G_hist; delayed_bottom5_tail_ids; delayed_bottom5_history_ids; delayed_g_mean; delayed_g_std; delayed_tail_g_mean; delayed_tail_g_std; delayed_bottom5_g_std; P_all; P_tail; P_hist; common_rng_start; A_rng_end; B_rng_end; A_effective_update_norm; B_effective_update_norm,9523
la_control_analysis,output/la_control_analysis/la_control/analysis/performance.csv,12,run; seed; topology; method; metric; initial; last20; final; peak; peak_round; best_to_final,1739
la_control_analysis,output/la_control_analysis/la_control/analysis/topology_gaps.csv,3,CLT_run; Dir_run; method; metric; last20_Dir_minus_CLT,443
la_control_analysis,output/la_control_analysis/la_control/seed42/client-longtail/e2/tau1_a1_protocol42/budget.csv,3270,event_id; round; candidate_round; branch; phase; client_id; optimizer_steps; scheduler_steps; sample_presentations; committed; trainable_factor; upload_bytes; modeled_downlink_bytes,248449
la_control_analysis,output/la_control_analysis/la_control/seed42/client-longtail/e2/tau1_a1_protocol42/evaluation_budget.csv,101,label; kind; seconds; sample_presentations; upload_bytes; modeled_downlink_bytes,6292
la_control_analysis,output/la_control_analysis/la_control/seed42/client-longtail/e2/tau1_a1_protocol42/event_manifest.csv,109,seed; topology; method; round; phase; active_factor; reconstruction_max_abs_error; frozen_factor_max_abs_error; reconstruction_passed; optimizer_steps; sample_presentations; delta_a_norm; delta_b_norm; effective_delta_norm; new_input_direction_norm; new_direction_fraction; a_drift_from_initial; mean_a_subspace_change; mean_a_subspace_from_initial; event_id; branch; candidate_round; selected_client_ids; server_weights; before_lora_sha256; after_lora_sha256; committed; decision_round; seconds; state_path,129731
la_control_analysis,output/la_control_analysis/la_control/seed42/client-longtail/e2/tau1_a1_protocol42/round_metrics.csv,101,epoch; round; decision_round; method; partition; seed; overall_acc; non_tail_acc; bottom20_tail_acc; macro_per_class_acc,5785
la_control_analysis,output/la_control_analysis/la_control/seed42/client-longtail/e2/tau1_a1_protocol42/protocol/partition_source.csv,10847,raw_sample_id; class_id; client_id; local_position,171076
la_control_analysis,output/la_control_analysis/la_control/seed42/client-longtail/e2/tau1_a1_protocol42/protocol/probe_manifest.csv,200,class_id; slot; raw_train_index; excluded_from_federated_lt_pool,2814
la_control_analysis,output/la_control_analysis/la_control/seed42/client-longtail/e3/tau1_a1_protocol42/budget.csv,3270,event_id; round; candidate_round; branch; phase; client_id; optimizer_steps; scheduler_steps; sample_presentations; committed; trainable_factor; upload_bytes; modeled_downlink_bytes,249529
la_control_analysis,output/la_control_analysis/la_control/seed42/client-longtail/e3/tau1_a1_protocol42/evaluation_budget.csv,101,label; kind; seconds; sample_presentations; upload_bytes; modeled_downlink_bytes,6294
la_control_analysis,output/la_control_analysis/la_control/seed42/client-longtail/e3/tau1_a1_protocol42/event_manifest.csv,109,seed; topology; method; round; phase; active_factor; reconstruction_max_abs_error; frozen_factor_max_abs_error; reconstruction_passed; optimizer_steps; sample_presentations; delta_a_norm; delta_b_norm; effective_delta_norm; new_input_direction_norm; new_direction_fraction; a_drift_from_initial; mean_a_subspace_change; mean_a_subspace_from_initial; event_id; branch; candidate_round; selected_client_ids; server_weights; before_lora_sha256; after_lora_sha256; committed; decision_round; seconds; state_path,130157
la_control_analysis,output/la_control_analysis/la_control/seed42/client-longtail/e3/tau1_a1_protocol42/round_metrics.csv,101,epoch; round; decision_round; method; partition; seed; overall_acc; non_tail_acc; bottom20_tail_acc; macro_per_class_acc,5800
la_control_analysis,output/la_control_analysis/la_control/seed42/client-longtail/e3/tau1_a1_protocol42/protocol/partition_source.csv,10847,raw_sample_id; class_id; client_id; local_position,171076
la_control_analysis,output/la_control_analysis/la_control/seed42/client-longtail/e3/tau1_a1_protocol42/protocol/probe_manifest.csv,200,class_id; slot; raw_train_index; excluded_from_federated_lt_pool,2814
la_control_analysis,output/la_control_analysis/la_control/seed42/client-longtail/e5/tau1_a1_h2_t0.002_hist0.002_gain0.0001_p2_protocol42/budget.csv,4080,event_id; round; candidate_round; branch; phase; client_id; optimizer_steps; scheduler_steps; sample_presentations; committed; trainable_factor; upload_bytes; modeled_downlink_bytes,303223
la_control_analysis,output/la_control_analysis/la_control/seed42/client-longtail/e5/tau1_a1_h2_t0.002_hist0.002_gain0.0001_p2_protocol42/control_class_metrics.csv,900,candidate_round; decision_round; class_id; instant_g; delayed_g; history_difference; selected_vs_root; selected_vs_history; bottom5_tail; bottom5_history,120057
la_control_analysis,output/la_control_analysis/la_control/seed42/client-longtail/e5/tau1_a1_h2_t0.002_hist0.002_gain0.0001_p2_protocol42/control_decisions.csv,9,candidate_round; decision_round; selected_branch; accepted_A; failure_count; accepted_A_count; pass_gain; pass_tail; pass_history; anchor_before; anchor_after; selected_history_eligible; anchor_updated; selected_J; freeze_A; rollback_applied; rollback_distance_rounds; a_lr; min_gain; tail_tolerance; history_tolerance; instant_G_all; instant_G_tail; instant_G_hist; instant_bottom5_tail_ids; instant_bottom5_history_ids; instant_g_mean; instant_g_std; instant_tail_g_mean; instant_tail_g_std; instant_bottom5_g_std; delayed_G_all; delayed_G_tail; delayed_G_hist; delayed_bottom5_tail_ids; delayed_bottom5_history_ids; delayed_g_mean; delayed_g_std; delayed_tail_g_mean; delayed_tail_g_std; delayed_bottom5_g_std; P_all; P_tail; P_hist; common_rng_start; A_rng_end; B_rng_end; A_effective_update_norm; B_effective_update_norm,8808
la_control_analysis,output/la_control_analysis/la_control/seed42/client-longtail/e5/tau1_a1_h2_t0.002_hist0.002_gain0.0001_p2_protocol42/evaluation_budget.csv,138,label; kind; seconds; sample_presentations; upload_bytes; modeled_downlink_bytes,9154
la_control_analysis,output/la_control_analysis/la_control/seed42/client-longtail/e5/tau1_a1_h2_t0.002_hist0.002_gain0.0001_p2_protocol42/event_manifest.csv,137,seed; topology; method; round; phase; active_factor; reconstruction_max_abs_error; frozen_factor_max_abs_error; reconstruction_passed; optimizer_steps; sample_presentations; delta_a_norm; delta_b_norm; effective_delta_norm; new_input_direction_norm; new_direction_fraction; a_drift_from_initial; mean_a_subspace_change; mean_a_subspace_from_initial; event_id; branch; candidate_round; selected_client_ids; server_weights; before_lora_sha256; after_lora_sha256; committed; decision_round; seconds; state_path; rollback_applied; rollback_distance_rounds; restore_from_round,162135
la_control_analysis,output/la_control_analysis/la_control/seed42/client-longtail/e5/tau1_a1_h2_t0.002_hist0.002_gain0.0001_p2_protocol42/feedback_class_scores.csv,3700,label; class_id; margin,147636
la_control_analysis,output/la_control_analysis/la_control/seed42/client-longtail/e5/tau1_a1_h2_t0.002_hist0.002_gain0.0001_p2_protocol42/history_best.csv,9,decision_round; decision_id; selected_J; eligible; updated; best_valid_anchor; best_J,817
la_control_analysis,output/la_control_analysis/la_control/seed42/client-longtail/e5/tau1_a1_h2_t0.002_hist0.002_gain0.0001_p2_protocol42/restore_events.csv,1,event_id; round; phase; branch; candidate_round; committed; decision_round; rollback_applied; rollback_distance_rounds; restore_from_round; before_lora_sha256; after_lora_sha256; state_path; optimizer_steps,408
la_control_analysis,output/la_control_analysis/la_control/seed42/client-longtail/e5/tau1_a1_h2_t0.002_hist0.002_gain0.0001_p2_protocol42/round_metrics.csv,101,epoch; round; decision_round; method; partition; seed; overall_acc; non_tail_acc; bottom20_tail_acc; macro_per_class_acc,5790
la_control_analysis,output/la_control_analysis/la_control/seed42/client-longtail/e5/tau1_a1_h2_t0.002_hist0.002_gain0.0001_p2_protocol42/protocol/partition_source.csv,10847,raw_sample_id; class_id; client_id; local_position,171076
la_control_analysis,output/la_control_analysis/la_control/seed42/client-longtail/e5/tau1_a1_h2_t0.002_hist0.002_gain0.0001_p2_protocol42/protocol/probe_manifest.csv,200,class_id; slot; raw_train_index; excluded_from_federated_lt_pool,2814
la_control_analysis,output/la_control_analysis/la_control/seed42/matched-dirichlet/e2/tau1_a1_protocol42/budget.csv,3270,event_id; round; candidate_round; branch; phase; client_id; optimizer_steps; scheduler_steps; sample_presentations; committed; trainable_factor; upload_bytes; modeled_downlink_bytes,248449
la_control_analysis,output/la_control_analysis/la_control/seed42/matched-dirichlet/e2/tau1_a1_protocol42/evaluation_budget.csv,101,label; kind; seconds; sample_presentations; upload_bytes; modeled_downlink_bytes,6278
la_control_analysis,output/la_control_analysis/la_control/seed42/matched-dirichlet/e2/tau1_a1_protocol42/event_manifest.csv,109,seed; topology; method; round; phase; active_factor; reconstruction_max_abs_error; frozen_factor_max_abs_error; reconstruction_passed; optimizer_steps; sample_presentations; delta_a_norm; delta_b_norm; effective_delta_norm; new_input_direction_norm; new_direction_fraction; a_drift_from_initial; mean_a_subspace_change; mean_a_subspace_from_initial; event_id; branch; candidate_round; selected_client_ids; server_weights; before_lora_sha256; after_lora_sha256; committed; decision_round; seconds; state_path,129925
la_control_analysis,output/la_control_analysis/la_control/seed42/matched-dirichlet/e2/tau1_a1_protocol42/round_metrics.csv,101,epoch; round; decision_round; method; partition; seed; overall_acc; non_tail_acc; bottom20_tail_acc; macro_per_class_acc,5972
la_control_analysis,output/la_control_analysis/la_control/seed42/matched-dirichlet/e2/tau1_a1_protocol42/protocol/partition_source.csv,10847,raw_sample_id; class_id; client_id; local_position,171076
la_control_analysis,output/la_control_analysis/la_control/seed42/matched-dirichlet/e2/tau1_a1_protocol42/protocol/probe_manifest.csv,200,class_id; slot; raw_train_index; excluded_from_federated_lt_pool,2814
la_control_analysis,output/la_control_analysis/la_control/seed42/matched-dirichlet/e3/tau1_a1_protocol42/budget.csv,1110,event_id; round; candidate_round; branch; phase; client_id; optimizer_steps; scheduler_steps; sample_presentations; committed; trainable_factor; upload_bytes; modeled_downlink_bytes,84625
la_control_analysis,output/la_control_analysis/la_control/seed42/matched-dirichlet/e3/tau1_a1_protocol42/evaluation_budget.csv,35,label; kind; seconds; sample_presentations; upload_bytes; modeled_downlink_bytes,2225
la_control_analysis,output/la_control_analysis/la_control/seed42/matched-dirichlet/e3/tau1_a1_protocol42/event_manifest.csv,37,seed; topology; method; round; phase; active_factor; reconstruction_max_abs_error; frozen_factor_max_abs_error; reconstruction_passed; optimizer_steps; sample_presentations; delta_a_norm; delta_b_norm; effective_delta_norm; new_input_direction_norm; new_direction_fraction; a_drift_from_initial; mean_a_subspace_change; mean_a_subspace_from_initial; event_id; branch; candidate_round; selected_client_ids; server_weights; before_lora_sha256; after_lora_sha256; committed; decision_round; seconds; state_path,44336
la_control_analysis,output/la_control_analysis/la_control/seed42/matched-dirichlet/e3/tau1_a1_protocol42/round_metrics.csv,35,epoch; round; decision_round; method; partition; seed; overall_acc; non_tail_acc; bottom20_tail_acc; macro_per_class_acc,2136
la_control_analysis,output/la_control_analysis/la_control/seed42/matched-dirichlet/e3/tau1_a1_protocol42/protocol/partition_source.csv,10847,raw_sample_id; class_id; client_id; local_position,171076
la_control_analysis,output/la_control_analysis/la_control/seed42/matched-dirichlet/e3/tau1_a1_protocol42/protocol/probe_manifest.csv,200,class_id; slot; raw_train_index; excluded_from_federated_lt_pool,2814
la_control_analysis,output/la_control_analysis/la_control/seed42/matched-dirichlet/e5/tau1_a1_h2_t0.002_hist0.002_gain0.0001_p2_protocol42/budget.csv,900,event_id; round; candidate_round; branch; phase; client_id; optimizer_steps; scheduler_steps; sample_presentations; committed; trainable_factor; upload_bytes; modeled_downlink_bytes,66791
la_control_analysis,output/la_control_analysis/la_control/seed42/matched-dirichlet/e5/tau1_a1_h2_t0.002_hist0.002_gain0.0001_p2_protocol42/control_class_metrics.csv,200,candidate_round; decision_round; class_id; instant_g; delayed_g; history_difference; selected_vs_root; selected_vs_history; bottom5_tail; bottom5_history,26866
la_control_analysis,output/la_control_analysis/la_control/seed42/matched-dirichlet/e5/tau1_a1_h2_t0.002_hist0.002_gain0.0001_p2_protocol42/control_decisions.csv,2,candidate_round; decision_round; selected_branch; accepted_A; failure_count; accepted_A_count; pass_gain; pass_tail; pass_history; anchor_before; anchor_after; selected_history_eligible; anchor_updated; selected_J; freeze_A; rollback_applied; rollback_distance_rounds; a_lr; min_gain; tail_tolerance; history_tolerance; instant_G_all; instant_G_tail; instant_G_hist; instant_bottom5_tail_ids; instant_bottom5_history_ids; instant_g_mean; instant_g_std; instant_tail_g_mean; instant_tail_g_std; instant_bottom5_g_std; delayed_G_all; delayed_G_tail; delayed_G_hist; delayed_bottom5_tail_ids; delayed_bottom5_history_ids; delayed_g_mean; delayed_g_std; delayed_tail_g_mean; delayed_tail_g_std; delayed_bottom5_g_std; P_all; P_tail; P_hist; common_rng_start; A_rng_end; B_rng_end; A_effective_update_norm; B_effective_update_norm,2565
la_control_analysis,output/la_control_analysis/la_control/seed42/matched-dirichlet/e5/tau1_a1_h2_t0.002_hist0.002_gain0.0001_p2_protocol42/evaluation_budget.csv,32,label; kind; seconds; sample_presentations; upload_bytes; modeled_downlink_bytes,2179
la_control_analysis,output/la_control_analysis/la_control/seed42/matched-dirichlet/e5/tau1_a1_h2_t0.002_hist0.002_gain0.0001_p2_protocol42/event_manifest.csv,30,seed; topology; method; round; phase; active_factor; reconstruction_max_abs_error; frozen_factor_max_abs_error; reconstruction_passed; optimizer_steps; sample_presentations; delta_a_norm; delta_b_norm; effective_delta_norm; new_input_direction_norm; new_direction_fraction; a_drift_from_initial; mean_a_subspace_change; mean_a_subspace_from_initial; event_id; branch; candidate_round; selected_client_ids; server_weights; before_lora_sha256; after_lora_sha256; committed; decision_round; seconds; state_path,35965
la_control_analysis,output/la_control_analysis/la_control/seed42/matched-dirichlet/e5/tau1_a1_h2_t0.002_hist0.002_gain0.0001_p2_protocol42/feedback_class_scores.csv,900,label; class_id; margin,35963
la_control_analysis,output/la_control_analysis/la_control/seed42/matched-dirichlet/e5/tau1_a1_h2_t0.002_hist0.002_gain0.0001_p2_protocol42/history_best.csv,2,decision_round; decision_id; selected_J; eligible; updated; best_valid_anchor; best_J,245
la_control_analysis,output/la_control_analysis/la_control/seed42/matched-dirichlet/e5/tau1_a1_h2_t0.002_hist0.002_gain0.0001_p2_protocol42/round_metrics.csv,23,epoch; round; decision_round; method; partition; seed; overall_acc; non_tail_acc; bottom20_tail_acc; macro_per_class_acc,1433
la_control_analysis,output/la_control_analysis/la_control/seed42/matched-dirichlet/e5/tau1_a1_h2_t0.002_hist0.002_gain0.0001_p2_protocol42/protocol/partition_source.csv,10847,raw_sample_id; class_id; client_id; local_position,171076
la_control_analysis,output/la_control_analysis/la_control/seed42/matched-dirichlet/e5/tau1_a1_h2_t0.002_hist0.002_gain0.0001_p2_protocol42/protocol/probe_manifest.csv,200,class_id; slot; raw_train_index; excluded_from_federated_lt_pool,2814
la_control_dirichlet_supplement_analysis,output/la_control_dirichlet_supplement_analysis/la_control/analysis/comparisons.csv,15,method_run; baseline_run; metric; last20_method_minus_baseline; training_code_hashes_equal; equal_total_optimizer_steps; comparison,4202
la_control_dirichlet_supplement_analysis,output/la_control_dirichlet_supplement_analysis/la_control/analysis/costs.csv,4,run; completed_round; normal_optimizer_steps; extra_optimizer_steps; unselected_branch_optimizer_steps; total_optimizer_steps; committed_a_optimizer_steps; committed_b_optimizer_steps; a_refresh_events; normal_ab_events; attempted_decisions; accepted_A_decisions; failure_count; freeze_A_forever; freeze_round; feedback_passes; official_test_passes; best_valid_anchor; elapsed_seconds; committed_training_seconds; feedback_seconds; official_test_seconds; feedback_sample_presentations; training_upload_bytes; feedback_upload_bytes; modeled_downlink_bytes,1409
la_control_dirichlet_supplement_analysis,output/la_control_dirichlet_supplement_analysis/la_control/analysis/decisions.csv,9,run; candidate_round; decision_round; selected_branch; accepted_A; failure_count; accepted_A_count; pass_gain; pass_tail; pass_history; anchor_before; anchor_after; selected_history_eligible; anchor_updated; selected_J; freeze_A; rollback_applied; rollback_distance_rounds; a_lr; min_gain; tail_tolerance; history_tolerance; instant_G_all; instant_G_tail; instant_G_hist; instant_bottom5_tail_ids; instant_bottom5_history_ids; instant_g_mean; instant_g_std; instant_tail_g_mean; instant_tail_g_std; instant_bottom5_g_std; delayed_G_all; delayed_G_tail; delayed_G_hist; delayed_bottom5_tail_ids; delayed_bottom5_history_ids; delayed_g_mean; delayed_g_std; delayed_tail_g_mean; delayed_tail_g_std; delayed_bottom5_g_std; P_all; P_tail; P_hist; common_rng_start; A_rng_end; B_rng_end; A_effective_update_norm; B_effective_update_norm,9626
la_control_dirichlet_supplement_analysis,output/la_control_dirichlet_supplement_analysis/la_control/analysis/performance.csv,20,run; seed; topology; method; metric; initial; last20; final; peak; peak_round; best_to_final,3196
la_control_dirichlet_supplement_analysis,output/la_control_dirichlet_supplement_analysis/la_control/seed42/noniid-labeldir-fine/e0/tau0_a1_protocol42_beta0.5/budget.csv,3270,event_id; round; candidate_round; branch; phase; client_id; optimizer_steps; scheduler_steps; sample_presentations; committed; trainable_factor; a_optimizer_steps; b_optimizer_steps; upload_bytes; modeled_downlink_bytes,264781
la_control_dirichlet_supplement_analysis,output/la_control_dirichlet_supplement_analysis/la_control/seed42/noniid-labeldir-fine/e0/tau0_a1_protocol42_beta0.5/evaluation_budget.csv,101,label; kind; seconds; sample_presentations; upload_bytes; modeled_downlink_bytes,6251
la_control_dirichlet_supplement_analysis,output/la_control_dirichlet_supplement_analysis/la_control/seed42/noniid-labeldir-fine/e0/tau0_a1_protocol42_beta0.5/event_manifest.csv,109,seed; topology; method; round; phase; active_factor; reconstruction_max_abs_error; frozen_factor_max_abs_error; reconstruction_passed; optimizer_steps; sample_presentations; delta_a_norm; delta_b_norm; effective_delta_norm; new_input_direction_norm; new_direction_fraction; a_drift_from_initial; mean_a_subspace_change; mean_a_subspace_from_initial; event_id; branch; candidate_round; selected_client_ids; server_weights; before_lora_sha256; after_lora_sha256; committed; decision_round; seconds; state_path,129790
la_control_dirichlet_supplement_analysis,output/la_control_dirichlet_supplement_analysis/la_control/seed42/noniid-labeldir-fine/e0/tau0_a1_protocol42_beta0.5/round_metrics.csv,101,epoch; round; decision_round; method; partition; seed; overall_acc; non_tail_acc; head20_acc; middle60_acc; bottom20_tail_acc; macro_per_class_acc,8359
la_control_dirichlet_supplement_analysis,output/la_control_dirichlet_supplement_analysis/la_control/seed42/noniid-labeldir-fine/e0/tau0_a1_protocol42_beta0.5/protocol/probe_manifest.csv,200,class_id; slot; raw_train_index; excluded_from_federated_lt_pool,2814
la_control_dirichlet_supplement_analysis,output/la_control_dirichlet_supplement_analysis/la_control/seed42/noniid-labeldir-fine/e1/tau0_a1_protocol42_beta0.5/budget.csv,3270,event_id; round; candidate_round; branch; phase; client_id; optimizer_steps; scheduler_steps; sample_presentations; committed; trainable_factor; a_optimizer_steps; b_optimizer_steps; upload_bytes; modeled_downlink_bytes,265861
la_control_dirichlet_supplement_analysis,output/la_control_dirichlet_supplement_analysis/la_control/seed42/noniid-labeldir-fine/e1/tau0_a1_protocol42_beta0.5/evaluation_budget.csv,101,label; kind; seconds; sample_presentations; upload_bytes; modeled_downlink_bytes,6247
la_control_dirichlet_supplement_analysis,output/la_control_dirichlet_supplement_analysis/la_control/seed42/noniid-labeldir-fine/e1/tau0_a1_protocol42_beta0.5/event_manifest.csv,109,seed; topology; method; round; phase; active_factor; reconstruction_max_abs_error; frozen_factor_max_abs_error; reconstruction_passed; optimizer_steps; sample_presentations; delta_a_norm; delta_b_norm; effective_delta_norm; new_input_direction_norm; new_direction_fraction; a_drift_from_initial; mean_a_subspace_change; mean_a_subspace_from_initial; event_id; branch; candidate_round; selected_client_ids; server_weights; before_lora_sha256; after_lora_sha256; committed; decision_round; seconds; state_path,131175
la_control_dirichlet_supplement_analysis,output/la_control_dirichlet_supplement_analysis/la_control/seed42/noniid-labeldir-fine/e1/tau0_a1_protocol42_beta0.5/round_metrics.csv,101,epoch; round; decision_round; method; partition; seed; overall_acc; non_tail_acc; head20_acc; middle60_acc; bottom20_tail_acc; macro_per_class_acc,8240
la_control_dirichlet_supplement_analysis,output/la_control_dirichlet_supplement_analysis/la_control/seed42/noniid-labeldir-fine/e1/tau0_a1_protocol42_beta0.5/protocol/probe_manifest.csv,200,class_id; slot; raw_train_index; excluded_from_federated_lt_pool,2814
la_control_dirichlet_supplement_analysis,output/la_control_dirichlet_supplement_analysis/la_control/seed42/noniid-labeldir-fine/e2/tau1_a1_protocol42_beta0.5/budget.csv,3270,event_id; round; candidate_round; branch; phase; client_id; optimizer_steps; scheduler_steps; sample_presentations; committed; trainable_factor; a_optimizer_steps; b_optimizer_steps; upload_bytes; modeled_downlink_bytes,264781
la_control_dirichlet_supplement_analysis,output/la_control_dirichlet_supplement_analysis/la_control/seed42/noniid-labeldir-fine/e2/tau1_a1_protocol42_beta0.5/evaluation_budget.csv,101,label; kind; seconds; sample_presentations; upload_bytes; modeled_downlink_bytes,6243
la_control_dirichlet_supplement_analysis,output/la_control_dirichlet_supplement_analysis/la_control/seed42/noniid-labeldir-fine/e2/tau1_a1_protocol42_beta0.5/event_manifest.csv,109,seed; topology; method; round; phase; active_factor; reconstruction_max_abs_error; frozen_factor_max_abs_error; reconstruction_passed; optimizer_steps; sample_presentations; delta_a_norm; delta_b_norm; effective_delta_norm; new_input_direction_norm; new_direction_fraction; a_drift_from_initial; mean_a_subspace_change; mean_a_subspace_from_initial; event_id; branch; candidate_round; selected_client_ids; server_weights; before_lora_sha256; after_lora_sha256; committed; decision_round; seconds; state_path,129847
la_control_dirichlet_supplement_analysis,output/la_control_dirichlet_supplement_analysis/la_control/seed42/noniid-labeldir-fine/e2/tau1_a1_protocol42_beta0.5/round_metrics.csv,101,epoch; round; decision_round; method; partition; seed; overall_acc; non_tail_acc; head20_acc; middle60_acc; bottom20_tail_acc; macro_per_class_acc,8271
la_control_dirichlet_supplement_analysis,output/la_control_dirichlet_supplement_analysis/la_control/seed42/noniid-labeldir-fine/e2/tau1_a1_protocol42_beta0.5/protocol/probe_manifest.csv,200,class_id; slot; raw_train_index; excluded_from_federated_lt_pool,2814
la_control_dirichlet_supplement_analysis,output/la_control_dirichlet_supplement_analysis/la_control/seed42/noniid-labeldir-fine/e5/tau1_a1_h2_t0.002_hist0.002_gain0.0001_p2_protocol42_beta0.5/budget.csv,4080,event_id; round; candidate_round; branch; phase; client_id; optimizer_steps; scheduler_steps; sample_presentations; committed; trainable_factor; a_optimizer_steps; b_optimizer_steps; upload_bytes; modeled_downlink_bytes,323551
la_control_dirichlet_supplement_analysis,output/la_control_dirichlet_supplement_analysis/la_control/seed42/noniid-labeldir-fine/e5/tau1_a1_h2_t0.002_hist0.002_gain0.0001_p2_protocol42_beta0.5/control_class_metrics.csv,900,candidate_round; decision_round; class_id; instant_g; delayed_g; history_difference; selected_vs_root; selected_vs_history; bottom5_tail; bottom5_history,120116
la_control_dirichlet_supplement_analysis,output/la_control_dirichlet_supplement_analysis/la_control/seed42/noniid-labeldir-fine/e5/tau1_a1_h2_t0.002_hist0.002_gain0.0001_p2_protocol42_beta0.5/control_decisions.csv,9,candidate_round; decision_round; selected_branch; accepted_A; failure_count; accepted_A_count; pass_gain; pass_tail; pass_history; anchor_before; anchor_after; selected_history_eligible; anchor_updated; selected_J; freeze_A; rollback_applied; rollback_distance_rounds; a_lr; min_gain; tail_tolerance; history_tolerance; instant_G_all; instant_G_tail; instant_G_hist; instant_bottom5_tail_ids; instant_bottom5_history_ids; instant_g_mean; instant_g_std; instant_tail_g_mean; instant_tail_g_std; instant_bottom5_g_std; delayed_G_all; delayed_G_tail; delayed_G_hist; delayed_bottom5_tail_ids; delayed_bottom5_history_ids; delayed_g_mean; delayed_g_std; delayed_tail_g_mean; delayed_tail_g_std; delayed_bottom5_g_std; P_all; P_tail; P_hist; common_rng_start; A_rng_end; B_rng_end; A_effective_update_norm; B_effective_update_norm,8794
la_control_dirichlet_supplement_analysis,output/la_control_dirichlet_supplement_analysis/la_control/seed42/noniid-labeldir-fine/e5/tau1_a1_h2_t0.002_hist0.002_gain0.0001_p2_protocol42_beta0.5/evaluation_budget.csv,138,label; kind; seconds; sample_presentations; upload_bytes; modeled_downlink_bytes,9080
la_control_dirichlet_supplement_analysis,output/la_control_dirichlet_supplement_analysis/la_control/seed42/noniid-labeldir-fine/e5/tau1_a1_h2_t0.002_hist0.002_gain0.0001_p2_protocol42_beta0.5/event_manifest.csv,137,seed; topology; method; round; phase; active_factor; reconstruction_max_abs_error; frozen_factor_max_abs_error; reconstruction_passed; optimizer_steps; sample_presentations; delta_a_norm; delta_b_norm; effective_delta_norm; new_input_direction_norm; new_direction_fraction; a_drift_from_initial; mean_a_subspace_change; mean_a_subspace_from_initial; event_id; branch; candidate_round; selected_client_ids; server_weights; before_lora_sha256; after_lora_sha256; committed; decision_round; seconds; state_path; rollback_applied; rollback_distance_rounds; restore_from_round,163868
la_control_dirichlet_supplement_analysis,output/la_control_dirichlet_supplement_analysis/la_control/seed42/noniid-labeldir-fine/e5/tau1_a1_h2_t0.002_hist0.002_gain0.0001_p2_protocol42_beta0.5/feedback_class_scores.csv,3700,label; class_id; margin,147638
la_control_dirichlet_supplement_analysis,output/la_control_dirichlet_supplement_analysis/la_control/seed42/noniid-labeldir-fine/e5/tau1_a1_h2_t0.002_hist0.002_gain0.0001_p2_protocol42_beta0.5/history_best.csv,9,decision_round; decision_id; selected_J; eligible; updated; best_valid_anchor; best_J,813
la_control_dirichlet_supplement_analysis,output/la_control_dirichlet_supplement_analysis/la_control/seed42/noniid-labeldir-fine/e5/tau1_a1_h2_t0.002_hist0.002_gain0.0001_p2_protocol42_beta0.5/restore_events.csv,1,event_id; round; phase; branch; candidate_round; committed; decision_round; rollback_applied; rollback_distance_rounds; restore_from_round; before_lora_sha256; after_lora_sha256; state_path; optimizer_steps,408
la_control_dirichlet_supplement_analysis,output/la_control_dirichlet_supplement_analysis/la_control/seed42/noniid-labeldir-fine/e5/tau1_a1_h2_t0.002_hist0.002_gain0.0001_p2_protocol42_beta0.5/round_metrics.csv,101,epoch; round; decision_round; method; partition; seed; overall_acc; non_tail_acc; head20_acc; middle60_acc; bottom20_tail_acc; macro_per_class_acc,8208
la_control_dirichlet_supplement_analysis,output/la_control_dirichlet_supplement_analysis/la_control/seed42/noniid-labeldir-fine/e5/tau1_a1_h2_t0.002_hist0.002_gain0.0001_p2_protocol42_beta0.5/protocol/probe_manifest.csv,200,class_id; slot; raw_train_index; excluded_from_federated_lt_pool,2814
la_control_js_topology_analysis,output/la_control_js_topology_analysis/la_control/analysis/comparisons.csv,95,method_run; baseline_run; metric; last20_method_minus_baseline; training_code_hashes_equal; equal_total_optimizer_steps; comparison,24271
la_control_js_topology_analysis,output/la_control_js_topology_analysis/la_control/analysis/costs.csv,12,run; completed_round; normal_optimizer_steps; extra_optimizer_steps; unselected_branch_optimizer_steps; total_optimizer_steps; committed_a_optimizer_steps; committed_b_optimizer_steps; a_refresh_events; normal_ab_events; attempted_decisions; accepted_A_decisions; failure_count; freeze_A_forever; freeze_round; feedback_passes; official_test_passes; best_valid_anchor; elapsed_seconds; committed_training_seconds; feedback_seconds; official_test_seconds; feedback_sample_presentations; training_upload_bytes; feedback_upload_bytes; modeled_downlink_bytes,2962
la_control_js_topology_analysis,output/la_control_js_topology_analysis/la_control/analysis/decisions.csv,18,run; candidate_round; decision_round; selected_branch; accepted_A; failure_count; accepted_A_count; pass_gain; pass_tail; pass_history; anchor_before; anchor_after; selected_history_eligible; anchor_updated; selected_J; freeze_A; rollback_applied; rollback_distance_rounds; a_lr; min_gain; tail_tolerance; history_tolerance; instant_G_all; instant_G_tail; instant_G_hist; instant_bottom5_tail_ids; instant_bottom5_history_ids; instant_g_mean; instant_g_std; instant_tail_g_mean; instant_tail_g_std; instant_bottom5_g_std; delayed_G_all; delayed_G_tail; delayed_G_hist; delayed_bottom5_tail_ids; delayed_bottom5_history_ids; delayed_g_mean; delayed_g_std; delayed_tail_g_mean; delayed_tail_g_std; delayed_bottom5_g_std; P_all; P_tail; P_hist; common_rng_start; A_rng_end; B_rng_end; A_effective_update_norm; B_effective_update_norm,18260
la_control_js_topology_analysis,output/la_control_js_topology_analysis/la_control/analysis/la_refresh_interactions.csv,5,seed; topology; metric; e0; e1; e2; e3; refresh_gain_without_la; refresh_gain_with_la; la_refresh_interaction; training_code_hashes_equal; comparison,1819
la_control_js_topology_analysis,output/la_control_js_topology_analysis/la_control/analysis/performance.csv,60,run; seed; topology; method; metric; initial; last20; final; peak; peak_round; best_to_final,8413
la_control_js_topology_analysis,output/la_control_js_topology_analysis/la_control/analysis/topology_gaps.csv,25,CLT_run; Dir_run; method; metric; last20_Dir_minus_CLT,3582
la_control_js_topology_analysis,output/la_control_js_topology_analysis/la_control/seed42/client-longtail/e0/tau0_a1_protocol42/budget.csv,3270,event_id; round; candidate_round; branch; phase; client_id; optimizer_steps; scheduler_steps; sample_presentations; committed; trainable_factor; a_optimizer_steps; b_optimizer_steps; upload_bytes; modeled_downlink_bytes,264490
la_control_js_topology_analysis,output/la_control_js_topology_analysis/la_control/seed42/client-longtail/e0/tau0_a1_protocol42/evaluation_budget.csv,101,label; kind; seconds; sample_presentations; upload_bytes; modeled_downlink_bytes,6284
la_control_js_topology_analysis,output/la_control_js_topology_analysis/la_control/seed42/client-longtail/e0/tau0_a1_protocol42/event_manifest.csv,109,seed; topology; method; round; phase; active_factor; reconstruction_max_abs_error; frozen_factor_max_abs_error; reconstruction_passed; optimizer_steps; sample_presentations; delta_a_norm; delta_b_norm; effective_delta_norm; new_input_direction_norm; new_direction_fraction; a_drift_from_initial; mean_a_subspace_change; mean_a_subspace_from_initial; event_id; branch; candidate_round; selected_client_ids; server_weights; before_lora_sha256; after_lora_sha256; committed; decision_round; seconds; state_path,129738
la_control_js_topology_analysis,output/la_control_js_topology_analysis/la_control/seed42/client-longtail/e0/tau0_a1_protocol42/round_metrics.csv,101,epoch; round; decision_round; method; partition; seed; overall_acc; non_tail_acc; head20_acc; middle60_acc; bottom20_tail_acc; macro_per_class_acc,7800
la_control_js_topology_analysis,output/la_control_js_topology_analysis/la_control/seed42/client-longtail/e0/tau0_a1_protocol42/protocol/partition_source.csv,10847,raw_sample_id; class_id; client_id; local_position,171076
la_control_js_topology_analysis,output/la_control_js_topology_analysis/la_control/seed42/client-longtail/e0/tau0_a1_protocol42/protocol/probe_manifest.csv,200,class_id; slot; raw_train_index; excluded_from_federated_lt_pool,2814
la_control_js_topology_analysis,output/la_control_js_topology_analysis/la_control/seed42/client-longtail/e1/tau0_a1_protocol42/budget.csv,3270,event_id; round; candidate_round; branch; phase; client_id; optimizer_steps; scheduler_steps; sample_presentations; committed; trainable_factor; a_optimizer_steps; b_optimizer_steps; upload_bytes; modeled_downlink_bytes,265570
la_control_js_topology_analysis,output/la_control_js_topology_analysis/la_control/seed42/client-longtail/e1/tau0_a1_protocol42/evaluation_budget.csv,101,label; kind; seconds; sample_presentations; upload_bytes; modeled_downlink_bytes,6283
la_control_js_topology_analysis,output/la_control_js_topology_analysis/la_control/seed42/client-longtail/e1/tau0_a1_protocol42/event_manifest.csv,109,seed; topology; method; round; phase; active_factor; reconstruction_max_abs_error; frozen_factor_max_abs_error; reconstruction_passed; optimizer_steps; sample_presentations; delta_a_norm; delta_b_norm; effective_delta_norm; new_input_direction_norm; new_direction_fraction; a_drift_from_initial; mean_a_subspace_change; mean_a_subspace_from_initial; event_id; branch; candidate_round; selected_client_ids; server_weights; before_lora_sha256; after_lora_sha256; committed; decision_round; seconds; state_path,130074
la_control_js_topology_analysis,output/la_control_js_topology_analysis/la_control/seed42/client-longtail/e1/tau0_a1_protocol42/round_metrics.csv,101,epoch; round; decision_round; method; partition; seed; overall_acc; non_tail_acc; head20_acc; middle60_acc; bottom20_tail_acc; macro_per_class_acc,7671
la_control_js_topology_analysis,output/la_control_js_topology_analysis/la_control/seed42/client-longtail/e1/tau0_a1_protocol42/protocol/partition_source.csv,10847,raw_sample_id; class_id; client_id; local_position,171076
la_control_js_topology_analysis,output/la_control_js_topology_analysis/la_control/seed42/client-longtail/e1/tau0_a1_protocol42/protocol/probe_manifest.csv,200,class_id; slot; raw_train_index; excluded_from_federated_lt_pool,2814
la_control_js_topology_analysis,output/la_control_js_topology_analysis/la_control/seed42/client-longtail/e2/tau1_a1_protocol42/budget.csv,3270,event_id; round; candidate_round; branch; phase; client_id; optimizer_steps; scheduler_steps; sample_presentations; committed; trainable_factor; upload_bytes; modeled_downlink_bytes,248449
la_control_js_topology_analysis,output/la_control_js_topology_analysis/la_control/seed42/client-longtail/e2/tau1_a1_protocol42/evaluation_budget.csv,101,label; kind; seconds; sample_presentations; upload_bytes; modeled_downlink_bytes,6292
la_control_js_topology_analysis,output/la_control_js_topology_analysis/la_control/seed42/client-longtail/e2/tau1_a1_protocol42/event_manifest.csv,109,seed; topology; method; round; phase; active_factor; reconstruction_max_abs_error; frozen_factor_max_abs_error; reconstruction_passed; optimizer_steps; sample_presentations; delta_a_norm; delta_b_norm; effective_delta_norm; new_input_direction_norm; new_direction_fraction; a_drift_from_initial; mean_a_subspace_change; mean_a_subspace_from_initial; event_id; branch; candidate_round; selected_client_ids; server_weights; before_lora_sha256; after_lora_sha256; committed; decision_round; seconds; state_path,129731
la_control_js_topology_analysis,output/la_control_js_topology_analysis/la_control/seed42/client-longtail/e2/tau1_a1_protocol42/round_metrics.csv,101,epoch; round; decision_round; method; partition; seed; overall_acc; non_tail_acc; bottom20_tail_acc; macro_per_class_acc,5785
la_control_js_topology_analysis,output/la_control_js_topology_analysis/la_control/seed42/client-longtail/e2/tau1_a1_protocol42/protocol/partition_source.csv,10847,raw_sample_id; class_id; client_id; local_position,171076
la_control_js_topology_analysis,output/la_control_js_topology_analysis/la_control/seed42/client-longtail/e2/tau1_a1_protocol42/protocol/probe_manifest.csv,200,class_id; slot; raw_train_index; excluded_from_federated_lt_pool,2814
la_control_js_topology_analysis,output/la_control_js_topology_analysis/la_control/seed42/client-longtail/e3/tau1_a1_protocol42/budget.csv,3270,event_id; round; candidate_round; branch; phase; client_id; optimizer_steps; scheduler_steps; sample_presentations; committed; trainable_factor; upload_bytes; modeled_downlink_bytes,249529
la_control_js_topology_analysis,output/la_control_js_topology_analysis/la_control/seed42/client-longtail/e3/tau1_a1_protocol42/evaluation_budget.csv,101,label; kind; seconds; sample_presentations; upload_bytes; modeled_downlink_bytes,6294
la_control_js_topology_analysis,output/la_control_js_topology_analysis/la_control/seed42/client-longtail/e3/tau1_a1_protocol42/event_manifest.csv,109,seed; topology; method; round; phase; active_factor; reconstruction_max_abs_error; frozen_factor_max_abs_error; reconstruction_passed; optimizer_steps; sample_presentations; delta_a_norm; delta_b_norm; effective_delta_norm; new_input_direction_norm; new_direction_fraction; a_drift_from_initial; mean_a_subspace_change; mean_a_subspace_from_initial; event_id; branch; candidate_round; selected_client_ids; server_weights; before_lora_sha256; after_lora_sha256; committed; decision_round; seconds; state_path,130157
la_control_js_topology_analysis,output/la_control_js_topology_analysis/la_control/seed42/client-longtail/e3/tau1_a1_protocol42/round_metrics.csv,101,epoch; round; decision_round; method; partition; seed; overall_acc; non_tail_acc; bottom20_tail_acc; macro_per_class_acc,5800
la_control_js_topology_analysis,output/la_control_js_topology_analysis/la_control/seed42/client-longtail/e3/tau1_a1_protocol42/protocol/partition_source.csv,10847,raw_sample_id; class_id; client_id; local_position,171076
la_control_js_topology_analysis,output/la_control_js_topology_analysis/la_control/seed42/client-longtail/e3/tau1_a1_protocol42/protocol/probe_manifest.csv,200,class_id; slot; raw_train_index; excluded_from_federated_lt_pool,2814
la_control_js_topology_analysis,output/la_control_js_topology_analysis/la_control/seed42/client-longtail/e5/tau1_a1_h2_t0.002_hist0.002_gain0.0001_p2_protocol42/budget.csv,4080,event_id; round; candidate_round; branch; phase; client_id; optimizer_steps; scheduler_steps; sample_presentations; committed; trainable_factor; upload_bytes; modeled_downlink_bytes,303223
la_control_js_topology_analysis,output/la_control_js_topology_analysis/la_control/seed42/client-longtail/e5/tau1_a1_h2_t0.002_hist0.002_gain0.0001_p2_protocol42/control_class_metrics.csv,900,candidate_round; decision_round; class_id; instant_g; delayed_g; history_difference; selected_vs_root; selected_vs_history; bottom5_tail; bottom5_history,120057
la_control_js_topology_analysis,output/la_control_js_topology_analysis/la_control/seed42/client-longtail/e5/tau1_a1_h2_t0.002_hist0.002_gain0.0001_p2_protocol42/control_decisions.csv,9,candidate_round; decision_round; selected_branch; accepted_A; failure_count; accepted_A_count; pass_gain; pass_tail; pass_history; anchor_before; anchor_after; selected_history_eligible; anchor_updated; selected_J; freeze_A; rollback_applied; rollback_distance_rounds; a_lr; min_gain; tail_tolerance; history_tolerance; instant_G_all; instant_G_tail; instant_G_hist; instant_bottom5_tail_ids; instant_bottom5_history_ids; instant_g_mean; instant_g_std; instant_tail_g_mean; instant_tail_g_std; instant_bottom5_g_std; delayed_G_all; delayed_G_tail; delayed_G_hist; delayed_bottom5_tail_ids; delayed_bottom5_history_ids; delayed_g_mean; delayed_g_std; delayed_tail_g_mean; delayed_tail_g_std; delayed_bottom5_g_std; P_all; P_tail; P_hist; common_rng_start; A_rng_end; B_rng_end; A_effective_update_norm; B_effective_update_norm,8808
la_control_js_topology_analysis,output/la_control_js_topology_analysis/la_control/seed42/client-longtail/e5/tau1_a1_h2_t0.002_hist0.002_gain0.0001_p2_protocol42/evaluation_budget.csv,138,label; kind; seconds; sample_presentations; upload_bytes; modeled_downlink_bytes,9154
la_control_js_topology_analysis,output/la_control_js_topology_analysis/la_control/seed42/client-longtail/e5/tau1_a1_h2_t0.002_hist0.002_gain0.0001_p2_protocol42/event_manifest.csv,137,seed; topology; method; round; phase; active_factor; reconstruction_max_abs_error; frozen_factor_max_abs_error; reconstruction_passed; optimizer_steps; sample_presentations; delta_a_norm; delta_b_norm; effective_delta_norm; new_input_direction_norm; new_direction_fraction; a_drift_from_initial; mean_a_subspace_change; mean_a_subspace_from_initial; event_id; branch; candidate_round; selected_client_ids; server_weights; before_lora_sha256; after_lora_sha256; committed; decision_round; seconds; state_path; rollback_applied; rollback_distance_rounds; restore_from_round,162135
la_control_js_topology_analysis,output/la_control_js_topology_analysis/la_control/seed42/client-longtail/e5/tau1_a1_h2_t0.002_hist0.002_gain0.0001_p2_protocol42/feedback_class_scores.csv,3700,label; class_id; margin,147636
la_control_js_topology_analysis,output/la_control_js_topology_analysis/la_control/seed42/client-longtail/e5/tau1_a1_h2_t0.002_hist0.002_gain0.0001_p2_protocol42/history_best.csv,9,decision_round; decision_id; selected_J; eligible; updated; best_valid_anchor; best_J,817
la_control_js_topology_analysis,output/la_control_js_topology_analysis/la_control/seed42/client-longtail/e5/tau1_a1_h2_t0.002_hist0.002_gain0.0001_p2_protocol42/restore_events.csv,1,event_id; round; phase; branch; candidate_round; committed; decision_round; rollback_applied; rollback_distance_rounds; restore_from_round; before_lora_sha256; after_lora_sha256; state_path; optimizer_steps,408
la_control_js_topology_analysis,output/la_control_js_topology_analysis/la_control/seed42/client-longtail/e5/tau1_a1_h2_t0.002_hist0.002_gain0.0001_p2_protocol42/round_metrics.csv,101,epoch; round; decision_round; method; partition; seed; overall_acc; non_tail_acc; bottom20_tail_acc; macro_per_class_acc,5790
la_control_js_topology_analysis,output/la_control_js_topology_analysis/la_control/seed42/client-longtail/e5/tau1_a1_h2_t0.002_hist0.002_gain0.0001_p2_protocol42/protocol/partition_source.csv,10847,raw_sample_id; class_id; client_id; local_position,171076
la_control_js_topology_analysis,output/la_control_js_topology_analysis/la_control/seed42/client-longtail/e5/tau1_a1_h2_t0.002_hist0.002_gain0.0001_p2_protocol42/protocol/probe_manifest.csv,200,class_id; slot; raw_train_index; excluded_from_federated_lt_pool,2814
la_control_js_topology_analysis,output/la_control_js_topology_analysis/la_control/seed42/client-longtail/j/tau1_a1_protocol42/budget.csv,3270,event_id; round; candidate_round; branch; phase; client_id; optimizer_steps; scheduler_steps; sample_presentations; committed; trainable_factor; a_optimizer_steps; b_optimizer_steps; upload_bytes; modeled_downlink_bytes,280270
la_control_js_topology_analysis,output/la_control_js_topology_analysis/la_control/seed42/client-longtail/j/tau1_a1_protocol42/evaluation_budget.csv,101,label; kind; seconds; sample_presentations; upload_bytes; modeled_downlink_bytes,6283
la_control_js_topology_analysis,output/la_control_js_topology_analysis/la_control/seed42/client-longtail/j/tau1_a1_protocol42/event_manifest.csv,109,seed; topology; method; round; phase; active_factor; reconstruction_max_abs_error; frozen_factor_max_abs_error; reconstruction_passed; optimizer_steps; sample_presentations; delta_a_norm; delta_b_norm; effective_delta_norm; new_input_direction_norm; new_direction_fraction; a_drift_from_initial; mean_a_subspace_change; mean_a_subspace_from_initial; event_id; branch; candidate_round; selected_client_ids; server_weights; before_lora_sha256; after_lora_sha256; committed; decision_round; seconds; state_path,132502
la_control_js_topology_analysis,output/la_control_js_topology_analysis/la_control/seed42/client-longtail/j/tau1_a1_protocol42/round_metrics.csv,101,epoch; round; decision_round; method; partition; seed; overall_acc; non_tail_acc; head20_acc; middle60_acc; bottom20_tail_acc; macro_per_class_acc,7509
la_control_js_topology_analysis,output/la_control_js_topology_analysis/la_control/seed42/client-longtail/j/tau1_a1_protocol42/protocol/partition_source.csv,10847,raw_sample_id; class_id; client_id; local_position,171076
la_control_js_topology_analysis,output/la_control_js_topology_analysis/la_control/seed42/client-longtail/j/tau1_a1_protocol42/protocol/probe_manifest.csv,200,class_id; slot; raw_train_index; excluded_from_federated_lt_pool,2814
la_control_js_topology_analysis,output/la_control_js_topology_analysis/la_control/seed42/client-longtail/s/tau1_a1_protocol42/budget.csv,5700,event_id; round; candidate_round; branch; phase; client_id; optimizer_steps; scheduler_steps; sample_presentations; committed; trainable_factor; a_optimizer_steps; b_optimizer_steps; upload_bytes; modeled_downlink_bytes,465127
la_control_js_topology_analysis,output/la_control_js_topology_analysis/la_control/seed42/client-longtail/s/tau1_a1_protocol42/evaluation_budget.csv,101,label; kind; seconds; sample_presentations; upload_bytes; modeled_downlink_bytes,6289
la_control_js_topology_analysis,output/la_control_js_topology_analysis/la_control/seed42/client-longtail/s/tau1_a1_protocol42/event_manifest.csv,190,seed; topology; method; round; phase; active_factor; reconstruction_max_abs_error; frozen_factor_max_abs_error; reconstruction_passed; optimizer_steps; sample_presentations; delta_a_norm; delta_b_norm; effective_delta_norm; new_input_direction_norm; new_direction_fraction; a_drift_from_initial; mean_a_subspace_change; mean_a_subspace_from_initial; event_id; branch; candidate_round; selected_client_ids; server_weights; before_lora_sha256; after_lora_sha256; committed; decision_round; seconds; state_path,226491
la_control_js_topology_analysis,output/la_control_js_topology_analysis/la_control/seed42/client-longtail/s/tau1_a1_protocol42/round_metrics.csv,101,epoch; round; decision_round; method; partition; seed; overall_acc; non_tail_acc; head20_acc; middle60_acc; bottom20_tail_acc; macro_per_class_acc,7656
la_control_js_topology_analysis,output/la_control_js_topology_analysis/la_control/seed42/client-longtail/s/tau1_a1_protocol42/protocol/partition_source.csv,10847,raw_sample_id; class_id; client_id; local_position,171076
la_control_js_topology_analysis,output/la_control_js_topology_analysis/la_control/seed42/client-longtail/s/tau1_a1_protocol42/protocol/probe_manifest.csv,200,class_id; slot; raw_train_index; excluded_from_federated_lt_pool,2814
la_control_js_topology_analysis,output/la_control_js_topology_analysis/la_control/seed42/matched-dirichlet/e2/tau1_a1_protocol42/budget.csv,3270,event_id; round; candidate_round; branch; phase; client_id; optimizer_steps; scheduler_steps; sample_presentations; committed; trainable_factor; upload_bytes; modeled_downlink_bytes,248449
la_control_js_topology_analysis,output/la_control_js_topology_analysis/la_control/seed42/matched-dirichlet/e2/tau1_a1_protocol42/evaluation_budget.csv,101,label; kind; seconds; sample_presentations; upload_bytes; modeled_downlink_bytes,6278
la_control_js_topology_analysis,output/la_control_js_topology_analysis/la_control/seed42/matched-dirichlet/e2/tau1_a1_protocol42/event_manifest.csv,109,seed; topology; method; round; phase; active_factor; reconstruction_max_abs_error; frozen_factor_max_abs_error; reconstruction_passed; optimizer_steps; sample_presentations; delta_a_norm; delta_b_norm; effective_delta_norm; new_input_direction_norm; new_direction_fraction; a_drift_from_initial; mean_a_subspace_change; mean_a_subspace_from_initial; event_id; branch; candidate_round; selected_client_ids; server_weights; before_lora_sha256; after_lora_sha256; committed; decision_round; seconds; state_path,129925
la_control_js_topology_analysis,output/la_control_js_topology_analysis/la_control/seed42/matched-dirichlet/e2/tau1_a1_protocol42/round_metrics.csv,101,epoch; round; decision_round; method; partition; seed; overall_acc; non_tail_acc; bottom20_tail_acc; macro_per_class_acc,5972
la_control_js_topology_analysis,output/la_control_js_topology_analysis/la_control/seed42/matched-dirichlet/e2/tau1_a1_protocol42/protocol/partition_source.csv,10847,raw_sample_id; class_id; client_id; local_position,171076
la_control_js_topology_analysis,output/la_control_js_topology_analysis/la_control/seed42/matched-dirichlet/e2/tau1_a1_protocol42/protocol/probe_manifest.csv,200,class_id; slot; raw_train_index; excluded_from_federated_lt_pool,2814
la_control_js_topology_analysis,output/la_control_js_topology_analysis/la_control/seed42/matched-dirichlet/e3/tau1_a1_protocol42/budget.csv,3270,event_id; round; candidate_round; branch; phase; client_id; optimizer_steps; scheduler_steps; sample_presentations; committed; trainable_factor; upload_bytes; modeled_downlink_bytes,249529
la_control_js_topology_analysis,output/la_control_js_topology_analysis/la_control/seed42/matched-dirichlet/e3/tau1_a1_protocol42/evaluation_budget.csv,101,label; kind; seconds; sample_presentations; upload_bytes; modeled_downlink_bytes,6294
la_control_js_topology_analysis,output/la_control_js_topology_analysis/la_control/seed42/matched-dirichlet/e3/tau1_a1_protocol42/event_manifest.csv,109,seed; topology; method; round; phase; active_factor; reconstruction_max_abs_error; frozen_factor_max_abs_error; reconstruction_passed; optimizer_steps; sample_presentations; delta_a_norm; delta_b_norm; effective_delta_norm; new_input_direction_norm; new_direction_fraction; a_drift_from_initial; mean_a_subspace_change; mean_a_subspace_from_initial; event_id; branch; candidate_round; selected_client_ids; server_weights; before_lora_sha256; after_lora_sha256; committed; decision_round; seconds; state_path,130275
la_control_js_topology_analysis,output/la_control_js_topology_analysis/la_control/seed42/matched-dirichlet/e3/tau1_a1_protocol42/round_metrics.csv,101,epoch; round; decision_round; method; partition; seed; overall_acc; non_tail_acc; bottom20_tail_acc; macro_per_class_acc,5986
la_control_js_topology_analysis,output/la_control_js_topology_analysis/la_control/seed42/matched-dirichlet/e3/tau1_a1_protocol42/protocol/partition_source.csv,10847,raw_sample_id; class_id; client_id; local_position,171076
la_control_js_topology_analysis,output/la_control_js_topology_analysis/la_control/seed42/matched-dirichlet/e3/tau1_a1_protocol42/protocol/probe_manifest.csv,200,class_id; slot; raw_train_index; excluded_from_federated_lt_pool,2814
la_control_js_topology_analysis,output/la_control_js_topology_analysis/la_control/seed42/matched-dirichlet/e5/tau1_a1_h2_t0.002_hist0.002_gain0.0001_p2_protocol42/budget.csv,4080,event_id; round; candidate_round; branch; phase; client_id; optimizer_steps; scheduler_steps; sample_presentations; committed; trainable_factor; upload_bytes; modeled_downlink_bytes,303223
la_control_js_topology_analysis,output/la_control_js_topology_analysis/la_control/seed42/matched-dirichlet/e5/tau1_a1_h2_t0.002_hist0.002_gain0.0001_p2_protocol42/control_class_metrics.csv,900,candidate_round; decision_round; class_id; instant_g; delayed_g; history_difference; selected_vs_root; selected_vs_history; bottom5_tail; bottom5_history,120134
la_control_js_topology_analysis,output/la_control_js_topology_analysis/la_control/seed42/matched-dirichlet/e5/tau1_a1_h2_t0.002_hist0.002_gain0.0001_p2_protocol42/control_decisions.csv,9,candidate_round; decision_round; selected_branch; accepted_A; failure_count; accepted_A_count; pass_gain; pass_tail; pass_history; anchor_before; anchor_after; selected_history_eligible; anchor_updated; selected_J; freeze_A; rollback_applied; rollback_distance_rounds; a_lr; min_gain; tail_tolerance; history_tolerance; instant_G_all; instant_G_tail; instant_G_hist; instant_bottom5_tail_ids; instant_bottom5_history_ids; instant_g_mean; instant_g_std; instant_tail_g_mean; instant_tail_g_std; instant_bottom5_g_std; delayed_G_all; delayed_G_tail; delayed_G_hist; delayed_bottom5_tail_ids; delayed_bottom5_history_ids; delayed_g_mean; delayed_g_std; delayed_tail_g_mean; delayed_tail_g_std; delayed_bottom5_g_std; P_all; P_tail; P_hist; common_rng_start; A_rng_end; B_rng_end; A_effective_update_norm; B_effective_update_norm,8787
la_control_js_topology_analysis,output/la_control_js_topology_analysis/la_control/seed42/matched-dirichlet/e5/tau1_a1_h2_t0.002_hist0.002_gain0.0001_p2_protocol42/evaluation_budget.csv,138,label; kind; seconds; sample_presentations; upload_bytes; modeled_downlink_bytes,9142
la_control_js_topology_analysis,output/la_control_js_topology_analysis/la_control/seed42/matched-dirichlet/e5/tau1_a1_h2_t0.002_hist0.002_gain0.0001_p2_protocol42/event_manifest.csv,137,seed; topology; method; round; phase; active_factor; reconstruction_max_abs_error; frozen_factor_max_abs_error; reconstruction_passed; optimizer_steps; sample_presentations; delta_a_norm; delta_b_norm; effective_delta_norm; new_input_direction_norm; new_direction_fraction; a_drift_from_initial; mean_a_subspace_change; mean_a_subspace_from_initial; event_id; branch; candidate_round; selected_client_ids; server_weights; before_lora_sha256; after_lora_sha256; committed; decision_round; seconds; state_path; rollback_applied; rollback_distance_rounds; restore_from_round,162829
la_control_js_topology_analysis,output/la_control_js_topology_analysis/la_control/seed42/matched-dirichlet/e5/tau1_a1_h2_t0.002_hist0.002_gain0.0001_p2_protocol42/feedback_class_scores.csv,3700,label; class_id; margin,147551
la_control_js_topology_analysis,output/la_control_js_topology_analysis/la_control/seed42/matched-dirichlet/e5/tau1_a1_h2_t0.002_hist0.002_gain0.0001_p2_protocol42/history_best.csv,9,decision_round; decision_id; selected_J; eligible; updated; best_valid_anchor; best_J,819
la_control_js_topology_analysis,output/la_control_js_topology_analysis/la_control/seed42/matched-dirichlet/e5/tau1_a1_h2_t0.002_hist0.002_gain0.0001_p2_protocol42/restore_events.csv,1,event_id; round; phase; branch; candidate_round; committed; decision_round; rollback_applied; rollback_distance_rounds; restore_from_round; before_lora_sha256; after_lora_sha256; state_path; optimizer_steps,408
la_control_js_topology_analysis,output/la_control_js_topology_analysis/la_control/seed42/matched-dirichlet/e5/tau1_a1_h2_t0.002_hist0.002_gain0.0001_p2_protocol42/round_metrics.csv,101,epoch; round; decision_round; method; partition; seed; overall_acc; non_tail_acc; bottom20_tail_acc; macro_per_class_acc,5988
la_control_js_topology_analysis,output/la_control_js_topology_analysis/la_control/seed42/matched-dirichlet/e5/tau1_a1_h2_t0.002_hist0.002_gain0.0001_p2_protocol42/protocol/partition_source.csv,10847,raw_sample_id; class_id; client_id; local_position,171076
la_control_js_topology_analysis,output/la_control_js_topology_analysis/la_control/seed42/matched-dirichlet/e5/tau1_a1_h2_t0.002_hist0.002_gain0.0001_p2_protocol42/protocol/probe_manifest.csv,200,class_id; slot; raw_train_index; excluded_from_federated_lt_pool,2814
la_control_js_topology_analysis,output/la_control_js_topology_analysis/la_control/seed42/matched-dirichlet/j/tau1_a1_protocol42/budget.csv,3270,event_id; round; candidate_round; branch; phase; client_id; optimizer_steps; scheduler_steps; sample_presentations; committed; trainable_factor; a_optimizer_steps; b_optimizer_steps; upload_bytes; modeled_downlink_bytes,280270
la_control_js_topology_analysis,output/la_control_js_topology_analysis/la_control/seed42/matched-dirichlet/j/tau1_a1_protocol42/evaluation_budget.csv,101,label; kind; seconds; sample_presentations; upload_bytes; modeled_downlink_bytes,6295
la_control_js_topology_analysis,output/la_control_js_topology_analysis/la_control/seed42/matched-dirichlet/j/tau1_a1_protocol42/event_manifest.csv,109,seed; topology; method; round; phase; active_factor; reconstruction_max_abs_error; frozen_factor_max_abs_error; reconstruction_passed; optimizer_steps; sample_presentations; delta_a_norm; delta_b_norm; effective_delta_norm; new_input_direction_norm; new_direction_fraction; a_drift_from_initial; mean_a_subspace_change; mean_a_subspace_from_initial; event_id; branch; candidate_round; selected_client_ids; server_weights; before_lora_sha256; after_lora_sha256; committed; decision_round; seconds; state_path,132674
la_control_js_topology_analysis,output/la_control_js_topology_analysis/la_control/seed42/matched-dirichlet/j/tau1_a1_protocol42/round_metrics.csv,101,epoch; round; decision_round; method; partition; seed; overall_acc; non_tail_acc; head20_acc; middle60_acc; bottom20_tail_acc; macro_per_class_acc,7881
la_control_js_topology_analysis,output/la_control_js_topology_analysis/la_control/seed42/matched-dirichlet/j/tau1_a1_protocol42/protocol/partition_source.csv,10847,raw_sample_id; class_id; client_id; local_position,171076
la_control_js_topology_analysis,output/la_control_js_topology_analysis/la_control/seed42/matched-dirichlet/j/tau1_a1_protocol42/protocol/probe_manifest.csv,200,class_id; slot; raw_train_index; excluded_from_federated_lt_pool,2814
la_control_js_topology_analysis,output/la_control_js_topology_analysis/la_control/seed42/matched-dirichlet/s/tau1_a1_protocol42/budget.csv,5700,event_id; round; candidate_round; branch; phase; client_id; optimizer_steps; scheduler_steps; sample_presentations; committed; trainable_factor; a_optimizer_steps; b_optimizer_steps; upload_bytes; modeled_downlink_bytes,465127
la_control_js_topology_analysis,output/la_control_js_topology_analysis/la_control/seed42/matched-dirichlet/s/tau1_a1_protocol42/evaluation_budget.csv,101,label; kind; seconds; sample_presentations; upload_bytes; modeled_downlink_bytes,6295
la_control_js_topology_analysis,output/la_control_js_topology_analysis/la_control/seed42/matched-dirichlet/s/tau1_a1_protocol42/event_manifest.csv,190,seed; topology; method; round; phase; active_factor; reconstruction_max_abs_error; frozen_factor_max_abs_error; reconstruction_passed; optimizer_steps; sample_presentations; delta_a_norm; delta_b_norm; effective_delta_norm; new_input_direction_norm; new_direction_fraction; a_drift_from_initial; mean_a_subspace_change; mean_a_subspace_from_initial; event_id; branch; candidate_round; selected_client_ids; server_weights; before_lora_sha256; after_lora_sha256; committed; decision_round; seconds; state_path,226841
la_control_js_topology_analysis,output/la_control_js_topology_analysis/la_control/seed42/matched-dirichlet/s/tau1_a1_protocol42/round_metrics.csv,101,epoch; round; decision_round; method; partition; seed; overall_acc; non_tail_acc; head20_acc; middle60_acc; bottom20_tail_acc; macro_per_class_acc,7907
la_control_js_topology_analysis,output/la_control_js_topology_analysis/la_control/seed42/matched-dirichlet/s/tau1_a1_protocol42/protocol/partition_source.csv,10847,raw_sample_id; class_id; client_id; local_position,171076
la_control_js_topology_analysis,output/la_control_js_topology_analysis/la_control/seed42/matched-dirichlet/s/tau1_a1_protocol42/protocol/probe_manifest.csv,200,class_id; slot; raw_train_index; excluded_from_federated_lt_pool,2814
la_control_js_topology_analysis,output/la_control_js_topology_analysis/review/event_diagnostics.csv,26,run; phase; events; sum_effective_delta_norm; last_a_drift; last_a_subspace_distance,2398
la_control_js_topology_analysis,output/la_control_js_topology_analysis/review/independent_run_audit.csv,12,run; metric_max_error; rounds; per_class_files; steps; normal_events; extra_events; previous_round_metrics_identical; available_event_tensors; functional_attribution_present,980
la_control_js_topology_analysis,output/la_control_js_topology_analysis/review/paired_protocol_checks.csv,5,method; pool_sha256; test_sha256; probe_images_sha256; probe_manifest_sha256; schedule_sha256; initial_lora_sha256; frozen_model_sha256; client_sample_counts; training_code_hashes; actual_pool; actual_class_counts; actual_client_counts; equal_steps,583
la_control_js_topology_analysis,output/la_control_js_topology_analysis/review/per_class_metrics.csv,1200,run; class_id; class_name; initial; last20; final; peak; peak_to_final,69560
la_control_js_topology_analysis,output/la_control_js_topology_analysis/review/per_class_topology_gaps.csv,500,method; class_id; class_name; last20_Dir_minus_CLT; final_Dir_minus_CLT; bfd_CLT_minus_Dir,14643
la_control_js_topology_analysis,output/la_control_js_topology_analysis/review/performance.csv,60,run; metric; initial; last20; final; peak; peak_round; peak_to_final,4646
la_control_js_topology_analysis,output/la_control_js_topology_analysis/review/retention_metrics.csv,12,run; peak; peak_round; persistent_decline_start; decline_confirmation_round; mean_round41_50; mean_round81_90; drop_per10_rounds; final; last20; peak_to_final; peak_to_last20; initial_to_final; round20; round40; round60; round80; round90; round90_to100,2308
la_control_js_topology_analysis,output/la_control_js_topology_analysis/review/strategy_topology_interactions.csv,15,comparison; metric; difference; same_code_across_strategies; equal_steps_across_strategies,730
la_control_js_topology_analysis,output/la_control_js_topology_analysis/review/topology_gaps.csv,25,method; metric; last20_Dir_minus_CLT; final_Dir_minus_CLT; classes_Dir_better; classes_equal; classes_CLT_better,1511
la_control_js_topology_analysis,output/la_control_js_topology_analysis/review/trajectory_checkpoints.csv,170,method; topology; round; overall; non_tail; head20; middle60; tail,10652
la_control_six_runs_analysis,output/la_control_six_runs_analysis/la_control/analysis/comparisons.csv,18,method_run; baseline_run; metric; last20_method_minus_baseline; comparison,3672
la_control_six_runs_analysis,output/la_control_six_runs_analysis/la_control/analysis/costs.csv,6,run; completed_round; normal_optimizer_steps; extra_optimizer_steps; unselected_branch_optimizer_steps; total_optimizer_steps; attempted_decisions; accepted_A_decisions; failure_count; freeze_A_forever; freeze_round; feedback_passes; official_test_passes; best_valid_anchor; elapsed_seconds; feedback_seconds; official_test_seconds; feedback_sample_presentations; training_upload_bytes; feedback_upload_bytes; modeled_downlink_bytes,1501
la_control_six_runs_analysis,output/la_control_six_runs_analysis/la_control/analysis/decisions.csv,18,run; candidate_round; decision_round; selected_branch; accepted_A; failure_count; accepted_A_count; pass_gain; pass_tail; pass_history; anchor_before; anchor_after; selected_history_eligible; anchor_updated; selected_J; freeze_A; rollback_applied; rollback_distance_rounds; a_lr; min_gain; tail_tolerance; history_tolerance; instant_G_all; instant_G_tail; instant_G_hist; instant_bottom5_tail_ids; instant_bottom5_history_ids; instant_g_mean; instant_g_std; instant_tail_g_mean; instant_tail_g_std; instant_bottom5_g_std; delayed_G_all; delayed_G_tail; delayed_G_hist; delayed_bottom5_tail_ids; delayed_bottom5_history_ids; delayed_g_mean; delayed_g_std; delayed_tail_g_mean; delayed_tail_g_std; delayed_bottom5_g_std; P_all; P_tail; P_hist; common_rng_start; A_rng_end; B_rng_end; A_effective_update_norm; B_effective_update_norm,18260
la_control_six_runs_analysis,output/la_control_six_runs_analysis/la_control/analysis/performance.csv,18,run; seed; topology; method; metric; initial; last20; final; peak; peak_round; best_to_final,2621
la_control_six_runs_analysis,output/la_control_six_runs_analysis/la_control/analysis/topology_gaps.csv,9,CLT_run; Dir_run; method; metric; last20_Dir_minus_CLT,1429
la_control_six_runs_analysis,output/la_control_six_runs_analysis/la_control/seed42/client-longtail/e2/tau1_a1_protocol42/budget.csv,3270,event_id; round; candidate_round; branch; phase; client_id; optimizer_steps; scheduler_steps; sample_presentations; committed; trainable_factor; upload_bytes; modeled_downlink_bytes,248449
la_control_six_runs_analysis,output/la_control_six_runs_analysis/la_control/seed42/client-longtail/e2/tau1_a1_protocol42/evaluation_budget.csv,101,label; kind; seconds; sample_presentations; upload_bytes; modeled_downlink_bytes,6292
la_control_six_runs_analysis,output/la_control_six_runs_analysis/la_control/seed42/client-longtail/e2/tau1_a1_protocol42/event_manifest.csv,109,seed; topology; method; round; phase; active_factor; reconstruction_max_abs_error; frozen_factor_max_abs_error; reconstruction_passed; optimizer_steps; sample_presentations; delta_a_norm; delta_b_norm; effective_delta_norm; new_input_direction_norm; new_direction_fraction; a_drift_from_initial; mean_a_subspace_change; mean_a_subspace_from_initial; event_id; branch; candidate_round; selected_client_ids; server_weights; before_lora_sha256; after_lora_sha256; committed; decision_round; seconds; state_path,129731
la_control_six_runs_analysis,output/la_control_six_runs_analysis/la_control/seed42/client-longtail/e2/tau1_a1_protocol42/round_metrics.csv,101,epoch; round; decision_round; method; partition; seed; overall_acc; non_tail_acc; bottom20_tail_acc; macro_per_class_acc,5785
la_control_six_runs_analysis,output/la_control_six_runs_analysis/la_control/seed42/client-longtail/e2/tau1_a1_protocol42/protocol/partition_source.csv,10847,raw_sample_id; class_id; client_id; local_position,171076
la_control_six_runs_analysis,output/la_control_six_runs_analysis/la_control/seed42/client-longtail/e2/tau1_a1_protocol42/protocol/probe_manifest.csv,200,class_id; slot; raw_train_index; excluded_from_federated_lt_pool,2814
la_control_six_runs_analysis,output/la_control_six_runs_analysis/la_control/seed42/client-longtail/e3/tau1_a1_protocol42/budget.csv,3270,event_id; round; candidate_round; branch; phase; client_id; optimizer_steps; scheduler_steps; sample_presentations; committed; trainable_factor; upload_bytes; modeled_downlink_bytes,249529
la_control_six_runs_analysis,output/la_control_six_runs_analysis/la_control/seed42/client-longtail/e3/tau1_a1_protocol42/evaluation_budget.csv,101,label; kind; seconds; sample_presentations; upload_bytes; modeled_downlink_bytes,6294
la_control_six_runs_analysis,output/la_control_six_runs_analysis/la_control/seed42/client-longtail/e3/tau1_a1_protocol42/event_manifest.csv,109,seed; topology; method; round; phase; active_factor; reconstruction_max_abs_error; frozen_factor_max_abs_error; reconstruction_passed; optimizer_steps; sample_presentations; delta_a_norm; delta_b_norm; effective_delta_norm; new_input_direction_norm; new_direction_fraction; a_drift_from_initial; mean_a_subspace_change; mean_a_subspace_from_initial; event_id; branch; candidate_round; selected_client_ids; server_weights; before_lora_sha256; after_lora_sha256; committed; decision_round; seconds; state_path,130157
la_control_six_runs_analysis,output/la_control_six_runs_analysis/la_control/seed42/client-longtail/e3/tau1_a1_protocol42/round_metrics.csv,101,epoch; round; decision_round; method; partition; seed; overall_acc; non_tail_acc; bottom20_tail_acc; macro_per_class_acc,5800
la_control_six_runs_analysis,output/la_control_six_runs_analysis/la_control/seed42/client-longtail/e3/tau1_a1_protocol42/protocol/partition_source.csv,10847,raw_sample_id; class_id; client_id; local_position,171076
la_control_six_runs_analysis,output/la_control_six_runs_analysis/la_control/seed42/client-longtail/e3/tau1_a1_protocol42/protocol/probe_manifest.csv,200,class_id; slot; raw_train_index; excluded_from_federated_lt_pool,2814
la_control_six_runs_analysis,output/la_control_six_runs_analysis/la_control/seed42/client-longtail/e5/tau1_a1_h2_t0.002_hist0.002_gain0.0001_p2_protocol42/budget.csv,4080,event_id; round; candidate_round; branch; phase; client_id; optimizer_steps; scheduler_steps; sample_presentations; committed; trainable_factor; upload_bytes; modeled_downlink_bytes,303223
la_control_six_runs_analysis,output/la_control_six_runs_analysis/la_control/seed42/client-longtail/e5/tau1_a1_h2_t0.002_hist0.002_gain0.0001_p2_protocol42/control_class_metrics.csv,900,candidate_round; decision_round; class_id; instant_g; delayed_g; history_difference; selected_vs_root; selected_vs_history; bottom5_tail; bottom5_history,120057
la_control_six_runs_analysis,output/la_control_six_runs_analysis/la_control/seed42/client-longtail/e5/tau1_a1_h2_t0.002_hist0.002_gain0.0001_p2_protocol42/control_decisions.csv,9,candidate_round; decision_round; selected_branch; accepted_A; failure_count; accepted_A_count; pass_gain; pass_tail; pass_history; anchor_before; anchor_after; selected_history_eligible; anchor_updated; selected_J; freeze_A; rollback_applied; rollback_distance_rounds; a_lr; min_gain; tail_tolerance; history_tolerance; instant_G_all; instant_G_tail; instant_G_hist; instant_bottom5_tail_ids; instant_bottom5_history_ids; instant_g_mean; instant_g_std; instant_tail_g_mean; instant_tail_g_std; instant_bottom5_g_std; delayed_G_all; delayed_G_tail; delayed_G_hist; delayed_bottom5_tail_ids; delayed_bottom5_history_ids; delayed_g_mean; delayed_g_std; delayed_tail_g_mean; delayed_tail_g_std; delayed_bottom5_g_std; P_all; P_tail; P_hist; common_rng_start; A_rng_end; B_rng_end; A_effective_update_norm; B_effective_update_norm,8808
la_control_six_runs_analysis,output/la_control_six_runs_analysis/la_control/seed42/client-longtail/e5/tau1_a1_h2_t0.002_hist0.002_gain0.0001_p2_protocol42/evaluation_budget.csv,138,label; kind; seconds; sample_presentations; upload_bytes; modeled_downlink_bytes,9154
la_control_six_runs_analysis,output/la_control_six_runs_analysis/la_control/seed42/client-longtail/e5/tau1_a1_h2_t0.002_hist0.002_gain0.0001_p2_protocol42/event_manifest.csv,137,seed; topology; method; round; phase; active_factor; reconstruction_max_abs_error; frozen_factor_max_abs_error; reconstruction_passed; optimizer_steps; sample_presentations; delta_a_norm; delta_b_norm; effective_delta_norm; new_input_direction_norm; new_direction_fraction; a_drift_from_initial; mean_a_subspace_change; mean_a_subspace_from_initial; event_id; branch; candidate_round; selected_client_ids; server_weights; before_lora_sha256; after_lora_sha256; committed; decision_round; seconds; state_path; rollback_applied; rollback_distance_rounds; restore_from_round,162135
la_control_six_runs_analysis,output/la_control_six_runs_analysis/la_control/seed42/client-longtail/e5/tau1_a1_h2_t0.002_hist0.002_gain0.0001_p2_protocol42/feedback_class_scores.csv,3700,label; class_id; margin,147636
la_control_six_runs_analysis,output/la_control_six_runs_analysis/la_control/seed42/client-longtail/e5/tau1_a1_h2_t0.002_hist0.002_gain0.0001_p2_protocol42/history_best.csv,9,decision_round; decision_id; selected_J; eligible; updated; best_valid_anchor; best_J,817
la_control_six_runs_analysis,output/la_control_six_runs_analysis/la_control/seed42/client-longtail/e5/tau1_a1_h2_t0.002_hist0.002_gain0.0001_p2_protocol42/restore_events.csv,1,event_id; round; phase; branch; candidate_round; committed; decision_round; rollback_applied; rollback_distance_rounds; restore_from_round; before_lora_sha256; after_lora_sha256; state_path; optimizer_steps,408
la_control_six_runs_analysis,output/la_control_six_runs_analysis/la_control/seed42/client-longtail/e5/tau1_a1_h2_t0.002_hist0.002_gain0.0001_p2_protocol42/round_metrics.csv,101,epoch; round; decision_round; method; partition; seed; overall_acc; non_tail_acc; bottom20_tail_acc; macro_per_class_acc,5790
la_control_six_runs_analysis,output/la_control_six_runs_analysis/la_control/seed42/client-longtail/e5/tau1_a1_h2_t0.002_hist0.002_gain0.0001_p2_protocol42/protocol/partition_source.csv,10847,raw_sample_id; class_id; client_id; local_position,171076
la_control_six_runs_analysis,output/la_control_six_runs_analysis/la_control/seed42/client-longtail/e5/tau1_a1_h2_t0.002_hist0.002_gain0.0001_p2_protocol42/protocol/probe_manifest.csv,200,class_id; slot; raw_train_index; excluded_from_federated_lt_pool,2814
la_control_six_runs_analysis,output/la_control_six_runs_analysis/la_control/seed42/matched-dirichlet/e2/tau1_a1_protocol42/budget.csv,3270,event_id; round; candidate_round; branch; phase; client_id; optimizer_steps; scheduler_steps; sample_presentations; committed; trainable_factor; upload_bytes; modeled_downlink_bytes,248449
la_control_six_runs_analysis,output/la_control_six_runs_analysis/la_control/seed42/matched-dirichlet/e2/tau1_a1_protocol42/evaluation_budget.csv,101,label; kind; seconds; sample_presentations; upload_bytes; modeled_downlink_bytes,6278
la_control_six_runs_analysis,output/la_control_six_runs_analysis/la_control/seed42/matched-dirichlet/e2/tau1_a1_protocol42/event_manifest.csv,109,seed; topology; method; round; phase; active_factor; reconstruction_max_abs_error; frozen_factor_max_abs_error; reconstruction_passed; optimizer_steps; sample_presentations; delta_a_norm; delta_b_norm; effective_delta_norm; new_input_direction_norm; new_direction_fraction; a_drift_from_initial; mean_a_subspace_change; mean_a_subspace_from_initial; event_id; branch; candidate_round; selected_client_ids; server_weights; before_lora_sha256; after_lora_sha256; committed; decision_round; seconds; state_path,129925
la_control_six_runs_analysis,output/la_control_six_runs_analysis/la_control/seed42/matched-dirichlet/e2/tau1_a1_protocol42/round_metrics.csv,101,epoch; round; decision_round; method; partition; seed; overall_acc; non_tail_acc; bottom20_tail_acc; macro_per_class_acc,5972
la_control_six_runs_analysis,output/la_control_six_runs_analysis/la_control/seed42/matched-dirichlet/e2/tau1_a1_protocol42/protocol/partition_source.csv,10847,raw_sample_id; class_id; client_id; local_position,171076
la_control_six_runs_analysis,output/la_control_six_runs_analysis/la_control/seed42/matched-dirichlet/e2/tau1_a1_protocol42/protocol/probe_manifest.csv,200,class_id; slot; raw_train_index; excluded_from_federated_lt_pool,2814
la_control_six_runs_analysis,output/la_control_six_runs_analysis/la_control/seed42/matched-dirichlet/e3/tau1_a1_protocol42/budget.csv,3270,event_id; round; candidate_round; branch; phase; client_id; optimizer_steps; scheduler_steps; sample_presentations; committed; trainable_factor; upload_bytes; modeled_downlink_bytes,249529
la_control_six_runs_analysis,output/la_control_six_runs_analysis/la_control/seed42/matched-dirichlet/e3/tau1_a1_protocol42/evaluation_budget.csv,101,label; kind; seconds; sample_presentations; upload_bytes; modeled_downlink_bytes,6294
la_control_six_runs_analysis,output/la_control_six_runs_analysis/la_control/seed42/matched-dirichlet/e3/tau1_a1_protocol42/event_manifest.csv,109,seed; topology; method; round; phase; active_factor; reconstruction_max_abs_error; frozen_factor_max_abs_error; reconstruction_passed; optimizer_steps; sample_presentations; delta_a_norm; delta_b_norm; effective_delta_norm; new_input_direction_norm; new_direction_fraction; a_drift_from_initial; mean_a_subspace_change; mean_a_subspace_from_initial; event_id; branch; candidate_round; selected_client_ids; server_weights; before_lora_sha256; after_lora_sha256; committed; decision_round; seconds; state_path,130275
la_control_six_runs_analysis,output/la_control_six_runs_analysis/la_control/seed42/matched-dirichlet/e3/tau1_a1_protocol42/round_metrics.csv,101,epoch; round; decision_round; method; partition; seed; overall_acc; non_tail_acc; bottom20_tail_acc; macro_per_class_acc,5986
la_control_six_runs_analysis,output/la_control_six_runs_analysis/la_control/seed42/matched-dirichlet/e3/tau1_a1_protocol42/protocol/partition_source.csv,10847,raw_sample_id; class_id; client_id; local_position,171076
la_control_six_runs_analysis,output/la_control_six_runs_analysis/la_control/seed42/matched-dirichlet/e3/tau1_a1_protocol42/protocol/probe_manifest.csv,200,class_id; slot; raw_train_index; excluded_from_federated_lt_pool,2814
la_control_six_runs_analysis,output/la_control_six_runs_analysis/la_control/seed42/matched-dirichlet/e5/tau1_a1_h2_t0.002_hist0.002_gain0.0001_p2_protocol42/budget.csv,4080,event_id; round; candidate_round; branch; phase; client_id; optimizer_steps; scheduler_steps; sample_presentations; committed; trainable_factor; upload_bytes; modeled_downlink_bytes,303223
la_control_six_runs_analysis,output/la_control_six_runs_analysis/la_control/seed42/matched-dirichlet/e5/tau1_a1_h2_t0.002_hist0.002_gain0.0001_p2_protocol42/control_class_metrics.csv,900,candidate_round; decision_round; class_id; instant_g; delayed_g; history_difference; selected_vs_root; selected_vs_history; bottom5_tail; bottom5_history,120134
la_control_six_runs_analysis,output/la_control_six_runs_analysis/la_control/seed42/matched-dirichlet/e5/tau1_a1_h2_t0.002_hist0.002_gain0.0001_p2_protocol42/control_decisions.csv,9,candidate_round; decision_round; selected_branch; accepted_A; failure_count; accepted_A_count; pass_gain; pass_tail; pass_history; anchor_before; anchor_after; selected_history_eligible; anchor_updated; selected_J; freeze_A; rollback_applied; rollback_distance_rounds; a_lr; min_gain; tail_tolerance; history_tolerance; instant_G_all; instant_G_tail; instant_G_hist; instant_bottom5_tail_ids; instant_bottom5_history_ids; instant_g_mean; instant_g_std; instant_tail_g_mean; instant_tail_g_std; instant_bottom5_g_std; delayed_G_all; delayed_G_tail; delayed_G_hist; delayed_bottom5_tail_ids; delayed_bottom5_history_ids; delayed_g_mean; delayed_g_std; delayed_tail_g_mean; delayed_tail_g_std; delayed_bottom5_g_std; P_all; P_tail; P_hist; common_rng_start; A_rng_end; B_rng_end; A_effective_update_norm; B_effective_update_norm,8787
la_control_six_runs_analysis,output/la_control_six_runs_analysis/la_control/seed42/matched-dirichlet/e5/tau1_a1_h2_t0.002_hist0.002_gain0.0001_p2_protocol42/evaluation_budget.csv,138,label; kind; seconds; sample_presentations; upload_bytes; modeled_downlink_bytes,9142
la_control_six_runs_analysis,output/la_control_six_runs_analysis/la_control/seed42/matched-dirichlet/e5/tau1_a1_h2_t0.002_hist0.002_gain0.0001_p2_protocol42/event_manifest.csv,137,seed; topology; method; round; phase; active_factor; reconstruction_max_abs_error; frozen_factor_max_abs_error; reconstruction_passed; optimizer_steps; sample_presentations; delta_a_norm; delta_b_norm; effective_delta_norm; new_input_direction_norm; new_direction_fraction; a_drift_from_initial; mean_a_subspace_change; mean_a_subspace_from_initial; event_id; branch; candidate_round; selected_client_ids; server_weights; before_lora_sha256; after_lora_sha256; committed; decision_round; seconds; state_path; rollback_applied; rollback_distance_rounds; restore_from_round,162829
la_control_six_runs_analysis,output/la_control_six_runs_analysis/la_control/seed42/matched-dirichlet/e5/tau1_a1_h2_t0.002_hist0.002_gain0.0001_p2_protocol42/feedback_class_scores.csv,3700,label; class_id; margin,147551
la_control_six_runs_analysis,output/la_control_six_runs_analysis/la_control/seed42/matched-dirichlet/e5/tau1_a1_h2_t0.002_hist0.002_gain0.0001_p2_protocol42/history_best.csv,9,decision_round; decision_id; selected_J; eligible; updated; best_valid_anchor; best_J,819
la_control_six_runs_analysis,output/la_control_six_runs_analysis/la_control/seed42/matched-dirichlet/e5/tau1_a1_h2_t0.002_hist0.002_gain0.0001_p2_protocol42/restore_events.csv,1,event_id; round; phase; branch; candidate_round; committed; decision_round; rollback_applied; rollback_distance_rounds; restore_from_round; before_lora_sha256; after_lora_sha256; state_path; optimizer_steps,408
la_control_six_runs_analysis,output/la_control_six_runs_analysis/la_control/seed42/matched-dirichlet/e5/tau1_a1_h2_t0.002_hist0.002_gain0.0001_p2_protocol42/round_metrics.csv,101,epoch; round; decision_round; method; partition; seed; overall_acc; non_tail_acc; bottom20_tail_acc; macro_per_class_acc,5988
la_control_six_runs_analysis,output/la_control_six_runs_analysis/la_control/seed42/matched-dirichlet/e5/tau1_a1_h2_t0.002_hist0.002_gain0.0001_p2_protocol42/protocol/partition_source.csv,10847,raw_sample_id; class_id; client_id; local_position,171076
la_control_six_runs_analysis,output/la_control_six_runs_analysis/la_control/seed42/matched-dirichlet/e5/tau1_a1_h2_t0.002_hist0.002_gain0.0001_p2_protocol42/protocol/probe_manifest.csv,200,class_id; slot; raw_train_index; excluded_from_federated_lt_pool,2814
la_control_standard_dirichlet_e3_j_s_analysis,output/la_control_standard_dirichlet_e3_j_s_analysis/la_control/analysis/comparisons.csv,110,method_run; baseline_run; metric; last20_method_minus_baseline; training_code_hashes_equal; equal_total_optimizer_steps; comparison,27990
la_control_standard_dirichlet_e3_j_s_analysis,output/la_control_standard_dirichlet_e3_j_s_analysis/la_control/analysis/costs.csv,15,run; completed_round; normal_optimizer_steps; extra_optimizer_steps; unselected_branch_optimizer_steps; total_optimizer_steps; committed_a_optimizer_steps; committed_b_optimizer_steps; a_refresh_events; normal_ab_events; attempted_decisions; accepted_A_decisions; failure_count; freeze_A_forever; freeze_round; feedback_passes; official_test_passes; best_valid_anchor; elapsed_seconds; committed_training_seconds; feedback_seconds; official_test_seconds; feedback_sample_presentations; training_upload_bytes; feedback_upload_bytes; modeled_downlink_bytes,3574
la_control_standard_dirichlet_e3_j_s_analysis,output/la_control_standard_dirichlet_e3_j_s_analysis/la_control/analysis/decisions.csv,18,run; candidate_round; decision_round; selected_branch; accepted_A; failure_count; accepted_A_count; pass_gain; pass_tail; pass_history; anchor_before; anchor_after; selected_history_eligible; anchor_updated; selected_J; freeze_A; rollback_applied; rollback_distance_rounds; a_lr; min_gain; tail_tolerance; history_tolerance; instant_G_all; instant_G_tail; instant_G_hist; instant_bottom5_tail_ids; instant_bottom5_history_ids; instant_g_mean; instant_g_std; instant_tail_g_mean; instant_tail_g_std; instant_bottom5_g_std; delayed_G_all; delayed_G_tail; delayed_G_hist; delayed_bottom5_tail_ids; delayed_bottom5_history_ids; delayed_g_mean; delayed_g_std; delayed_tail_g_mean; delayed_tail_g_std; delayed_bottom5_g_std; P_all; P_tail; P_hist; common_rng_start; A_rng_end; B_rng_end; A_effective_update_norm; B_effective_update_norm,18260
la_control_standard_dirichlet_e3_j_s_analysis,output/la_control_standard_dirichlet_e3_j_s_analysis/la_control/analysis/la_refresh_interactions.csv,5,seed; topology; metric; e0; e1; e2; e3; refresh_gain_without_la; refresh_gain_with_la; la_refresh_interaction; training_code_hashes_equal; comparison,1819
la_control_standard_dirichlet_e3_j_s_analysis,output/la_control_standard_dirichlet_e3_j_s_analysis/la_control/analysis/performance.csv,75,run; seed; topology; method; metric; initial; last20; final; peak; peak_round; best_to_final,10725
la_control_standard_dirichlet_e3_j_s_analysis,output/la_control_standard_dirichlet_e3_j_s_analysis/la_control/analysis/topology_gaps.csv,40,CLT_run; Dir_run; method; dirichlet_partition; dirichlet_beta; client_sample_counts_equal; training_code_hashes_equal; total_optimizer_steps_equal; comparison; metric; last20_Dir_minus_CLT,10049
la_control_standard_dirichlet_e3_j_s_analysis,output/la_control_standard_dirichlet_e3_j_s_analysis/la_control/seed42/noniid-labeldir-fine/e3/tau1_a1_protocol42_beta0.5/budget.csv,3270,event_id; round; candidate_round; branch; phase; client_id; optimizer_steps; scheduler_steps; sample_presentations; committed; trainable_factor; a_optimizer_steps; b_optimizer_steps; upload_bytes; modeled_downlink_bytes,265861
la_control_standard_dirichlet_e3_j_s_analysis,output/la_control_standard_dirichlet_e3_j_s_analysis/la_control/seed42/noniid-labeldir-fine/e3/tau1_a1_protocol42_beta0.5/evaluation_budget.csv,101,label; kind; seconds; sample_presentations; upload_bytes; modeled_downlink_bytes,6290
la_control_standard_dirichlet_e3_j_s_analysis,output/la_control_standard_dirichlet_e3_j_s_analysis/la_control/seed42/noniid-labeldir-fine/e3/tau1_a1_protocol42_beta0.5/event_manifest.csv,109,seed; topology; method; round; phase; active_factor; reconstruction_max_abs_error; frozen_factor_max_abs_error; reconstruction_passed; optimizer_steps; sample_presentations; delta_a_norm; delta_b_norm; effective_delta_norm; new_input_direction_norm; new_direction_fraction; a_drift_from_initial; mean_a_subspace_change; mean_a_subspace_from_initial; event_id; branch; candidate_round; selected_client_ids; server_weights; before_lora_sha256; after_lora_sha256; committed; decision_round; seconds; state_path,129801
la_control_standard_dirichlet_e3_j_s_analysis,output/la_control_standard_dirichlet_e3_j_s_analysis/la_control/seed42/noniid-labeldir-fine/e3/tau1_a1_protocol42_beta0.5/round_metrics.csv,101,epoch; round; decision_round; method; partition; seed; overall_acc; non_tail_acc; head20_acc; middle60_acc; bottom20_tail_acc; macro_per_class_acc,8300
la_control_standard_dirichlet_e3_j_s_analysis,output/la_control_standard_dirichlet_e3_j_s_analysis/la_control/seed42/noniid-labeldir-fine/e3/tau1_a1_protocol42_beta0.5/protocol/probe_manifest.csv,200,class_id; slot; raw_train_index; excluded_from_federated_lt_pool,2814
la_control_standard_dirichlet_e3_j_s_analysis,output/la_control_standard_dirichlet_e3_j_s_analysis/la_control/seed42/noniid-labeldir-fine/j/tau1_a1_protocol42_beta0.5/budget.csv,3270,event_id; round; candidate_round; branch; phase; client_id; optimizer_steps; scheduler_steps; sample_presentations; committed; trainable_factor; a_optimizer_steps; b_optimizer_steps; upload_bytes; modeled_downlink_bytes,280861
la_control_standard_dirichlet_e3_j_s_analysis,output/la_control_standard_dirichlet_e3_j_s_analysis/la_control/seed42/noniid-labeldir-fine/j/tau1_a1_protocol42_beta0.5/evaluation_budget.csv,101,label; kind; seconds; sample_presentations; upload_bytes; modeled_downlink_bytes,6291
la_control_standard_dirichlet_e3_j_s_analysis,output/la_control_standard_dirichlet_e3_j_s_analysis/la_control/seed42/noniid-labeldir-fine/j/tau1_a1_protocol42_beta0.5/event_manifest.csv,109,seed; topology; method; round; phase; active_factor; reconstruction_max_abs_error; frozen_factor_max_abs_error; reconstruction_passed; optimizer_steps; sample_presentations; delta_a_norm; delta_b_norm; effective_delta_norm; new_input_direction_norm; new_direction_fraction; a_drift_from_initial; mean_a_subspace_change; mean_a_subspace_from_initial; event_id; branch; candidate_round; selected_client_ids; server_weights; before_lora_sha256; after_lora_sha256; committed; decision_round; seconds; state_path,132722
la_control_standard_dirichlet_e3_j_s_analysis,output/la_control_standard_dirichlet_e3_j_s_analysis/la_control/seed42/noniid-labeldir-fine/j/tau1_a1_protocol42_beta0.5/round_metrics.csv,101,epoch; round; decision_round; method; partition; seed; overall_acc; non_tail_acc; head20_acc; middle60_acc; bottom20_tail_acc; macro_per_class_acc,8121
la_control_standard_dirichlet_e3_j_s_analysis,output/la_control_standard_dirichlet_e3_j_s_analysis/la_control/seed42/noniid-labeldir-fine/j/tau1_a1_protocol42_beta0.5/protocol/probe_manifest.csv,200,class_id; slot; raw_train_index; excluded_from_federated_lt_pool,2814
la_control_standard_dirichlet_e3_j_s_analysis,output/la_control_standard_dirichlet_e3_j_s_analysis/la_control/seed42/noniid-labeldir-fine/s/tau1_a1_protocol42_beta0.5/budget.csv,5700,event_id; round; candidate_round; branch; phase; client_id; optimizer_steps; scheduler_steps; sample_presentations; committed; trainable_factor; a_optimizer_steps; b_optimizer_steps; upload_bytes; modeled_downlink_bytes,465337
la_control_standard_dirichlet_e3_j_s_analysis,output/la_control_standard_dirichlet_e3_j_s_analysis/la_control/seed42/noniid-labeldir-fine/s/tau1_a1_protocol42_beta0.5/evaluation_budget.csv,101,label; kind; seconds; sample_presentations; upload_bytes; modeled_downlink_bytes,6290
la_control_standard_dirichlet_e3_j_s_analysis,output/la_control_standard_dirichlet_e3_j_s_analysis/la_control/seed42/noniid-labeldir-fine/s/tau1_a1_protocol42_beta0.5/event_manifest.csv,190,seed; topology; method; round; phase; active_factor; reconstruction_max_abs_error; frozen_factor_max_abs_error; reconstruction_passed; optimizer_steps; sample_presentations; delta_a_norm; delta_b_norm; effective_delta_norm; new_input_direction_norm; new_direction_fraction; a_drift_from_initial; mean_a_subspace_change; mean_a_subspace_from_initial; event_id; branch; candidate_round; selected_client_ids; server_weights; before_lora_sha256; after_lora_sha256; committed; decision_round; seconds; state_path,226902
la_control_standard_dirichlet_e3_j_s_analysis,output/la_control_standard_dirichlet_e3_j_s_analysis/la_control/seed42/noniid-labeldir-fine/s/tau1_a1_protocol42_beta0.5/round_metrics.csv,101,epoch; round; decision_round; method; partition; seed; overall_acc; non_tail_acc; head20_acc; middle60_acc; bottom20_tail_acc; macro_per_class_acc,8141
la_control_standard_dirichlet_e3_j_s_analysis,output/la_control_standard_dirichlet_e3_j_s_analysis/la_control/seed42/noniid-labeldir-fine/s/tau1_a1_protocol42_beta0.5/protocol/probe_manifest.csv,200,class_id; slot; raw_train_index; excluded_from_federated_lt_pool,2814
la_control_standard_dirichlet_e3_j_s_analysis,output/la_control_standard_dirichlet_e3_j_s_analysis/review/all_round_curves.csv,606,topology; method; round; overall; head20; middle60; tail; nontail,37856
la_control_standard_dirichlet_e3_j_s_analysis,output/la_control_standard_dirichlet_e3_j_s_analysis/review/core_parameter_pairs.csv,60,method; parameter; CLT; Dir; equal,1798
la_control_standard_dirichlet_e3_j_s_analysis,output/la_control_standard_dirichlet_e3_j_s_analysis/review/data_checks.csv,6,topology; method; source; completed_round; metric_max_reconstruction_error; per_class_files; normal_events; extra_a_events; all_30_clients_participate; aggregation; functional_attribution_present,1282
la_control_standard_dirichlet_e3_j_s_analysis,output/la_control_standard_dirichlet_e3_j_s_analysis/review/partition_characteristics.csv,2,topology; total_samples; tail_samples; min_client_size; max_client_size; steps_per_client_epoch; mean_tail_carriers; min_tail_carriers; max_tail_carriers; clients_27_29_tail_samples; clients_27_29_total_samples; clients_27_29_weight; client_sizes; tail_samples_per_client,913
la_control_standard_dirichlet_e3_j_s_analysis,output/la_control_standard_dirichlet_e3_j_s_analysis/review/per_class_results.csv,600,topology; method; class_id; class_name; group; initial; last20; final; peak; peak_to_final,40415
la_control_standard_dirichlet_e3_j_s_analysis,output/la_control_standard_dirichlet_e3_j_s_analysis/review/per_class_topology_gaps.csv,300,method; class_id; class_name; Dir_minus_CLT_last20; CLT_minus_Dir_peak_to_final,10120
la_control_standard_dirichlet_e3_j_s_analysis,output/la_control_standard_dirichlet_e3_j_s_analysis/review/performance_retention.csv,6,topology; method; overall; head20; middle60; tail; nontail; initial_tail; peak; peak_round; onset; onset_confirm; final_tail; peak_to_final; peak_to_last20; drop_per10; tail_41_50; tail_81_90; tail_0_20_gain; tail_20_100_change; optimizer_steps; a_final_drift; a_final_subspace_distance; effective_update_path,1958
la_control_standard_dirichlet_e3_j_s_analysis,output/la_control_standard_dirichlet_e3_j_s_analysis/review/strategy_topology_interactions.csv,10,method; metric; CLT_method_minus_E3; Dir_method_minus_E3; extra_topology_gap,745
la_control_standard_dirichlet_e3_j_s_analysis,output/la_control_standard_dirichlet_e3_j_s_analysis/review/topology_gaps.csv,15,method; metric; Dir_minus_CLT; classes_Dir_higher; classes_tied; classes_CLT_higher,648
la_lambda_sweep_seed42_results,output/la_lambda_sweep_seed42_results/output/cifar100_LT/ClipLora_LA_Aggregation_reg025_seed42/seed42/clientlt/la_aggregation/effective_svd_diagnostics.csv,600,epoch_index; communication_round; a_key; b_key; rank; numerical_rank; scaling; zero_tolerance; projection_error_squared; tail_singular_energy; thresholded_singular_energy; expected_projection_error_squared; projection_norm_error,159745
la_lambda_sweep_seed42_results,output/la_lambda_sweep_seed42_results/output/cifar100_LT/ClipLora_LA_Aggregation_reg025_seed42/seed42/clientlt/la_aggregation/lora_aggregation_summary.csv,100,epoch_index; communication_round; partition; aggregation; num_selected_clients; num_active_clients; weight_sum; effective_num_clients; max_weight; min_positive_weight; tail_class_count; covered_tail_class_count; uncovered_tail_classes; la_temperature; la_regularization; la_objective; la_target_kl; la_fedavg_kl,18879
la_lambda_sweep_seed42_results,output/la_lambda_sweep_seed42_results/output/cifar100_LT/ClipLora_LA_Aggregation_reg025_seed42/seed42/clientlt/la_aggregation/lora_aggregation_weights.csv,3000,epoch_index; communication_round; partition; aggregation; client_id; client_num_samples; num_supported_tail_classes; aggregation_weight,206966
la_lambda_sweep_seed42_results,output/la_lambda_sweep_seed42_results/output/cifar100_LT/ClipLora_LA_Aggregation_reg025_seed42/seed42/clientlt/la_aggregation/round_metrics.csv,101,epoch; method; partition; aggregation; overall_acc; non_tail_acc; bottom20_tail_acc; macro_per_class_acc; head_acc; medium_acc; tail_acc; macro_f1; seed; tail_class_ratio,11270
la_lambda_sweep_seed42_results,output/la_lambda_sweep_seed42_results/output/cifar100_LT/ClipLora_LA_Aggregation_reg05_seed42/seed42/clientlt/la_aggregation/effective_svd_diagnostics.csv,600,epoch_index; communication_round; a_key; b_key; rank; numerical_rank; scaling; zero_tolerance; projection_error_squared; tail_singular_energy; thresholded_singular_energy; expected_projection_error_squared; projection_norm_error,159846
la_lambda_sweep_seed42_results,output/la_lambda_sweep_seed42_results/output/cifar100_LT/ClipLora_LA_Aggregation_reg05_seed42/seed42/clientlt/la_aggregation/lora_aggregation_summary.csv,100,epoch_index; communication_round; partition; aggregation; num_selected_clients; num_active_clients; weight_sum; effective_num_clients; max_weight; min_positive_weight; tail_class_count; covered_tail_class_count; uncovered_tail_classes; la_temperature; la_regularization; la_objective; la_target_kl; la_fedavg_kl,18744
la_lambda_sweep_seed42_results,output/la_lambda_sweep_seed42_results/output/cifar100_LT/ClipLora_LA_Aggregation_reg05_seed42/seed42/clientlt/la_aggregation/lora_aggregation_weights.csv,3000,epoch_index; communication_round; partition; aggregation; client_id; client_num_samples; num_supported_tail_classes; aggregation_weight,206915
la_lambda_sweep_seed42_results,output/la_lambda_sweep_seed42_results/output/cifar100_LT/ClipLora_LA_Aggregation_reg05_seed42/seed42/clientlt/la_aggregation/round_metrics.csv,101,epoch; method; partition; aggregation; overall_acc; non_tail_acc; bottom20_tail_acc; macro_per_class_acc; head_acc; medium_acc; tail_acc; macro_f1; seed; tail_class_ratio,11252
la_lambda_sweep_seed42_results,output/la_lambda_sweep_seed42_results/output/cifar100_LT/ClipLora_LA_Aggregation_reg0_seed42/seed42/clientlt/la_aggregation/effective_svd_diagnostics.csv,600,epoch_index; communication_round; a_key; b_key; rank; numerical_rank; scaling; zero_tolerance; projection_error_squared; tail_singular_energy; thresholded_singular_energy; expected_projection_error_squared; projection_norm_error,159771
la_lambda_sweep_seed42_results,output/la_lambda_sweep_seed42_results/output/cifar100_LT/ClipLora_LA_Aggregation_reg0_seed42/seed42/clientlt/la_aggregation/lora_aggregation_summary.csv,100,epoch_index; communication_round; partition; aggregation; num_selected_clients; num_active_clients; weight_sum; effective_num_clients; max_weight; min_positive_weight; tail_class_count; covered_tail_class_count; uncovered_tail_classes; la_temperature; la_regularization; la_objective; la_target_kl; la_fedavg_kl,18985
la_lambda_sweep_seed42_results,output/la_lambda_sweep_seed42_results/output/cifar100_LT/ClipLora_LA_Aggregation_reg0_seed42/seed42/clientlt/la_aggregation/lora_aggregation_weights.csv,3000,epoch_index; communication_round; partition; aggregation; client_id; client_num_samples; num_supported_tail_classes; aggregation_weight,208806
la_lambda_sweep_seed42_results,output/la_lambda_sweep_seed42_results/output/cifar100_LT/ClipLora_LA_Aggregation_reg0_seed42/seed42/clientlt/la_aggregation/round_metrics.csv,101,epoch; method; partition; aggregation; overall_acc; non_tail_acc; bottom20_tail_acc; macro_per_class_acc; head_acc; medium_acc; tail_acc; macro_f1; seed; tail_class_ratio,11263
la_lambda_sweep_seed42_results,output/la_lambda_sweep_seed42_results/output/cifar100_LT/ClipLora_LA_Aggregation_seed42/seed42/clientlt/la_aggregation/effective_svd_diagnostics.csv,600,epoch_index; communication_round; a_key; b_key; rank; numerical_rank; scaling; zero_tolerance; projection_error_squared; tail_singular_energy; thresholded_singular_energy; expected_projection_error_squared; projection_norm_error,159896
la_lambda_sweep_seed42_results,output/la_lambda_sweep_seed42_results/output/cifar100_LT/ClipLora_LA_Aggregation_seed42/seed42/clientlt/la_aggregation/lora_aggregation_summary.csv,100,epoch_index; communication_round; partition; aggregation; num_selected_clients; num_active_clients; weight_sum; effective_num_clients; max_weight; min_positive_weight; tail_class_count; covered_tail_class_count; uncovered_tail_classes; la_temperature; la_regularization; la_objective; la_target_kl; la_fedavg_kl,18808
la_lambda_sweep_seed42_results,output/la_lambda_sweep_seed42_results/output/cifar100_LT/ClipLora_LA_Aggregation_seed42/seed42/clientlt/la_aggregation/lora_aggregation_weights.csv,3000,epoch_index; communication_round; partition; aggregation; client_id; client_num_samples; num_supported_tail_classes; aggregation_weight,206692
la_lambda_sweep_seed42_results,output/la_lambda_sweep_seed42_results/output/cifar100_LT/ClipLora_LA_Aggregation_seed42/seed42/clientlt/la_aggregation/round_metrics.csv,101,epoch; method; partition; aggregation; overall_acc; non_tail_acc; bottom20_tail_acc; macro_per_class_acc; head_acc; medium_acc; tail_acc; macro_f1; seed; tail_class_ratio,11253
lora_ab_separation_review_20260916,output/lora_ab_separation_review_20260916/control_decisions.csv,18,topology; candidate_round; decision_round; selected_branch; accepted_A; failure_count; accepted_A_count; pass_gain; pass_tail; pass_history; anchor_before; anchor_after; selected_history_eligible; anchor_updated; selected_J; freeze_A; rollback_applied; rollback_distance_rounds; a_lr; min_gain; tail_tolerance; history_tolerance; instant_G_all; instant_G_tail; instant_G_hist; instant_bottom5_tail_ids; instant_bottom5_history_ids; instant_g_mean; instant_g_std; instant_tail_g_mean; instant_tail_g_std; instant_bottom5_g_std; delayed_G_all; delayed_G_tail; delayed_G_hist; delayed_bottom5_tail_ids; delayed_bottom5_history_ids; delayed_g_mean; delayed_g_std; delayed_tail_g_mean; delayed_tail_g_std; delayed_bottom5_g_std; P_all; P_tail; P_hist; common_rng_start; A_rng_end; B_rng_end; A_effective_update_norm; B_effective_update_norm,17134
lora_ab_separation_review_20260916,output/lora_ab_separation_review_20260916/discovered_fixed_a_runs.csv,28,source; status; id,3072
lora_ab_separation_review_20260916,output/lora_ab_separation_review_20260916/experiment_summary.csv,24,id; family; source; design; rank; precision; topology; loss; a_policy; b_policy; aggregation; role; duplicate_of; seed; normal_steps; extra_steps; overhead_steps; raw_metric_rows; unique_rounds; duplicate_metric_rows; initial_recorded; initial_overall_acc; final_overall_acc; last20_overall_acc; last20_temporal_std_overall_acc; peak_overall_acc; peak_round_overall_acc; peak_to_final_overall_acc; initial_non_tail_acc; final_non_tail_acc; last20_non_tail_acc; last20_temporal_std_non_tail_acc; peak_non_tail_acc; peak_round_non_tail_acc; peak_to_final_non_tail_acc; initial_bottom20_tail_acc; final_bottom20_tail_acc; last20_bottom20_tail_acc; last20_temporal_std_bottom20_tail_acc; peak_bottom20_tail_acc; peak_round_bottom20_tail_acc; peak_to_final_bottom20_tail_acc,12813
lora_ab_separation_review_20260916,output/lora_ab_separation_review_20260916/paired_comparisons.csv,17,left; right; comparability; last20_delta_overall_acc; last20_delta_non_tail_acc; last20_delta_bottom20_tail_acc,2195
lora_ab_separation_review_20260916,output/lora_ab_separation_review_20260916/per_class_summary.csv,2400,id; class_id; tail; initial; final; last20; last20_available_rounds,105865
lora_ab_separation_review_20260916,output/lora_ab_separation_review_20260916/source_inventory.csv,24,id; family; source; design; rank; precision; topology; loss; a_policy; b_policy; aggregation; role; duplicate_of; seed; normal_steps; extra_steps; overhead_steps,7318
lora_ab_separation_review_20260916,output/lora_ab_separation_review_20260916/superseded_la_packages.csv,6,old_source; old_rows; matching_new_rows; max_metric_difference,826
lora_ab_separation_review_20260916,output/lora_ab_separation_review_20260916/topology_gaps.csv,5,protocol; method; Dir_minus_CLT_overall_acc; Dir_minus_CLT_non_tail_acc; Dir_minus_CLT_bottom20_tail_acc,420
lora_ab_separation_review_20260916,output/lora_ab_separation_review_20260916/v1_diagnostics.csv,4,id; damage_reduction; donor_gain_retention; capture_ratio; selected_constraint_success_rate,374
many_medium_few_reanalysis_20260925,output/many_medium_few_reanalysis_20260925/class_direction_counts.csv,310,method; baseline; group; improved_classes; declined_classes; unchanged_classes,8302
many_medium_few_reanalysis_20260925,output/many_medium_few_reanalysis_20260925/contrasts.csv,31,method; baseline; delta_Overall; delta_Many35; delta_Medium35; delta_Few30; delta_Head20; delta_Middle60; delta_Tail20; delta_Middle_Many15; delta_Middle_Medium35; delta_Middle_Few10; overall_contribution_Head20; overall_contribution_Middle_Many15; overall_contribution_Middle_Medium35; overall_contribution_Middle_Few10; overall_contribution_Tail20; middle_net_overall_contribution; middle_few10_share_of_net_middle_loss_percent; middle_few10_share_of_gross_middle_loss_percent,11166
many_medium_few_reanalysis_20260925,output/many_medium_few_reanalysis_20260925/data_checks.csv,21,method; rounds; per_class_files; class_records; same_global_train_counts; checked_original_fields; max_original_metric_error_pp; overall_decomposition_error_pp,2609
many_medium_few_reanalysis_20260925,output/many_medium_few_reanalysis_20260925/group_definitions.csv,10,group; number_of_classes; class_ids_zero_based; training_samples; min_train_count; max_train_count; overall_class_weight,1483
many_medium_few_reanalysis_20260925,output/many_medium_few_reanalysis_20260925/per_class_contrasts.csv,3100,method; baseline; class_id; global_train_count; old_group; frequency_group; delta_accuracy_pp; overall_contribution_pp,187292
many_medium_few_reanalysis_20260925,output/many_medium_few_reanalysis_20260925/per_class_last20.csv,2100,method; class_id; global_train_count; frequency_group; old_group; last20_accuracy; initial_accuracy; final_accuracy,94134
many_medium_few_reanalysis_20260925,output/many_medium_few_reanalysis_20260925/performance_last20.csv,21,method; label; Overall; Many35; Medium35; Few30; Head20; Middle60; Tail20; Middle_Many15; Middle_Medium35; Middle_Few10,3150
many_medium_few_reanalysis_20260925,output/many_medium_few_reanalysis_20260925/retention.csv,210,method; group; initial; last20; final; peak; peak_round; peak_to_final; round90_to100,20018
many_medium_few_reanalysis_20260925,output/many_medium_few_reanalysis_20260925/round_curves.csv,2121,method; round; Overall; Many35; Medium35; Few30; Head20; Middle60; Tail20; Middle_Many15; Middle_Medium35; Middle_Few10,257440
many_medium_few_reanalysis_20260925,output/many_medium_few_reanalysis_20260925/sources.csv,21,method; label; run_directory; seed; partition; aggregation_window,3756
online_sca_seed42_v2,output/online_sca_seed42_v2/online_sca/lora_aggregation_weights.csv,960,epoch_index; communication_round; partition; aggregation; client_id; client_num_samples; num_supported_tail_classes; aggregation_weight,58039
online_sca_seed42_v2,output/online_sca_seed42_v2/online_sca/round_metrics.csv,81,epoch; method; partition; aggregation; overall_acc; non_tail_acc; bottom20_tail_acc; macro_per_class_acc; head_acc; medium_acc; tail_acc; macro_f1; seed; tail_class_ratio,9675
online_sca_seed42_v2,output/online_sca_seed42_v2/online_sca_matched_dirichlet/lora_aggregation_weights.csv,960,epoch_index; communication_round; partition; aggregation; client_id; client_num_samples; num_supported_tail_classes; aggregation_weight,59855
online_sca_seed42_v2,output/online_sca_seed42_v2/online_sca_matched_dirichlet/round_metrics.csv,81,epoch; method; partition; aggregation; overall_acc; non_tail_acc; bottom20_tail_acc; macro_per_class_acc; head_acc; medium_acc; tail_acc; macro_f1; seed; tail_class_ratio,9856
online_sca_seed42_v2,output/online_sca_seed42_v2/residual_fedavg_clientlt/lora_aggregation_weights.csv,960,epoch_index; communication_round; partition; aggregation; client_id; client_num_samples; num_supported_tail_classes; aggregation_weight,58039
online_sca_seed42_v2,output/online_sca_seed42_v2/residual_fedavg_clientlt/round_metrics.csv,81,epoch; method; partition; aggregation; overall_acc; non_tail_acc; bottom20_tail_acc; macro_per_class_acc; head_acc; medium_acc; tail_acc; macro_f1; seed; tail_class_ratio,9147
online_sca_seed42_v2,output/online_sca_seed42_v2/residual_fedavg_matched_dirichlet/lora_aggregation_weights.csv,960,epoch_index; communication_round; partition; aggregation; client_id; client_num_samples; num_supported_tail_classes; aggregation_weight,59855
online_sca_seed42_v2,output/online_sca_seed42_v2/residual_fedavg_matched_dirichlet/round_metrics.csv,81,epoch; method; partition; aggregation; overall_acc; non_tail_acc; bottom20_tail_acc; macro_per_class_acc; head_acc; medium_acc; tail_acc; macro_f1; seed; tail_class_ratio,9285
online_sca_seed42_v2,output/online_sca_seed42_v2/stage1a_topology_gate/stage1a_absence_analysis.csv,40,topology; class_id; rho; overall_absence_round_fraction; overall_max_absence_streak; early_sca_accuracy; late_sca_accuracy; sca_accuracy_late_minus_early; early_aggregation_gain; late_aggregation_gain; aggregation_gain_late_minus_early,4996
online_sca_seed42_v2,output/online_sca_seed42_v2/stage1a_topology_gate/stage1a_class_round.csv,16000,topology; epoch_index; communication_round; stage; class_id; class_group; global_class_count; sca_accuracy; residual_fedavg_accuracy; sca_minus_residual_fedavg; supporter_count; supporter_ids; supporter_class_sample_mass; supporter_global_class_fraction; scalar_fedavg_supporter_weight_mass; absent_this_round; absence_streak; num_support_clients; effective_carrier; top1_client_mass; null_effective_carrier_mean; null_effective_carrier_q025; null_effective_carrier_q975; null_support_clients_mean; null_top1_client_mass_mean; excess_exposure_concentration_rho; null_concentration_empirical_p; update_agreement; update_agreement_available,4394921
online_sca_seed42_v2,output/online_sca_seed42_v2/stage1a_topology_gate/stage1a_class_stage.csv,600,topology; class_id; class_group; stage; round_count; rho; effective_carrier; top1_client_mass; mean_sca_accuracy; mean_residual_fedavg_accuracy; mean_sca_minus_residual_fedavg; mean_supporter_count; mean_supporter_class_sample_mass; mean_scalar_fedavg_supporter_weight_mass; absence_round_fraction; max_absence_streak,101100
online_sca_seed42_v2,output/online_sca_seed42_v2/stage1a_topology_gate/stage1a_decay_association.csv,16,topology; class_group; predictor; outcome; n_classes; spearman_rho; two_sided_permutation_p_exploratory; sign_interpretation; absence_group; mean_max_absence_streak; mean_outcome,3545
online_sca_seed42_v2,output/online_sca_seed42_v2/stage1a_topology_gate/stage1a_gain_contribution.csv,24,topology; stage; rho_quartile; n_classes; signed_gain_sum; positive_gain_sum; positive_gain_share; negative_gain_magnitude_sum; negative_gain_share,2562
online_sca_seed42_v2,output/online_sca_seed42_v2/stage1a_topology_gate/stage1a_paired_class_stage.csv,300,class_id; class_group; stage; clientlt_rho; matched_dirichlet_rho; clientlt_minus_matched_rho; clientlt_aggregation_gain; matched_dirichlet_aggregation_gain; aggregation_gain_difference_in_differences; clientlt_absence_round_fraction; matched_absence_round_fraction; absence_fraction_difference,40651
online_sca_seed42_v2,output/online_sca_seed42_v2/stage1a_topology_gate/stage1a_rho_quartiles.csv,24,topology; stage; rho_quartile; interpretation; n_classes; rho_min; rho_max; mean_sca_accuracy; mean_residual_fedavg_accuracy; mean_sca_minus_residual_fedavg; mean_absence_round_fraction; mean_max_absence_streak,3945
online_sca_seed42_v2,output/online_sca_seed42_v2/stage1a_topology_gate/stage1a_spearman.csv,135,topology; stage; class_group; predictor; outcome; n_classes; spearman_rho; two_sided_permutation_p_exploratory; inference_unit_warning,23087
online_sca_seed42_v2,output/online_sca_seed42_v2/stage1b_capt/capt_clientlt/round_metrics.csv,80,epoch; method; partition; aggregation; overall_acc; non_tail_acc; bottom20_tail_acc; macro_per_class_acc; head_acc; medium_acc; tail_acc; macro_f1; seed; tail_class_ratio,7529
online_sca_seed42_v2,output/online_sca_seed42_v2/stage1b_capt/capt_clientlt/selected_clients.csv,960,epoch_index; client_id; selection_order,8409
online_sca_seed42_v2,output/online_sca_seed42_v2/stage1b_capt/capt_matched/round_metrics.csv,80,epoch; method; partition; aggregation; overall_acc; non_tail_acc; bottom20_tail_acc; macro_per_class_acc; head_acc; medium_acc; tail_acc; macro_f1; seed; tail_class_ratio,7711
online_sca_seed42_v2,output/online_sca_seed42_v2/stage1b_capt/capt_matched/selected_clients.csv,960,epoch_index; client_id; selection_order,8409
online_sca_seed42_v2,output/online_sca_seed42_v2/stage1b_capt_gap/stage1b_gap_best_common_round.csv,10,comparator; metric; epoch_index; communication_round; capt_clientlt; capt_matched_dirichlet; ours_clientlt; ours_matched_dirichlet; base_gap; ours_topology_penalty; capt_topology_penalty; topology_robustness_gap; capt_total_advantage_on_clientlt; decomposition_sum; closure_error; base_gap_fraction_of_total; topology_gap_fraction_of_total; selection_rule,3318
online_sca_seed42_v2,output/online_sca_seed42_v2/stage1b_capt_gap/stage1b_gap_final.csv,10,comparator; metric; epoch_index; communication_round; capt_clientlt; capt_matched_dirichlet; ours_clientlt; ours_matched_dirichlet; base_gap; ours_topology_penalty; capt_topology_penalty; topology_robustness_gap; capt_total_advantage_on_clientlt; decomposition_sum; closure_error; base_gap_fraction_of_total; topology_gap_fraction_of_total,2538
online_sca_seed42_v2,output/online_sca_seed42_v2/stage1b_capt_gap/stage1b_gap_per_round.csv,800,comparator; metric; epoch_index; communication_round; capt_clientlt; capt_matched_dirichlet; ours_clientlt; ours_matched_dirichlet; base_gap; ours_topology_penalty; capt_topology_penalty; topology_robustness_gap; capt_total_advantage_on_clientlt; decomposition_sum; closure_error; base_gap_fraction_of_total; topology_gap_fraction_of_total,177240
online_sca_seed42_v2,output/online_sca_seed42_v2/stage1b_capt_gap/stage1b_independent_best_descriptive.csv,40,comparator; metric; cell; best_epoch_index; best_communication_round; best_value; eligible_for_gap_decomposition,2626
p0_v1_context_colocation_v2,output/p0_v1_context_colocation_v2/clip_related_classes.csv,400,tail_class_id; tail_class_name; neighbor_class_id; neighbor_class_name; rank; cosine_similarity; candidate_scope; input_fingerprint,52696
p0_v1_context_colocation_v2,output/p0_v1_context_colocation_v2/frequency_matched_null_sets.csv,20000,tail_class_id; draw_id; class_ids; quintile_composition; set_sha256; master_seed; candidate_scope,2829051
p0_v1_context_colocation_v2,output/p0_v1_context_colocation_v2/partition_invariants.csv,4,seed; topology; global_universe_fingerprint; partition_fingerprint; assigned_total; unique_assigned; global_total; coverage_exact; class_counts_conserved; tail_samples_total; tail_samples_in_specialists; tail_samples_in_ordinary; specialist_companion_total; specialist_purity_min; role_metrics_applicable,1113
p0_v1_context_colocation_v2,output/p0_v1_context_colocation_v2/v1_cluster_bootstrap.csv,20000,metric; draw_id; bootstrap_mean,1225798
p0_v1_context_colocation_v2,output/p0_v1_context_colocation_v2/v1_paired_deltas.csv,40,seed; tail_class_id; tail_class_name; input_fingerprint; delta_support_client_count; delta_top2_tail_client_mass; delta_effective_support_clients; delta_generic_context_primary; delta_generic_companion_dose; delta_clip_neighbor_colocation; delta_null_colocation; delta_semantic_specific_tail_mass_weighted,8346
p0_v1_context_colocation_v2,output/p0_v1_context_colocation_v2/v1_summary_by_seed.csv,16,seed; metric; mean; median; positive_classes; negative_classes; zero_classes,1239
p0_v1_context_colocation_v2,output/p0_v1_context_colocation_v2/v1a_topology_per_class.csv,80,seed; topology; tail_class_id; tail_class_name; input_fingerprint; support_client_count; top2_tail_client_mass; effective_support_clients; tail_mass_accounted_for; tail_mass_in_specialist_clients; tail_mass_in_ordinary_clients,10905
p0_v1_context_colocation_v2,output/p0_v1_context_colocation_v2/v1b_generic_context_per_class.csv,80,seed; topology; tail_class_id; tail_class_name; input_fingerprint; primary_context_scope; generic_companion_class_count_client_unweighted; generic_companion_class_fraction_client_unweighted; generic_companion_sample_count_client_unweighted; generic_companion_sample_fraction_client_unweighted; companion_presence_entropy_client_unweighted; context_jaccard_diversity_client_unweighted; context_clip_centroid_cosine_diversity_client_unweighted; generic_companion_class_count_tail_mass_weighted; generic_companion_class_fraction_tail_mass_weighted; generic_companion_sample_count_tail_mass_weighted; generic_companion_sample_fraction_tail_mass_weighted; companion_presence_entropy_tail_mass_weighted; context_jaccard_diversity_tail_mass_weighted; context_clip_centroid_cosine_diversity_tail_mass_weighted; generic_companion_class_count_fedavg_weighted; generic_companion_class_fraction_fedavg_weighted; generic_companion_sample_count_fedavg_weighted; generic_companion_sample_fraction_fedavg_weighted; companion_presence_entropy_fedavg_weighted; context_jaccard_diversity_fedavg_weighted; context_clip_centroid_cosine_diversity_fedavg_weighted; derived_expected_optimizer_steps_client_unweighted; derived_expected_non_tail_image_draws_client_unweighted; derived_expected_optimizer_steps_tail_mass_weighted; derived_expected_non_tail_image_draws_tail_mass_weighted; derived_expected_optimizer_steps_fedavg_weighted; derived_expected_non_tail_image_draws_fedavg_weighted; generic_companion_class_count_client_unweighted_all_non_c_secondary; generic_companion_class_fraction_client_unweighted_all_non_c_secondary; generic_companion_sample_count_client_unweighted_all_non_c_secondary; generic_companion_sample_fraction_client_unweighted_all_non_c_secondary; companion_presence_entropy_client_unweighted_all_non_c_secondary; context_jaccard_diversity_client_unweighted_all_non_c_secondary; context_clip_centroid_cosine_diversity_client_unweighted_all_non_c_secondary; generic_companion_class_count_tail_mass_weighted_all_non_c_secondary; generic_companion_class_fraction_tail_mass_weighted_all_non_c_secondary; generic_companion_sample_count_tail_mass_weighted_all_non_c_secondary; generic_companion_sample_fraction_tail_mass_weighted_all_non_c_secondary; companion_presence_entropy_tail_mass_weighted_all_non_c_secondary; context_jaccard_diversity_tail_mass_weighted_all_non_c_secondary; context_clip_centroid_cosine_diversity_tail_mass_weighted_all_non_c_secondary; generic_companion_class_count_fedavg_weighted_all_non_c_secondary; generic_companion_class_fraction_fedavg_weighted_all_non_c_secondary; generic_companion_sample_count_fedavg_weighted_all_non_c_secondary; generic_companion_sample_fraction_fedavg_weighted_all_non_c_secondary; companion_presence_entropy_fedavg_weighted_all_non_c_secondary; context_jaccard_diversity_fedavg_weighted_all_non_c_secondary; context_clip_centroid_cosine_diversity_fedavg_weighted_all_non_c_secondary,73087
p0_v1_context_colocation_v2,output/p0_v1_context_colocation_v2/v1c_semantic_colocation_per_class.csv,240,seed; topology; tail_class_id; tail_class_name; input_fingerprint; metric_weighting; candidate_scope; clip_neighbor_colocation; clip_neighbor_colocation_similarity_softmax_secondary; null_mean; null_std; null_q025; null_q975; semantic_neighbor_availability_excess; related_companion_absolute_sample_count; related_companion_fraction_among_companions,68648
partition_checks,output/partition_checks/clientlt_cifar100_lt/global_class_counts.csv,100,class_id; classname; group; global_count,1974
pfrf_kill_v1,output/pfrf_kill_v1/analysis/six_condition_metrics.csv,6,condition; final_overall_acc; late81_100_mean_overall_acc; round1_100_mean_overall_acc; final_non_tail_acc; late81_100_mean_non_tail_acc; round1_100_mean_non_tail_acc; final_bottom20_tail_acc; late81_100_mean_bottom20_tail_acc; round1_100_mean_bottom20_tail_acc; final_macro_per_class_acc; late81_100_mean_macro_per_class_acc; round1_100_mean_macro_per_class_acc; final_macro_f1; late81_100_mean_macro_f1; round1_100_mean_macro_f1,1639
pfrf_kill_v1,output/pfrf_kill_v1/runs/class_reweighted_ce/seed42/effective_svd_diagnostics.csv,600,epoch_index; communication_round; a_key; b_key; rank; numerical_rank; scaling; zero_tolerance; projection_error_squared; tail_singular_energy; thresholded_singular_energy; expected_projection_error_squared; projection_norm_error,159735
pfrf_kill_v1,output/pfrf_kill_v1/runs/class_reweighted_ce/seed42/lora_aggregation_summary.csv,100,epoch_index; communication_round; partition; aggregation; num_selected_clients; num_active_clients; weight_sum; effective_num_clients; max_weight; min_positive_weight; tail_class_count; covered_tail_class_count; uncovered_tail_classes,13206
pfrf_kill_v1,output/pfrf_kill_v1/runs/class_reweighted_ce/seed42/lora_aggregation_weights.csv,3000,epoch_index; communication_round; partition; aggregation; client_id; client_num_samples; num_supported_tail_classes; aggregation_weight,203790
pfrf_kill_v1,output/pfrf_kill_v1/runs/class_reweighted_ce/seed42/round_metrics.csv,101,epoch; method; partition; aggregation; overall_acc; non_tail_acc; bottom20_tail_acc; macro_per_class_acc; head_acc; medium_acc; tail_acc; macro_f1; seed; tail_class_ratio,11175
pfrf_kill_v1,output/pfrf_kill_v1/runs/class_reweighted_ce/seed42/pfrf/budget.csv,3000,round; client_id; condition; train_batches; optimizer_steps; scheduler_steps; memory_backward_calls,111555
pfrf_kill_v1,output/pfrf_kill_v1/runs/class_reweighted_ce/seed42/pfrf/client_functional_state.csv,91400,round; client_id; class_id; condition; memory_count; f_incoming; f_proposal; target_before; target_after; f_upload; f_next_global; gap_before; correction_deficit; gap_after; discarded_target,13430527
pfrf_kill_v1,output/pfrf_kill_v1/runs/instantaneous_target/seed42/effective_svd_diagnostics.csv,600,epoch_index; communication_round; a_key; b_key; rank; numerical_rank; scaling; zero_tolerance; projection_error_squared; tail_singular_energy; thresholded_singular_energy; expected_projection_error_squared; projection_norm_error,159791
pfrf_kill_v1,output/pfrf_kill_v1/runs/instantaneous_target/seed42/lora_aggregation_summary.csv,100,epoch_index; communication_round; partition; aggregation; num_selected_clients; num_active_clients; weight_sum; effective_num_clients; max_weight; min_positive_weight; tail_class_count; covered_tail_class_count; uncovered_tail_classes,13206
pfrf_kill_v1,output/pfrf_kill_v1/runs/instantaneous_target/seed42/lora_aggregation_weights.csv,3000,epoch_index; communication_round; partition; aggregation; client_id; client_num_samples; num_supported_tail_classes; aggregation_weight,203790
pfrf_kill_v1,output/pfrf_kill_v1/runs/instantaneous_target/seed42/round_metrics.csv,101,epoch; method; partition; aggregation; overall_acc; non_tail_acc; bottom20_tail_acc; macro_per_class_acc; head_acc; medium_acc; tail_acc; macro_f1; seed; tail_class_ratio,11187
pfrf_kill_v1,output/pfrf_kill_v1/runs/instantaneous_target/seed42/pfrf/budget.csv,3000,round; client_id; condition; train_batches; optimizer_steps; scheduler_steps; memory_backward_calls,114555
pfrf_kill_v1,output/pfrf_kill_v1/runs/instantaneous_target/seed42/pfrf/client_functional_state.csv,91400,round; client_id; class_id; condition; memory_count; f_incoming; f_proposal; target_before; target_after; f_upload; f_next_global; gap_before; correction_deficit; gap_after; discarded_target,15710891
pfrf_kill_v1,output/pfrf_kill_v1/runs/matched_memory_ce/seed42/effective_svd_diagnostics.csv,600,epoch_index; communication_round; a_key; b_key; rank; numerical_rank; scaling; zero_tolerance; projection_error_squared; tail_singular_energy; thresholded_singular_energy; expected_projection_error_squared; projection_norm_error,159867
pfrf_kill_v1,output/pfrf_kill_v1/runs/matched_memory_ce/seed42/lora_aggregation_summary.csv,100,epoch_index; communication_round; partition; aggregation; num_selected_clients; num_active_clients; weight_sum; effective_num_clients; max_weight; min_positive_weight; tail_class_count; covered_tail_class_count; uncovered_tail_classes,13206
pfrf_kill_v1,output/pfrf_kill_v1/runs/matched_memory_ce/seed42/lora_aggregation_weights.csv,3000,epoch_index; communication_round; partition; aggregation; client_id; client_num_samples; num_supported_tail_classes; aggregation_weight,203790
pfrf_kill_v1,output/pfrf_kill_v1/runs/matched_memory_ce/seed42/round_metrics.csv,101,epoch; method; partition; aggregation; overall_acc; non_tail_acc; bottom20_tail_acc; macro_per_class_acc; head_acc; medium_acc; tail_acc; macro_f1; seed; tail_class_ratio,11191
pfrf_kill_v1,output/pfrf_kill_v1/runs/matched_memory_ce/seed42/pfrf/budget.csv,3000,round; client_id; condition; train_batches; optimizer_steps; scheduler_steps; memory_backward_calls,105555
pfrf_kill_v1,output/pfrf_kill_v1/runs/matched_memory_ce/seed42/pfrf/client_functional_state.csv,91400,round; client_id; class_id; condition; memory_count; f_incoming; f_proposal; target_before; target_after; f_upload; f_next_global; gap_before; correction_deficit; gap_after; discarded_target,13251170
pfrf_kill_v1,output/pfrf_kill_v1/runs/ordinary_ce/seed42/effective_svd_diagnostics.csv,600,epoch_index; communication_round; a_key; b_key; rank; numerical_rank; scaling; zero_tolerance; projection_error_squared; tail_singular_energy; thresholded_singular_energy; expected_projection_error_squared; projection_norm_error,159768
pfrf_kill_v1,output/pfrf_kill_v1/runs/ordinary_ce/seed42/lora_aggregation_summary.csv,100,epoch_index; communication_round; partition; aggregation; num_selected_clients; num_active_clients; weight_sum; effective_num_clients; max_weight; min_positive_weight; tail_class_count; covered_tail_class_count; uncovered_tail_classes,13206
pfrf_kill_v1,output/pfrf_kill_v1/runs/ordinary_ce/seed42/lora_aggregation_weights.csv,3000,epoch_index; communication_round; partition; aggregation; client_id; client_num_samples; num_supported_tail_classes; aggregation_weight,203790
pfrf_kill_v1,output/pfrf_kill_v1/runs/ordinary_ce/seed42/round_metrics.csv,101,epoch; method; partition; aggregation; overall_acc; non_tail_acc; bottom20_tail_acc; macro_per_class_acc; head_acc; medium_acc; tail_acc; macro_f1; seed; tail_class_ratio,11175
pfrf_kill_v1,output/pfrf_kill_v1/runs/ordinary_ce/seed42/pfrf/budget.csv,3000,round; client_id; condition; train_batches; optimizer_steps; scheduler_steps; memory_backward_calls,85055
pfrf_kill_v1,output/pfrf_kill_v1/runs/ordinary_ce/seed42/pfrf/client_functional_state.csv,91400,round; client_id; class_id; condition; memory_count; f_incoming; f_proposal; target_before; target_after; f_upload; f_next_global; gap_before; correction_deficit; gap_after; discarded_target,12752150
pfrf_kill_v1,output/pfrf_kill_v1/runs/pfrf_add/seed42/effective_svd_diagnostics.csv,600,epoch_index; communication_round; a_key; b_key; rank; numerical_rank; scaling; zero_tolerance; projection_error_squared; tail_singular_energy; thresholded_singular_energy; expected_projection_error_squared; projection_norm_error,159772
pfrf_kill_v1,output/pfrf_kill_v1/runs/pfrf_add/seed42/lora_aggregation_summary.csv,100,epoch_index; communication_round; partition; aggregation; num_selected_clients; num_active_clients; weight_sum; effective_num_clients; max_weight; min_positive_weight; tail_class_count; covered_tail_class_count; uncovered_tail_classes,13206
pfrf_kill_v1,output/pfrf_kill_v1/runs/pfrf_add/seed42/lora_aggregation_weights.csv,3000,epoch_index; communication_round; partition; aggregation; client_id; client_num_samples; num_supported_tail_classes; aggregation_weight,203790
pfrf_kill_v1,output/pfrf_kill_v1/runs/pfrf_add/seed42/round_metrics.csv,101,epoch; method; partition; aggregation; overall_acc; non_tail_acc; bottom20_tail_acc; macro_per_class_acc; head_acc; medium_acc; tail_acc; macro_f1; seed; tail_class_ratio,11166
pfrf_kill_v1,output/pfrf_kill_v1/runs/pfrf_add/seed42/pfrf/budget.csv,3000,round; client_id; condition; train_batches; optimizer_steps; scheduler_steps; memory_backward_calls,78555
pfrf_kill_v1,output/pfrf_kill_v1/runs/pfrf_add/seed42/pfrf/client_functional_state.csv,91400,round; client_id; class_id; condition; memory_count; f_incoming; f_proposal; target_before; target_after; f_upload; f_next_global; gap_before; correction_deficit; gap_after; discarded_target,16982173
pfrf_kill_v1,output/pfrf_kill_v1/runs/pfrf_max/seed42/effective_svd_diagnostics.csv,600,epoch_index; communication_round; a_key; b_key; rank; numerical_rank; scaling; zero_tolerance; projection_error_squared; tail_singular_energy; thresholded_singular_energy; expected_projection_error_squared; projection_norm_error,159760
pfrf_kill_v1,output/pfrf_kill_v1/runs/pfrf_max/seed42/lora_aggregation_summary.csv,100,epoch_index; communication_round; partition; aggregation; num_selected_clients; num_active_clients; weight_sum; effective_num_clients; max_weight; min_positive_weight; tail_class_count; covered_tail_class_count; uncovered_tail_classes,13206
pfrf_kill_v1,output/pfrf_kill_v1/runs/pfrf_max/seed42/lora_aggregation_weights.csv,3000,epoch_index; communication_round; partition; aggregation; client_id; client_num_samples; num_supported_tail_classes; aggregation_weight,203790
pfrf_kill_v1,output/pfrf_kill_v1/runs/pfrf_max/seed42/round_metrics.csv,101,epoch; method; partition; aggregation; overall_acc; non_tail_acc; bottom20_tail_acc; macro_per_class_acc; head_acc; medium_acc; tail_acc; macro_f1; seed; tail_class_ratio,11230
pfrf_kill_v1,output/pfrf_kill_v1/runs/pfrf_max/seed42/pfrf/budget.csv,3000,round; client_id; condition; train_batches; optimizer_steps; scheduler_steps; memory_backward_calls,78555
pfrf_kill_v1,output/pfrf_kill_v1/runs/pfrf_max/seed42/pfrf/client_functional_state.csv,91400,round; client_id; class_id; condition; memory_count; f_incoming; f_proposal; target_before; target_after; f_upload; f_next_global; gap_before; correction_deficit; gap_after; discarded_target,16936353
phase1_exposure_topology,output/phase1_exposure_topology/client_class_counts_client_lt.csv,20,client_id; class_0; class_1; class_2; class_3; class_4; class_5; class_6; class_7; class_8; class_9; class_10; class_11; class_12; class_13; class_14; class_15; class_16; class_17; class_18; class_19; class_20; class_21; class_22; class_23; class_24; class_25; class_26; class_27; class_28; class_29; class_30; class_31; class_32; class_33; class_34; class_35; class_36; class_37; class_38; class_39; class_40; class_41; class_42; class_43; class_44; class_45; class_46; class_47; class_48; class_49; class_50; class_51; class_52; class_53; class_54; class_55; class_56; class_57; class_58; class_59; class_60; class_61; class_62; class_63; class_64; class_65; class_66; class_67; class_68; class_69; class_70; class_71; class_72; class_73; class_74; class_75; class_76; class_77; class_78; class_79; class_80; class_81; class_82; class_83; class_84; class_85; class_86; class_87; class_88; class_89; class_90; class_91; class_92; class_93; class_94; class_95; class_96; class_97; class_98; class_99,5276
phase1_exposure_topology,output/phase1_exposure_topology/client_class_counts_dirichlet.csv,20,client_id; class_0; class_1; class_2; class_3; class_4; class_5; class_6; class_7; class_8; class_9; class_10; class_11; class_12; class_13; class_14; class_15; class_16; class_17; class_18; class_19; class_20; class_21; class_22; class_23; class_24; class_25; class_26; class_27; class_28; class_29; class_30; class_31; class_32; class_33; class_34; class_35; class_36; class_37; class_38; class_39; class_40; class_41; class_42; class_43; class_44; class_45; class_46; class_47; class_48; class_49; class_50; class_51; class_52; class_53; class_54; class_55; class_56; class_57; class_58; class_59; class_60; class_61; class_62; class_63; class_64; class_65; class_66; class_67; class_68; class_69; class_70; class_71; class_72; class_73; class_74; class_75; class_76; class_77; class_78; class_79; class_80; class_81; class_82; class_83; class_84; class_85; class_86; class_87; class_88; class_89; class_90; class_91; class_92; class_93; class_94; class_95; class_96; class_97; class_98; class_99,5336
phase1_exposure_topology,output/phase1_exposure_topology/summary_by_group.csv,4,split; group; num_classes; concentration_C_mean; concentration_C_median; effective_clients_Neff_mean; effective_clients_Neff_median; local_depth_D_mean; local_depth_D_median; top1_client_mass_mean; top1_client_mass_median; top2_client_mass_mean; top2_client_mass_median; expected_temporal_exposure_mean; expected_temporal_exposure_median; simulated_temporal_exposure_mean; simulated_temporal_exposure_median; num_clients_mean; num_clients_median,1438
phase2_failure_mechanisms,output/phase2_failure_mechanisms/phase2_run_summary.csv,12,run_dir; method; partition; partition_label; seed; frac; initial_tail_acc; best_tail_acc; best_epoch; final_tail_acc; tail_best_gain; tail_final_gain; tail_survival_drop; tail_retention_ratio; mean_tail_top1_mass; mean_tail_concentration; mean_tail_temporal_exposure; mean_tail_local_depth,3652
phase2_failure_mechanisms,output/phase2_failure_mechanisms/phase2_tail_class_mechanisms.csv,240,run_dir; method; partition; partition_label; seed; frac; class_id; initial_acc; best_acc; best_epoch; final_acc; best_global_gain; final_global_gain; survival_drop; retention_ratio; acc_std; support_clients; top1_mass; top2_mass; concentration; local_depth; effective_clients; temporal_exposure; global_count,66200
phase2_failure_mechanisms,output/phase2_failure_mechanisms/phase2_tail_trajectories.csv,189,run_dir; method; partition; partition_label; seed; frac; epoch; overall_acc; tail_acc; head_acc; macro_acc,28139
post_write_rewrite_audit,output/post_write_rewrite_audit/analysis_d1/d1_per_tail_class.csv,20,data_seed; tail_class; direct_test_margin_gain; candidate_count; pre_donor_count; pre_rewriter_count; post_donor_count; post_rewriter_count; has_both_post_signs; mean_pre_test_margin_effect; mean_post_test_margin_effect; mean_test_margin_turnover; private_test_post_spearman; private_test_sign_agreement; private_donor_precision; private_rewriter_recall; private_false_safe_rate; donor_to_donor_count; donor_to_rewriter_count; rewriter_to_donor_count; rewriter_to_rewriter_count,4510
post_write_rewrite_audit,output/post_write_rewrite_audit/analysis_d1/d1_transition_matrix.csv,80,data_seed; tail_class; transition; count; fraction,2657
post_write_rewrite_audit,output/post_write_rewrite_audit/analysis_d2/d2_paired_conditions.csv,60,data_seed; tail_class; sequence_length; low_risk_forgetting; blind_mean_forgetting; high_risk_forgetting; blind_minus_low_forgetting; high_minus_blind_forgetting; low_risk_retention; blind_mean_retention; high_risk_retention,11008
post_write_rewrite_audit,output/post_write_rewrite_audit/analysis_d2/d2_per_tail_class.csv,20,data_seed; tail_class; blind_risk_forgetting_spearman; blind_risk_forgetting_spearman_k5; blind_risk_forgetting_spearman_k10; blind_risk_forgetting_spearman_k20; mean_blind_minus_low_forgetting; mean_high_minus_blind_forgetting; blind_length_forgetting_spearman; high_length_forgetting_spearman,2723
post_write_rewrite_audit,output/post_write_rewrite_audit/d1/candidate_norm_fairness.csv,80,data_seed; candidate_class; theta0_hash_equal; raw_l2; normalized_l2; normalized_l2_relative_error; alpha; pass,5475
post_write_rewrite_audit,output/post_write_rewrite_audit/d1/matched_pre_effects.csv,1600,data_seed; tail_class; candidate_class; candidate_raw_l2; candidate_normalized_l2; alpha; private_pre_accuracy; private_pre_accuracy_gain; private_pre_margin; private_pre_margin_gain; private_pre_nll; private_pre_nll_gain; private_pre_worst_neighbor_margin; private_pre_worst_neighbor_margin_gain; private_pre_positive_neighbor_coverage; private_pre_positive_neighbor_coverage_gain; test_pre_accuracy; test_pre_accuracy_gain; test_pre_margin; test_pre_margin_gain; test_pre_nll; test_pre_nll_gain; test_pre_worst_neighbor_margin; test_pre_worst_neighbor_margin_gain; test_pre_positive_neighbor_coverage; test_pre_positive_neighbor_coverage_gain,562753
post_write_rewrite_audit,output/post_write_rewrite_audit/d1/post_write_effects.csv,1600,data_seed; tail_class; candidate_class; candidate_raw_l2; candidate_normalized_l2; alpha; private_post_accuracy; private_post_accuracy_gain; private_post_margin; private_post_margin_gain; private_post_nll; private_post_nll_gain; private_post_worst_neighbor_margin; private_post_worst_neighbor_margin_gain; private_post_positive_neighbor_coverage; private_post_positive_neighbor_coverage_gain; test_post_accuracy; test_post_accuracy_gain; test_post_margin; test_post_margin_gain; test_post_nll; test_post_nll_gain; test_post_worst_neighbor_margin; test_post_worst_neighbor_margin_gain; test_post_positive_neighbor_coverage; test_post_positive_neighbor_coverage_gain; private_margin_turnover; test_margin_turnover; pre_test_sign; post_test_sign; sign_transition,678124
post_write_rewrite_audit,output/post_write_rewrite_audit/d1/tail_writer_fairness.csv,20,data_seed; tail_class; write_evidence_disjoint; write_sample_count; evidence_sample_count; optimizer_steps_successful; scheduler_steps; amp_overflow_count; pass,694
post_write_rewrite_audit,output/post_write_rewrite_audit/d1/tail_writer_metrics.csv,20,data_seed; tail_class; write_sample_count; evidence_sample_count; writer_update_l2; direct_private_accuracy; direct_private_accuracy_gain; direct_private_margin; direct_private_margin_gain; direct_private_nll; direct_private_nll_gain; direct_private_worst_neighbor_margin; direct_private_worst_neighbor_margin_gain; direct_private_positive_neighbor_coverage; direct_private_positive_neighbor_coverage_gain; direct_test_accuracy; direct_test_accuracy_gain; direct_test_margin; direct_test_margin_gain; direct_test_nll; direct_test_nll_gain; direct_test_worst_neighbor_margin; direct_test_worst_neighbor_margin_gain; direct_test_positive_neighbor_coverage; direct_test_positive_neighbor_coverage_gain,7103
post_write_rewrite_audit,output/post_write_rewrite_audit/d2/replay_metrics.csv,420,data_seed; tail_class; condition; sequence_length; draw; candidate_classes; per_update_beta; predicted_private_rewrite_risk; predicted_private_benefit; private_positive_candidate_fraction; sequence_update_l2; private_replay_accuracy; private_replay_accuracy_gain; private_replay_margin; private_replay_margin_gain; private_replay_nll; private_replay_nll_gain; private_replay_worst_neighbor_margin; private_replay_worst_neighbor_margin_gain; private_replay_positive_neighbor_coverage; private_replay_positive_neighbor_coverage_gain; test_replay_accuracy; test_replay_accuracy_gain; test_replay_margin; test_replay_margin_gain; test_replay_nll; test_replay_nll_gain; test_replay_worst_neighbor_margin; test_replay_worst_neighbor_margin_gain; test_replay_positive_neighbor_coverage; test_replay_positive_neighbor_coverage_gain; test_forgetting; test_retention,194838
post_write_rewrite_audit,output/post_write_rewrite_audit/d2/runtime_fairness.csv,20,data_seed; tail_class; writer_test_margin_gain_positive; selection_uses_private_post_effect_only; test_metrics_used_for_sequence_selection; candidate_norm_equalized; expected_sequence_rows; observed_sequence_rows; pass,992
rank4_fedavg_analysis,output/rank4_fedavg_analysis/output/cifar100_LT/v2_rank_sweep/seed42/rank4_fedavg/lora_aggregation_summary.csv,100,epoch_index; communication_round; partition; aggregation; num_selected_clients; num_active_clients; weight_sum; effective_num_clients; max_weight; min_positive_weight; tail_class_count; covered_tail_class_count; uncovered_tail_classes; la_temperature; la_regularization; la_objective; la_target_kl; la_fedavg_kl; v2_beta,12798
rank4_fedavg_analysis,output/rank4_fedavg_analysis/output/cifar100_LT/v2_rank_sweep/seed42/rank4_fedavg/lora_aggregation_weights.csv,3000,epoch_index; communication_round; partition; aggregation; client_id; client_num_samples; num_supported_tail_classes; aggregation_weight,182790
rank4_fedavg_analysis,output/rank4_fedavg_analysis/output/cifar100_LT/v2_rank_sweep/seed42/rank4_fedavg/round_metrics.csv,101,epoch; method; partition; aggregation; overall_acc; non_tail_acc; bottom20_tail_acc; macro_per_class_acc; head_acc; medium_acc; tail_acc; macro_f1; seed; tail_class_ratio,10420
rank8_fedavg_analysis,output/rank8_fedavg_analysis/output/cifar100_LT/v2_rank_sweep/seed42/rank8_fedavg/lora_aggregation_summary.csv,100,epoch_index; communication_round; partition; aggregation; num_selected_clients; num_active_clients; weight_sum; effective_num_clients; max_weight; min_positive_weight; tail_class_count; covered_tail_class_count; uncovered_tail_classes; la_temperature; la_regularization; la_objective; la_target_kl; la_fedavg_kl; v2_beta,12798
rank8_fedavg_analysis,output/rank8_fedavg_analysis/output/cifar100_LT/v2_rank_sweep/seed42/rank8_fedavg/lora_aggregation_weights.csv,3000,epoch_index; communication_round; partition; aggregation; client_id; client_num_samples; num_supported_tail_classes; aggregation_weight,182790
rank8_fedavg_analysis,output/rank8_fedavg_analysis/output/cifar100_LT/v2_rank_sweep/seed42/rank8_fedavg/round_metrics.csv,101,epoch; method; partition; aggregation; overall_acc; non_tail_acc; bottom20_tail_acc; macro_per_class_acc; head_acc; medium_acc; tail_acc; macro_f1; seed; tail_class_ratio,10418
rank_sweep_analysis,output/rank_sweep_analysis/milestones.csv,24,rank; round; overall_acc; non_tail_acc; bottom20_tail_acc,644
rank_sweep_analysis,output/rank_sweep_analysis/per_class_comparison.csv,100,class_id; tail; initial; rank2_final; rank2_gain; rank2_last20; rank2_vs_rank2; rank4_final; rank4_gain; rank4_last20; rank4_vs_rank2; rank8_final; rank8_gain; rank8_last20; rank8_vs_rank2,8139
rank_sweep_analysis,output/rank_sweep_analysis/performance.csv,3,rank; trainable_params; overall_acc_initial; overall_acc_final; overall_acc_gain; overall_acc_last20; overall_acc_last20_std; overall_acc_peak; overall_acc_peak_round; overall_acc_peak_final_drop; overall_acc_last20_vs_previous20; non_tail_acc_initial; non_tail_acc_final; non_tail_acc_gain; non_tail_acc_last20; non_tail_acc_last20_std; non_tail_acc_peak; non_tail_acc_peak_round; non_tail_acc_peak_final_drop; non_tail_acc_last20_vs_previous20; bottom20_tail_acc_initial; bottom20_tail_acc_final; bottom20_tail_acc_gain; bottom20_tail_acc_last20; bottom20_tail_acc_last20_std; bottom20_tail_acc_peak; bottom20_tail_acc_peak_round; bottom20_tail_acc_peak_final_drop; bottom20_tail_acc_last20_vs_previous20,1586
selective_sync_v1_training_check,output/selective_sync_v1_training_check/L1/round_metrics.csv,101,epoch; method; partition; aggregation; overall_acc; non_tail_acc; bottom20_tail_acc; macro_per_class_acc; head_acc; medium_acc; tail_acc; macro_f1; seed; tail_class_ratio,10467
selective_sync_v1_training_check,output/selective_sync_v1_training_check/L1/selective_sync/class_functional_metrics.csv,91400,round; client_id; class_id; memory_count; selected; private_score; private_margin; raw_score; raw_margin; raw_harm; raw_margin_harm; projected_score; projected_margin; accepted_score; accepted_margin; accepted_harm; postlocal_score; postlocal_margin; next_global_score; next_global_margin,25953374
selective_sync_v1_training_check,output/selective_sync_v1_training_check/L1/selective_sync/client_sync_metrics.csv,3000,round; client_id; local_loss; memory_class_count; raw_harmed_class_count; selected_class_count; selected_success_rate; mean_raw_harm; mean_accepted_harm; private_mean_score; raw_mean_score; accepted_mean_score; postlocal_mean_score; next_global_mean_score; accepted_scale; backtracks; raw_direction_norm; safe_direction_norm; received_direction_norm,704604
selective_sync_v1_training_check,output/selective_sync_v1_training_check/L1/selective_sync/fixed_a_capacity.csv,720,module; full_gradient_energy; projected_gradient_energy; capture_ratio; a_rank; round; client_id,85918
selective_sync_v1_training_check,output/selective_sync_v1_training_check/L1/selective_sync/round_state_metrics.csv,100,round; global_b_norm; global_step_norm; global_step_cosine_previous; mean_private_global_distance; max_private_global_distance; rms_private_global_disagreement; mean_pairwise_private_distance; max_pairwise_private_distance; mean_pairwise_private_cosine; mean_private_b_rank; effective_client_count,20393
selective_sync_v1_training_check,output/selective_sync_v1_training_check/L1/selective_sync/server_access_metrics.csv,10000,round; class_id; global_class_count; tail20; supporter_access; effective_client_count,511899
selective_sync_v1_training_check,output/selective_sync_v1_training_check/L10/round_metrics.csv,101,epoch; method; partition; aggregation; overall_acc; non_tail_acc; bottom20_tail_acc; macro_per_class_acc; head_acc; medium_acc; tail_acc; macro_f1; seed; tail_class_ratio,10414
selective_sync_v1_training_check,output/selective_sync_v1_training_check/L10/selective_sync/class_functional_metrics.csv,91400,round; client_id; class_id; memory_count; selected; private_score; private_margin; raw_score; raw_margin; raw_harm; raw_margin_harm; projected_score; projected_margin; accepted_score; accepted_margin; accepted_harm; postlocal_score; postlocal_margin; next_global_score; next_global_margin,25828932
selective_sync_v1_training_check,output/selective_sync_v1_training_check/L10/selective_sync/client_sync_metrics.csv,3000,round; client_id; local_loss; memory_class_count; raw_harmed_class_count; selected_class_count; selected_success_rate; mean_raw_harm; mean_accepted_harm; private_mean_score; raw_mean_score; accepted_mean_score; postlocal_mean_score; next_global_mean_score; accepted_scale; backtracks; raw_direction_norm; safe_direction_norm; received_direction_norm,704732
selective_sync_v1_training_check,output/selective_sync_v1_training_check/L10/selective_sync/fixed_a_capacity.csv,720,module; full_gradient_energy; projected_gradient_energy; capture_ratio; a_rank; round; client_id,85970
selective_sync_v1_training_check,output/selective_sync_v1_training_check/L10/selective_sync/round_state_metrics.csv,100,round; global_b_norm; global_step_norm; global_step_cosine_previous; mean_private_global_distance; max_private_global_distance; rms_private_global_disagreement; mean_pairwise_private_distance; max_pairwise_private_distance; mean_pairwise_private_cosine; mean_private_b_rank; effective_client_count,20249
selective_sync_v1_training_check,output/selective_sync_v1_training_check/L10/selective_sync/server_access_metrics.csv,10000,round; class_id; global_class_count; tail20; supporter_access; effective_client_count,511899
selective_sync_v1_training_check,output/selective_sync_v1_training_check/L3/round_metrics.csv,101,epoch; method; partition; aggregation; overall_acc; non_tail_acc; bottom20_tail_acc; macro_per_class_acc; head_acc; medium_acc; tail_acc; macro_f1; seed; tail_class_ratio,10449
selective_sync_v1_training_check,output/selective_sync_v1_training_check/L3/selective_sync/class_functional_metrics.csv,91400,round; client_id; class_id; memory_count; selected; private_score; private_margin; raw_score; raw_margin; raw_harm; raw_margin_harm; projected_score; projected_margin; accepted_score; accepted_margin; accepted_harm; postlocal_score; postlocal_margin; next_global_score; next_global_margin,25791300
selective_sync_v1_training_check,output/selective_sync_v1_training_check/L3/selective_sync/client_sync_metrics.csv,3000,round; client_id; local_loss; memory_class_count; raw_harmed_class_count; selected_class_count; selected_success_rate; mean_raw_harm; mean_accepted_harm; private_mean_score; raw_mean_score; accepted_mean_score; postlocal_mean_score; next_global_mean_score; accepted_scale; backtracks; raw_direction_norm; safe_direction_norm; received_direction_norm,702825
selective_sync_v1_training_check,output/selective_sync_v1_training_check/L3/selective_sync/fixed_a_capacity.csv,720,module; full_gradient_energy; projected_gradient_energy; capture_ratio; a_rank; round; client_id,85911
selective_sync_v1_training_check,output/selective_sync_v1_training_check/L3/selective_sync/round_state_metrics.csv,100,round; global_b_norm; global_step_norm; global_step_cosine_previous; mean_private_global_distance; max_private_global_distance; rms_private_global_disagreement; mean_pairwise_private_distance; max_pairwise_private_distance; mean_pairwise_private_cosine; mean_private_b_rank; effective_client_count,20346
selective_sync_v1_training_check,output/selective_sync_v1_training_check/L3/selective_sync/server_access_metrics.csv,10000,round; class_id; global_class_count; tail20; supporter_access; effective_client_count,511899
selective_sync_v1_training_check,output/selective_sync_v1_training_check/L5/round_metrics.csv,101,epoch; method; partition; aggregation; overall_acc; non_tail_acc; bottom20_tail_acc; macro_per_class_acc; head_acc; medium_acc; tail_acc; macro_f1; seed; tail_class_ratio,10420
selective_sync_v1_training_check,output/selective_sync_v1_training_check/L5/selective_sync/class_functional_metrics.csv,91400,round; client_id; class_id; memory_count; selected; private_score; private_margin; raw_score; raw_margin; raw_harm; raw_margin_harm; projected_score; projected_margin; accepted_score; accepted_margin; accepted_harm; postlocal_score; postlocal_margin; next_global_score; next_global_margin,25749549
selective_sync_v1_training_check,output/selective_sync_v1_training_check/L5/selective_sync/client_sync_metrics.csv,3000,round; client_id; local_loss; memory_class_count; raw_harmed_class_count; selected_class_count; selected_success_rate; mean_raw_harm; mean_accepted_harm; private_mean_score; raw_mean_score; accepted_mean_score; postlocal_mean_score; next_global_mean_score; accepted_scale; backtracks; raw_direction_norm; safe_direction_norm; received_direction_norm,702235
selective_sync_v1_training_check,output/selective_sync_v1_training_check/L5/selective_sync/fixed_a_capacity.csv,720,module; full_gradient_energy; projected_gradient_energy; capture_ratio; a_rank; round; client_id,85950
selective_sync_v1_training_check,output/selective_sync_v1_training_check/L5/selective_sync/round_state_metrics.csv,100,round; global_b_norm; global_step_norm; global_step_cosine_previous; mean_private_global_distance; max_private_global_distance; rms_private_global_disagreement; mean_pairwise_private_distance; max_pairwise_private_distance; mean_pairwise_private_cosine; mean_private_b_rank; effective_client_count,20287
selective_sync_v1_training_check,output/selective_sync_v1_training_check/L5/selective_sync/server_access_metrics.csv,10000,round; class_id; global_class_count; tail20; supporter_access; effective_client_count,511899
sfra_b_aggregation_analysis,output/sfra_b_aggregation_analysis/sfra_b_aggregation/analysis/aggregation_weights.csv,11400,run; method; partition; seed; retention_weight; classification_weight; b_aggregation; b_transfer_enabled; transfer_lr; transfer_probe_step; transfer_reg; round; phase; client_id; sample_weight; aggregation_weight,3082007
sfra_b_aggregation_analysis,output/sfra_b_aggregation_analysis/sfra_b_aggregation/analysis/b_transfer_probes.csv,11800,run; method; partition; seed; retention_weight; classification_weight; b_aggregation; b_transfer_enabled; transfer_lr; transfer_probe_step; transfer_reg; round; phase; client_id; class_id; is_tail; samples; la; accuracy; margin,3741598
sfra_b_aggregation_analysis,output/sfra_b_aggregation_analysis/sfra_b_aggregation/analysis/b_transfer_receivers.csv,176,run; method; partition; seed; retention_weight; classification_weight; b_aggregation; b_transfer_enabled; transfer_lr; transfer_probe_step; transfer_reg; round; client_id; candidates; donors; sample_weight; aggregation_weight; effective_transfer_norm; before_tail_la; before_tail_accuracy; before_tail_margin; before_non_tail_la; before_non_tail_accuracy; before_non_tail_margin; after_tail_la; after_tail_accuracy; after_tail_margin; after_non_tail_la; after_non_tail_accuracy; after_non_tail_margin,90712
sfra_b_aggregation_analysis,output/sfra_b_aggregation_analysis/sfra_b_aggregation/analysis/b_transfer_rounds.csv,8,run; method; partition; seed; retention_weight; classification_weight; b_aggregation; b_transfer_enabled; transfer_lr; transfer_probe_step; transfer_reg; round; learning_rate; recipients; receivers_with_donors; donor_links; candidate_pairs; optimizer_steps; algorithm_forward_images; algorithm_backward_images; diagnostic_forward_images; extra_downlink_bytes; extra_upload_bytes; seconds; aggregation; ordinary_global_B_tail_la; ordinary_global_B_non_tail_la; ordinary_global_B_tail_accuracy; ordinary_global_B_non_tail_accuracy; effective_global_transfer_norm; transferred_global_B_tail_la; transferred_global_B_non_tail_la; transferred_global_B_tail_accuracy; transferred_global_B_non_tail_accuracy; committed_global_tail_la; committed_global_non_tail_la; committed_global_tail_accuracy; committed_global_non_tail_accuracy; A_updated_this_round; tail_la_gain_after_B_aggregation; tail_la_change_during_A; local_tail_la_gain_mean,6124
sfra_b_aggregation_analysis,output/sfra_b_aggregation_analysis/sfra_b_aggregation/analysis/b_transfer_steps.csv,352,run; method; partition; seed; retention_weight; classification_weight; b_aggregation; b_transfer_enabled; transfer_lr; transfer_probe_step; transfer_reg; round; client_id; step; donors; tail_samples; non_tail_samples; la_before; regularizer_before; objective_before; c_gradient_norm; c_norm_after; effective_transfer_norm_after,128260
sfra_b_aggregation_analysis,output/sfra_b_aggregation_analysis/sfra_b_aggregation/analysis/correction_steps.csv,540,run; method; partition; seed; retention_weight; classification_weight; b_aggregation; b_transfer_enabled; transfer_lr; transfer_probe_step; transfer_reg; round; step; functional_loss; proximity; objective; z_before_norm; classification_reference_loss; classification_loss; classification_loss_increase; classification_scale; classification_scale_floor_active; classification_reference_gradient_norm; classification_penalty; classification_gradient_coefficient; functional_z_gradient_norm; classification_z_gradient_norm; functional_classification_gradient_cosine; classification_active; z_after_norm,263225
sfra_b_aggregation_analysis,output/sfra_b_aggregation_analysis/sfra_b_aggregation/analysis/curves.csv,202,run; method; partition; seed; retention_weight; classification_weight; b_aggregation; b_transfer_enabled; transfer_lr; transfer_probe_step; transfer_reg; epoch; round; decision_round; overall_acc; non_tail_acc; head20_acc; middle60_acc; bottom20_tail_acc; macro_per_class_acc,56291
sfra_b_aggregation_analysis,output/sfra_b_aggregation_analysis/sfra_b_aggregation/analysis/functional_costs.csv,2,run; method; partition; seed; retention_weight; classification_weight; b_aggregation; b_transfer_enabled; transfer_lr; transfer_probe_step; transfer_reg; seconds; forward_images; backward_images; downlink_bytes; upload_bytes; classification_forward_images; classification_backward_images,871
sfra_b_aggregation_analysis,output/sfra_b_aggregation_analysis/sfra_b_aggregation/analysis/mechanisms.csv,200,run; method; partition; seed; retention_weight; classification_weight; b_aggregation; b_transfer_enabled; transfer_lr; transfer_probe_step; transfer_reg; round; variant; active_tokens; supported_tokens; history_tokens_before; correction_steps; skip_reason; projection_boundary_steps; radius; proposal_a_norm; correction_a_norm; committed_a_norm; proposal_committed_cosine; proposal_effective_norm; committed_effective_norm; mean_post_B_margin; mean_proposal_margin; mean_committed_margin; proposal_functional_loss; committed_functional_loss; classification_reference_loss; committed_classification_loss; committed_classification_loss_increase; classification_scale; classification_scale_floor_active; classification_reference_gradient_norm; committed_classification_penalty; committed_objective; classification_active_steps; functional_z_gradient_norm_mean; classification_z_gradient_norm_mean; history_tokens_after; history_registered; mean_previous_history_gap,133393
sfra_b_aggregation_analysis,output/sfra_b_aggregation_analysis/sfra_b_aggregation/analysis/performance.csv,2,run; method; partition; seed; retention_weight; classification_weight; b_aggregation; b_transfer_enabled; transfer_lr; transfer_probe_step; transfer_reg; last20_overall_acc; last20_head20_acc; last20_middle60_acc; last20_bottom20_tail_acc; last20_non_tail_acc; tail_peak_round; tail_peak_to_final,894
sfra_b_aggregation_analysis,output/sfra_b_aggregation_analysis/sfra_b_aggregation/analysis/status.csv,2,run; complete,276
sfra_b_aggregation_analysis,output/sfra_b_aggregation_analysis/sfra_b_aggregation/seed42/client-longtail/full-cp/lambda10_mu1_protocol42_b_lr0.3_probe0.1_reg0.001_bagg_uniform8/protocol/partition_source.csv,10847,raw_sample_id; class_id; client_id; local_position,171076
sfra_b_aggregation_analysis,output/sfra_b_aggregation_analysis/sfra_b_aggregation/seed42/client-longtail/full-cp/lambda10_mu1_protocol42_b_lr0.3_probe0.1_reg0.001_bagg_uniform8/protocol/probe_manifest.csv,200,class_id; slot; raw_train_index; excluded_from_federated_lt_pool,2814
sfra_b_aggregation_analysis,output/sfra_b_aggregation_analysis/sfra_b_aggregation/seed42/client-longtail/full-cp/lambda10_mu1_protocol42_b_lr0.3_probe0.1_reg0.001_bagg_uniform8_fast/b_transfer_rounds.csv,8,round; learning_rate; recipients; receivers_with_donors; donor_links; candidate_pairs; optimizer_steps; algorithm_forward_images; algorithm_backward_images; diagnostic_forward_images; extra_downlink_bytes; extra_upload_bytes; seconds; aggregation; ordinary_global_B_tail_la; ordinary_global_B_non_tail_la; ordinary_global_B_tail_accuracy; ordinary_global_B_non_tail_accuracy; effective_global_transfer_norm; transferred_global_B_tail_la; transferred_global_B_non_tail_la; transferred_global_B_tail_accuracy; transferred_global_B_non_tail_accuracy; committed_global_tail_la; committed_global_non_tail_la; committed_global_tail_accuracy; committed_global_non_tail_accuracy; A_updated_this_round; tail_la_gain_after_B_aggregation; tail_la_change_during_A; local_tail_la_gain_mean,4085
sfra_b_aggregation_analysis,output/sfra_b_aggregation_analysis/sfra_b_aggregation/seed42/client-longtail/full-cp/lambda10_mu1_protocol42_b_lr0.3_probe0.1_reg0.001_bagg_uniform8_fast/budget.csv,5700,event_id; round; candidate_round; branch; phase; client_id; optimizer_steps; scheduler_steps; sample_presentations; committed; trainable_factor; a_optimizer_steps; b_optimizer_steps; upload_bytes; modeled_downlink_bytes,465127
sfra_b_aggregation_analysis,output/sfra_b_aggregation_analysis/sfra_b_aggregation/seed42/client-longtail/full-cp/lambda10_mu1_protocol42_b_lr0.3_probe0.1_reg0.001_bagg_uniform8_fast/evaluation_budget.csv,101,label; kind; seconds; sample_presentations; upload_bytes; modeled_downlink_bytes,6294
sfra_b_aggregation_analysis,output/sfra_b_aggregation_analysis/sfra_b_aggregation/seed42/client-longtail/full-cp/lambda10_mu1_protocol42_b_lr0.3_probe0.1_reg0.001_bagg_uniform8_fast/event_manifest.csv,190,seed; topology; method; round; phase; active_factor; reconstruction_max_abs_error; frozen_factor_max_abs_error; reconstruction_passed; optimizer_steps; sample_presentations; delta_a_norm; delta_b_norm; effective_delta_norm; new_input_direction_norm; new_direction_fraction; a_drift_from_initial; mean_a_subspace_change; mean_a_subspace_from_initial; event_id; branch; candidate_round; selected_client_ids; server_weights; before_lora_sha256; after_lora_sha256; committed; decision_round; seconds; state_path; state_role,232113
sfra_b_aggregation_analysis,output/sfra_b_aggregation_analysis/sfra_b_aggregation/seed42/client-longtail/full-cp/lambda10_mu1_protocol42_b_lr0.3_probe0.1_reg0.001_bagg_uniform8_fast/round_metrics.csv,101,epoch; round; decision_round; method; partition; seed; overall_acc; non_tail_acc; head20_acc; middle60_acc; bottom20_tail_acc; macro_per_class_acc,11317
sfra_b_aggregation_analysis,output/sfra_b_aggregation_analysis/sfra_b_aggregation/seed42/client-longtail/full-cp/lambda10_mu1_protocol42_b_lr0.3_probe0.1_reg0.001_bagg_uniform8_fast/sfra_costs.csv,731,round; phase; seconds; forward_images; backward_images; downlink_bytes; upload_bytes; execution_forward_batches; execution_zero_gradient_batches; classification_forward_images; classification_backward_images,48985
sfra_b_aggregation_analysis,output/sfra_b_aggregation_analysis/sfra_b_aggregation/seed42/client-longtail/full-cp/lambda10_mu1_protocol42_b_lr0.3_probe0.1_reg0.001_bagg_uniform8_fast/sfra_rounds.csv,100,round; variant; retention_weight; active_tokens; supported_tokens; history_tokens_before; correction_steps; skip_reason; projection_boundary_steps; radius; proposal_a_norm; correction_a_norm; committed_a_norm; proposal_committed_cosine; proposal_effective_norm; committed_effective_norm; mean_post_B_margin; mean_proposal_margin; mean_committed_margin; proposal_functional_loss; committed_functional_loss; classification_weight; classification_reference_loss; committed_classification_loss; committed_classification_loss_increase; classification_scale; classification_scale_floor_active; classification_reference_gradient_norm; committed_classification_penalty; committed_objective; classification_active_steps; functional_z_gradient_norm_mean; classification_z_gradient_norm_mean; history_tokens_after; history_registered; mean_previous_history_gap,46635
sfra_b_aggregation_analysis,output/sfra_b_aggregation_analysis/sfra_b_aggregation/seed42/client-longtail/full-cp/lambda10_mu1_protocol42_b_lr0.3_probe0.1_reg0.001_bagg_uniform8_fast/protocol/partition_source.csv,10847,raw_sample_id; class_id; client_id; local_position,171076
sfra_b_aggregation_analysis,output/sfra_b_aggregation_analysis/sfra_b_aggregation/seed42/client-longtail/full-cp/lambda10_mu1_protocol42_b_lr0.3_probe0.1_reg0.001_bagg_uniform8_fast/protocol/probe_manifest.csv,200,class_id; slot; raw_train_index; excluded_from_federated_lt_pool,2814
sfra_b_aggregation_analysis,output/sfra_b_aggregation_analysis/sfra_b_aggregation/seed42/client-longtail/full-cp/lambda10_mu1_protocol42_bagg_uniform8/protocol/partition_source.csv,10847,raw_sample_id; class_id; client_id; local_position,171076
sfra_b_aggregation_analysis,output/sfra_b_aggregation_analysis/sfra_b_aggregation/seed42/client-longtail/full-cp/lambda10_mu1_protocol42_bagg_uniform8/protocol/probe_manifest.csv,200,class_id; slot; raw_train_index; excluded_from_federated_lt_pool,2814
sfra_b_aggregation_analysis,output/sfra_b_aggregation_analysis/sfra_b_aggregation/seed42/client-longtail/full-cp/lambda10_mu1_protocol42_bagg_uniform8_fast/budget.csv,5700,event_id; round; candidate_round; branch; phase; client_id; optimizer_steps; scheduler_steps; sample_presentations; committed; trainable_factor; a_optimizer_steps; b_optimizer_steps; upload_bytes; modeled_downlink_bytes,465127
sfra_b_aggregation_analysis,output/sfra_b_aggregation_analysis/sfra_b_aggregation/seed42/client-longtail/full-cp/lambda10_mu1_protocol42_bagg_uniform8_fast/evaluation_budget.csv,101,label; kind; seconds; sample_presentations; upload_bytes; modeled_downlink_bytes,6304
sfra_b_aggregation_analysis,output/sfra_b_aggregation_analysis/sfra_b_aggregation/seed42/client-longtail/full-cp/lambda10_mu1_protocol42_bagg_uniform8_fast/event_manifest.csv,190,seed; topology; method; round; phase; active_factor; reconstruction_max_abs_error; frozen_factor_max_abs_error; reconstruction_passed; optimizer_steps; sample_presentations; delta_a_norm; delta_b_norm; effective_delta_norm; new_input_direction_norm; new_direction_fraction; a_drift_from_initial; mean_a_subspace_change; mean_a_subspace_from_initial; event_id; branch; candidate_round; selected_client_ids; server_weights; before_lora_sha256; after_lora_sha256; committed; decision_round; seconds; state_path; state_role,232137
sfra_b_aggregation_analysis,output/sfra_b_aggregation_analysis/sfra_b_aggregation/seed42/client-longtail/full-cp/lambda10_mu1_protocol42_bagg_uniform8_fast/round_metrics.csv,101,epoch; round; decision_round; method; partition; seed; overall_acc; non_tail_acc; head20_acc; middle60_acc; bottom20_tail_acc; macro_per_class_acc,10246
sfra_b_aggregation_analysis,output/sfra_b_aggregation_analysis/sfra_b_aggregation/seed42/client-longtail/full-cp/lambda10_mu1_protocol42_bagg_uniform8_fast/sfra_costs.csv,731,round; phase; seconds; forward_images; backward_images; downlink_bytes; upload_bytes; execution_forward_batches; execution_zero_gradient_batches; classification_forward_images; classification_backward_images,48965
sfra_b_aggregation_analysis,output/sfra_b_aggregation_analysis/sfra_b_aggregation/seed42/client-longtail/full-cp/lambda10_mu1_protocol42_bagg_uniform8_fast/sfra_rounds.csv,100,round; variant; retention_weight; active_tokens; supported_tokens; history_tokens_before; correction_steps; skip_reason; projection_boundary_steps; radius; proposal_a_norm; correction_a_norm; committed_a_norm; proposal_committed_cosine; proposal_effective_norm; committed_effective_norm; mean_post_B_margin; mean_proposal_margin; mean_committed_margin; proposal_functional_loss; committed_functional_loss; classification_weight; classification_reference_loss; committed_classification_loss; committed_classification_loss_increase; classification_scale; classification_scale_floor_active; classification_reference_gradient_norm; committed_classification_penalty; committed_objective; classification_active_steps; functional_z_gradient_norm_mean; classification_z_gradient_norm_mean; history_tokens_after; history_registered; mean_previous_history_gap,46570
sfra_b_aggregation_analysis,output/sfra_b_aggregation_analysis/sfra_b_aggregation/seed42/client-longtail/full-cp/lambda10_mu1_protocol42_bagg_uniform8_fast/protocol/partition_source.csv,10847,raw_sample_id; class_id; client_id; local_position,171076
sfra_b_aggregation_analysis,output/sfra_b_aggregation_analysis/sfra_b_aggregation/seed42/client-longtail/full-cp/lambda10_mu1_protocol42_bagg_uniform8_fast/protocol/probe_manifest.csv,200,class_id; slot; raw_train_index; excluded_from_federated_lt_pool,2814
sfra_b_shared_transfer_analysis,output/sfra_b_shared_transfer_analysis/review/calibration_objective_composition.csv,5,group; number_of_classes; calibration_image_occurrences; mean_explicit_loss_weight_percent,280
sfra_b_shared_transfer_analysis,output/sfra_b_shared_transfer_analysis/review/class_direction_counts.csv,100,baseline; group; improved; declined; unchanged,2348
sfra_b_shared_transfer_analysis,output/sfra_b_shared_transfer_analysis/review/comparability.csv,2,baseline; pre_transfer_class_records; pre_transfer_different_records; pre_transfer_max_class_difference_pp; same_schedule; same_witness; execution_version_note,385
sfra_b_shared_transfer_analysis,output/sfra_b_shared_transfer_analysis/review/contrasts.csv,10,baseline; delta_Overall; delta_Many35; delta_Medium35; delta_Few30; delta_Head20; delta_Middle60; delta_Tail20; delta_Middle_Many15; delta_Middle_Medium35; delta_Middle_Few10; overall_contribution_Head20; overall_contribution_Middle_Many15; overall_contribution_Middle_Medium35; overall_contribution_Middle_Few10; overall_contribution_Tail20,3292
sfra_b_shared_transfer_analysis,output/sfra_b_shared_transfer_analysis/review/costs.csv,1,seconds; algorithm_forward_images; algorithm_backward_images; diagnostic_forward_images; extra_downlink_bytes; extra_upload_bytes; optimizer_steps; client_backward_batches; feedback_synchronizations; whole_run_elapsed_seconds; B_logged_seconds_fraction,368
sfra_b_shared_transfer_analysis,output/sfra_b_shared_transfer_analysis/review/data_checks.csv,11,method; rounds; per_class_records; max_original_metric_error_pp; same_partition_manifest,548
sfra_b_shared_transfer_analysis,output/sfra_b_shared_transfer_analysis/review/per_class_changes.csv,1000,baseline; class_id; train_count; delta_pp,18112
sfra_b_shared_transfer_analysis,output/sfra_b_shared_transfer_analysis/review/per_class_last20.csv,1100,method; class_id; train_count; last20,19989
sfra_b_shared_transfer_analysis,output/sfra_b_shared_transfer_analysis/review/performance_last20.csv,11,method; Overall; Many35; Medium35; Few30; Head20; Middle60; Tail20; Middle_Many15; Middle_Medium35; Middle_Few10,1426
sfra_b_shared_transfer_analysis,output/sfra_b_shared_transfer_analysis/review/post_transfer_windows.csv,16,baseline; start_round; end_round; delta_Overall; delta_Many35; delta_Medium35; delta_Few30; delta_Head20; delta_Middle60; delta_Tail20; delta_Middle_Many15; delta_Middle_Medium35; delta_Middle_Few10,3626
sfra_b_shared_transfer_analysis,output/sfra_b_shared_transfer_analysis/review/receiver_changes.csv,6,group; metric; convention; records; mean; minimum; maximum; positive; negative; zero,680
sfra_b_shared_transfer_analysis,output/sfra_b_shared_transfer_analysis/review/retention.csv,110,method; group; last20; final; peak; peak_round; peak_to_final,7116
sfra_b_shared_transfer_analysis,output/sfra_b_shared_transfer_analysis/review/round_curves.csv,1111,method; round; Overall; Many35; Medium35; Few30; Head20; Middle60; Tail20; Middle_Many15; Middle_Medium35; Middle_Few10,134921
sfra_b_shared_transfer_analysis,output/sfra_b_shared_transfer_analysis/review/sources.csv,11,method; label; path,1521
sfra_b_shared_transfer_analysis,output/sfra_b_shared_transfer_analysis/review/transfer_events.csv,8,round; donors; accepted_links; candidate_pairs; effective_update_ratio; tail_la_gain; non_tail_la_gain; tail_la_change_during_A; seconds,1063
sfra_b_shared_transfer_analysis,output/sfra_b_shared_transfer_analysis/sfra_b_shared_transfer/analysis/b_transfer_probes.csv,7080,run; method; partition; seed; retention_weight; classification_weight; b_aggregation; b_transfer_enabled; transfer_mode; transfer_lr; transfer_probe_step; transfer_reg; round; phase; client_id; class_id; is_tail; samples; la; accuracy; margin,2170418
sfra_b_shared_transfer_analysis,output/sfra_b_shared_transfer_analysis/sfra_b_shared_transfer/analysis/b_transfer_receivers.csv,176,run; method; partition; seed; retention_weight; classification_weight; b_aggregation; b_transfer_enabled; transfer_mode; transfer_lr; transfer_probe_step; transfer_reg; round; client_id; measurement_scope; candidates; donors; shared_donors; feedback_weight; sample_weight; effective_transfer_norm; before_tail_la; before_tail_accuracy; before_tail_margin; before_non_tail_la; before_non_tail_accuracy; before_non_tail_margin; after_tail_la; after_tail_accuracy; after_tail_margin; after_non_tail_la; after_non_tail_accuracy; after_non_tail_margin,93117
sfra_b_shared_transfer_analysis,output/sfra_b_shared_transfer_analysis/sfra_b_shared_transfer/analysis/b_transfer_rounds.csv,8,run; method; partition; seed; retention_weight; classification_weight; b_aggregation; b_transfer_enabled; transfer_mode; transfer_lr; transfer_probe_step; transfer_reg; round; mode; learning_rate; aggregation; recipients; receivers_with_donors; donor_links; unique_donors; candidate_pairs; optimizer_steps; client_backward_batches; feedback_synchronizations; learned_c_parameters; algorithm_forward_images; algorithm_backward_images; diagnostic_forward_images; extra_downlink_bytes; extra_upload_bytes; seconds; ordinary_global_B_tail_la; ordinary_global_B_non_tail_la; ordinary_global_B_tail_accuracy; ordinary_global_B_non_tail_accuracy; transferred_global_B_tail_la; transferred_global_B_non_tail_la; transferred_global_B_tail_accuracy; transferred_global_B_non_tail_accuracy; effective_global_transfer_norm; ordinary_B_effective_update_norm; committed_global_tail_la; committed_global_non_tail_la; committed_global_tail_accuracy; committed_global_non_tail_accuracy; A_updated_this_round; tail_la_gain_after_B_aggregation; tail_la_change_during_A; shared_receiver_tail_la_gain_mean,6823
sfra_b_shared_transfer_analysis,output/sfra_b_shared_transfer_analysis/sfra_b_shared_transfer/analysis/b_transfer_steps.csv,16,run; method; partition; seed; retention_weight; classification_weight; b_aggregation; b_transfer_enabled; transfer_mode; transfer_lr; transfer_probe_step; transfer_reg; round; step; scope; feedback_clients; donors; tail_samples; non_tail_samples; la_before; regularizer_before; objective_before; c_gradient_norm; c_norm_after; effective_transfer_norm_after,6101
sfra_b_shared_transfer_analysis,output/sfra_b_shared_transfer_analysis/sfra_b_shared_transfer/analysis/correction_steps.csv,270,run; method; partition; seed; retention_weight; classification_weight; b_aggregation; b_transfer_enabled; transfer_mode; transfer_lr; transfer_probe_step; transfer_reg; round; step; functional_loss; proximity; objective; z_before_norm; classification_reference_loss; classification_loss; classification_loss_increase; classification_scale; classification_scale_floor_active; classification_reference_gradient_norm; classification_penalty; classification_gradient_coefficient; functional_z_gradient_norm; classification_z_gradient_norm; functional_classification_gradient_cosine; classification_active; z_after_norm,134811
sfra_b_shared_transfer_analysis,output/sfra_b_shared_transfer_analysis/sfra_b_shared_transfer/analysis/curves.csv,101,run; method; partition; seed; retention_weight; classification_weight; b_aggregation; b_transfer_enabled; transfer_mode; transfer_lr; transfer_probe_step; transfer_reg; epoch; round; decision_round; overall_acc; non_tail_acc; head20_acc; middle60_acc; bottom20_tail_acc; macro_per_class_acc,29716
sfra_b_shared_transfer_analysis,output/sfra_b_shared_transfer_analysis/sfra_b_shared_transfer/analysis/functional_costs.csv,1,run; method; partition; seed; retention_weight; classification_weight; b_aggregation; b_transfer_enabled; transfer_mode; transfer_lr; transfer_probe_step; transfer_reg; seconds; forward_images; backward_images; downlink_bytes; upload_bytes; classification_forward_images; classification_backward_images,596
sfra_b_shared_transfer_analysis,output/sfra_b_shared_transfer_analysis/sfra_b_shared_transfer/analysis/mechanisms.csv,100,run; method; partition; seed; retention_weight; classification_weight; b_aggregation; b_transfer_enabled; transfer_mode; transfer_lr; transfer_probe_step; transfer_reg; round; variant; active_tokens; supported_tokens; history_tokens_before; correction_steps; skip_reason; projection_boundary_steps; radius; proposal_a_norm; correction_a_norm; committed_a_norm; proposal_committed_cosine; proposal_effective_norm; committed_effective_norm; mean_post_B_margin; mean_proposal_margin; mean_committed_margin; proposal_functional_loss; committed_functional_loss; classification_reference_loss; committed_classification_loss; committed_classification_loss_increase; classification_scale; classification_scale_floor_active; classification_reference_gradient_norm; committed_classification_penalty; committed_objective; classification_active_steps; functional_z_gradient_norm_mean; classification_z_gradient_norm_mean; history_tokens_after; history_registered; mean_previous_history_gap,68250
sfra_b_shared_transfer_analysis,output/sfra_b_shared_transfer_analysis/sfra_b_shared_transfer/analysis/performance.csv,1,run; method; partition; seed; retention_weight; classification_weight; b_aggregation; b_transfer_enabled; transfer_mode; transfer_lr; transfer_probe_step; transfer_reg; last20_overall_acc; last20_head20_acc; last20_middle60_acc; last20_bottom20_tail_acc; last20_non_tail_acc; tail_peak_round; tail_peak_to_final,595
sfra_b_shared_transfer_analysis,output/sfra_b_shared_transfer_analysis/sfra_b_shared_transfer/analysis/status.csv,1,run; complete,166
sfra_b_shared_transfer_analysis,output/sfra_b_shared_transfer_analysis/sfra_b_shared_transfer/seed42/client-longtail/full-cp/lambda10_mu1_protocol42_bshared_b_lr0.3_probe0.1_reg0.001_fast_v2_f64_c4/b_transfer_rounds.csv,8,round; mode; learning_rate; aggregation; recipients; receivers_with_donors; donor_links; unique_donors; candidate_pairs; optimizer_steps; client_backward_batches; feedback_synchronizations; learned_c_parameters; algorithm_forward_images; algorithm_backward_images; diagnostic_forward_images; extra_downlink_bytes; extra_upload_bytes; seconds; ordinary_global_B_tail_la; ordinary_global_B_non_tail_la; ordinary_global_B_tail_accuracy; ordinary_global_B_non_tail_accuracy; transferred_global_B_tail_la; transferred_global_B_non_tail_la; transferred_global_B_tail_accuracy; transferred_global_B_non_tail_accuracy; effective_global_transfer_norm; ordinary_B_effective_update_norm; committed_global_tail_la; committed_global_non_tail_la; committed_global_tail_accuracy; committed_global_non_tail_accuracy; A_updated_this_round; tail_la_gain_after_B_aggregation; tail_la_change_during_A; shared_receiver_tail_la_gain_mean,4874
sfra_b_shared_transfer_analysis,output/sfra_b_shared_transfer_analysis/sfra_b_shared_transfer/seed42/client-longtail/full-cp/lambda10_mu1_protocol42_bshared_b_lr0.3_probe0.1_reg0.001_fast_v2_f64_c4/budget.csv,5700,event_id; round; candidate_round; branch; phase; client_id; optimizer_steps; scheduler_steps; sample_presentations; committed; trainable_factor; a_optimizer_steps; b_optimizer_steps; upload_bytes; modeled_downlink_bytes,465127
sfra_b_shared_transfer_analysis,output/sfra_b_shared_transfer_analysis/sfra_b_shared_transfer/seed42/client-longtail/full-cp/lambda10_mu1_protocol42_bshared_b_lr0.3_probe0.1_reg0.001_fast_v2_f64_c4/evaluation_budget.csv,101,label; kind; seconds; sample_presentations; upload_bytes; modeled_downlink_bytes,6290
sfra_b_shared_transfer_analysis,output/sfra_b_shared_transfer_analysis/sfra_b_shared_transfer/seed42/client-longtail/full-cp/lambda10_mu1_protocol42_bshared_b_lr0.3_probe0.1_reg0.001_fast_v2_f64_c4/event_manifest.csv,190,seed; topology; method; round; phase; active_factor; reconstruction_max_abs_error; frozen_factor_max_abs_error; reconstruction_passed; optimizer_steps; sample_presentations; delta_a_norm; delta_b_norm; effective_delta_norm; new_input_direction_norm; new_direction_fraction; a_drift_from_initial; mean_a_subspace_change; mean_a_subspace_from_initial; event_id; branch; candidate_round; selected_client_ids; server_weights; before_lora_sha256; after_lora_sha256; committed; decision_round; seconds; state_path; state_role; shared_transfer_state_path,233027
sfra_b_shared_transfer_analysis,output/sfra_b_shared_transfer_analysis/sfra_b_shared_transfer/seed42/client-longtail/full-cp/lambda10_mu1_protocol42_bshared_b_lr0.3_probe0.1_reg0.001_fast_v2_f64_c4/round_metrics.csv,101,epoch; round; decision_round; method; partition; seed; overall_acc; non_tail_acc; head20_acc; middle60_acc; bottom20_tail_acc; macro_per_class_acc,10593
sfra_b_shared_transfer_analysis,output/sfra_b_shared_transfer_analysis/sfra_b_shared_transfer/seed42/client-longtail/full-cp/lambda10_mu1_protocol42_bshared_b_lr0.3_probe0.1_reg0.001_fast_v2_f64_c4/sfra_costs.csv,731,round; phase; seconds; forward_images; backward_images; downlink_bytes; upload_bytes; execution_forward_batches; execution_zero_gradient_batches; execution_zero_coefficient_batches; execution_device_cache_bytes; execution_cpu_prefix_cache_bytes; classification_forward_images; classification_backward_images,60732
sfra_b_shared_transfer_analysis,output/sfra_b_shared_transfer_analysis/sfra_b_shared_transfer/seed42/client-longtail/full-cp/lambda10_mu1_protocol42_bshared_b_lr0.3_probe0.1_reg0.001_fast_v2_f64_c4/sfra_rounds.csv,100,round; variant; retention_weight; active_tokens; supported_tokens; history_tokens_before; correction_steps; skip_reason; projection_boundary_steps; radius; proposal_a_norm; correction_a_norm; committed_a_norm; proposal_committed_cosine; proposal_effective_norm; committed_effective_norm; mean_post_B_margin; mean_proposal_margin; mean_committed_margin; proposal_functional_loss; committed_functional_loss; classification_weight; classification_reference_loss; committed_classification_loss; committed_classification_loss_increase; classification_scale; classification_scale_floor_active; classification_reference_gradient_norm; committed_classification_penalty; committed_objective; classification_active_steps; functional_z_gradient_norm_mean; classification_z_gradient_norm_mean; history_tokens_after; history_registered; mean_previous_history_gap,46632
sfra_b_shared_transfer_analysis,output/sfra_b_shared_transfer_analysis/sfra_b_shared_transfer/seed42/client-longtail/full-cp/lambda10_mu1_protocol42_bshared_b_lr0.3_probe0.1_reg0.001_fast_v2_f64_c4/protocol/partition_source.csv,10847,raw_sample_id; class_id; client_id; local_position,171076
sfra_b_shared_transfer_analysis,output/sfra_b_shared_transfer_analysis/sfra_b_shared_transfer/seed42/client-longtail/full-cp/lambda10_mu1_protocol42_bshared_b_lr0.3_probe0.1_reg0.001_fast_v2_f64_c4/protocol/probe_manifest.csv,200,class_id; slot; raw_train_index; excluded_from_federated_lt_pool,2814
sfra_b_transfer_run2_analysis,output/sfra_b_transfer_run2_analysis/sfra_b_transfer_run2/analysis/b_transfer_probes.csv,35400,run; method; partition; seed; retention_weight; classification_weight; transfer_lr; transfer_probe_step; transfer_reg; round; phase; client_id; class_id; is_tail; samples; la; accuracy; margin,9301049
sfra_b_transfer_run2_analysis,output/sfra_b_transfer_run2_analysis/sfra_b_transfer_run2/analysis/b_transfer_receivers.csv,528,run; method; partition; seed; retention_weight; classification_weight; transfer_lr; transfer_probe_step; transfer_reg; round; client_id; candidates; donors; sample_weight; effective_transfer_norm; before_tail_la; before_tail_accuracy; before_tail_margin; before_non_tail_la; before_non_tail_accuracy; before_non_tail_margin; after_tail_la; after_tail_accuracy; after_tail_margin; after_non_tail_la; after_non_tail_accuracy; after_non_tail_margin,232055
sfra_b_transfer_run2_analysis,output/sfra_b_transfer_run2_analysis/sfra_b_transfer_run2/analysis/b_transfer_rounds.csv,24,run; method; partition; seed; retention_weight; classification_weight; transfer_lr; transfer_probe_step; transfer_reg; round; learning_rate; recipients; receivers_with_donors; donor_links; candidate_pairs; optimizer_steps; algorithm_forward_images; algorithm_backward_images; diagnostic_forward_images; extra_downlink_bytes; extra_upload_bytes; seconds; ordinary_global_B_tail_la; ordinary_global_B_non_tail_la; ordinary_global_B_tail_accuracy; ordinary_global_B_non_tail_accuracy; effective_global_transfer_norm; transferred_global_B_tail_la; transferred_global_B_non_tail_la; transferred_global_B_tail_accuracy; transferred_global_B_non_tail_accuracy; committed_global_tail_la; committed_global_non_tail_la; committed_global_tail_accuracy; committed_global_non_tail_accuracy; A_updated_this_round; tail_la_gain_after_B_aggregation; tail_la_change_during_A; local_tail_la_gain_mean,14444
sfra_b_transfer_run2_analysis,output/sfra_b_transfer_run2_analysis/sfra_b_transfer_run2/analysis/b_transfer_steps.csv,1056,run; method; partition; seed; retention_weight; classification_weight; transfer_lr; transfer_probe_step; transfer_reg; round; client_id; step; donors; tail_samples; non_tail_samples; la_before; regularizer_before; objective_before; c_gradient_norm; c_norm_after; effective_transfer_norm_after,327462
sfra_b_transfer_run2_analysis,output/sfra_b_transfer_run2_analysis/sfra_b_transfer_run2/analysis/correction_steps.csv,810,run; method; partition; seed; retention_weight; classification_weight; transfer_lr; transfer_probe_step; transfer_reg; round; step; functional_loss; proximity; objective; z_before_norm; classification_reference_loss; classification_loss; classification_loss_increase; classification_scale; classification_scale_floor_active; classification_reference_gradient_norm; classification_penalty; classification_gradient_coefficient; functional_z_gradient_norm; classification_z_gradient_norm; functional_classification_gradient_cosine; classification_active; z_after_norm,369929
sfra_b_transfer_run2_analysis,output/sfra_b_transfer_run2_analysis/sfra_b_transfer_run2/analysis/curves.csv,303,run; method; partition; seed; retention_weight; classification_weight; transfer_lr; transfer_probe_step; transfer_reg; epoch; round; decision_round; overall_acc; non_tail_acc; head20_acc; middle60_acc; bottom20_tail_acc; macro_per_class_acc,73218
sfra_b_transfer_run2_analysis,output/sfra_b_transfer_run2_analysis/sfra_b_transfer_run2/analysis/functional_costs.csv,3,run; method; partition; seed; retention_weight; classification_weight; transfer_lr; transfer_probe_step; transfer_reg; seconds; forward_images; backward_images; downlink_bytes; upload_bytes; classification_forward_images; classification_backward_images,1044
sfra_b_transfer_run2_analysis,output/sfra_b_transfer_run2_analysis/sfra_b_transfer_run2/analysis/mechanisms.csv,300,run; method; partition; seed; retention_weight; classification_weight; transfer_lr; transfer_probe_step; transfer_reg; round; variant; active_tokens; supported_tokens; history_tokens_before; correction_steps; skip_reason; projection_boundary_steps; radius; proposal_a_norm; correction_a_norm; committed_a_norm; proposal_committed_cosine; proposal_effective_norm; committed_effective_norm; mean_post_B_margin; mean_proposal_margin; mean_committed_margin; proposal_functional_loss; committed_functional_loss; classification_reference_loss; committed_classification_loss; committed_classification_loss_increase; classification_scale; classification_scale_floor_active; classification_reference_gradient_norm; committed_classification_penalty; committed_objective; classification_active_steps; functional_z_gradient_norm_mean; classification_z_gradient_norm_mean; history_tokens_after; history_registered; mean_previous_history_gap,190343
sfra_b_transfer_run2_analysis,output/sfra_b_transfer_run2_analysis/sfra_b_transfer_run2/analysis/performance.csv,3,run; method; partition; seed; retention_weight; classification_weight; transfer_lr; transfer_probe_step; transfer_reg; last20_overall_acc; last20_head20_acc; last20_middle60_acc; last20_bottom20_tail_acc; last20_non_tail_acc; tail_peak_round; tail_peak_to_final,1055
sfra_b_transfer_run2_analysis,output/sfra_b_transfer_run2_analysis/sfra_b_transfer_run2/analysis/status.csv,3,run; complete,396
sfra_b_transfer_run2_analysis,output/sfra_b_transfer_run2_analysis/sfra_b_transfer_run2/seed42/client-longtail/full-cp/lambda10_mu1_protocol42_b_lr0.03_probe0.1_reg0.001/b_transfer_rounds.csv,8,round; learning_rate; recipients; receivers_with_donors; donor_links; candidate_pairs; optimizer_steps; algorithm_forward_images; algorithm_backward_images; diagnostic_forward_images; extra_downlink_bytes; extra_upload_bytes; seconds; ordinary_global_B_tail_la; ordinary_global_B_non_tail_la; ordinary_global_B_tail_accuracy; ordinary_global_B_non_tail_accuracy; effective_global_transfer_norm; transferred_global_B_tail_la; transferred_global_B_non_tail_la; transferred_global_B_tail_accuracy; transferred_global_B_non_tail_accuracy; committed_global_tail_la; committed_global_non_tail_la; committed_global_tail_accuracy; committed_global_non_tail_accuracy; A_updated_this_round; tail_la_gain_after_B_aggregation; tail_la_change_during_A; local_tail_la_gain_mean,3826
sfra_b_transfer_run2_analysis,output/sfra_b_transfer_run2_analysis/sfra_b_transfer_run2/seed42/client-longtail/full-cp/lambda10_mu1_protocol42_b_lr0.03_probe0.1_reg0.001/budget.csv,5700,event_id; round; candidate_round; branch; phase; client_id; optimizer_steps; scheduler_steps; sample_presentations; committed; trainable_factor; a_optimizer_steps; b_optimizer_steps; upload_bytes; modeled_downlink_bytes,465127
sfra_b_transfer_run2_analysis,output/sfra_b_transfer_run2_analysis/sfra_b_transfer_run2/seed42/client-longtail/full-cp/lambda10_mu1_protocol42_b_lr0.03_probe0.1_reg0.001/evaluation_budget.csv,101,label; kind; seconds; sample_presentations; upload_bytes; modeled_downlink_bytes,6240
sfra_b_transfer_run2_analysis,output/sfra_b_transfer_run2_analysis/sfra_b_transfer_run2/seed42/client-longtail/full-cp/lambda10_mu1_protocol42_b_lr0.03_probe0.1_reg0.001/event_manifest.csv,190,seed; topology; method; round; phase; active_factor; reconstruction_max_abs_error; frozen_factor_max_abs_error; reconstruction_passed; optimizer_steps; sample_presentations; delta_a_norm; delta_b_norm; effective_delta_norm; new_input_direction_norm; new_direction_fraction; a_drift_from_initial; mean_a_subspace_change; mean_a_subspace_from_initial; event_id; branch; candidate_round; selected_client_ids; server_weights; before_lora_sha256; after_lora_sha256; committed; decision_round; seconds; state_path; state_role,232018
sfra_b_transfer_run2_analysis,output/sfra_b_transfer_run2_analysis/sfra_b_transfer_run2/seed42/client-longtail/full-cp/lambda10_mu1_protocol42_b_lr0.03_probe0.1_reg0.001/round_metrics.csv,101,epoch; round; decision_round; method; partition; seed; overall_acc; non_tail_acc; head20_acc; middle60_acc; bottom20_tail_acc; macro_per_class_acc,9801
sfra_b_transfer_run2_analysis,output/sfra_b_transfer_run2_analysis/sfra_b_transfer_run2/seed42/client-longtail/full-cp/lambda10_mu1_protocol42_b_lr0.03_probe0.1_reg0.001/sfra_costs.csv,731,round; phase; seconds; forward_images; backward_images; downlink_bytes; upload_bytes; classification_forward_images; classification_backward_images,45811
sfra_b_transfer_run2_analysis,output/sfra_b_transfer_run2_analysis/sfra_b_transfer_run2/seed42/client-longtail/full-cp/lambda10_mu1_protocol42_b_lr0.03_probe0.1_reg0.001/sfra_rounds.csv,100,round; variant; retention_weight; active_tokens; supported_tokens; history_tokens_before; correction_steps; skip_reason; projection_boundary_steps; radius; proposal_a_norm; correction_a_norm; committed_a_norm; proposal_committed_cosine; proposal_effective_norm; committed_effective_norm; mean_post_B_margin; mean_proposal_margin; mean_committed_margin; proposal_functional_loss; committed_functional_loss; classification_weight; classification_reference_loss; committed_classification_loss; committed_classification_loss_increase; classification_scale; classification_scale_floor_active; classification_reference_gradient_norm; committed_classification_penalty; committed_objective; classification_active_steps; functional_z_gradient_norm_mean; classification_z_gradient_norm_mean; history_tokens_after; history_registered; mean_previous_history_gap,46597
sfra_b_transfer_run2_analysis,output/sfra_b_transfer_run2_analysis/sfra_b_transfer_run2/seed42/client-longtail/full-cp/lambda10_mu1_protocol42_b_lr0.03_probe0.1_reg0.001/protocol/partition_source.csv,10847,raw_sample_id; class_id; client_id; local_position,171076
sfra_b_transfer_run2_analysis,output/sfra_b_transfer_run2_analysis/sfra_b_transfer_run2/seed42/client-longtail/full-cp/lambda10_mu1_protocol42_b_lr0.03_probe0.1_reg0.001/protocol/probe_manifest.csv,200,class_id; slot; raw_train_index; excluded_from_federated_lt_pool,2814
sfra_b_transfer_run2_analysis,output/sfra_b_transfer_run2_analysis/sfra_b_transfer_run2/seed42/client-longtail/full-cp/lambda10_mu1_protocol42_b_lr0.1_probe0.1_reg0.001/b_transfer_rounds.csv,8,round; learning_rate; recipients; receivers_with_donors; donor_links; candidate_pairs; optimizer_steps; algorithm_forward_images; algorithm_backward_images; diagnostic_forward_images; extra_downlink_bytes; extra_upload_bytes; seconds; ordinary_global_B_tail_la; ordinary_global_B_non_tail_la; ordinary_global_B_tail_accuracy; ordinary_global_B_non_tail_accuracy; effective_global_transfer_norm; transferred_global_B_tail_la; transferred_global_B_non_tail_la; transferred_global_B_tail_accuracy; transferred_global_B_non_tail_accuracy; committed_global_tail_la; committed_global_non_tail_la; committed_global_tail_accuracy; committed_global_non_tail_accuracy; A_updated_this_round; tail_la_gain_after_B_aggregation; tail_la_change_during_A; local_tail_la_gain_mean,3806
sfra_b_transfer_run2_analysis,output/sfra_b_transfer_run2_analysis/sfra_b_transfer_run2/seed42/client-longtail/full-cp/lambda10_mu1_protocol42_b_lr0.1_probe0.1_reg0.001/budget.csv,5700,event_id; round; candidate_round; branch; phase; client_id; optimizer_steps; scheduler_steps; sample_presentations; committed; trainable_factor; a_optimizer_steps; b_optimizer_steps; upload_bytes; modeled_downlink_bytes,465127
sfra_b_transfer_run2_analysis,output/sfra_b_transfer_run2_analysis/sfra_b_transfer_run2/seed42/client-longtail/full-cp/lambda10_mu1_protocol42_b_lr0.1_probe0.1_reg0.001/evaluation_budget.csv,101,label; kind; seconds; sample_presentations; upload_bytes; modeled_downlink_bytes,6248
sfra_b_transfer_run2_analysis,output/sfra_b_transfer_run2_analysis/sfra_b_transfer_run2/seed42/client-longtail/full-cp/lambda10_mu1_protocol42_b_lr0.1_probe0.1_reg0.001/event_manifest.csv,190,seed; topology; method; round; phase; active_factor; reconstruction_max_abs_error; frozen_factor_max_abs_error; reconstruction_passed; optimizer_steps; sample_presentations; delta_a_norm; delta_b_norm; effective_delta_norm; new_input_direction_norm; new_direction_fraction; a_drift_from_initial; mean_a_subspace_change; mean_a_subspace_from_initial; event_id; branch; candidate_round; selected_client_ids; server_weights; before_lora_sha256; after_lora_sha256; committed; decision_round; seconds; state_path; state_role,232128
sfra_b_transfer_run2_analysis,output/sfra_b_transfer_run2_analysis/sfra_b_transfer_run2/seed42/client-longtail/full-cp/lambda10_mu1_protocol42_b_lr0.1_probe0.1_reg0.001/round_metrics.csv,101,epoch; round; decision_round; method; partition; seed; overall_acc; non_tail_acc; head20_acc; middle60_acc; bottom20_tail_acc; macro_per_class_acc,9875
sfra_b_transfer_run2_analysis,output/sfra_b_transfer_run2_analysis/sfra_b_transfer_run2/seed42/client-longtail/full-cp/lambda10_mu1_protocol42_b_lr0.1_probe0.1_reg0.001/sfra_costs.csv,731,round; phase; seconds; forward_images; backward_images; downlink_bytes; upload_bytes; classification_forward_images; classification_backward_images,45812
sfra_b_transfer_run2_analysis,output/sfra_b_transfer_run2_analysis/sfra_b_transfer_run2/seed42/client-longtail/full-cp/lambda10_mu1_protocol42_b_lr0.1_probe0.1_reg0.001/sfra_rounds.csv,100,round; variant; retention_weight; active_tokens; supported_tokens; history_tokens_before; correction_steps; skip_reason; projection_boundary_steps; radius; proposal_a_norm; correction_a_norm; committed_a_norm; proposal_committed_cosine; proposal_effective_norm; committed_effective_norm; mean_post_B_margin; mean_proposal_margin; mean_committed_margin; proposal_functional_loss; committed_functional_loss; classification_weight; classification_reference_loss; committed_classification_loss; committed_classification_loss_increase; classification_scale; classification_scale_floor_active; classification_reference_gradient_norm; committed_classification_penalty; committed_objective; classification_active_steps; functional_z_gradient_norm_mean; classification_z_gradient_norm_mean; history_tokens_after; history_registered; mean_previous_history_gap,46579
sfra_b_transfer_run2_analysis,output/sfra_b_transfer_run2_analysis/sfra_b_transfer_run2/seed42/client-longtail/full-cp/lambda10_mu1_protocol42_b_lr0.1_probe0.1_reg0.001/protocol/partition_source.csv,10847,raw_sample_id; class_id; client_id; local_position,171076
sfra_b_transfer_run2_analysis,output/sfra_b_transfer_run2_analysis/sfra_b_transfer_run2/seed42/client-longtail/full-cp/lambda10_mu1_protocol42_b_lr0.1_probe0.1_reg0.001/protocol/probe_manifest.csv,200,class_id; slot; raw_train_index; excluded_from_federated_lt_pool,2814
sfra_b_transfer_run2_analysis,output/sfra_b_transfer_run2_analysis/sfra_b_transfer_run2/seed42/client-longtail/full-cp/lambda10_mu1_protocol42_b_lr0.3_probe0.1_reg0.001/b_transfer_rounds.csv,8,round; learning_rate; recipients; receivers_with_donors; donor_links; candidate_pairs; optimizer_steps; algorithm_forward_images; algorithm_backward_images; diagnostic_forward_images; extra_downlink_bytes; extra_upload_bytes; seconds; ordinary_global_B_tail_la; ordinary_global_B_non_tail_la; ordinary_global_B_tail_accuracy; ordinary_global_B_non_tail_accuracy; effective_global_transfer_norm; transferred_global_B_tail_la; transferred_global_B_non_tail_la; transferred_global_B_tail_accuracy; transferred_global_B_non_tail_accuracy; committed_global_tail_la; committed_global_non_tail_la; committed_global_tail_accuracy; committed_global_non_tail_accuracy; A_updated_this_round; tail_la_gain_after_B_aggregation; tail_la_change_during_A; local_tail_la_gain_mean,3790
sfra_b_transfer_run2_analysis,output/sfra_b_transfer_run2_analysis/sfra_b_transfer_run2/seed42/client-longtail/full-cp/lambda10_mu1_protocol42_b_lr0.3_probe0.1_reg0.001/budget.csv,5700,event_id; round; candidate_round; branch; phase; client_id; optimizer_steps; scheduler_steps; sample_presentations; committed; trainable_factor; a_optimizer_steps; b_optimizer_steps; upload_bytes; modeled_downlink_bytes,465127
sfra_b_transfer_run2_analysis,output/sfra_b_transfer_run2_analysis/sfra_b_transfer_run2/seed42/client-longtail/full-cp/lambda10_mu1_protocol42_b_lr0.3_probe0.1_reg0.001/evaluation_budget.csv,101,label; kind; seconds; sample_presentations; upload_bytes; modeled_downlink_bytes,6248
sfra_b_transfer_run2_analysis,output/sfra_b_transfer_run2_analysis/sfra_b_transfer_run2/seed42/client-longtail/full-cp/lambda10_mu1_protocol42_b_lr0.3_probe0.1_reg0.001/event_manifest.csv,190,seed; topology; method; round; phase; active_factor; reconstruction_max_abs_error; frozen_factor_max_abs_error; reconstruction_passed; optimizer_steps; sample_presentations; delta_a_norm; delta_b_norm; effective_delta_norm; new_input_direction_norm; new_direction_fraction; a_drift_from_initial; mean_a_subspace_change; mean_a_subspace_from_initial; event_id; branch; candidate_round; selected_client_ids; server_weights; before_lora_sha256; after_lora_sha256; committed; decision_round; seconds; state_path; state_role,232085
sfra_b_transfer_run2_analysis,output/sfra_b_transfer_run2_analysis/sfra_b_transfer_run2/seed42/client-longtail/full-cp/lambda10_mu1_protocol42_b_lr0.3_probe0.1_reg0.001/round_metrics.csv,101,epoch; round; decision_round; method; partition; seed; overall_acc; non_tail_acc; head20_acc; middle60_acc; bottom20_tail_acc; macro_per_class_acc,9894
sfra_b_transfer_run2_analysis,output/sfra_b_transfer_run2_analysis/sfra_b_transfer_run2/seed42/client-longtail/full-cp/lambda10_mu1_protocol42_b_lr0.3_probe0.1_reg0.001/sfra_costs.csv,731,round; phase; seconds; forward_images; backward_images; downlink_bytes; upload_bytes; classification_forward_images; classification_backward_images,45814
sfra_b_transfer_run2_analysis,output/sfra_b_transfer_run2_analysis/sfra_b_transfer_run2/seed42/client-longtail/full-cp/lambda10_mu1_protocol42_b_lr0.3_probe0.1_reg0.001/sfra_rounds.csv,100,round; variant; retention_weight; active_tokens; supported_tokens; history_tokens_before; correction_steps; skip_reason; projection_boundary_steps; radius; proposal_a_norm; correction_a_norm; committed_a_norm; proposal_committed_cosine; proposal_effective_norm; committed_effective_norm; mean_post_B_margin; mean_proposal_margin; mean_committed_margin; proposal_functional_loss; committed_functional_loss; classification_weight; classification_reference_loss; committed_classification_loss; committed_classification_loss_increase; classification_scale; classification_scale_floor_active; classification_reference_gradient_norm; committed_classification_penalty; committed_objective; classification_active_steps; functional_z_gradient_norm_mean; classification_z_gradient_norm_mean; history_tokens_after; history_registered; mean_previous_history_gap,46628
sfra_b_transfer_run2_analysis,output/sfra_b_transfer_run2_analysis/sfra_b_transfer_run2/seed42/client-longtail/full-cp/lambda10_mu1_protocol42_b_lr0.3_probe0.1_reg0.001/protocol/partition_source.csv,10847,raw_sample_id; class_id; client_id; local_position,171076
sfra_b_transfer_run2_analysis,output/sfra_b_transfer_run2_analysis/sfra_b_transfer_run2/seed42/client-longtail/full-cp/lambda10_mu1_protocol42_b_lr0.3_probe0.1_reg0.001/protocol/probe_manifest.csv,200,class_id; slot; raw_train_index; excluded_from_federated_lt_pool,2814
sfra_cp_analysis,output/sfra_cp_analysis/sfra_cp/analysis/correction_steps.csv,810,run; method; partition; seed; retention_weight; classification_weight; round; step; functional_loss; proximity; objective; z_before_norm; classification_reference_loss; classification_loss; classification_loss_increase; classification_scale; classification_scale_floor_active; classification_reference_gradient_norm; classification_penalty; classification_gradient_coefficient; functional_z_gradient_norm; classification_z_gradient_norm; functional_classification_gradient_cosine; classification_active; z_after_norm,317900
sfra_cp_analysis,output/sfra_cp_analysis/sfra_cp/analysis/curves.csv,303,run; method; partition; seed; retention_weight; classification_weight; epoch; round; decision_round; overall_acc; non_tail_acc; head20_acc; middle60_acc; bottom20_tail_acc; macro_per_class_acc,53914
sfra_cp_analysis,output/sfra_cp_analysis/sfra_cp/analysis/functional_costs.csv,3,run; method; partition; seed; retention_weight; classification_weight; seconds; forward_images; backward_images; downlink_bytes; upload_bytes; classification_forward_images; classification_backward_images,808
sfra_cp_analysis,output/sfra_cp_analysis/sfra_cp/analysis/mechanisms.csv,300,run; method; partition; seed; retention_weight; classification_weight; round; variant; active_tokens; supported_tokens; history_tokens_before; correction_steps; skip_reason; projection_boundary_steps; radius; proposal_a_norm; correction_a_norm; committed_a_norm; proposal_committed_cosine; proposal_effective_norm; committed_effective_norm; mean_post_B_margin; mean_proposal_margin; mean_committed_margin; proposal_functional_loss; committed_functional_loss; classification_reference_loss; committed_classification_loss; committed_classification_loss_increase; classification_scale; classification_scale_floor_active; classification_reference_gradient_norm; committed_classification_penalty; committed_objective; classification_active_steps; functional_z_gradient_norm_mean; classification_z_gradient_norm_mean; history_tokens_after; history_registered; mean_previous_history_gap,171178
sfra_cp_analysis,output/sfra_cp_analysis/sfra_cp/analysis/performance.csv,3,run; method; partition; seed; retention_weight; classification_weight; last20_overall_acc; last20_head20_acc; last20_middle60_acc; last20_bottom20_tail_acc; last20_non_tail_acc; tail_peak_round; tail_peak_to_final,829
sfra_cp_analysis,output/sfra_cp_analysis/sfra_cp/analysis/status.csv,3,run; complete,280
sfra_cp_analysis,output/sfra_cp_analysis/sfra_cp/seed42/client-longtail/full-cp/lambda10_mu0.3_protocol42/budget.csv,5700,event_id; round; candidate_round; branch; phase; client_id; optimizer_steps; scheduler_steps; sample_presentations; committed; trainable_factor; a_optimizer_steps; b_optimizer_steps; upload_bytes; modeled_downlink_bytes,465127
sfra_cp_analysis,output/sfra_cp_analysis/sfra_cp/seed42/client-longtail/full-cp/lambda10_mu0.3_protocol42/evaluation_budget.csv,101,label; kind; seconds; sample_presentations; upload_bytes; modeled_downlink_bytes,6301
sfra_cp_analysis,output/sfra_cp_analysis/sfra_cp/seed42/client-longtail/full-cp/lambda10_mu0.3_protocol42/event_manifest.csv,190,seed; topology; method; round; phase; active_factor; reconstruction_max_abs_error; frozen_factor_max_abs_error; reconstruction_passed; optimizer_steps; sample_presentations; delta_a_norm; delta_b_norm; effective_delta_norm; new_input_direction_norm; new_direction_fraction; a_drift_from_initial; mean_a_subspace_change; mean_a_subspace_from_initial; event_id; branch; candidate_round; selected_client_ids; server_weights; before_lora_sha256; after_lora_sha256; committed; decision_round; seconds; state_path; state_role,231044
sfra_cp_analysis,output/sfra_cp_analysis/sfra_cp/seed42/client-longtail/full-cp/lambda10_mu0.3_protocol42/round_metrics.csv,101,epoch; round; decision_round; method; partition; seed; overall_acc; non_tail_acc; head20_acc; middle60_acc; bottom20_tail_acc; macro_per_class_acc,8817
sfra_cp_analysis,output/sfra_cp_analysis/sfra_cp/seed42/client-longtail/full-cp/lambda10_mu0.3_protocol42/sfra_costs.csv,731,round; phase; seconds; forward_images; backward_images; downlink_bytes; upload_bytes; classification_forward_images; classification_backward_images,45728
sfra_cp_analysis,output/sfra_cp_analysis/sfra_cp/seed42/client-longtail/full-cp/lambda10_mu0.3_protocol42/sfra_rounds.csv,100,round; variant; retention_weight; active_tokens; supported_tokens; history_tokens_before; correction_steps; skip_reason; projection_boundary_steps; radius; proposal_a_norm; correction_a_norm; committed_a_norm; proposal_committed_cosine; proposal_effective_norm; committed_effective_norm; mean_post_B_margin; mean_proposal_margin; mean_committed_margin; proposal_functional_loss; committed_functional_loss; classification_weight; classification_reference_loss; committed_classification_loss; committed_classification_loss_increase; classification_scale; classification_scale_floor_active; classification_reference_gradient_norm; committed_classification_penalty; committed_objective; classification_active_steps; functional_z_gradient_norm_mean; classification_z_gradient_norm_mean; history_tokens_after; history_registered; mean_previous_history_gap,46678
sfra_cp_analysis,output/sfra_cp_analysis/sfra_cp/seed42/client-longtail/full-cp/lambda10_mu0.3_protocol42/protocol/partition_source.csv,10847,raw_sample_id; class_id; client_id; local_position,171076
sfra_cp_analysis,output/sfra_cp_analysis/sfra_cp/seed42/client-longtail/full-cp/lambda10_mu0.3_protocol42/protocol/probe_manifest.csv,200,class_id; slot; raw_train_index; excluded_from_federated_lt_pool,2814
sfra_cp_analysis,output/sfra_cp_analysis/sfra_cp/seed42/client-longtail/full-cp/lambda10_mu1_protocol42/budget.csv,5700,event_id; round; candidate_round; branch; phase; client_id; optimizer_steps; scheduler_steps; sample_presentations; committed; trainable_factor; a_optimizer_steps; b_optimizer_steps; upload_bytes; modeled_downlink_bytes,465127
sfra_cp_analysis,output/sfra_cp_analysis/sfra_cp/seed42/client-longtail/full-cp/lambda10_mu1_protocol42/evaluation_budget.csv,101,label; kind; seconds; sample_presentations; upload_bytes; modeled_downlink_bytes,6287
sfra_cp_analysis,output/sfra_cp_analysis/sfra_cp/seed42/client-longtail/full-cp/lambda10_mu1_protocol42/event_manifest.csv,190,seed; topology; method; round; phase; active_factor; reconstruction_max_abs_error; frozen_factor_max_abs_error; reconstruction_passed; optimizer_steps; sample_presentations; delta_a_norm; delta_b_norm; effective_delta_norm; new_input_direction_norm; new_direction_fraction; a_drift_from_initial; mean_a_subspace_change; mean_a_subspace_from_initial; event_id; branch; candidate_round; selected_client_ids; server_weights; before_lora_sha256; after_lora_sha256; committed; decision_round; seconds; state_path; state_role,230847
sfra_cp_analysis,output/sfra_cp_analysis/sfra_cp/seed42/client-longtail/full-cp/lambda10_mu1_protocol42/round_metrics.csv,101,epoch; round; decision_round; method; partition; seed; overall_acc; non_tail_acc; head20_acc; middle60_acc; bottom20_tail_acc; macro_per_class_acc,8731
sfra_cp_analysis,output/sfra_cp_analysis/sfra_cp/seed42/client-longtail/full-cp/lambda10_mu1_protocol42/sfra_costs.csv,731,round; phase; seconds; forward_images; backward_images; downlink_bytes; upload_bytes; classification_forward_images; classification_backward_images,45694
sfra_cp_analysis,output/sfra_cp_analysis/sfra_cp/seed42/client-longtail/full-cp/lambda10_mu1_protocol42/sfra_rounds.csv,100,round; variant; retention_weight; active_tokens; supported_tokens; history_tokens_before; correction_steps; skip_reason; projection_boundary_steps; radius; proposal_a_norm; correction_a_norm; committed_a_norm; proposal_committed_cosine; proposal_effective_norm; committed_effective_norm; mean_post_B_margin; mean_proposal_margin; mean_committed_margin; proposal_functional_loss; committed_functional_loss; classification_weight; classification_reference_loss; committed_classification_loss; committed_classification_loss_increase; classification_scale; classification_scale_floor_active; classification_reference_gradient_norm; committed_classification_penalty; committed_objective; classification_active_steps; functional_z_gradient_norm_mean; classification_z_gradient_norm_mean; history_tokens_after; history_registered; mean_previous_history_gap,46610
sfra_cp_analysis,output/sfra_cp_analysis/sfra_cp/seed42/client-longtail/full-cp/lambda10_mu1_protocol42/protocol/partition_source.csv,10847,raw_sample_id; class_id; client_id; local_position,171076
sfra_cp_analysis,output/sfra_cp_analysis/sfra_cp/seed42/client-longtail/full-cp/lambda10_mu1_protocol42/protocol/probe_manifest.csv,200,class_id; slot; raw_train_index; excluded_from_federated_lt_pool,2814
sfra_cp_analysis,output/sfra_cp_analysis/sfra_cp/seed42/client-longtail/full-cp/lambda10_mu3_protocol42/budget.csv,5700,event_id; round; candidate_round; branch; phase; client_id; optimizer_steps; scheduler_steps; sample_presentations; committed; trainable_factor; a_optimizer_steps; b_optimizer_steps; upload_bytes; modeled_downlink_bytes,465127
sfra_cp_analysis,output/sfra_cp_analysis/sfra_cp/seed42/client-longtail/full-cp/lambda10_mu3_protocol42/evaluation_budget.csv,101,label; kind; seconds; sample_presentations; upload_bytes; modeled_downlink_bytes,6283
sfra_cp_analysis,output/sfra_cp_analysis/sfra_cp/seed42/client-longtail/full-cp/lambda10_mu3_protocol42/event_manifest.csv,190,seed; topology; method; round; phase; active_factor; reconstruction_max_abs_error; frozen_factor_max_abs_error; reconstruction_passed; optimizer_steps; sample_presentations; delta_a_norm; delta_b_norm; effective_delta_norm; new_input_direction_norm; new_direction_fraction; a_drift_from_initial; mean_a_subspace_change; mean_a_subspace_from_initial; event_id; branch; candidate_round; selected_client_ids; server_weights; before_lora_sha256; after_lora_sha256; committed; decision_round; seconds; state_path; state_role,231095
sfra_cp_analysis,output/sfra_cp_analysis/sfra_cp/seed42/client-longtail/full-cp/lambda10_mu3_protocol42/round_metrics.csv,101,epoch; round; decision_round; method; partition; seed; overall_acc; non_tail_acc; head20_acc; middle60_acc; bottom20_tail_acc; macro_per_class_acc,8822
sfra_cp_analysis,output/sfra_cp_analysis/sfra_cp/seed42/client-longtail/full-cp/lambda10_mu3_protocol42/sfra_costs.csv,731,round; phase; seconds; forward_images; backward_images; downlink_bytes; upload_bytes; classification_forward_images; classification_backward_images,45727
sfra_cp_analysis,output/sfra_cp_analysis/sfra_cp/seed42/client-longtail/full-cp/lambda10_mu3_protocol42/sfra_rounds.csv,100,round; variant; retention_weight; active_tokens; supported_tokens; history_tokens_before; correction_steps; skip_reason; projection_boundary_steps; radius; proposal_a_norm; correction_a_norm; committed_a_norm; proposal_committed_cosine; proposal_effective_norm; committed_effective_norm; mean_post_B_margin; mean_proposal_margin; mean_committed_margin; proposal_functional_loss; committed_functional_loss; classification_weight; classification_reference_loss; committed_classification_loss; committed_classification_loss_increase; classification_scale; classification_scale_floor_active; classification_reference_gradient_norm; committed_classification_penalty; committed_objective; classification_active_steps; functional_z_gradient_norm_mean; classification_z_gradient_norm_mean; history_tokens_after; history_registered; mean_previous_history_gap,46596
sfra_cp_analysis,output/sfra_cp_analysis/sfra_cp/seed42/client-longtail/full-cp/lambda10_mu3_protocol42/protocol/partition_source.csv,10847,raw_sample_id; class_id; client_id; local_position,171076
sfra_cp_analysis,output/sfra_cp_analysis/sfra_cp/seed42/client-longtail/full-cp/lambda10_mu3_protocol42/protocol/probe_manifest.csv,200,class_id; slot; raw_train_index; excluded_from_federated_lt_pool,2814
sfra_cp_analysis_new,output/sfra_cp_analysis_new/sfra_cp/analysis/correction_steps.csv,270,run; method; partition; seed; retention_weight; classification_weight; b_aggregation; b_transfer_enabled; round; step; functional_loss; proximity; objective; z_before_norm; classification_reference_loss; classification_loss; classification_loss_increase; classification_scale; classification_scale_floor_active; classification_reference_gradient_norm; classification_penalty; classification_gradient_coefficient; functional_z_gradient_norm; classification_z_gradient_norm; functional_classification_gradient_cosine; classification_active; z_after_norm,111458
sfra_cp_analysis_new,output/sfra_cp_analysis_new/sfra_cp/analysis/curves.csv,101,run; method; partition; seed; retention_weight; classification_weight; b_aggregation; b_transfer_enabled; epoch; round; decision_round; overall_acc; non_tail_acc; head20_acc; middle60_acc; bottom20_tail_acc; macro_per_class_acc,19834
sfra_cp_analysis_new,output/sfra_cp_analysis_new/sfra_cp/analysis/functional_costs.csv,1,run; method; partition; seed; retention_weight; classification_weight; b_aggregation; b_transfer_enabled; seconds; forward_images; backward_images; downlink_bytes; upload_bytes; classification_forward_images; classification_backward_images,449
sfra_cp_analysis_new,output/sfra_cp_analysis_new/sfra_cp/analysis/mechanisms.csv,100,run; method; partition; seed; retention_weight; classification_weight; b_aggregation; b_transfer_enabled; round; variant; active_tokens; supported_tokens; history_tokens_before; correction_steps; skip_reason; projection_boundary_steps; radius; proposal_a_norm; correction_a_norm; committed_a_norm; proposal_committed_cosine; proposal_effective_norm; committed_effective_norm; mean_post_B_margin; mean_proposal_margin; mean_committed_margin; proposal_functional_loss; committed_functional_loss; classification_reference_loss; committed_classification_loss; committed_classification_loss_increase; classification_scale; classification_scale_floor_active; classification_reference_gradient_norm; committed_classification_penalty; committed_objective; classification_active_steps; functional_z_gradient_norm_mean; classification_z_gradient_norm_mean; history_tokens_after; history_registered; mean_previous_history_gap,59464
sfra_cp_analysis_new,output/sfra_cp_analysis_new/sfra_cp/analysis/performance.csv,1,run; method; partition; seed; retention_weight; classification_weight; b_aggregation; b_transfer_enabled; last20_overall_acc; last20_head20_acc; last20_middle60_acc; last20_bottom20_tail_acc; last20_non_tail_acc; tail_peak_round; tail_peak_to_final,477
sfra_cp_analysis_new,output/sfra_cp_analysis_new/sfra_cp/analysis/status.csv,1,run; complete,107
sfra_cp_analysis_new,output/sfra_cp_analysis_new/sfra_cp/seed42/client-longtail/flat-cp/lambda10_mu1_protocol42_fast/budget.csv,5700,event_id; round; candidate_round; branch; phase; client_id; optimizer_steps; scheduler_steps; sample_presentations; committed; trainable_factor; a_optimizer_steps; b_optimizer_steps; upload_bytes; modeled_downlink_bytes,465127
sfra_cp_analysis_new,output/sfra_cp_analysis_new/sfra_cp/seed42/client-longtail/flat-cp/lambda10_mu1_protocol42_fast/evaluation_budget.csv,101,label; kind; seconds; sample_presentations; upload_bytes; modeled_downlink_bytes,6288
sfra_cp_analysis_new,output/sfra_cp_analysis_new/sfra_cp/seed42/client-longtail/flat-cp/lambda10_mu1_protocol42_fast/event_manifest.csv,190,seed; topology; method; round; phase; active_factor; reconstruction_max_abs_error; frozen_factor_max_abs_error; reconstruction_passed; optimizer_steps; sample_presentations; delta_a_norm; delta_b_norm; effective_delta_norm; new_input_direction_norm; new_direction_fraction; a_drift_from_initial; mean_a_subspace_change; mean_a_subspace_from_initial; event_id; branch; candidate_round; selected_client_ids; server_weights; before_lora_sha256; after_lora_sha256; committed; decision_round; seconds; state_path; state_role,232087
sfra_cp_analysis_new,output/sfra_cp_analysis_new/sfra_cp/seed42/client-longtail/flat-cp/lambda10_mu1_protocol42_fast/round_metrics.csv,101,epoch; round; decision_round; method; partition; seed; overall_acc; non_tail_acc; head20_acc; middle60_acc; bottom20_tail_acc; macro_per_class_acc,8749
sfra_cp_analysis_new,output/sfra_cp_analysis_new/sfra_cp/seed42/client-longtail/flat-cp/lambda10_mu1_protocol42_fast/sfra_costs.csv,731,round; phase; seconds; forward_images; backward_images; downlink_bytes; upload_bytes; execution_forward_batches; execution_zero_gradient_batches; classification_forward_images; classification_backward_images,48988
sfra_cp_analysis_new,output/sfra_cp_analysis_new/sfra_cp/seed42/client-longtail/flat-cp/lambda10_mu1_protocol42_fast/sfra_rounds.csv,100,round; variant; retention_weight; active_tokens; supported_tokens; history_tokens_before; correction_steps; skip_reason; projection_boundary_steps; radius; proposal_a_norm; correction_a_norm; committed_a_norm; proposal_committed_cosine; proposal_effective_norm; committed_effective_norm; mean_post_B_margin; mean_proposal_margin; mean_committed_margin; proposal_functional_loss; committed_functional_loss; classification_weight; classification_reference_loss; committed_classification_loss; committed_classification_loss_increase; classification_scale; classification_scale_floor_active; classification_reference_gradient_norm; committed_classification_penalty; committed_objective; classification_active_steps; functional_z_gradient_norm_mean; classification_z_gradient_norm_mean; history_tokens_after; history_registered; mean_previous_history_gap,46705
sfra_cp_analysis_new,output/sfra_cp_analysis_new/sfra_cp/seed42/client-longtail/flat-cp/lambda10_mu1_protocol42_fast/protocol/partition_source.csv,10847,raw_sample_id; class_id; client_id; local_position,171076
sfra_cp_analysis_new,output/sfra_cp_analysis_new/sfra_cp/seed42/client-longtail/flat-cp/lambda10_mu1_protocol42_fast/protocol/probe_manifest.csv,200,class_id; slot; raw_train_index; excluded_from_federated_lt_pool,2814
sfra_v1_analysis,output/sfra_v1_analysis/review/A_update_rounds.csv,450,round; retention_weight; active_tokens; supported_tokens; history_tokens_before; correction_steps; projection_boundary_steps; radius; proposal_a_norm; correction_a_norm; committed_a_norm; proposal_committed_cosine; proposal_effective_norm; committed_effective_norm; mean_post_B_margin; mean_proposal_margin; mean_committed_margin; proposal_functional_loss; committed_functional_loss; history_tokens_after; history_registered; run; effective_ratio; parameter_ratio; correction_to_proposal; correction_to_radius; mean_previous_history_gap,181502
sfra_v1_analysis,output/sfra_v1_analysis/review/A_update_summary.csv,20,run; period; effective_ratio_mean; effective_path_ratio; ordinary_effective_path; committed_effective_path; proposal_cosine_mean; correction_to_proposal_mean; correction_to_radius_mean; boundary_steps; objective_loss_increase_rounds,3379
sfra_v1_analysis,output/sfra_v1_analysis/review/comparisons.csv,9,comparison; overall; head; middle; tail; nontail; tail_improved; tail_unchanged; tail_worse; peak_to_final_change,1348
sfra_v1_analysis,output/sfra_v1_analysis/review/costs.csv,5,run; local_steps; local_sample_presentations; correction_steps; total_hours; functional_hours; functional_forward_images; functional_backward_images; extra_downlink_GB; extra_upload_GB; local_downlink_GB; local_upload_GB,862
sfra_v1_analysis,output/sfra_v1_analysis/review/fixed_anchor_source_groups.csv,1350,run; round; group; n_tokens; committed_margin; correction; actual_A,136158
sfra_v1_analysis,output/sfra_v1_analysis/review/functional_committed_curves.csv,3500,run; round; group; margin; margin_class_balanced,222968
sfra_v1_analysis,output/sfra_v1_analysis/review/functional_group_summary.csv,220,run; period; group; rounds; n_tokens; n_classes; active_tokens; supported_fraction; effective_sources; positive_sources; weight_mass; priority_vs_uniform_active; gradient_scalar_mass_share; post_B; proposal; committed; ordinary_A; correction; actual_A; next_B; next_vs_before; ordinary_A_class_balanced; correction_class_balanced; actual_A_class_balanced; next_B_class_balanced; ordinary_harm_fraction; correction_positive_fraction; rescued_fraction; history_valid_fraction; history_driven_fraction; history_gap_proposal; history_gap_committed; history_gap_next_B,130064
sfra_v1_analysis,output/sfra_v1_analysis/review/functional_round_groups.csv,4946,run; round; period; group; n_tokens; n_classes; active_tokens; supported_fraction; effective_sources; positive_sources; weight_mass; priority_vs_uniform_active; gradient_scalar_mass_share; post_B; proposal; committed; ordinary_A; correction; actual_A; next_B; next_vs_before; ordinary_A_class_balanced; correction_class_balanced; actual_A_class_balanced; next_B_class_balanced; ordinary_harm_fraction; correction_positive_fraction; rescued_fraction; history_valid_fraction; history_driven_fraction; history_gap_proposal; history_gap_committed; history_gap_next_B,2631366
sfra_v1_analysis,output/sfra_v1_analysis/review/history_snapshots.csv,175,run; round; group; history_coverage; history_level; committed_margin; committed_margin_class_balanced; deficit_own_history,21731
sfra_v1_analysis,output/sfra_v1_analysis/review/paired_witness_differences.csv,150,comparison; round; group; delta_margin; delta_margin_class_balanced,12289
sfra_v1_analysis,output/sfra_v1_analysis/review/per_class_last20.csv,900,run; class_id; group; last20_accuracy,19126
sfra_v1_analysis,output/sfra_v1_analysis/review/performance_recomputed.csv,9,overall; head; middle; tail; nontail; run; initial_tail; tail_peak; peak_round; final_tail; final_overall; peak_to_final; peak_to_last20; tail_41_50; tail_81_90; tail_91_100; tail_r90; tail_change_90_100; elapsed_hours; local_steps,2217
sfra_v1_analysis,output/sfra_v1_analysis/review/protocol_comparison.csv,5,run; common_S_config_equal; partition_rows_and_local_order_equal; schedule_equal; five_run_witness_equal; local_steps; corrections,330
sfra_v1_analysis,output/sfra_v1_analysis/review/tail_class_differences.csv,180,comparison; class_id; difference,5902
sfra_v1_analysis,output/sfra_v1_analysis/review/training_curves.csv,909,run; round; overall; head; middle; tail; nontail,42992
sfra_v1_analysis,output/sfra_v1_analysis/sfra_v1/analysis/curves.csv,505,run; method; partition; seed; retention_weight; epoch; round; decision_round; overall_acc; non_tail_acc; head20_acc; middle60_acc; bottom20_tail_acc; macro_per_class_acc,82304
sfra_v1_analysis,output/sfra_v1_analysis/sfra_v1/analysis/functional_costs.csv,5,run; method; partition; seed; retention_weight; seconds; forward_images; backward_images; downlink_bytes; upload_bytes,954
sfra_v1_analysis,output/sfra_v1_analysis/sfra_v1/analysis/mechanisms.csv,500,run; method; partition; seed; retention_weight; round; variant; active_tokens; supported_tokens; history_tokens_before; correction_steps; skip_reason; projection_boundary_steps; radius; proposal_a_norm; correction_a_norm; committed_a_norm; proposal_committed_cosine; proposal_effective_norm; committed_effective_norm; mean_post_B_margin; mean_proposal_margin; mean_committed_margin; proposal_functional_loss; committed_functional_loss; history_tokens_after; history_registered; mean_previous_history_gap,192742
sfra_v1_analysis,output/sfra_v1_analysis/sfra_v1/analysis/performance.csv,5,run; method; partition; seed; retention_weight; last20_overall_acc; last20_head20_acc; last20_middle60_acc; last20_bottom20_tail_acc; last20_non_tail_acc; tail_peak_round; tail_peak_to_final,1181
sfra_v1_analysis,output/sfra_v1_analysis/sfra_v1/analysis/status.csv,5,run; complete,420
sfra_v1_analysis,output/sfra_v1_analysis/sfra_v1/seed42/client-longtail/current/lambda10_protocol42/budget.csv,5700,event_id; round; candidate_round; branch; phase; client_id; optimizer_steps; scheduler_steps; sample_presentations; committed; trainable_factor; a_optimizer_steps; b_optimizer_steps; upload_bytes; modeled_downlink_bytes,465127
sfra_v1_analysis,output/sfra_v1_analysis/sfra_v1/seed42/client-longtail/current/lambda10_protocol42/evaluation_budget.csv,101,label; kind; seconds; sample_presentations; upload_bytes; modeled_downlink_bytes,6282
sfra_v1_analysis,output/sfra_v1_analysis/sfra_v1/seed42/client-longtail/current/lambda10_protocol42/event_manifest.csv,190,seed; topology; method; round; phase; active_factor; reconstruction_max_abs_error; frozen_factor_max_abs_error; reconstruction_passed; optimizer_steps; sample_presentations; delta_a_norm; delta_b_norm; effective_delta_norm; new_input_direction_norm; new_direction_fraction; a_drift_from_initial; mean_a_subspace_change; mean_a_subspace_from_initial; event_id; branch; candidate_round; selected_client_ids; server_weights; before_lora_sha256; after_lora_sha256; committed; decision_round; seconds; state_path; state_role,230762
sfra_v1_analysis,output/sfra_v1_analysis/sfra_v1/seed42/client-longtail/current/lambda10_protocol42/round_metrics.csv,101,epoch; round; decision_round; method; partition; seed; overall_acc; non_tail_acc; head20_acc; middle60_acc; bottom20_tail_acc; macro_per_class_acc,8816
sfra_v1_analysis,output/sfra_v1_analysis/sfra_v1/seed42/client-longtail/current/lambda10_protocol42/sfra_costs.csv,731,round; phase; seconds; forward_images; backward_images; downlink_bytes; upload_bytes,40724
sfra_v1_analysis,output/sfra_v1_analysis/sfra_v1/seed42/client-longtail/current/lambda10_protocol42/sfra_rounds.csv,100,round; variant; retention_weight; active_tokens; supported_tokens; history_tokens_before; correction_steps; skip_reason; projection_boundary_steps; radius; proposal_a_norm; correction_a_norm; committed_a_norm; proposal_committed_cosine; proposal_effective_norm; committed_effective_norm; mean_post_B_margin; mean_proposal_margin; mean_committed_margin; proposal_functional_loss; committed_functional_loss; history_tokens_after; history_registered; mean_previous_history_gap,29519
sfra_v1_analysis,output/sfra_v1_analysis/sfra_v1/seed42/client-longtail/current/lambda10_protocol42/protocol/partition_source.csv,10847,raw_sample_id; class_id; client_id; local_position,171076
sfra_v1_analysis,output/sfra_v1_analysis/sfra_v1/seed42/client-longtail/current/lambda10_protocol42/protocol/probe_manifest.csv,200,class_id; slot; raw_train_index; excluded_from_federated_lt_pool,2814
sfra_v1_analysis,output/sfra_v1_analysis/sfra_v1/seed42/client-longtail/flat/lambda10_protocol42/budget.csv,5700,event_id; round; candidate_round; branch; phase; client_id; optimizer_steps; scheduler_steps; sample_presentations; committed; trainable_factor; a_optimizer_steps; b_optimizer_steps; upload_bytes; modeled_downlink_bytes,465127
sfra_v1_analysis,output/sfra_v1_analysis/sfra_v1/seed42/client-longtail/flat/lambda10_protocol42/evaluation_budget.csv,101,label; kind; seconds; sample_presentations; upload_bytes; modeled_downlink_bytes,6286
sfra_v1_analysis,output/sfra_v1_analysis/sfra_v1/seed42/client-longtail/flat/lambda10_protocol42/event_manifest.csv,190,seed; topology; method; round; phase; active_factor; reconstruction_max_abs_error; frozen_factor_max_abs_error; reconstruction_passed; optimizer_steps; sample_presentations; delta_a_norm; delta_b_norm; effective_delta_norm; new_input_direction_norm; new_direction_fraction; a_drift_from_initial; mean_a_subspace_change; mean_a_subspace_from_initial; event_id; branch; candidate_round; selected_client_ids; server_weights; before_lora_sha256; after_lora_sha256; committed; decision_round; seconds; state_path; state_role,230992
sfra_v1_analysis,output/sfra_v1_analysis/sfra_v1/seed42/client-longtail/flat/lambda10_protocol42/round_metrics.csv,101,epoch; round; decision_round; method; partition; seed; overall_acc; non_tail_acc; head20_acc; middle60_acc; bottom20_tail_acc; macro_per_class_acc,8455
sfra_v1_analysis,output/sfra_v1_analysis/sfra_v1/seed42/client-longtail/flat/lambda10_protocol42/sfra_costs.csv,731,round; phase; seconds; forward_images; backward_images; downlink_bytes; upload_bytes,40717
sfra_v1_analysis,output/sfra_v1_analysis/sfra_v1/seed42/client-longtail/flat/lambda10_protocol42/sfra_rounds.csv,100,round; variant; retention_weight; active_tokens; supported_tokens; history_tokens_before; correction_steps; skip_reason; projection_boundary_steps; radius; proposal_a_norm; correction_a_norm; committed_a_norm; proposal_committed_cosine; proposal_effective_norm; committed_effective_norm; mean_post_B_margin; mean_proposal_margin; mean_committed_margin; proposal_functional_loss; committed_functional_loss; history_tokens_after; history_registered; mean_previous_history_gap,28818
sfra_v1_analysis,output/sfra_v1_analysis/sfra_v1/seed42/client-longtail/flat/lambda10_protocol42/protocol/partition_source.csv,10847,raw_sample_id; class_id; client_id; local_position,171076
sfra_v1_analysis,output/sfra_v1_analysis/sfra_v1/seed42/client-longtail/flat/lambda10_protocol42/protocol/probe_manifest.csv,200,class_id; slot; raw_train_index; excluded_from_federated_lt_pool,2814
sfra_v1_analysis,output/sfra_v1_analysis/sfra_v1/seed42/client-longtail/full/lambda10_protocol42/budget.csv,5700,event_id; round; candidate_round; branch; phase; client_id; optimizer_steps; scheduler_steps; sample_presentations; committed; trainable_factor; a_optimizer_steps; b_optimizer_steps; upload_bytes; modeled_downlink_bytes,465127
sfra_v1_analysis,output/sfra_v1_analysis/sfra_v1/seed42/client-longtail/full/lambda10_protocol42/evaluation_budget.csv,101,label; kind; seconds; sample_presentations; upload_bytes; modeled_downlink_bytes,6284
sfra_v1_analysis,output/sfra_v1_analysis/sfra_v1/seed42/client-longtail/full/lambda10_protocol42/event_manifest.csv,190,seed; topology; method; round; phase; active_factor; reconstruction_max_abs_error; frozen_factor_max_abs_error; reconstruction_passed; optimizer_steps; sample_presentations; delta_a_norm; delta_b_norm; effective_delta_norm; new_input_direction_norm; new_direction_fraction; a_drift_from_initial; mean_a_subspace_change; mean_a_subspace_from_initial; event_id; branch; candidate_round; selected_client_ids; server_weights; before_lora_sha256; after_lora_sha256; committed; decision_round; seconds; state_path; state_role,231153
sfra_v1_analysis,output/sfra_v1_analysis/sfra_v1/seed42/client-longtail/full/lambda10_protocol42/round_metrics.csv,101,epoch; round; decision_round; method; partition; seed; overall_acc; non_tail_acc; head20_acc; middle60_acc; bottom20_tail_acc; macro_per_class_acc,8473
sfra_v1_analysis,output/sfra_v1_analysis/sfra_v1/seed42/client-longtail/full/lambda10_protocol42/sfra_costs.csv,731,round; phase; seconds; forward_images; backward_images; downlink_bytes; upload_bytes,40712
sfra_v1_analysis,output/sfra_v1_analysis/sfra_v1/seed42/client-longtail/full/lambda10_protocol42/sfra_rounds.csv,100,round; variant; retention_weight; active_tokens; supported_tokens; history_tokens_before; correction_steps; skip_reason; projection_boundary_steps; radius; proposal_a_norm; correction_a_norm; committed_a_norm; proposal_committed_cosine; proposal_effective_norm; committed_effective_norm; mean_post_B_margin; mean_proposal_margin; mean_committed_margin; proposal_functional_loss; committed_functional_loss; history_tokens_after; history_registered; mean_previous_history_gap,28825
sfra_v1_analysis,output/sfra_v1_analysis/sfra_v1/seed42/client-longtail/full/lambda10_protocol42/protocol/partition_source.csv,10847,raw_sample_id; class_id; client_id; local_position,171076
sfra_v1_analysis,output/sfra_v1_analysis/sfra_v1/seed42/client-longtail/full/lambda10_protocol42/protocol/probe_manifest.csv,200,class_id; slot; raw_train_index; excluded_from_federated_lt_pool,2814
sfra_v1_analysis,output/sfra_v1_analysis/sfra_v1/seed42/client-longtail/full/lambda1_protocol42/budget.csv,5700,event_id; round; candidate_round; branch; phase; client_id; optimizer_steps; scheduler_steps; sample_presentations; committed; trainable_factor; a_optimizer_steps; b_optimizer_steps; upload_bytes; modeled_downlink_bytes,465127
sfra_v1_analysis,output/sfra_v1_analysis/sfra_v1/seed42/client-longtail/full/lambda1_protocol42/evaluation_budget.csv,101,label; kind; seconds; sample_presentations; upload_bytes; modeled_downlink_bytes,6301
sfra_v1_analysis,output/sfra_v1_analysis/sfra_v1/seed42/client-longtail/full/lambda1_protocol42/event_manifest.csv,190,seed; topology; method; round; phase; active_factor; reconstruction_max_abs_error; frozen_factor_max_abs_error; reconstruction_passed; optimizer_steps; sample_presentations; delta_a_norm; delta_b_norm; effective_delta_norm; new_input_direction_norm; new_direction_fraction; a_drift_from_initial; mean_a_subspace_change; mean_a_subspace_from_initial; event_id; branch; candidate_round; selected_client_ids; server_weights; before_lora_sha256; after_lora_sha256; committed; decision_round; seconds; state_path; state_role,230766
sfra_v1_analysis,output/sfra_v1_analysis/sfra_v1/seed42/client-longtail/full/lambda1_protocol42/round_metrics.csv,101,epoch; round; decision_round; method; partition; seed; overall_acc; non_tail_acc; head20_acc; middle60_acc; bottom20_tail_acc; macro_per_class_acc,8384
sfra_v1_analysis,output/sfra_v1_analysis/sfra_v1/seed42/client-longtail/full/lambda1_protocol42/sfra_costs.csv,731,round; phase; seconds; forward_images; backward_images; downlink_bytes; upload_bytes,40723
sfra_v1_analysis,output/sfra_v1_analysis/sfra_v1/seed42/client-longtail/full/lambda1_protocol42/sfra_rounds.csv,100,round; variant; retention_weight; active_tokens; supported_tokens; history_tokens_before; correction_steps; skip_reason; projection_boundary_steps; radius; proposal_a_norm; correction_a_norm; committed_a_norm; proposal_committed_cosine; proposal_effective_norm; committed_effective_norm; mean_post_B_margin; mean_proposal_margin; mean_committed_margin; proposal_functional_loss; committed_functional_loss; history_tokens_after; history_registered; mean_previous_history_gap,28774
sfra_v1_analysis,output/sfra_v1_analysis/sfra_v1/seed42/client-longtail/full/lambda1_protocol42/protocol/partition_source.csv,10847,raw_sample_id; class_id; client_id; local_position,171076
sfra_v1_analysis,output/sfra_v1_analysis/sfra_v1/seed42/client-longtail/full/lambda1_protocol42/protocol/probe_manifest.csv,200,class_id; slot; raw_train_index; excluded_from_federated_lt_pool,2814
sfra_v1_analysis,output/sfra_v1_analysis/sfra_v1/seed42/client-longtail/full/lambda3_protocol42/budget.csv,5700,event_id; round; candidate_round; branch; phase; client_id; optimizer_steps; scheduler_steps; sample_presentations; committed; trainable_factor; a_optimizer_steps; b_optimizer_steps; upload_bytes; modeled_downlink_bytes,465127
sfra_v1_analysis,output/sfra_v1_analysis/sfra_v1/seed42/client-longtail/full/lambda3_protocol42/evaluation_budget.csv,101,label; kind; seconds; sample_presentations; upload_bytes; modeled_downlink_bytes,6293
sfra_v1_analysis,output/sfra_v1_analysis/sfra_v1/seed42/client-longtail/full/lambda3_protocol42/event_manifest.csv,190,seed; topology; method; round; phase; active_factor; reconstruction_max_abs_error; frozen_factor_max_abs_error; reconstruction_passed; optimizer_steps; sample_presentations; delta_a_norm; delta_b_norm; effective_delta_norm; new_input_direction_norm; new_direction_fraction; a_drift_from_initial; mean_a_subspace_change; mean_a_subspace_from_initial; event_id; branch; candidate_round; selected_client_ids; server_weights; before_lora_sha256; after_lora_sha256; committed; decision_round; seconds; state_path; state_role,230864
sfra_v1_analysis,output/sfra_v1_analysis/sfra_v1/seed42/client-longtail/full/lambda3_protocol42/round_metrics.csv,101,epoch; round; decision_round; method; partition; seed; overall_acc; non_tail_acc; head20_acc; middle60_acc; bottom20_tail_acc; macro_per_class_acc,8404
sfra_v1_analysis,output/sfra_v1_analysis/sfra_v1/seed42/client-longtail/full/lambda3_protocol42/sfra_costs.csv,731,round; phase; seconds; forward_images; backward_images; downlink_bytes; upload_bytes,40718
sfra_v1_analysis,output/sfra_v1_analysis/sfra_v1/seed42/client-longtail/full/lambda3_protocol42/sfra_rounds.csv,100,round; variant; retention_weight; active_tokens; supported_tokens; history_tokens_before; correction_steps; skip_reason; projection_boundary_steps; radius; proposal_a_norm; correction_a_norm; committed_a_norm; proposal_committed_cosine; proposal_effective_norm; committed_effective_norm; mean_post_B_margin; mean_proposal_margin; mean_committed_margin; proposal_functional_loss; committed_functional_loss; history_tokens_after; history_registered; mean_previous_history_gap,28688
sfra_v1_analysis,output/sfra_v1_analysis/sfra_v1/seed42/client-longtail/full/lambda3_protocol42/protocol/partition_source.csv,10847,raw_sample_id; class_id; client_id; local_position,171076
sfra_v1_analysis,output/sfra_v1_analysis/sfra_v1/seed42/client-longtail/full/lambda3_protocol42/protocol/probe_manifest.csv,200,class_id; slot; raw_train_index; excluded_from_federated_lt_pool,2814
stage2c,output/stage2c/aggregation_stage_per_class.csv,400,communication_round; class_id; class_group; global_class_count; pre_accuracy; after_shared_accuracy; after_full_accuracy; shared_delta_accuracy; residual_delta_accuracy; total_delta_accuracy; decomposition_error_accuracy; pre_margin; after_shared_margin; after_full_margin; shared_delta_margin; residual_delta_margin; total_delta_margin; decomposition_error_margin,69445
stage2c,output/stage2c/aggregation_stage_summary.csv,4,communication_round; pre_overall_acc; after_shared_overall_acc; after_full_overall_acc; shared_delta_overall_acc; residual_delta_overall_acc; total_delta_overall_acc; decomposition_error_overall_acc; pre_head_acc; after_shared_head_acc; after_full_head_acc; shared_delta_head_acc; residual_delta_head_acc; total_delta_head_acc; decomposition_error_head_acc; pre_tail_acc; after_shared_tail_acc; after_full_tail_acc; shared_delta_tail_acc; residual_delta_tail_acc; total_delta_tail_acc; decomposition_error_tail_acc; pre_macro_per_class_acc; after_shared_macro_per_class_acc; after_full_macro_per_class_acc; shared_delta_macro_per_class_acc; residual_delta_macro_per_class_acc; total_delta_macro_per_class_acc; decomposition_error_macro_per_class_acc; pre_macro_f1; after_shared_macro_f1; after_full_macro_f1; shared_delta_macro_f1; residual_delta_macro_f1; total_delta_macro_f1; decomposition_error_macro_f1; pre_head_tail_h_mean; after_shared_head_tail_h_mean; after_full_head_tail_h_mean; shared_delta_head_tail_h_mean; residual_delta_head_tail_h_mean; total_delta_head_tail_h_mean; decomposition_error_head_tail_h_mean,3161
stage2c,output/stage2c/cross_swap_per_class.csv,2000,class_id; class_group; global_class_count; accuracy; margin; communication_round; evaluation; shared_round; residual_round; matched_time; zero_residual; residual_net_accuracy; residual_net_margin,200950
stage2c,output/stage2c/cross_swap_summary.csv,20,overall_acc; head_acc; tail_acc; macro_per_class_acc; macro_f1; head_tail_h_mean; communication_round; evaluation; shared_round; residual_round; matched_time; zero_residual; residual_net_overall_acc; residual_net_head_acc; residual_net_tail_acc; residual_net_macro_per_class_acc; residual_net_macro_f1; residual_net_head_tail_h_mean,4131
stage3_two_round_seed42,output/stage3_two_round_seed42/combined/lora_aggregation_summary.csv,2,epoch_index; communication_round; partition; aggregation; num_selected_clients; num_active_clients; weight_sum; effective_num_clients; max_weight; min_positive_weight; tail_class_count; covered_tail_class_count; uncovered_tail_classes,466
stage3_two_round_seed42,output/stage3_two_round_seed42/combined/lora_aggregation_weights.csv,60,epoch_index; communication_round; partition; aggregation; client_id; client_num_samples; num_supported_tail_classes; aggregation_weight,4334
stage3_two_round_seed42,output/stage3_two_round_seed42/combined/round_metrics.csv,3,epoch; method; partition; aggregation; overall_acc; non_tail_acc; bottom20_tail_acc; macro_per_class_acc; head_acc; medium_acc; tail_acc; macro_f1; seed; tail_class_ratio,491
stage3_two_round_seed42,output/stage3_two_round_seed42/combined/stage3/proposal_bank_rounds.csv,2,condition; source_round; target_round; valid_update_count; invalid_update_count; median_update_norm; initial_cluster_count; final_cluster_count; cluster_source_counts,324
stage3_two_round_seed42,output/stage3_two_round_seed42/combined/stage3/client_local_research_audit/proposal_utility.csv,7116,condition; round; client_id; view; selection_mode; proposal_id; source_count; selected; class_id; utility,424797
stage3_two_round_seed42,output/stage3_two_round_seed42/combined/stage3/client_local_research_audit/runtime_clients.csv,60,condition; round; client_id; memory_size; audit_size; degradation; proposal_count; selected_count; selected_ids; restore_backward_count; restore_gradient_norm; ce_delta_norm; upload_norm; norm_relative_error; norm_fallback; audit_incoming_ce; audit_local_ce; audit_final_ce,9931
stage3_two_round_seed42,output/stage3_two_round_seed42/fedavg/lora_aggregation_summary.csv,2,epoch_index; communication_round; partition; aggregation; num_selected_clients; num_active_clients; weight_sum; effective_num_clients; max_weight; min_positive_weight; tail_class_count; covered_tail_class_count; uncovered_tail_classes,466
stage3_two_round_seed42,output/stage3_two_round_seed42/fedavg/lora_aggregation_weights.csv,60,epoch_index; communication_round; partition; aggregation; client_id; client_num_samples; num_supported_tail_classes; aggregation_weight,4334
stage3_two_round_seed42,output/stage3_two_round_seed42/fedavg/round_metrics.csv,3,epoch; method; partition; aggregation; overall_acc; non_tail_acc; bottom20_tail_acc; macro_per_class_acc; head_acc; medium_acc; tail_acc; macro_f1; seed; tail_class_ratio,485
stage3_two_round_seed42,output/stage3_two_round_seed42/fedavg/stage3/proposal_bank_rounds.csv,2,condition; source_round; target_round; valid_update_count; invalid_update_count; median_update_norm; initial_cluster_count; final_cluster_count; cluster_source_counts,302
stage3_two_round_seed42,output/stage3_two_round_seed42/fedavg/stage3/client_local_research_audit/runtime_clients.csv,60,condition; round; client_id; memory_size; audit_size; degradation; proposal_count; selected_count; selected_ids; restore_backward_count; restore_gradient_norm; ce_delta_norm; upload_norm; norm_relative_error; norm_fallback; audit_incoming_ce; audit_local_ce; audit_final_ce,9700
stage3_two_round_seed42,output/stage3_two_round_seed42/random_proposal/lora_aggregation_summary.csv,2,epoch_index; communication_round; partition; aggregation; num_selected_clients; num_active_clients; weight_sum; effective_num_clients; max_weight; min_positive_weight; tail_class_count; covered_tail_class_count; uncovered_tail_classes,466
stage3_two_round_seed42,output/stage3_two_round_seed42/random_proposal/lora_aggregation_weights.csv,60,epoch_index; communication_round; partition; aggregation; client_id; client_num_samples; num_supported_tail_classes; aggregation_weight,4334
stage3_two_round_seed42,output/stage3_two_round_seed42/random_proposal/round_metrics.csv,3,epoch; method; partition; aggregation; overall_acc; non_tail_acc; bottom20_tail_acc; macro_per_class_acc; head_acc; medium_acc; tail_acc; macro_f1; seed; tail_class_ratio,487
stage3_two_round_seed42,output/stage3_two_round_seed42/random_proposal/stage3/proposal_bank_rounds.csv,2,condition; source_round; target_round; valid_update_count; invalid_update_count; median_update_norm; initial_cluster_count; final_cluster_count; cluster_source_counts,340
stage3_two_round_seed42,output/stage3_two_round_seed42/random_proposal/stage3/client_local_research_audit/proposal_utility.csv,7116,condition; round; client_id; view; selection_mode; proposal_id; source_count; selected; class_id; utility,468356
stage3_two_round_seed42,output/stage3_two_round_seed42/random_proposal/stage3/client_local_research_audit/runtime_clients.csv,60,condition; round; client_id; memory_size; audit_size; degradation; proposal_count; selected_count; selected_ids; restore_backward_count; restore_gradient_norm; ce_delta_norm; upload_norm; norm_relative_error; norm_fallback; audit_incoming_ce; audit_local_ce; audit_final_ce,10356
strict_exp1_fresh_topology,output/strict_exp1_fresh_topology/client_class_counts_client_lt_global_lt.csv,20,client_id; class_0; class_1; class_2; class_3; class_4; class_5; class_6; class_7; class_8; class_9; class_10; class_11; class_12; class_13; class_14; class_15; class_16; class_17; class_18; class_19; class_20; class_21; class_22; class_23; class_24; class_25; class_26; class_27; class_28; class_29; class_30; class_31; class_32; class_33; class_34; class_35; class_36; class_37; class_38; class_39; class_40; class_41; class_42; class_43; class_44; class_45; class_46; class_47; class_48; class_49; class_50; class_51; class_52; class_53; class_54; class_55; class_56; class_57; class_58; class_59; class_60; class_61; class_62; class_63; class_64; class_65; class_66; class_67; class_68; class_69; class_70; class_71; class_72; class_73; class_74; class_75; class_76; class_77; class_78; class_79; class_80; class_81; class_82; class_83; class_84; class_85; class_86; class_87; class_88; class_89; class_90; class_91; class_92; class_93; class_94; class_95; class_96; class_97; class_98; class_99,5368
strict_exp1_fresh_topology,output/strict_exp1_fresh_topology/client_class_counts_dirichlet_global_lt.csv,20,client_id; class_0; class_1; class_2; class_3; class_4; class_5; class_6; class_7; class_8; class_9; class_10; class_11; class_12; class_13; class_14; class_15; class_16; class_17; class_18; class_19; class_20; class_21; class_22; class_23; class_24; class_25; class_26; class_27; class_28; class_29; class_30; class_31; class_32; class_33; class_34; class_35; class_36; class_37; class_38; class_39; class_40; class_41; class_42; class_43; class_44; class_45; class_46; class_47; class_48; class_49; class_50; class_51; class_52; class_53; class_54; class_55; class_56; class_57; class_58; class_59; class_60; class_61; class_62; class_63; class_64; class_65; class_66; class_67; class_68; class_69; class_70; class_71; class_72; class_73; class_74; class_75; class_76; class_77; class_78; class_79; class_80; class_81; class_82; class_83; class_84; class_85; class_86; class_87; class_88; class_89; class_90; class_91; class_92; class_93; class_94; class_95; class_96; class_97; class_98; class_99,5291
strict_exp1_fresh_topology,output/strict_exp1_fresh_topology/client_class_counts_hybrid_lt_global_lt.csv,20,client_id; class_0; class_1; class_2; class_3; class_4; class_5; class_6; class_7; class_8; class_9; class_10; class_11; class_12; class_13; class_14; class_15; class_16; class_17; class_18; class_19; class_20; class_21; class_22; class_23; class_24; class_25; class_26; class_27; class_28; class_29; class_30; class_31; class_32; class_33; class_34; class_35; class_36; class_37; class_38; class_39; class_40; class_41; class_42; class_43; class_44; class_45; class_46; class_47; class_48; class_49; class_50; class_51; class_52; class_53; class_54; class_55; class_56; class_57; class_58; class_59; class_60; class_61; class_62; class_63; class_64; class_65; class_66; class_67; class_68; class_69; class_70; class_71; class_72; class_73; class_74; class_75; class_76; class_77; class_78; class_79; class_80; class_81; class_82; class_83; class_84; class_85; class_86; class_87; class_88; class_89; class_90; class_91; class_92; class_93; class_94; class_95; class_96; class_97; class_98; class_99,5296
strict_exp1_fresh_topology,output/strict_exp1_fresh_topology/client_class_counts_iid_global_lt.csv,20,client_id; class_0; class_1; class_2; class_3; class_4; class_5; class_6; class_7; class_8; class_9; class_10; class_11; class_12; class_13; class_14; class_15; class_16; class_17; class_18; class_19; class_20; class_21; class_22; class_23; class_24; class_25; class_26; class_27; class_28; class_29; class_30; class_31; class_32; class_33; class_34; class_35; class_36; class_37; class_38; class_39; class_40; class_41; class_42; class_43; class_44; class_45; class_46; class_47; class_48; class_49; class_50; class_51; class_52; class_53; class_54; class_55; class_56; class_57; class_58; class_59; class_60; class_61; class_62; class_63; class_64; class_65; class_66; class_67; class_68; class_69; class_70; class_71; class_72; class_73; class_74; class_75; class_76; class_77; class_78; class_79; class_80; class_81; class_82; class_83; class_84; class_85; class_86; class_87; class_88; class_89; class_90; class_91; class_92; class_93; class_94; class_95; class_96; class_97; class_98; class_99,5396
strict_exp1_fresh_topology,output/strict_exp1_fresh_topology/controlled_variables.csv,22,variable; value; role,1265
strict_exp1_fresh_topology,output/strict_exp1_fresh_topology/global_class_counts.csv,100,class_id; class_name; class_group; reference_global_count; iid_global_lt_global_count; dirichlet_global_lt_global_count; client_lt_global_lt_global_count; hybrid_lt_global_lt_global_count,3497
strict_exp1_fresh_topology,output/strict_exp1_fresh_topology/global_count_verification.csv,4,protocol; protocol_label; l1_global_count_difference; max_global_count_difference; num_mismatched_classes; matches_reference,325
strict_exp1_fresh_topology,output/strict_exp1_fresh_topology/summary_by_group.csv,12,protocol; protocol_label; class_group; num_classes; global_count_mean; global_count_median; global_count_std; support_client_count_mean; support_client_count_median; support_client_count_std; top1_client_mass_mean; top1_client_mass_median; top1_client_mass_std; top2_client_mass_mean; top2_client_mass_median; top2_client_mass_std; effective_client_number_mean; effective_client_number_median; effective_client_number_std; local_class_purity_mean; local_class_purity_median; local_class_purity_std; weighted_local_class_purity_mean; weighted_local_class_purity_median; weighted_local_class_purity_std; tail_active_rounds_mean; tail_active_rounds_median; tail_active_rounds_std; tail_active_rate_mean; tail_active_rate_median; tail_active_rate_std; exposure_interval_mean; exposure_interval_median; exposure_interval_std; max_exposure_gap_mean; max_exposure_gap_median; max_exposure_gap_std,6692
topology_breadth_phase2_seed42,output/topology_breadth_phase2_seed42/manifests/client_class_counts_long.csv,6000,topology; client_id; class_id; sample_count,133081
topology_breadth_phase2_seed42,output/topology_breadth_phase2_seed42/manifests/frac0p4_schedule.csv,960,epoch_index; communication_round; client_id,9105
topology_breadth_phase2_seed42,output/topology_breadth_phase2_seed42/manifests/hard_boundaries.csv,200,tail_class; boundary_neighbor_class; semantic_neighbor_rank,1855
topology_breadth_phase2_seed42,output/topology_breadth_phase2_seed42/manifests/heldout_tail_train_probes.csv,200,tail_class; slot; raw_train_index; base_sample_id; label; excluded_from_federated_lt_pool,6410
topology_breadth_phase2_seed42,output/topology_breadth_phase2_seed42/manifests/local_execution.csv,65082,topology; client_id; epoch; batch_index; position_in_batch; lt_index; raw_train_index; base_sample_id; label; augmentation_seed,4495338
topology_breadth_phase2_seed42,output/topology_breadth_phase2_seed42/manifests/partition_samples.csv,21694,topology; client_id; lt_index; raw_train_index; base_sample_id; label,918039
topology_sweep,output/topology_sweep/clientlt_control/csv/experiment_A_per_seed.csv,15,experiment; seed; lambda_T; alpha_T; num_clients; tail_client_ratio; tail_class_ratio; tail_client_purity; head_leakage_to_tail_clients; tail_leakage_to_head_clients; tail_active_rounds_mean; tail_active_rounds_std; max_exposure_gap_mean; max_exposure_gap_std; head_to_head_ratio_theory; head_to_tail_ratio_theory; tail_to_head_ratio_theory; tail_to_tail_ratio_theory,2785
topology_sweep,output/topology_sweep/clientlt_control/csv/experiment_A_summary.csv,5,lambda_T; tail_client_purity_mean; tail_client_purity_std; head_leakage_to_tail_clients_mean; head_leakage_to_tail_clients_std; tail_leakage_to_head_clients_mean; tail_leakage_to_head_clients_std; tail_active_rounds_mean_mean; tail_active_rounds_mean_std; tail_active_rounds_std_mean; tail_active_rounds_std_std; max_exposure_gap_mean_mean; max_exposure_gap_mean_std; max_exposure_gap_std_mean; max_exposure_gap_std_std; head_to_head_ratio_theory_mean; head_to_head_ratio_theory_std; head_to_tail_ratio_theory_mean; head_to_tail_ratio_theory_std; tail_to_head_ratio_theory_mean; tail_to_head_ratio_theory_std; tail_to_tail_ratio_theory_mean; tail_to_tail_ratio_theory_std,2201
topology_sweep,output/topology_sweep/clientlt_control/csv/experiment_B_per_seed.csv,15,experiment; seed; lambda_T; alpha_T; num_clients; tail_client_ratio; tail_class_ratio; tail_top1_mass_mean; tail_top1_mass_std; tail_top2_mass_mean; tail_top2_mass_std; effective_client_number_mean; effective_client_number_std; normalized_entropy_mean; normalized_entropy_std; tail_client_normalized_entropy_mean; tail_client_normalized_entropy_std,3731
topology_sweep,output/topology_sweep/clientlt_control/csv/experiment_B_summary.csv,5,alpha_T; tail_top1_mass_mean_mean; tail_top1_mass_mean_std; tail_top1_mass_std_mean; tail_top1_mass_std_std; tail_top2_mass_mean_mean; tail_top2_mass_mean_std; tail_top2_mass_std_mean; tail_top2_mass_std_std; effective_client_number_mean_mean; effective_client_number_mean_std; effective_client_number_std_mean; effective_client_number_std_std; normalized_entropy_mean_mean; normalized_entropy_mean_std; normalized_entropy_std_mean; normalized_entropy_std_std; tail_client_normalized_entropy_mean_mean; tail_client_normalized_entropy_mean_std; tail_client_normalized_entropy_std_mean; tail_client_normalized_entropy_std_std,2631
topology_sweep,output/topology_sweep/clientlt_control_fixed_B/csv/experiment_A_per_seed.csv,25,experiment; seed; lambda_T; alpha_T; num_clients; tail_client_ratio; tail_class_ratio; tail_client_purity; head_leakage_to_tail_clients; tail_leakage_to_head_clients; tail_active_rounds_mean; tail_active_rounds_std; max_exposure_gap_mean; max_exposure_gap_std; head_to_head_ratio_theory; head_to_tail_ratio_theory; tail_to_head_ratio_theory; tail_to_tail_ratio_theory,4407
topology_sweep,output/topology_sweep/clientlt_control_fixed_B/csv/experiment_A_summary.csv,5,lambda_T; tail_client_purity_mean; tail_client_purity_std; head_leakage_to_tail_clients_mean; head_leakage_to_tail_clients_std; tail_leakage_to_head_clients_mean; tail_leakage_to_head_clients_std; tail_active_rounds_mean_mean; tail_active_rounds_mean_std; tail_active_rounds_std_mean; tail_active_rounds_std_std; max_exposure_gap_mean_mean; max_exposure_gap_mean_std; max_exposure_gap_std_mean; max_exposure_gap_std_std; head_to_head_ratio_theory_mean; head_to_head_ratio_theory_std; head_to_tail_ratio_theory_mean; head_to_tail_ratio_theory_std; tail_to_head_ratio_theory_mean; tail_to_head_ratio_theory_std; tail_to_tail_ratio_theory_mean; tail_to_tail_ratio_theory_std,1889
topology_sweep,output/topology_sweep/clientlt_control_fixed_B/csv/experiment_B_per_seed.csv,25,experiment; seed; lambda_T; alpha_T; num_clients; tail_client_ratio; tail_class_ratio; specialist_tail_top1_mass_mean; specialist_tail_top1_mass_std; specialist_tail_top2_mass_mean; specialist_tail_top2_mass_std; specialist_effective_client_number_mean; specialist_effective_client_number_std; specialist_normalized_entropy_mean; specialist_normalized_entropy_std; all_client_tail_top1_mass_mean; all_client_tail_top1_mass_std; all_client_tail_top2_mass_mean; all_client_tail_top2_mass_std; all_client_effective_client_number_mean; all_client_effective_client_number_std; all_client_normalized_entropy_mean; all_client_normalized_entropy_std,9236
topology_sweep,output/topology_sweep/clientlt_control_fixed_B/csv/experiment_B_summary.csv,5,alpha_T; specialist_tail_top1_mass_mean_mean; specialist_tail_top1_mass_mean_std; specialist_tail_top1_mass_std_mean; specialist_tail_top1_mass_std_std; specialist_tail_top2_mass_mean_mean; specialist_tail_top2_mass_mean_std; specialist_tail_top2_mass_std_mean; specialist_tail_top2_mass_std_std; specialist_effective_client_number_mean_mean; specialist_effective_client_number_mean_std; specialist_effective_client_number_std_mean; specialist_effective_client_number_std_std; specialist_normalized_entropy_mean_mean; specialist_normalized_entropy_mean_std; specialist_normalized_entropy_std_mean; specialist_normalized_entropy_std_std; all_client_tail_top1_mass_mean_mean; all_client_tail_top1_mass_mean_std; all_client_tail_top1_mass_std_mean; all_client_tail_top1_mass_std_std; all_client_tail_top2_mass_mean_mean; all_client_tail_top2_mass_mean_std; all_client_tail_top2_mass_std_mean; all_client_tail_top2_mass_std_std; all_client_effective_client_number_mean_mean; all_client_effective_client_number_mean_std; all_client_effective_client_number_std_mean; all_client_effective_client_number_std_std; all_client_normalized_entropy_mean_mean; all_client_normalized_entropy_mean_std; all_client_normalized_entropy_std_mean; all_client_normalized_entropy_std_std,3230
topology_sweep,output/topology_sweep/clientlt_control_fixed_B_seed5_v2/csv/experiment_A_per_seed.csv,25,experiment; seed; lambda_T; alpha_T; num_clients; tail_client_ratio; tail_class_ratio; tail_client_purity; head_leakage_to_tail_clients; tail_leakage_to_head_clients; tail_active_rounds_mean; tail_active_rounds_std; max_exposure_gap_mean; max_exposure_gap_std; head_to_head_ratio_theory; head_to_tail_ratio_theory; tail_to_head_ratio_theory; tail_to_tail_ratio_theory,4446
topology_sweep,output/topology_sweep/clientlt_control_fixed_B_seed5_v2/csv/experiment_A_summary.csv,5,lambda_T; tail_client_purity_mean; tail_client_purity_std; head_leakage_to_tail_clients_mean; head_leakage_to_tail_clients_std; tail_leakage_to_head_clients_mean; tail_leakage_to_head_clients_std; tail_active_rounds_mean_mean; tail_active_rounds_mean_std; tail_active_rounds_std_mean; tail_active_rounds_std_std; max_exposure_gap_mean_mean; max_exposure_gap_mean_std; max_exposure_gap_std_mean; max_exposure_gap_std_std; head_to_head_ratio_theory_mean; head_to_head_ratio_theory_std; head_to_tail_ratio_theory_mean; head_to_tail_ratio_theory_std; tail_to_head_ratio_theory_mean; tail_to_head_ratio_theory_std; tail_to_tail_ratio_theory_mean; tail_to_tail_ratio_theory_std,1904
topology_sweep,output/topology_sweep/clientlt_control_fixed_B_seed5_v2/csv/experiment_B_integer_uniform_bounds.csv,20,class_id; global_tail_class_count; specialist_budget; uniform_integer_top2_lower_bound; uniform_integer_neff_upper_bound; uniform_integer_entropy_upper_bound,1187
topology_sweep,output/topology_sweep/clientlt_control_fixed_B_seed5_v2/csv/experiment_B_per_seed.csv,25,experiment; seed; lambda_T; alpha_T; num_clients; tail_client_ratio; tail_class_ratio; specialist_tail_top1_mass_mean; specialist_tail_top1_mass_std; specialist_tail_top2_mass_mean; specialist_tail_top2_mass_std; specialist_effective_client_number_mean; specialist_effective_client_number_std; specialist_normalized_entropy_mean; specialist_normalized_entropy_std; all_client_tail_top1_mass_mean; all_client_tail_top1_mass_std; all_client_tail_top2_mass_mean; all_client_tail_top2_mass_std; all_client_effective_client_number_mean; all_client_effective_client_number_std; all_client_normalized_entropy_mean; all_client_normalized_entropy_std,9107
topology_sweep,output/topology_sweep/clientlt_control_fixed_B_seed5_v2/csv/experiment_B_summary.csv,5,alpha_T; specialist_tail_top1_mass_mean_mean; specialist_tail_top1_mass_mean_std; specialist_tail_top1_mass_std_mean; specialist_tail_top1_mass_std_std; specialist_tail_top2_mass_mean_mean; specialist_tail_top2_mass_mean_std; specialist_tail_top2_mass_std_mean; specialist_tail_top2_mass_std_std; specialist_effective_client_number_mean_mean; specialist_effective_client_number_mean_std; specialist_effective_client_number_std_mean; specialist_effective_client_number_std_std; specialist_normalized_entropy_mean_mean; specialist_normalized_entropy_mean_std; specialist_normalized_entropy_std_mean; specialist_normalized_entropy_std_std; all_client_tail_top1_mass_mean_mean; all_client_tail_top1_mass_mean_std; all_client_tail_top1_mass_std_mean; all_client_tail_top1_mass_std_std; all_client_tail_top2_mass_mean_mean; all_client_tail_top2_mass_mean_std; all_client_tail_top2_mass_std_mean; all_client_tail_top2_mass_std_std; all_client_effective_client_number_mean_mean; all_client_effective_client_number_mean_std; all_client_effective_client_number_std_mean; all_client_effective_client_number_std_std; all_client_normalized_entropy_mean_mean; all_client_normalized_entropy_mean_std; all_client_normalized_entropy_std_mean; all_client_normalized_entropy_std_std,4437
topology_sweep,output/topology_sweep/clientlt_control_users30_formalCD/csv/experiment_A_per_seed.csv,15,experiment; seed; lambda_T; alpha_T; num_clients; tail_client_ratio; tail_class_ratio; tail_client_purity; head_leakage_to_tail_clients; tail_leakage_to_head_clients; tail_active_rounds_mean; tail_active_rounds_std; max_exposure_gap_mean; max_exposure_gap_std; head_to_head_ratio_theory; head_to_tail_ratio_theory; tail_to_head_ratio_theory; tail_to_tail_ratio_theory,2385
topology_sweep,output/topology_sweep/clientlt_control_users30_formalCD/csv/experiment_A_summary.csv,5,lambda_T; tail_client_purity_mean; tail_client_purity_std; head_leakage_to_tail_clients_mean; head_leakage_to_tail_clients_std; tail_leakage_to_head_clients_mean; tail_leakage_to_head_clients_std; tail_active_rounds_mean_mean; tail_active_rounds_mean_std; tail_active_rounds_std_mean; tail_active_rounds_std_std; max_exposure_gap_mean_mean; max_exposure_gap_mean_std; max_exposure_gap_std_mean; max_exposure_gap_std_std; head_to_head_ratio_theory_mean; head_to_head_ratio_theory_std; head_to_tail_ratio_theory_mean; head_to_tail_ratio_theory_std; tail_to_head_ratio_theory_mean; tail_to_head_ratio_theory_std; tail_to_tail_ratio_theory_mean; tail_to_tail_ratio_theory_std,1655
topology_sweep,output/topology_sweep/clientlt_control_users30_formalCD/csv/experiment_B_per_seed.csv,15,experiment; seed; lambda_T; alpha_T; num_clients; tail_client_ratio; tail_class_ratio; tail_top1_mass_mean; tail_top1_mass_std; tail_top2_mass_mean; tail_top2_mass_std; effective_client_number_mean; effective_client_number_std; normalized_entropy_mean; normalized_entropy_std; tail_client_normalized_entropy_mean; tail_client_normalized_entropy_std,3792
topology_sweep,output/topology_sweep/clientlt_control_users30_formalCD/csv/experiment_B_summary.csv,5,alpha_T; tail_top1_mass_mean_mean; tail_top1_mass_mean_std; tail_top1_mass_std_mean; tail_top1_mass_std_std; tail_top2_mass_mean_mean; tail_top2_mass_mean_std; tail_top2_mass_std_mean; tail_top2_mass_std_std; effective_client_number_mean_mean; effective_client_number_mean_std; effective_client_number_std_mean; effective_client_number_std_std; normalized_entropy_mean_mean; normalized_entropy_mean_std; normalized_entropy_std_mean; normalized_entropy_std_std; tail_client_normalized_entropy_mean_mean; tail_client_normalized_entropy_mean_std; tail_client_normalized_entropy_std_mean; tail_client_normalized_entropy_std_std,1961
v2_capt_analysis,output/v2_capt_analysis/analysis/per_class_comparison.csv,100,class_id; tail; initial; fedavg_final; fedavg_last20; fedavg_access_mean; fedavg_access_final; static_final; static_last20; static_access_mean; static_access_final; progressive_final; progressive_last20; progressive_access_mean; progressive_access_final; capt_final; capt_last20; static_minus_fedavg_final; static_minus_fedavg_last20; progressive_minus_fedavg_final; progressive_minus_fedavg_last20; capt_minus_fedavg_final; capt_minus_fedavg_last20,23696
v2_capt_analysis,output/v2_capt_analysis/analysis/performance.csv,4,method; raw_rows; analyzed_rows; overall_acc_final; overall_acc_last20; overall_acc_last20_std; overall_acc_initial; overall_acc_gain; non_tail_acc_final; non_tail_acc_last20; non_tail_acc_last20_std; non_tail_acc_initial; non_tail_acc_gain; bottom20_tail_acc_final; bottom20_tail_acc_last20; bottom20_tail_acc_last20_std; bottom20_tail_acc_initial; bottom20_tail_acc_gain; tail_peak; tail_peak_round; tail_peak_final_drop,1181
v2_capt_analysis,output/v2_capt_analysis/output/cifar100_LT/v2_matched/seed42/capt/round_metrics.csv,100,epoch; method; partition; aggregation; overall_acc; non_tail_acc; bottom20_tail_acc; macro_per_class_acc; head_acc; medium_acc; tail_acc; macro_f1; seed; tail_class_ratio,9288
v2_capt_analysis,output/v2_capt_analysis/output/cifar100_LT/v2_matched/seed42/capt/selected_clients.csv,3000,epoch_index; client_id; selection_order,27739
v2_capt_analysis,output/v2_capt_analysis/output/cifar100_LT/v2_matched/seed42/fedavg/lora_aggregation_summary.csv,100,epoch_index; communication_round; partition; aggregation; num_selected_clients; num_active_clients; weight_sum; effective_num_clients; max_weight; min_positive_weight; tail_class_count; covered_tail_class_count; uncovered_tail_classes; la_temperature; la_regularization; la_objective; la_target_kl; la_fedavg_kl; v2_beta,12798
v2_capt_analysis,output/v2_capt_analysis/output/cifar100_LT/v2_matched/seed42/fedavg/lora_aggregation_weights.csv,3000,epoch_index; communication_round; partition; aggregation; client_id; client_num_samples; num_supported_tail_classes; aggregation_weight,182790
v2_capt_analysis,output/v2_capt_analysis/output/cifar100_LT/v2_matched/seed42/fedavg/round_metrics.csv,101,epoch; method; partition; aggregation; overall_acc; non_tail_acc; bottom20_tail_acc; macro_per_class_acc; head_acc; medium_acc; tail_acc; macro_f1; seed; tail_class_ratio,10435
v2_capt_analysis,output/v2_capt_analysis/output/cifar100_LT/v2_matched/seed42/progressive/lora_aggregation_summary.csv,200,epoch_index; communication_round; partition; aggregation; num_selected_clients; num_active_clients; weight_sum; effective_num_clients; max_weight; min_positive_weight; tail_class_count; covered_tail_class_count; uncovered_tail_classes; la_temperature; la_regularization; la_objective; la_target_kl; la_fedavg_kl; v2_beta,26610
v2_capt_analysis,output/v2_capt_analysis/output/cifar100_LT/v2_matched/seed42/progressive/lora_aggregation_weights.csv,6000,epoch_index; communication_round; partition; aggregation; client_id; client_num_samples; num_supported_tail_classes; aggregation_weight,369222
v2_capt_analysis,output/v2_capt_analysis/output/cifar100_LT/v2_matched/seed42/progressive/round_metrics.csv,202,epoch; method; partition; aggregation; overall_acc; non_tail_acc; bottom20_tail_acc; macro_per_class_acc; head_acc; medium_acc; tail_acc; macro_f1; seed; tail_class_ratio,20777
v2_capt_analysis,output/v2_capt_analysis/output/cifar100_LT/v2_matched/seed42/static/lora_aggregation_summary.csv,100,epoch_index; communication_round; partition; aggregation; num_selected_clients; num_active_clients; weight_sum; effective_num_clients; max_weight; min_positive_weight; tail_class_count; covered_tail_class_count; uncovered_tail_classes; la_temperature; la_regularization; la_objective; la_target_kl; la_fedavg_kl; v2_beta,12966
v2_capt_analysis,output/v2_capt_analysis/output/cifar100_LT/v2_matched/seed42/static/lora_aggregation_weights.csv,3000,epoch_index; communication_round; partition; aggregation; client_id; client_num_samples; num_supported_tail_classes; aggregation_weight,182990
v2_capt_analysis,output/v2_capt_analysis/output/cifar100_LT/v2_matched/seed42/static/round_metrics.csv,101,epoch; method; partition; aggregation; overall_acc; non_tail_acc; bottom20_tail_acc; macro_per_class_acc; head_acc; medium_acc; tail_acc; macro_f1; seed; tail_class_ratio,10496
v2_v3_semantic_acquisition,output/v2_v3_semantic_acquisition/fixture_smoke/base_sample_manifest.csv,259,stage; data_seed; tail_class; draw; condition; client_role; base_sample_id; label; is_tail; is_related; is_unrelated; is_filler; semantic_rank; frequency_quintile; match_pair_id; global_class_count; loss_weight; base_multiset_hash,40468
v2_v3_semantic_acquisition,output/v2_v3_semantic_acquisition/fixture_smoke/execution_slot_manifest.csv,777,stage; data_seed; tail_class; draw; condition; client_role; epoch; batch_index; position_in_batch; base_sample_id; label; slot_role; loss_weight; augmentation_seed; execution_schedule_hash,116847
v2_v3_semantic_acquisition,output/v2_v3_semantic_acquisition/fixture_smoke/fairness_invariants.csv,10,stage; data_seed; tail_class; draw; condition; global_pool_hash_equal; theta0_hash_equal; pretrain_logits_equal; tail_ids_equal; tail_slots_equal; companion_budget_equal; quota_equal; base_multiset_conserved; execution_repetition_correct; v2_paired_slot_augmentation_equal; v3_per_sample_augmentation_equal; v3_augmented_multiset_equal; batch_size_equal; optimizer_steps_equal; scheduler_steps_equal; loss_denominator_equal; eval_ids_equal; amp_overflow_equal; client_sizes_equal; fedavg_weights_equal; train_test_disjoint; pass; reason,2361
v2_v3_semantic_acquisition,output/v2_v3_semantic_acquisition/fixture_smoke/matching_manifest.csv,20,data_seed; tail_class; draw; semantic_rank; related_class; unrelated_class; frequency_quintile; related_global_count; unrelated_global_count; exact_count_match; matching_cost; match_pair_id,1417
v2_v3_semantic_acquisition,output/v2_v3_semantic_acquisition/fixture_smoke/v3_placement_manifest.csv,4,data_seed; tail_class; draw; placement; support_size; remote_size; support_weight; remote_weight; global_multiset_hash,530
v2_v3_semantic_acquisition,output/v2_v3_semantic_acquisition/gate_test/v2_excluded_units.csv,1,data_seed; tail_class; draw; reason,120
v2_v3_semantic_acquisition,output/v2_v3_semantic_acquisition/manifests/base_sample_manifest.csv,13906,stage; data_seed; tail_class; draw; condition; client_role; base_sample_id; label; is_tail; is_related; is_unrelated; is_filler; semantic_rank; frequency_quintile; match_pair_id; global_class_count; loss_weight; base_multiset_hash,2177177
v2_v3_semantic_acquisition,output/v2_v3_semantic_acquisition/manifests/execution_slot_manifest.csv,41718,stage; data_seed; tail_class; draw; condition; client_role; epoch; batch_index; position_in_batch; base_sample_id; label; slot_role; loss_weight; augmentation_seed; execution_schedule_hash,6310840
v2_v3_semantic_acquisition,output/v2_v3_semantic_acquisition/manifests/fairness_invariants.csv,440,stage; data_seed; tail_class; draw; condition; global_pool_hash_equal; theta0_hash_equal; pretrain_logits_equal; tail_ids_equal; tail_slots_equal; companion_budget_equal; quota_equal; base_multiset_conserved; execution_repetition_correct; v2_paired_slot_augmentation_equal; v3_per_sample_augmentation_equal; v3_augmented_multiset_equal; batch_size_equal; optimizer_steps_equal; scheduler_steps_equal; loss_denominator_equal; eval_ids_equal; amp_overflow_equal; client_sizes_equal; fedavg_weights_equal; train_test_disjoint; pass; reason,83551
v2_v3_semantic_acquisition,output/v2_v3_semantic_acquisition/manifests/matching_manifest.csv,1200,data_seed; tail_class; draw; semantic_rank; related_class; unrelated_class; frequency_quintile; related_global_count; unrelated_global_count; exact_count_match; matching_cost; match_pair_id,75458
v2_v3_semantic_acquisition,output/v2_v3_semantic_acquisition/manifests/v2_topology_base_manifest.csv,43388,stage; data_seed; topology; client_id; lt_index; base_sample_id; label; client_size; fedavg_weight; global_multiset_hash; partition_fingerprint,9041324
v2_v3_semantic_acquisition,output/v2_v3_semantic_acquisition/manifests/v2_topology_execution_manifest.csv,130164,stage; data_seed; topology; client_id; epoch; batch_index; position_in_batch; base_sample_id; label; augmentation_seed; execution_schedule_hash,18326496
v2_v3_semantic_acquisition,output/v2_v3_semantic_acquisition/manifests/v2_topology_fairness.csv,4,stage; data_seed; topology; global_pool_conserved; global_multiset_hash; base_sample_count; unique_base_sample_count; execution_repetition_correct; fedavg_weight_sum; sample_bound_augmentation; cross_topology_augmented_input_equal; client_sizes_equal; reason; pass,1085
v2_v3_semantic_acquisition,output/v2_v3_semantic_acquisition/manifests/v3_placement_manifest.csv,240,data_seed; tail_class; draw; placement; support_size; remote_size; support_weight; remote_weight; global_multiset_hash,25432
v2_v3_semantic_acquisition,output/v2_v3_semantic_acquisition/manifests_verify/base_sample_manifest.csv,13906,stage; data_seed; tail_class; draw; condition; client_role; base_sample_id; label; is_tail; is_related; is_unrelated; is_filler; semantic_rank; frequency_quintile; match_pair_id; global_class_count; loss_weight; base_multiset_hash,2177177
v2_v3_semantic_acquisition,output/v2_v3_semantic_acquisition/manifests_verify/execution_slot_manifest.csv,41718,stage; data_seed; tail_class; draw; condition; client_role; epoch; batch_index; position_in_batch; base_sample_id; label; slot_role; loss_weight; augmentation_seed; execution_schedule_hash,6310840
v2_v3_semantic_acquisition,output/v2_v3_semantic_acquisition/manifests_verify/fairness_invariants.csv,440,stage; data_seed; tail_class; draw; condition; global_pool_hash_equal; theta0_hash_equal; pretrain_logits_equal; tail_ids_equal; tail_slots_equal; companion_budget_equal; quota_equal; base_multiset_conserved; execution_repetition_correct; v2_paired_slot_augmentation_equal; v3_per_sample_augmentation_equal; v3_augmented_multiset_equal; batch_size_equal; optimizer_steps_equal; scheduler_steps_equal; loss_denominator_equal; eval_ids_equal; amp_overflow_equal; client_sizes_equal; fedavg_weights_equal; train_test_disjoint; pass; reason,83551
v2_v3_semantic_acquisition,output/v2_v3_semantic_acquisition/manifests_verify/matching_manifest.csv,1200,data_seed; tail_class; draw; semantic_rank; related_class; unrelated_class; frequency_quintile; related_global_count; unrelated_global_count; exact_count_match; matching_cost; match_pair_id,75458
v2_v3_semantic_acquisition,output/v2_v3_semantic_acquisition/manifests_verify/v2_topology_base_manifest.csv,43388,stage; data_seed; topology; client_id; lt_index; base_sample_id; label; client_size; fedavg_weight; global_multiset_hash; partition_fingerprint,9041324
v2_v3_semantic_acquisition,output/v2_v3_semantic_acquisition/manifests_verify/v2_topology_execution_manifest.csv,130164,stage; data_seed; topology; client_id; epoch; batch_index; position_in_batch; base_sample_id; label; augmentation_seed; execution_schedule_hash,18326496
v2_v3_semantic_acquisition,output/v2_v3_semantic_acquisition/manifests_verify/v2_topology_fairness.csv,4,stage; data_seed; topology; global_pool_conserved; global_multiset_hash; base_sample_count; unique_base_sample_count; execution_repetition_correct; fedavg_weight_sum; sample_bound_augmentation; cross_topology_augmented_input_equal; client_sizes_equal; controlled_tail_constraints; controlled_tail_count; controlled_companion_count; controlled_min_specialist_purity; reason; pass,1265
v2_v3_semantic_acquisition,output/v2_v3_semantic_acquisition/manifests_verify/v3_placement_manifest.csv,240,data_seed; tail_class; draw; placement; support_size; remote_size; support_weight; remote_weight; global_multiset_hash,25432
v2_v3_semantic_acquisition,output/v2_v3_semantic_acquisition/v2_full/base_sample_manifest.csv,13906,stage; data_seed; tail_class; draw; condition; client_role; base_sample_id; label; is_tail; is_related; is_unrelated; is_filler; semantic_rank; frequency_quintile; match_pair_id; global_class_count; loss_weight; base_multiset_hash,2177177
v2_v3_semantic_acquisition,output/v2_v3_semantic_acquisition/v2_full/execution_slot_manifest.csv,41718,stage; data_seed; tail_class; draw; condition; client_role; epoch; batch_index; position_in_batch; base_sample_id; label; slot_role; loss_weight; augmentation_seed; execution_schedule_hash,6310840
v2_v3_semantic_acquisition,output/v2_v3_semantic_acquisition/v2_full/fairness_invariants.csv,200,stage; data_seed; tail_class; draw; condition; precision; global_pool_hash_equal; theta0_hash_equal; pretrain_logits_equal; pretrain_logits_hash; tail_ids_equal; tail_slots_equal; companion_budget_equal; quota_equal; base_multiset_conserved; execution_repetition_correct; v2_paired_slot_augmentation_equal; v3_per_sample_augmentation_equal; v3_augmented_multiset_equal; batch_size_equal; optimizer_steps_equal; scheduler_steps_equal; amp_overflow_count; amp_scale_signature; amp_overflow_equal; loss_denominator_equal; eval_ids_equal; client_sizes_equal; fedavg_weights_equal; train_test_disjoint; masked_gradient_relative_l2; masked_gradient_max_abs; masked_gradient_invariant; tail_augmented_tensors_equal; pass; reason,77288
v2_v3_semantic_acquisition,output/v2_v3_semantic_acquisition/v2_full/fairness_invariants_structural.csv,440,stage; data_seed; tail_class; draw; condition; global_pool_hash_equal; theta0_hash_equal; pretrain_logits_equal; tail_ids_equal; tail_slots_equal; companion_budget_equal; quota_equal; base_multiset_conserved; execution_repetition_correct; v2_paired_slot_augmentation_equal; v3_per_sample_augmentation_equal; v3_augmented_multiset_equal; batch_size_equal; optimizer_steps_equal; scheduler_steps_equal; loss_denominator_equal; eval_ids_equal; amp_overflow_equal; client_sizes_equal; fedavg_weights_equal; train_test_disjoint; pass; reason,83551
v2_v3_semantic_acquisition,output/v2_v3_semantic_acquisition/v2_full/matching_manifest.csv,1200,data_seed; tail_class; draw; semantic_rank; related_class; unrelated_class; frequency_quintile; related_global_count; unrelated_global_count; exact_count_match; matching_cost; match_pair_id,75458
v2_v3_semantic_acquisition,output/v2_v3_semantic_acquisition/v2_full/v2_excluded_units.csv,0,data_seed; tail_class; reason,29
v2_v3_semantic_acquisition,output/v2_v3_semantic_acquisition/v2_full/v2_gradient_diagnostics.csv,640,data_seed; tail_class; draw; condition; tail_ce; companion_ce; companion_zero_shot_accuracy; companion_correct_class_confidence; layer; tail_gradient_norm; companion_gradient_norm; gradient_cosine,109345
v2_v3_semantic_acquisition,output/v2_v3_semantic_acquisition/v2_full/v2_paired_effects.csv,40,data_seed; tail_class; delta_sem; delta_pos; delta_sem_nll; delta_pos_nll; g_related; g_unrelated_mean; g_tail_only,6275
v2_v3_semantic_acquisition,output/v2_v3_semantic_acquisition/v2_full/v2_run_metrics.csv,200,data_seed; tail_class; draw; condition; theta0_sample_count; theta0_margin; theta0_nll; theta0_accuracy; theta0_correct_logit; theta0_hardest_negative_logit; theta0_hardest_negative_class; after_sample_count; after_margin; after_nll; after_accuracy; after_correct_logit; after_hardest_negative_logit; after_hardest_negative_class; g_margin; g_nll; g_acc; correct_logit_change; hardest_negative_logit_change; g_adaptation_tail_loss; theta0_adaptation_tail_loss; after_adaptation_tail_loss; lora_update_norm; pretrain_logits_hash; per_layer_update_norm_json; amp_scales_json; precision; loss_path; expected_optimizer_steps; optimizer_steps_attempted; optimizer_steps_successful; scheduler_steps; amp_overflow_count; overall_accuracy; non_tail_accuracy,178046
v2_v3_semantic_acquisition,output/v2_v3_semantic_acquisition/v2_full/v2_runtime_fairness.csv,200,stage; data_seed; tail_class; draw; condition; precision; global_pool_hash_equal; theta0_hash_equal; pretrain_logits_equal; pretrain_logits_hash; tail_ids_equal; tail_slots_equal; companion_budget_equal; quota_equal; base_multiset_conserved; execution_repetition_correct; v2_paired_slot_augmentation_equal; v3_per_sample_augmentation_equal; v3_augmented_multiset_equal; batch_size_equal; optimizer_steps_equal; scheduler_steps_equal; amp_overflow_count; amp_scale_signature; amp_overflow_equal; loss_denominator_equal; eval_ids_equal; client_sizes_equal; fedavg_weights_equal; train_test_disjoint; masked_gradient_relative_l2; masked_gradient_max_abs; masked_gradient_invariant; tail_augmented_tensors_equal; pass; reason,76488
v2_v3_semantic_acquisition,output/v2_v3_semantic_acquisition/v2_full/v2_topology_base_manifest.csv,43388,stage; data_seed; topology; client_id; lt_index; base_sample_id; label; client_size; fedavg_weight; global_multiset_hash; partition_fingerprint,9041324
v2_v3_semantic_acquisition,output/v2_v3_semantic_acquisition/v2_full/v2_topology_execution_manifest.csv,130164,stage; data_seed; topology; client_id; epoch; batch_index; position_in_batch; base_sample_id; label; augmentation_seed; execution_schedule_hash,18326496
v2_v3_semantic_acquisition,output/v2_v3_semantic_acquisition/v2_full/v2_topology_fairness.csv,4,stage; data_seed; topology; global_pool_conserved; global_multiset_hash; base_sample_count; unique_base_sample_count; execution_repetition_correct; fedavg_weight_sum; sample_bound_augmentation; cross_topology_augmented_input_equal; client_sizes_equal; controlled_tail_constraints; controlled_tail_count; controlled_companion_count; controlled_min_specialist_purity; reason; pass,1265
v2_v3_semantic_acquisition,output/v2_v3_semantic_acquisition/v2_full/v3_placement_manifest.csv,240,data_seed; tail_class; draw; placement; support_size; remote_size; support_weight; remote_weight; global_multiset_hash,25432
v2_v3_semantic_acquisition,output/v2_v3_semantic_acquisition/v2_smoke_local_cpu_check/base_sample_manifest.csv,259,stage; data_seed; tail_class; draw; condition; client_role; base_sample_id; label; is_tail; is_related; is_unrelated; is_filler; semantic_rank; frequency_quintile; match_pair_id; global_class_count; loss_weight; base_multiset_hash,40468
v2_v3_semantic_acquisition,output/v2_v3_semantic_acquisition/v2_smoke_local_cpu_check/execution_slot_manifest.csv,777,stage; data_seed; tail_class; draw; condition; client_role; epoch; batch_index; position_in_batch; base_sample_id; label; slot_role; loss_weight; augmentation_seed; execution_schedule_hash,116847
v2_v3_semantic_acquisition,output/v2_v3_semantic_acquisition/v2_smoke_local_cpu_check/fairness_invariants.csv,10,stage; data_seed; tail_class; draw; condition; global_pool_hash_equal; theta0_hash_equal; pretrain_logits_equal; tail_ids_equal; tail_slots_equal; companion_budget_equal; quota_equal; base_multiset_conserved; execution_repetition_correct; v2_paired_slot_augmentation_equal; v3_per_sample_augmentation_equal; v3_augmented_multiset_equal; batch_size_equal; optimizer_steps_equal; scheduler_steps_equal; loss_denominator_equal; eval_ids_equal; amp_overflow_equal; client_sizes_equal; fedavg_weights_equal; train_test_disjoint; pass; reason,2361
v2_v3_semantic_acquisition,output/v2_v3_semantic_acquisition/v2_smoke_local_cpu_check/matching_manifest.csv,20,data_seed; tail_class; draw; semantic_rank; related_class; unrelated_class; frequency_quintile; related_global_count; unrelated_global_count; exact_count_match; matching_cost; match_pair_id,1417
v2_v3_semantic_acquisition,output/v2_v3_semantic_acquisition/v2_smoke_local_cpu_check/v2_excluded_units.csv,1,data_seed; tail_class; draw; reason,138
v2_v3_semantic_acquisition,output/v2_v3_semantic_acquisition/v2_smoke_local_cpu_check/v3_placement_manifest.csv,4,data_seed; tail_class; draw; placement; support_size; remote_size; support_weight; remote_weight; global_multiset_hash,530
v2_v3_semantic_acquisition,output/v2_v3_semantic_acquisition/v2_topology_full/base_sample_manifest.csv,13906,stage; data_seed; tail_class; draw; condition; client_role; base_sample_id; label; is_tail; is_related; is_unrelated; is_filler; semantic_rank; frequency_quintile; match_pair_id; global_class_count; loss_weight; base_multiset_hash,2177177
v2_v3_semantic_acquisition,output/v2_v3_semantic_acquisition/v2_topology_full/execution_slot_manifest.csv,41718,stage; data_seed; tail_class; draw; condition; client_role; epoch; batch_index; position_in_batch; base_sample_id; label; slot_role; loss_weight; augmentation_seed; execution_schedule_hash,6310840
v2_v3_semantic_acquisition,output/v2_v3_semantic_acquisition/v2_topology_full/fairness_invariants.csv,4,stage; data_seed; topology; precision; theta0_hash_equal; pretrain_logits_equal; global_pool_conserved; execution_repetition_correct; all_optimizer_steps_successful; all_scheduler_steps_equal_three; fedavg_weight_sum; cross_topology_augmented_input_equal; pass; reason,957
v2_v3_semantic_acquisition,output/v2_v3_semantic_acquisition/v2_topology_full/fairness_invariants_structural.csv,440,stage; data_seed; tail_class; draw; condition; global_pool_hash_equal; theta0_hash_equal; pretrain_logits_equal; tail_ids_equal; tail_slots_equal; companion_budget_equal; quota_equal; base_multiset_conserved; execution_repetition_correct; v2_paired_slot_augmentation_equal; v3_per_sample_augmentation_equal; v3_augmented_multiset_equal; batch_size_equal; optimizer_steps_equal; scheduler_steps_equal; loss_denominator_equal; eval_ids_equal; amp_overflow_equal; client_sizes_equal; fedavg_weights_equal; train_test_disjoint; pass; reason,83551
v2_v3_semantic_acquisition,output/v2_v3_semantic_acquisition/v2_topology_full/matching_manifest.csv,1200,data_seed; tail_class; draw; semantic_rank; related_class; unrelated_class; frequency_quintile; related_global_count; unrelated_global_count; exact_count_match; matching_cost; match_pair_id,75458
v2_v3_semantic_acquisition,output/v2_v3_semantic_acquisition/v2_topology_full/v2_joint_bridge_per_class.csv,40,data_seed; tail_class; g_dirichlet; g_clientlt; delta_topology; delta_topology_nll; dirichlet_tail_accuracy; clientlt_tail_accuracy; delta_sem; delta_pos; delta_sem_nll; delta_pos_nll; g_related; g_unrelated_mean; g_tail_only; delta_generic_context_primary; delta_semantic_specific_tail_mass_weighted; formation_chain_all_positive,12006
v2_v3_semantic_acquisition,output/v2_v3_semantic_acquisition/v2_topology_full/v2_topology_base_manifest.csv,43388,stage; data_seed; topology; client_id; lt_index; base_sample_id; label; client_size; fedavg_weight; global_multiset_hash; partition_fingerprint,9041324
v2_v3_semantic_acquisition,output/v2_v3_semantic_acquisition/v2_topology_full/v2_topology_client_updates.csv,120,data_seed; topology; client_id; client_size; fedavg_weight; expected_optimizer_steps; optimizer_steps_successful; scheduler_steps; epoch3_update_norm; precision,9513
v2_v3_semantic_acquisition,output/v2_v3_semantic_acquisition/v2_topology_full/v2_topology_excluded_units.csv,0,data_seed; tail_class; reason,29
v2_v3_semantic_acquisition,output/v2_v3_semantic_acquisition/v2_topology_full/v2_topology_execution_manifest.csv,130164,stage; data_seed; topology; client_id; epoch; batch_index; position_in_batch; base_sample_id; label; augmentation_seed; execution_schedule_hash,18326496
v2_v3_semantic_acquisition,output/v2_v3_semantic_acquisition/v2_topology_full/v2_topology_fairness.csv,4,stage; data_seed; topology; global_pool_conserved; global_multiset_hash; base_sample_count; unique_base_sample_count; execution_repetition_correct; fedavg_weight_sum; sample_bound_augmentation; cross_topology_augmented_input_equal; client_sizes_equal; controlled_tail_constraints; controlled_tail_count; controlled_companion_count; controlled_min_specialist_purity; reason; pass,1265
v2_v3_semantic_acquisition,output/v2_v3_semantic_acquisition/v2_topology_full/v2_topology_metrics.csv,240,data_seed; topology; epoch; tail_class; theta0_sample_count; theta0_margin; theta0_nll; theta0_accuracy; theta0_correct_logit; theta0_hardest_negative_logit; theta0_hardest_negative_class; after_sample_count; after_margin; after_nll; after_accuracy; after_correct_logit; after_hardest_negative_logit; after_hardest_negative_class; g_margin; g_nll; g_acc; correct_logit_change; hardest_negative_logit_change; overall_accuracy; non_tail_accuracy; tail_macro_accuracy; global_update_norm; pretrain_logits_hash,110748
v2_v3_semantic_acquisition,output/v2_v3_semantic_acquisition/v2_topology_full/v2_topology_paired_effects.csv,40,data_seed; tail_class; g_dirichlet; g_clientlt; delta_topology; delta_topology_nll; dirichlet_tail_accuracy; clientlt_tail_accuracy,5104
v2_v3_semantic_acquisition,output/v2_v3_semantic_acquisition/v2_topology_full/v3_placement_manifest.csv,240,data_seed; tail_class; draw; placement; support_size; remote_size; support_weight; remote_weight; global_multiset_hash,25432
