run_id,family,run_path,description,method_recorded,trainer,dataset,partition,seed,rank,precision,known_protocol,normal_training,extra_training,loss,aggregation,status,first_round,last_round,observed_rounds,raw_metric_rows,duplicate_round_conflicts,window_start,window_end,last20_overall,last20_head20,last20_middle60,last20_tail,last20_nontail,last20_many_gt100,last20_medium20to100,last20_few_lt20,final_overall,final_tail,tail_peak,tail_peak_round,tail_peak_to_last,initial_tail,num_classes,num_clients,global_count_hash,client_count_hash,global_lt_fingerprint,tail_carriers,client_min,client_max,manifest_sha256,per_class_files,metric_comparisons,incomplete_per_class_files,incomplete_per_class_examples,max_recomputation_error,recomputation_status,normal_optimizer_steps,extra_optimizer_steps,total_local_optimizer_steps,functional_correction_steps,elapsed_seconds,notes,curve_source,completion_source,config_scalars,metrics_sha256,curve_fingerprint,duplicate_curve_group,preferred_result_path,curve_copy_role
Re4a3a6cc1,a_refresh_c1_c2_c3_analysis,output/a_refresh_c1_c2_c3_analysis/output/cifar100_LT/a_refresh_pilot/seed42/c1,固定A，正常训练B并额外训练B（早期协议）,ClipLora,ClipLora,Cifar100_LT,client-longtail,42,4,fp32,4/FP32,冻结当前A，只更新B；每轮3 epoch,9次额外B更新，各1 epoch,普通 CE,按样本量聚合,已记录到第100轮或以后,0,100,101,101,,81,100,67.6975,77.44,64.435,67.74249999999999,67.68625,73.25142857142858,64.14285714285714,65.365,67.77,67.55,68.05,84,0.5,66.35,100,30,dccc4466cfc50d3fc557d32a0d1bb8a7adc9e81ac6b171e47446dfaadfa985ef,03c0a7a963d31a520441bfe39cdfd888a6a84b6e67968a41f4b6ad1af4512f9b,898ab6b4d75ba8f31be40f5219696d98204c1506656c265cc1b3b68eff508a81,3.6500000953674316,39.0,638.0,,101,303,0,[],0.0,逐类核对通过,,,,,,额外阶段在第10、20、…、90轮；早期评估/RNG协议，与后期CE组分别保留,output/a_refresh_c1_c2_c3_analysis/output/cifar100_LT/a_refresh_pilot/seed42/c1/round_metrics.csv,,"{""a_refresh_config.variant"": ""c1"", ""a_refresh_config.rank"": 4, ""a_refresh_config.alpha"": 1, ""a_refresh_config.scaling"": 0.5, ""a_refresh_config.refresh_epochs"": 1, ""a_refresh_config.refresh_lr"": 0.001, ""a_refresh_config.refresh_momentum"": 0.9, ""a_refresh_config.refresh_weight_decay"": 0.0, ""a_refresh_config.gap_definition"": ""positive(CE_shared_after_B_aggregation - CE_local_teacher)"", ""a_refresh_config.gap_role"": ""within_client_class_direction_not_client_server_weight_or_gap_amplitude"", ""a_refresh_config.probe_protocol"": ""training_set_functional_gap_proxy"", ""a_refresh_config.probe_excluded_from_normal_training"": false, ""a_refresh_config.probe_excluded_from_refresh_training"": false, ""a_refresh_config.probe_uses_global_test"": false, ""a_refresh_config.loss"": ""batch_mean(CE * gap[label] / (client_frequency_mean_gap + 1e-12))"", ""a_refresh_config.all_zero_gap"": ""zero_update_without_CE_fallback"", ""a_refresh_config.aggregation"": ""original_sample_weights_including_zero_updates"", ""a_refresh_config.normal_optimizer_steps_expected"": 105600, ""a_refresh_config.refresh_optimizer_steps_expected"": 3168, ""a_refresh_config.privacy"": ""no_class_statistics_required_for_updates; not_a_formal_privacy_guarantee""}",08e77aa20ad3fea633962c760089897e866b065a714da106d5136da5ddf5be26,ce7f9475ff9a3a1d5196924628a2706428e93db0e5ad2f0c39e7c486727b5266,Dce7f9475,output/a_refresh_c1_c2_c3_analysis/output/cifar100_LT/a_refresh_pilot/seed42/c1,推荐核对入口
Rc521cdbcf,a_refresh_c1_c2_c3_analysis,output/a_refresh_c1_c2_c3_analysis/output/cifar100_LT/a_refresh_pilot/seed42/c2,正常只训练B，间歇额外更新A（早期协议）,ClipLora,ClipLora,Cifar100_LT,client-longtail,42,4,fp32,4/FP32,冻结当前A，只更新B；每轮3 epoch,9次额外A更新，各1 epoch；冻结共同B,普通 CE,按样本量聚合,已记录到第100轮或以后,0,100,101,101,,81,100,65.89,83.91999999999999,62.58416666666667,57.777499999999996,67.918125,77.75285714285715,62.529999999999994,55.970000000000006,65.48,55.8,68.5,31,12.700000000000003,66.35,100,30,dccc4466cfc50d3fc557d32a0d1bb8a7adc9e81ac6b171e47446dfaadfa985ef,03c0a7a963d31a520441bfe39cdfd888a6a84b6e67968a41f4b6ad1af4512f9b,898ab6b4d75ba8f31be40f5219696d98204c1506656c265cc1b3b68eff508a81,3.6500000953674316,39.0,638.0,,101,303,0,[],0.0,逐类核对通过,,,,,,额外阶段在第10、20、…、90轮；早期评估/RNG协议，与后期CE组分别保留,output/a_refresh_c1_c2_c3_analysis/output/cifar100_LT/a_refresh_pilot/seed42/c2/round_metrics.csv,,"{""a_refresh_config.variant"": ""c2"", ""a_refresh_config.rank"": 4, ""a_refresh_config.alpha"": 1, ""a_refresh_config.scaling"": 0.5, ""a_refresh_config.refresh_epochs"": 1, ""a_refresh_config.refresh_lr"": 0.001, ""a_refresh_config.refresh_momentum"": 0.9, ""a_refresh_config.refresh_weight_decay"": 0.0, ""a_refresh_config.gap_definition"": ""positive(CE_shared_after_B_aggregation - CE_local_teacher)"", ""a_refresh_config.gap_role"": ""within_client_class_direction_not_client_server_weight_or_gap_amplitude"", ""a_refresh_config.probe_protocol"": ""training_set_functional_gap_proxy"", ""a_refresh_config.probe_excluded_from_normal_training"": false, ""a_refresh_config.probe_excluded_from_refresh_training"": false, ""a_refresh_config.probe_uses_global_test"": false, ""a_refresh_config.loss"": ""batch_mean(CE * gap[label] / (client_frequency_mean_gap + 1e-12))"", ""a_refresh_config.all_zero_gap"": ""zero_update_without_CE_fallback"", ""a_refresh_config.aggregation"": ""original_sample_weights_including_zero_updates"", ""a_refresh_config.normal_optimizer_steps_expected"": 105600, ""a_refresh_config.refresh_optimizer_steps_expected"": 3168, ""a_refresh_config.privacy"": ""no_class_statistics_required_for_updates; not_a_formal_privacy_guarantee""}",14fb05c92e37d2fb8cebcdcc4bd7b0ab5a50c150db44d503d9e0a046443eb275,c6cd2be8aae1ae59586f08b21e9e4c39de09e2fe26a08ab4923c19c376c661b0,Dc6cd2be8,output/a_refresh_c1_c2_c3_analysis/output/cifar100_LT/a_refresh_pilot/seed42/c2,推荐核对入口
R102f075dc,a_refresh_c1_c2_c3_analysis,output/a_refresh_c1_c2_c3_analysis/output/cifar100_LT/a_refresh_pilot/seed42/c3,正常只训练B，以本地功能缺口加权额外更新A,ClipLora,ClipLora,Cifar100_LT,client-longtail,42,4,fp32,4/FP32,冻结当前A，只更新B；每轮3 epoch,9次额外A更新，各1 epoch；冻结共同B,正常CE；额外A用频数归一化的缺口加权CE,按样本量聚合,已记录到第100轮或以后,0,100,101,101,,81,100,65.2645,84.21,62.62833333333333,54.2275,68.02375,78.24428571428572,62.667142857142856,53.151666666666664,65.05,52.35,68.35,26,15.999999999999993,66.35,100,30,dccc4466cfc50d3fc557d32a0d1bb8a7adc9e81ac6b171e47446dfaadfa985ef,03c0a7a963d31a520441bfe39cdfd888a6a84b6e67968a41f4b6ad1af4512f9b,898ab6b4d75ba8f31be40f5219696d98204c1506656c265cc1b3b68eff508a81,3.6500000953674316,39.0,638.0,,101,303,0,[],0.0,逐类核对通过,,,,,,额外阶段在第10、20、…、90轮；早期评估/RNG协议，与后期CE组分别保留,output/a_refresh_c1_c2_c3_analysis/output/cifar100_LT/a_refresh_pilot/seed42/c3/round_metrics.csv,,"{""a_refresh_config.variant"": ""c3"", ""a_refresh_config.rank"": 4, ""a_refresh_config.alpha"": 1, ""a_refresh_config.scaling"": 0.5, ""a_refresh_config.refresh_epochs"": 1, ""a_refresh_config.refresh_lr"": 0.001, ""a_refresh_config.refresh_momentum"": 0.9, ""a_refresh_config.refresh_weight_decay"": 0.0, ""a_refresh_config.gap_definition"": ""positive(CE_shared_after_B_aggregation - CE_local_teacher)"", ""a_refresh_config.gap_role"": ""within_client_class_direction_not_client_server_weight_or_gap_amplitude"", ""a_refresh_config.probe_protocol"": ""training_set_functional_gap_proxy"", ""a_refresh_config.probe_excluded_from_normal_training"": false, ""a_refresh_config.probe_excluded_from_refresh_training"": false, ""a_refresh_config.probe_uses_global_test"": false, ""a_refresh_config.loss"": ""batch_mean(CE * gap[label] / (client_frequency_mean_gap + 1e-12))"", ""a_refresh_config.all_zero_gap"": ""zero_update_without_CE_fallback"", ""a_refresh_config.aggregation"": ""original_sample_weights_including_zero_updates"", ""a_refresh_config.normal_optimizer_steps_expected"": 105600, ""a_refresh_config.refresh_optimizer_steps_expected"": 3168, ""a_refresh_config.privacy"": ""no_class_statistics_required_for_updates; not_a_formal_privacy_guarantee""}",e525620213ea8e906d88888c0c5801802dd73c78bceaca3dc7b7eaf3021b5794,0b87bcaba0417037e86f7d23b03a3f74f1dff6fffe20ab5c1e67d3560524050e,,output/a_refresh_c1_c2_c3_analysis/output/cifar100_LT/a_refresh_pilot/seed42/c3,独立目录记录
Ree8e7f8ce,a_refresh_topology_bridge_analysis,output/a_refresh_topology_bridge_analysis/a_refresh_topology_bridge/seed42/client-longtail/c1,,ClipLora,ClipLora,Cifar100_LT,client-longtail,42,4,fp32,,,,,fedavg,已记录到第100轮或以后,0,100,101,101,,81,100,67.6975,77.44,64.435,67.74249999999999,67.68625,73.25142857142858,64.14285714285714,65.365,67.77,67.55,68.05,84,0.5,66.35,100,30,dccc4466cfc50d3fc557d32a0d1bb8a7adc9e81ac6b171e47446dfaadfa985ef,03c0a7a963d31a520441bfe39cdfd888a6a84b6e67968a41f4b6ad1af4512f9b,898ab6b4d75ba8f31be40f5219696d98204c1506656c265cc1b3b68eff508a81,3.6500000953674316,39.0,638.0,cb41d01f365c4cd96b52ea1a45c068f639d61de207e38b1a1b023b909812265c,101,303,0,[],0.0,逐类核对通过,,,,,,,output/a_refresh_topology_bridge_analysis/a_refresh_topology_bridge/seed42/client-longtail/c1/round_metrics.csv,,"{""a_refresh_config.variant"": ""c1"", ""a_refresh_config.rank"": 4, ""a_refresh_config.alpha"": 1, ""a_refresh_config.scaling"": 0.5, ""a_refresh_config.refresh_epochs"": 1, ""a_refresh_config.refresh_lr"": 0.001, ""a_refresh_config.refresh_momentum"": 0.9, ""a_refresh_config.refresh_weight_decay"": 0.0, ""a_refresh_config.gap_definition"": ""positive(CE_shared_after_B_aggregation - CE_local_teacher)"", ""a_refresh_config.gap_role"": ""within_client_class_direction_not_client_server_weight_or_gap_amplitude"", ""a_refresh_config.probe_protocol"": ""training_set_functional_gap_proxy"", ""a_refresh_config.probe_excluded_from_normal_training"": false, ""a_refresh_config.probe_excluded_from_refresh_training"": false, ""a_refresh_config.probe_uses_global_test"": false, ""a_refresh_config.loss"": ""batch_mean(CE * gap[label] / (client_frequency_mean_gap + 1e-12))"", ""a_refresh_config.all_zero_gap"": ""zero_update_without_CE_fallback"", ""a_refresh_config.aggregation"": ""original_sample_weights_including_zero_updates"", ""a_refresh_config.normal_optimizer_steps_expected"": 105600, ""a_refresh_config.refresh_optimizer_steps_expected"": 3168, ""a_refresh_config.privacy"": ""no_class_statistics_required_for_updates; not_a_formal_privacy_guarantee""}",08e77aa20ad3fea633962c760089897e866b065a714da106d5136da5ddf5be26,ce7f9475ff9a3a1d5196924628a2706428e93db0e5ad2f0c39e7c486727b5266,Dce7f9475,output/a_refresh_c1_c2_c3_analysis/output/cifar100_LT/a_refresh_pilot/seed42/c1,曲线相同的副本候选
Ra573bd05e,a_refresh_topology_bridge_analysis,output/a_refresh_topology_bridge_analysis/a_refresh_topology_bridge/seed42/client-longtail/c2,,ClipLora,ClipLora,Cifar100_LT,client-longtail,42,4,fp32,,,,,fedavg,已记录到第100轮或以后,0,100,101,101,,81,100,65.89,83.91999999999999,62.58416666666667,57.777499999999996,67.918125,77.75285714285715,62.529999999999994,55.970000000000006,65.48,55.8,68.5,31,12.700000000000003,66.35,100,30,dccc4466cfc50d3fc557d32a0d1bb8a7adc9e81ac6b171e47446dfaadfa985ef,03c0a7a963d31a520441bfe39cdfd888a6a84b6e67968a41f4b6ad1af4512f9b,898ab6b4d75ba8f31be40f5219696d98204c1506656c265cc1b3b68eff508a81,3.6500000953674316,39.0,638.0,cb41d01f365c4cd96b52ea1a45c068f639d61de207e38b1a1b023b909812265c,101,303,0,[],0.0,逐类核对通过,,,,,,,output/a_refresh_topology_bridge_analysis/a_refresh_topology_bridge/seed42/client-longtail/c2/round_metrics.csv,,"{""a_refresh_config.variant"": ""c2"", ""a_refresh_config.rank"": 4, ""a_refresh_config.alpha"": 1, ""a_refresh_config.scaling"": 0.5, ""a_refresh_config.refresh_epochs"": 1, ""a_refresh_config.refresh_lr"": 0.001, ""a_refresh_config.refresh_momentum"": 0.9, ""a_refresh_config.refresh_weight_decay"": 0.0, ""a_refresh_config.gap_definition"": ""positive(CE_shared_after_B_aggregation - CE_local_teacher)"", ""a_refresh_config.gap_role"": ""within_client_class_direction_not_client_server_weight_or_gap_amplitude"", ""a_refresh_config.probe_protocol"": ""training_set_functional_gap_proxy"", ""a_refresh_config.probe_excluded_from_normal_training"": false, ""a_refresh_config.probe_excluded_from_refresh_training"": false, ""a_refresh_config.probe_uses_global_test"": false, ""a_refresh_config.loss"": ""batch_mean(CE * gap[label] / (client_frequency_mean_gap + 1e-12))"", ""a_refresh_config.all_zero_gap"": ""zero_update_without_CE_fallback"", ""a_refresh_config.aggregation"": ""original_sample_weights_including_zero_updates"", ""a_refresh_config.normal_optimizer_steps_expected"": 105600, ""a_refresh_config.refresh_optimizer_steps_expected"": 3168, ""a_refresh_config.privacy"": ""no_class_statistics_required_for_updates; not_a_formal_privacy_guarantee""}",e096c40c10f14cdf742095aac5f59c10ce0022d9bd9aecfd56550a3f391c4425,c6cd2be8aae1ae59586f08b21e9e4c39de09e2fe26a08ab4923c19c376c661b0,Dc6cd2be8,output/a_refresh_c1_c2_c3_analysis/output/cifar100_LT/a_refresh_pilot/seed42/c2,曲线相同的副本候选
R0d110517b,a_refresh_topology_bridge_analysis,output/a_refresh_topology_bridge_analysis/a_refresh_topology_bridge/seed42/matched-dirichlet/c1,固定A，正常训练B并额外训练B（早期协议）,ClipLora,ClipLora,Cifar100_LT,matched-dirichlet,42,4,fp32,4/FP32,冻结当前A，只更新B；每轮3 epoch,9次额外B更新，各1 epoch,普通 CE,按样本量聚合,已记录到第100轮或以后,0,100,101,101,,81,100,67.675,77.52000000000001,64.3175,67.9025,67.61812499999999,73.16714285714286,64.09142857142857,65.44833333333334,67.81,67.85,68.0,31,0.15000000000000568,66.35,100,30,dccc4466cfc50d3fc557d32a0d1bb8a7adc9e81ac6b171e47446dfaadfa985ef,03c0a7a963d31a520441bfe39cdfd888a6a84b6e67968a41f4b6ad1af4512f9b,898ab6b4d75ba8f31be40f5219696d98204c1506656c265cc1b3b68eff508a81,5.349999904632568,39.0,638.0,d5ffdd7eb3ac0342b5dcad124a0c228501277fc51ded390e39510818f00465c9,101,303,0,[],0.0,逐类核对通过,,,,,,额外阶段在第10、20、…、90轮；早期评估/RNG协议，与后期CE组分别保留,output/a_refresh_topology_bridge_analysis/a_refresh_topology_bridge/seed42/matched-dirichlet/c1/round_metrics.csv,,"{""a_refresh_config.variant"": ""c1"", ""a_refresh_config.rank"": 4, ""a_refresh_config.alpha"": 1, ""a_refresh_config.scaling"": 0.5, ""a_refresh_config.refresh_epochs"": 1, ""a_refresh_config.refresh_lr"": 0.001, ""a_refresh_config.refresh_momentum"": 0.9, ""a_refresh_config.refresh_weight_decay"": 0.0, ""a_refresh_config.gap_definition"": ""positive(CE_shared_after_B_aggregation - CE_local_teacher)"", ""a_refresh_config.gap_role"": ""within_client_class_direction_not_client_server_weight_or_gap_amplitude"", ""a_refresh_config.probe_protocol"": ""training_set_functional_gap_proxy"", ""a_refresh_config.probe_excluded_from_normal_training"": false, ""a_refresh_config.probe_excluded_from_refresh_training"": false, ""a_refresh_config.probe_uses_global_test"": false, ""a_refresh_config.loss"": ""batch_mean(CE * gap[label] / (client_frequency_mean_gap + 1e-12))"", ""a_refresh_config.all_zero_gap"": ""zero_update_without_CE_fallback"", ""a_refresh_config.aggregation"": ""original_sample_weights_including_zero_updates"", ""a_refresh_config.normal_optimizer_steps_expected"": 105600, ""a_refresh_config.refresh_optimizer_steps_expected"": 3168, ""a_refresh_config.privacy"": ""no_class_statistics_required_for_updates; not_a_formal_privacy_guarantee""}",cdbb83ab3b1da4cc7e45742b5dad4e29c2bff5959f8743f7ee638e8ca3818b98,220cc672849f00602616c4463608bc87b863264ef3bed27bcdd15da859a76e5b,,output/a_refresh_topology_bridge_analysis/a_refresh_topology_bridge/seed42/matched-dirichlet/c1,独立目录记录
R10cd6101c,a_refresh_topology_bridge_analysis,output/a_refresh_topology_bridge_analysis/a_refresh_topology_bridge/seed42/matched-dirichlet/c2,正常只训练B，间歇额外更新A（早期协议）,ClipLora,ClipLora,Cifar100_LT,matched-dirichlet,42,4,fp32,4/FP32,冻结当前A，只更新B；每轮3 epoch,9次额外A更新，各1 epoch；冻结共同B,普通 CE,按样本量聚合,已记录到第100轮或以后,0,100,101,101,,81,100,66.25800000000001,83.83250000000001,62.61333333333333,59.61749999999999,67.918125,77.64285714285714,62.64571428571429,57.19,65.96,58.35,68.65,31,10.300000000000004,66.35,100,30,dccc4466cfc50d3fc557d32a0d1bb8a7adc9e81ac6b171e47446dfaadfa985ef,03c0a7a963d31a520441bfe39cdfd888a6a84b6e67968a41f4b6ad1af4512f9b,898ab6b4d75ba8f31be40f5219696d98204c1506656c265cc1b3b68eff508a81,5.349999904632568,39.0,638.0,d5ffdd7eb3ac0342b5dcad124a0c228501277fc51ded390e39510818f00465c9,101,303,0,[],0.0,逐类核对通过,,,,,,额外阶段在第10、20、…、90轮；早期评估/RNG协议，与后期CE组分别保留,output/a_refresh_topology_bridge_analysis/a_refresh_topology_bridge/seed42/matched-dirichlet/c2/round_metrics.csv,,"{""a_refresh_config.variant"": ""c2"", ""a_refresh_config.rank"": 4, ""a_refresh_config.alpha"": 1, ""a_refresh_config.scaling"": 0.5, ""a_refresh_config.refresh_epochs"": 1, ""a_refresh_config.refresh_lr"": 0.001, ""a_refresh_config.refresh_momentum"": 0.9, ""a_refresh_config.refresh_weight_decay"": 0.0, ""a_refresh_config.gap_definition"": ""positive(CE_shared_after_B_aggregation - CE_local_teacher)"", ""a_refresh_config.gap_role"": ""within_client_class_direction_not_client_server_weight_or_gap_amplitude"", ""a_refresh_config.probe_protocol"": ""training_set_functional_gap_proxy"", ""a_refresh_config.probe_excluded_from_normal_training"": false, ""a_refresh_config.probe_excluded_from_refresh_training"": false, ""a_refresh_config.probe_uses_global_test"": false, ""a_refresh_config.loss"": ""batch_mean(CE * gap[label] / (client_frequency_mean_gap + 1e-12))"", ""a_refresh_config.all_zero_gap"": ""zero_update_without_CE_fallback"", ""a_refresh_config.aggregation"": ""original_sample_weights_including_zero_updates"", ""a_refresh_config.normal_optimizer_steps_expected"": 105600, ""a_refresh_config.refresh_optimizer_steps_expected"": 3168, ""a_refresh_config.privacy"": ""no_class_statistics_required_for_updates; not_a_formal_privacy_guarantee""}",0b9bd1314e97f4bc8bd982afaadbd198d93fceafd71c8c5894e2134392527911,c3fec1b551f1cb00d05ac834bcce07c84ca6e39747ffdbefb3adf5e2e3a1ad82,,output/a_refresh_topology_bridge_analysis/a_refresh_topology_bridge/seed42/matched-dirichlet/c2,独立目录记录
R14e927947,boundary_gate_clientlt_seed42,output/boundary_gate_clientlt_seed42/clientlt_seed42_round10,,,PromptFL,Cifar100_LT,client-longtail,42,,,,,,,,只有日志或配置，未发现精度结果,,,0,0,,,,,,,,,,,,,,,,,,100,30,dccc4466cfc50d3fc557d32a0d1bb8a7adc9e81ac6b171e47446dfaadfa985ef,,898ab6b4d75ba8f31be40f5219696d98204c1506656c265cc1b3b68eff508a81,3.6500000953674316,39.0,638.0,,0,0,0,[],,缺少可交叉核对的分组或逐类文件,,,,,,,per_class CSV,,{},,,,output/boundary_gate_clientlt_seed42/clientlt_seed42_round10,独立目录记录
Rc69998660,capt_global_start_seed42_results,output/capt_global_start_seed42_results/capt_global_start_lambda1/seed42/client-longtail,,CAPT,CAPT,Cifar100_LT,client-longtail,42,,,,,,,,短运行或本地结果不完整,1,99,37,37,,,,,,,,,,,,67.26,70.3,71.55,4,1.25,,100,30,dccc4466cfc50d3fc557d32a0d1bb8a7adc9e81ac6b171e47446dfaadfa985ef,5944353a8296fcb9500e66e0e50a0ade6f19300d9d070fc5a9443543e27b215d,898ab6b4d75ba8f31be40f5219696d98204c1506656c265cc1b3b68eff508a81,2.0999999046325684,41.0,575.0,,37,111,0,[],0.0,逐类核对通过,,,,,,,output/capt_global_start_seed42_results/capt_global_start_lambda1/seed42/client-longtail/round_metrics.csv,,{},b4a5a150b5014a3facbb2323cd8f7e736478df82c8286c5399106c4fe9f7f0cf,6ea6f7e90e1b7ae96edae7be8fe080ed6440903d803b5d5ba387611ae5c3f7e8,,output/capt_global_start_seed42_results/capt_global_start_lambda1/seed42/client-longtail,独立目录记录
R033123cb7,capt_global_start_seed42_results,output/capt_global_start_seed42_results/capt_global_start_lambda1/seed42/noniid-labeldir-fine,,CAPT,CAPT,Cifar100_LT,noniid-labeldir-fine,42,,,,,,,,短运行或本地结果不完整,1,99,37,37,,,,,,,,,,,,68.58,64.2,64.2,99,0.0,,100,30,dccc4466cfc50d3fc557d32a0d1bb8a7adc9e81ac6b171e47446dfaadfa985ef,f09c8df7e4363ca0ac34d917f817fb2e56d0585ab152358981dc5e51650e458d,898ab6b4d75ba8f31be40f5219696d98204c1506656c265cc1b3b68eff508a81,6.050000190734863,229.0,500.0,,37,111,0,[],0.0,逐类核对通过,,,,,,,output/capt_global_start_seed42_results/capt_global_start_lambda1/seed42/noniid-labeldir-fine/round_metrics.csv,,{},4884efec52018b843af45729dbc7382fb3d39daca27db49d69b9e27fe3f9bfb8,a5c61e2e9d6917090e60a8b5b566702960b6282413ddddc367e2aa403b54f040,,output/capt_global_start_seed42_results/capt_global_start_lambda1/seed42/noniid-labeldir-fine,独立目录记录
R179ebd4bd,cifar100_LT/CAPT_cluster_vit_b16_batchSize32,output/cifar100_LT/CAPT_cluster_vit_b16_batchSize32/ExperimentD_AlignedPartitionCompare/partition=client-longtail_lambda=0.75_alpha=0.5_rho=3.0_IF=0.01_localE=3_seed=1,,CAPT,CAPT,Cifar100_LT,client-longtail,1,,,,,,,,短运行或本地结果不完整,1,93,35,35,,,,,,,,,,,,67.73,65.4,67.1,4,1.6999999999999886,,100,30,dccc4466cfc50d3fc557d32a0d1bb8a7adc9e81ac6b171e47446dfaadfa985ef,,898ab6b4d75ba8f31be40f5219696d98204c1506656c265cc1b3b68eff508a81,4.050000190734863,38.0,587.0,,35,105,0,[],0.0,逐类核对通过,,,,,,,output/cifar100_LT/CAPT_cluster_vit_b16_batchSize32/ExperimentD_AlignedPartitionCompare/partition=client-longtail_lambda=0.75_alpha=0.5_rho=3.0_IF=0.01_localE=3_seed=1/round_metrics.csv,,{},0992a3d5034fe4f98ac1b88fefb204a0dc82602722a5448397dc67cdffc40e07,4c4c9f6f5cbf66efc111f4ae1a452f5676fd09ddf3f1e1eb05803a733b705b7a,,output/cifar100_LT/CAPT_cluster_vit_b16_batchSize32/ExperimentD_AlignedPartitionCompare/partition=client-longtail_lambda=0.75_alpha=0.5_rho=3.0_IF=0.01_localE=3_seed=1,独立目录记录
R95b3b9a3a,cifar100_LT/CAPT_cluster_vit_b16_batchSize32,output/cifar100_LT/CAPT_cluster_vit_b16_batchSize32/ExperimentD_AlignedPartitionCompare/partition=noniid-labeldir-fine_beta=0.5_IF=0.01_localE=3_seed=1,,CAPT,CAPT,Cifar100_LT,noniid-labeldir-fine,1,,,,,,,,短运行或本地结果不完整,1,97,36,36,,,,,,,,,,,,67.49,63.7,63.7,97,0.0,,100,30,dccc4466cfc50d3fc557d32a0d1bb8a7adc9e81ac6b171e47446dfaadfa985ef,,898ab6b4d75ba8f31be40f5219696d98204c1506656c265cc1b3b68eff508a81,5.650000095367432,267.0,506.0,,36,108,0,[],0.0,逐类核对通过,,,,,,,output/cifar100_LT/CAPT_cluster_vit_b16_batchSize32/ExperimentD_AlignedPartitionCompare/partition=noniid-labeldir-fine_beta=0.5_IF=0.01_localE=3_seed=1/round_metrics.csv,,{},ada153824f5ea5871e8cc2454ed6a1c68c58e17234654ded3a35e7abbb632efa,650fce539018bfe6bba0ab98bdd6ec5410c32450069c2cd482780b19d8d9601b,,output/cifar100_LT/CAPT_cluster_vit_b16_batchSize32/ExperimentD_AlignedPartitionCompare/partition=noniid-labeldir-fine_beta=0.5_IF=0.01_localE=3_seed=1,独立目录记录
R8bf06d0dc,cifar100_LT/capt_main_matched,output/cifar100_LT/capt_main_matched/seed1/frac0.4/CAPT_client-longtail,,CAPT,CAPT,Cifar100_LT,client-longtail,1,,,,,,,,短运行或本地结果不完整,1,96,9,9,,,,,,,,,,,,70.72,68.3,72.65,31,4.3500000000000085,,100,20,dccc4466cfc50d3fc557d32a0d1bb8a7adc9e81ac6b171e47446dfaadfa985ef,,,,,,,9,27,0,[],0.0,逐类核对通过,,,,,,,output/cifar100_LT/capt_main_matched/seed1/frac0.4/CAPT_client-longtail/round_metrics.csv,,{},06c338504dc943b53f39c49dada8dd052ce7dc06411c7a9ee899a3535d29873d,4e35be93f84d89c9d4627444d2a00adac314a5cd6413b37f55348d6d52cf16a7,,output/cifar100_LT/capt_main_matched/seed1/frac0.4/CAPT_client-longtail,独立目录记录
R6ae647bb7,cifar100_LT/capt_main_matched,output/cifar100_LT/capt_main_matched/seed1/frac0.4/CAPT_noniid-labeldir,,CAPT,CAPT,Cifar100_LT,noniid-labeldir,1,,,,,,,,短运行或本地结果不完整,1,91,12,12,,,,,,,,,,,,70.47,69.2,69.95,61,0.75,,100,20,8b34f72f548e6209fdfcfdc7fb4c5c755669054b3fd9eb456dfc5ef0559cc1a5,,,,,,,12,36,0,[],0.0,逐类核对通过,,,,,,,output/cifar100_LT/capt_main_matched/seed1/frac0.4/CAPT_noniid-labeldir/round_metrics.csv,,{},31e9a61d59ef9b1b1465fb7e3c7b68fcdd851d0c5f895335f10c316c41b4a2dd,e9ff114dc5ec0902df72c1891e3f379cd08206c389cb349f7654ca4360315fdb,,output/cifar100_LT/capt_main_matched/seed1/frac0.4/CAPT_noniid-labeldir,独立目录记录
Rc549c1144,cifar100_LT/capt_main_matched,output/cifar100_LT/capt_main_matched/seed3407/frac0.4/CAPT_client-longtail,,CAPT,CAPT,Cifar100_LT,client-longtail,3407,,,,,,,,短运行或本地结果不完整,1,96,9,9,,,,,,,,,,,,70.6,68.5,69.3,91,0.7999999999999972,,100,20,dccc4466cfc50d3fc557d32a0d1bb8a7adc9e81ac6b171e47446dfaadfa985ef,,,,,,,9,27,0,[],0.0,逐类核对通过,,,,,,,output/cifar100_LT/capt_main_matched/seed3407/frac0.4/CAPT_client-longtail/round_metrics.csv,,{},916032954ccf2fc3278dee30fa5463ecc5a7e19ac01a889b85603aa988cd86a2,c2ac28556b5ecf460ac1c2318651d21c8ed9dcb4c37ec7e8bdad81c17fbee455,,output/cifar100_LT/capt_main_matched/seed3407/frac0.4/CAPT_client-longtail,独立目录记录
R8c59a1179,cifar100_LT/capt_main_matched,output/cifar100_LT/capt_main_matched/seed3407/frac0.4/CAPT_noniid-labeldir,,CAPT,CAPT,Cifar100_LT,noniid-labeldir,3407,,,,,,,,短运行或本地结果不完整,1,91,12,12,,,,,,,,,,,,70.15,67.95,68.75,51,0.7999999999999972,,100,20,8b34f72f548e6209fdfcfdc7fb4c5c755669054b3fd9eb456dfc5ef0559cc1a5,,,,,,,12,36,0,[],0.0,逐类核对通过,,,,,,,output/cifar100_LT/capt_main_matched/seed3407/frac0.4/CAPT_noniid-labeldir/round_metrics.csv,,{},97c21d8f2deebe2a01b096e455367a08e02f56fa2c0c14296541570ba529e328,0290722f5fbdae000d89b06f16434f51866d1b2b52e9978f93e5f60165122c03,,output/cifar100_LT/capt_main_matched/seed3407/frac0.4/CAPT_noniid-labeldir,独立目录记录
Rc8babce21,cifar100_LT/capt_main_matched,output/cifar100_LT/capt_main_matched/seed42/frac0.4/CAPT_client-longtail,,CAPT,CAPT,Cifar100_LT,client-longtail,42,,,,,,,,短运行或本地结果不完整,1,96,9,9,,,,,,,,,,,,70.21,70.1,70.1,96,0.0,,100,20,dccc4466cfc50d3fc557d32a0d1bb8a7adc9e81ac6b171e47446dfaadfa985ef,,,,,,,9,27,0,[],0.0,逐类核对通过,,,,,,,output/cifar100_LT/capt_main_matched/seed42/frac0.4/CAPT_client-longtail/round_metrics.csv,,{},8701064b723fde99de3e11a09814bda7c5becc5f817c8c083f670eb34e68d64b,f6abfcc93d459747d95f8c7e624d2a72783ef3ce71a8b0c74d30a460c7a5428b,,output/cifar100_LT/capt_main_matched/seed42/frac0.4/CAPT_client-longtail,独立目录记录
R4435d1282,cifar100_LT/capt_main_matched,output/cifar100_LT/capt_main_matched/seed42/frac0.4/CAPT_noniid-labeldir,,CAPT,CAPT,Cifar100_LT,noniid-labeldir,42,,,,,,,,短运行或本地结果不完整,1,91,12,12,,,,,,,,,,,,71.19,68.0,70.85,21,2.8499999999999943,,100,20,8b34f72f548e6209fdfcfdc7fb4c5c755669054b3fd9eb456dfc5ef0559cc1a5,,,,,,,12,36,0,[],0.0,逐类核对通过,,,,,,,output/cifar100_LT/capt_main_matched/seed42/frac0.4/CAPT_noniid-labeldir/round_metrics.csv,,{},55d0e5da5301ec498dba4752f3010aa98470da6885f06dce8f55d1376bc08f7c,9071c83bf1babf142618217003a8e368a86fcc74ae0421ea45662c11605c8829,,output/cifar100_LT/capt_main_matched/seed42/frac0.4/CAPT_noniid-labeldir,独立目录记录
Recceb29bf,cifar100_LT/clientLT_seed42,output/cifar100_LT/clientLT_seed42,,ClipLora,ClipLora,Cifar100_LT,client-longtail,42,,,,,,,,已记录到第100轮或以后,1,100,100,100,,81,100,64.9915,67.74249999999999,63.54333333333333,66.58500000000001,64.593125,65.61142857142858,64.29857142857142,65.07666666666667,64.93,66.5,66.9,20,0.4000000000000057,,100,30,dccc4466cfc50d3fc557d32a0d1bb8a7adc9e81ac6b171e47446dfaadfa985ef,,898ab6b4d75ba8f31be40f5219696d98204c1506656c265cc1b3b68eff508a81,3.6500000953674316,39.0,638.0,,100,300,0,[],0.0,逐类核对通过,,,,,,,output/cifar100_LT/clientLT_seed42/round_metrics.csv,,{},a7693df19ecce757357dffc9c5f0117d253848a7a25c9348089679b97cd7907b,81db399bb04341cb77384603636968f3fc9dad0b284394ab2c0d61f2cf15e676,,output/cifar100_LT/clientLT_seed42,独立目录记录
R546816346,cifar100_LT/ClipLora_SupportNormalized_2x2_seed42,output/cifar100_LT/ClipLora_SupportNormalized_2x2_seed42/seed42/clientlt/fedavg,A/B联合更新，样本量聚合,ClipLora,ClipLora,Cifar100_LT,client-longtail,42,2,amp,2/AMP,A、B同时更新；每轮3 epoch,无,普通 CE,分别平均A/B；权重q=n/N,已记录到第100轮或以后,0,100,101,101,,81,100,64.77250000000001,86.5525,66.78666666666666,36.95,71.728125,82.56571428571428,66.93142857142857,41.495,64.68,36.75,68.15,5,31.400000000000006,66.35,100,30,dccc4466cfc50d3fc557d32a0d1bb8a7adc9e81ac6b171e47446dfaadfa985ef,,898ab6b4d75ba8f31be40f5219696d98204c1506656c265cc1b3b68eff508a81,3.6500000953674316,39.0,638.0,,101,303,0,[],0.0,逐类核对通过,,,,,,早期联合训练协议；不是固定容量狄利克雷,output/cifar100_LT/ClipLora_SupportNormalized_2x2_seed42/seed42/clientlt/fedavg/round_metrics.csv,,{},1167500bb97de61a611829289a5bfba2f7e083d5af36fd73a783d910456614b9,b50cf0516154512eb017891ced0de4db9791c230cad3e536c75a0e0c8968eb00,,output/cifar100_LT/ClipLora_SupportNormalized_2x2_seed42/seed42/clientlt/fedavg,独立目录记录
Rebdd18038,cifar100_LT/ClipLora_SupportNormalized_2x2_seed42,output/cifar100_LT/ClipLora_SupportNormalized_2x2_seed42/seed42/clientlt/support_normalized,A/B联合更新，按尾类支持者归一化聚合,ClipLora,ClipLora,Cifar100_LT,client-longtail,42,2,amp,2/AMP,A、B同时更新；每轮3 epoch,无,普通 CE,分别平均A/B；每尾类在支持客户端内按样本量归一化，再对尾类等权平均,已记录到第100轮或以后,0,100,101,101,,81,100,65.1425,85.2025,65.00750000000001,45.4875,70.05625,80.94428571428571,64.43857142857142,47.528333333333336,65.08,45.8,68.15,5,22.35000000000001,66.35,100,30,dccc4466cfc50d3fc557d32a0d1bb8a7adc9e81ac6b171e47446dfaadfa985ef,,898ab6b4d75ba8f31be40f5219696d98204c1506656c265cc1b3b68eff508a81,3.6500000953674316,39.0,638.0,,101,303,0,[],0.0,逐类核对通过,,,,,,早期联合训练协议；不是固定容量狄利克雷,output/cifar100_LT/ClipLora_SupportNormalized_2x2_seed42/seed42/clientlt/support_normalized/round_metrics.csv,,{},a072f4d29c21ee8f8486ee7a1d574ac9bef30dc5a6105f1efddd9d27f3d40fc0,ee26b909e656225fd0f7d09021ada797345a47fcd552c0977fde0eb60dc5276f,,output/cifar100_LT/ClipLora_SupportNormalized_2x2_seed42/seed42/clientlt/support_normalized,独立目录记录
Rf4337bdae,cifar100_LT/ClipLora_SupportNormalized_2x2_seed42,output/cifar100_LT/ClipLora_SupportNormalized_2x2_seed42/seed42/dirichlet/fedavg,A/B联合更新，样本量聚合,ClipLora,ClipLora,Cifar100_LT,noniid-labeldir-fine,42,2,amp,2/AMP,A、B同时更新；每轮3 epoch,无,普通 CE,分别平均A/B；权重q=n/N,已记录到第100轮或以后,0,100,101,101,,81,100,66.842,86.08500000000001,66.43416666666667,48.822500000000005,71.346875,82.27714285714286,66.31,49.455,66.87,48.7,68.2,5,19.5,66.35,100,30,dccc4466cfc50d3fc557d32a0d1bb8a7adc9e81ac6b171e47446dfaadfa985ef,,898ab6b4d75ba8f31be40f5219696d98204c1506656c265cc1b3b68eff508a81,6.050000190734863,229.0,500.0,,101,303,0,[],0.0,逐类核对通过,,,,,,早期联合训练协议；不是固定容量狄利克雷,output/cifar100_LT/ClipLora_SupportNormalized_2x2_seed42/seed42/dirichlet/fedavg/round_metrics.csv,,{},71fdc0197512af3a6305053d3ec1078acf200499696bb22f0c2944e0f80788d6,e3abb2e1d113ea36566c58c73df9a3518a3c8197d898b256352cd42a6bb709cf,,output/cifar100_LT/ClipLora_SupportNormalized_2x2_seed42/seed42/dirichlet/fedavg,独立目录记录
Rf42d9c19c,cifar100_LT/ClipLora_SupportNormalized_2x2_seed42,output/cifar100_LT/ClipLora_SupportNormalized_2x2_seed42/seed42/dirichlet/support_normalized,A/B联合更新，按尾类支持者归一化聚合,ClipLora,ClipLora,Cifar100_LT,noniid-labeldir-fine,42,2,amp,2/AMP,A、B同时更新；每轮3 epoch,无,普通 CE,分别平均A/B；每尾类在支持客户端内按样本量归一化，再对尾类等权平均,已记录到第100轮或以后,0,100,101,101,,81,100,66.6745,85.4275,66.0275,49.8625,70.8775,81.74285714285715,65.82857142857142,50.08166666666666,66.69,49.4,68.05,5,18.65,66.35,100,30,dccc4466cfc50d3fc557d32a0d1bb8a7adc9e81ac6b171e47446dfaadfa985ef,,898ab6b4d75ba8f31be40f5219696d98204c1506656c265cc1b3b68eff508a81,6.050000190734863,229.0,500.0,,101,303,0,[],0.0,逐类核对通过,,,,,,早期联合训练协议；不是固定容量狄利克雷,output/cifar100_LT/ClipLora_SupportNormalized_2x2_seed42/seed42/dirichlet/support_normalized/round_metrics.csv,,{},da31cec7b2beacd207ad3039f365d63ff25db8cc375743eed1353a6d8372ebc9,91e05083de64a9b6ba39346b0015800bd543fd4b55a964b873cff165c063953e,,output/cifar100_LT/ClipLora_SupportNormalized_2x2_seed42/seed42/dirichlet/support_normalized,独立目录记录
R9aa7ce4c3,cifar100_LT/fedtef_clean_topology,output/cifar100_LT/fedtef_clean_topology/seed1/frac0.4/Topo-FedTEF-clean_client-longtail,,FedTEF,FedTEF,Cifar100_LT,client-longtail,1,,,,,,,,短运行或本地结果不完整,1,20,20,20,,1,20,59.37949999999999,82.58250000000001,60.48416666666667,32.8625,66.00874999999999,77.60857142857142,61.19571428571428,35.99333333333333,60.95,30.35,47.5,9,17.15,,100,20,dccc4466cfc50d3fc557d32a0d1bb8a7adc9e81ac6b171e47446dfaadfa985ef,,,,,,,20,60,0,[],0.0,逐类核对通过,,,,,,,output/cifar100_LT/fedtef_clean_topology/seed1/frac0.4/Topo-FedTEF-clean_client-longtail/round_metrics.csv,,{},f972d064b04920e0a6b93bd448a9d37cb90790e6a6c6ea48e0674faa82b563a1,3b5a86433b8d52e1454ed1a30222e617090cd9e8e2c7bc82fad151dfc2f349c7,,output/cifar100_LT/fedtef_clean_topology/seed1/frac0.4/Topo-FedTEF-clean_client-longtail,独立目录记录
Rd61ec5f8f,cifar100_LT/fedtef_clean_topology,output/cifar100_LT/fedtef_clean_topology/seed1/frac0.4/Topo-FedTEF-oracle-bottom20_client-longtail,,FedTEF,FedTEF,Cifar100_LT,client-longtail,1,,,,,,,,已记录到第100轮或以后,1,100,21,21,,,,,,,,,,,,67.72,58.6,70.1,21,11.499999999999993,,100,20,dccc4466cfc50d3fc557d32a0d1bb8a7adc9e81ac6b171e47446dfaadfa985ef,,,,,,,21,63,0,[],0.0,逐类核对通过,,,,,,,output/cifar100_LT/fedtef_clean_topology/seed1/frac0.4/Topo-FedTEF-oracle-bottom20_client-longtail/round_metrics.csv,,{},e1b10d7c64d3183dfac0939d8b33d618891c6a5316709e5e40e32d9be3f69ec3,fbc20a5939ec22eb68ae53e0ffcedd29de8bd274ace68eb5ef141d6b28e7fe64,,output/cifar100_LT/fedtef_clean_topology/seed1/frac0.4/Topo-FedTEF-oracle-bottom20_client-longtail,独立目录记录
R1a385d496,cifar100_LT/fedtef_v10_topology_observer,output/cifar100_LT/fedtef_v10_topology_observer/seed1/frac0.4/FedTEF-v10-topology_client-longtail,,,FedTEF,Cifar100_LT,client-longtail,1,,,,,,,,只有日志或配置，未发现精度结果,,,0,0,,,,,,,,,,,,,,,,,,100,20,dccc4466cfc50d3fc557d32a0d1bb8a7adc9e81ac6b171e47446dfaadfa985ef,,,,,,,0,0,0,[],,缺少可交叉核对的分组或逐类文件,,,,,,,per_class CSV,,{},,,,output/cifar100_LT/fedtef_v10_topology_observer/seed1/frac0.4/FedTEF-v10-topology_client-longtail,独立目录记录
Rb20a56182,cifar100_LT/fedtef_v10_topology_observer,output/cifar100_LT/fedtef_v10_topology_observer/seed1/frac0.4/FedTEF-v10-topology_noniid-labeldir,,FedTEF,FedTEF,Cifar100_LT,noniid-labeldir,1,,,,,,,,已记录到第100轮或以后,1,100,21,21,,,,,,,,,,,,64.52,42.85,49.65,6,6.799999999999997,,100,20,8b34f72f548e6209fdfcfdc7fb4c5c755669054b3fd9eb456dfc5ef0559cc1a5,,,,,,,21,63,0,[],0.0,逐类核对通过,,,,,,,output/cifar100_LT/fedtef_v10_topology_observer/seed1/frac0.4/FedTEF-v10-topology_noniid-labeldir/round_metrics.csv,,{},78e533bee8f3570683ae41cf2edf5c963be2e558f90fc7790f086e4bc302f0cb,c86c92747aebc0984c4027ef955bc59350c1cacb9629d865b7edb577688f2104,,output/cifar100_LT/fedtef_v10_topology_observer/seed1/frac0.4/FedTEF-v10-topology_noniid-labeldir,独立目录记录
Rcaba3e3b0,cifar100_LT/fedtef_v10_topology_observer,output/cifar100_LT/fedtef_v10_topology_observer/seed3407/frac0.4/FedTEF-v10-topology_noniid-labeldir,,FedTEF,FedTEF,Cifar100_LT,noniid-labeldir,3407,,,,,,,,已记录到第100轮或以后,1,100,21,21,,,,,,,,,,,,64.52,42.85,49.65,6,6.799999999999997,,100,20,8b34f72f548e6209fdfcfdc7fb4c5c755669054b3fd9eb456dfc5ef0559cc1a5,,,,,,,21,63,0,[],0.0,逐类核对通过,,,,,,,output/cifar100_LT/fedtef_v10_topology_observer/seed3407/frac0.4/FedTEF-v10-topology_noniid-labeldir/round_metrics.csv,,{},2baafdbfb62ed2752569a08536aa2d25a0505f0983bf006f0aab36cd38671e1b,c86c92747aebc0984c4027ef955bc59350c1cacb9629d865b7edb577688f2104,,output/cifar100_LT/fedtef_v10_topology_observer/seed3407/frac0.4/FedTEF-v10-topology_noniid-labeldir,独立目录记录
R8f22b5dbd,cifar100_LT/fedtef_v10_topology_observer,output/cifar100_LT/fedtef_v10_topology_observer/seed42/frac0.4/FedTEF-v10-topology_noniid-labeldir,,FedTEF,FedTEF,Cifar100_LT,noniid-labeldir,42,,,,,,,,已记录到第100轮或以后,1,100,21,21,,,,,,,,,,,,64.52,42.85,49.65,6,6.799999999999997,,100,20,8b34f72f548e6209fdfcfdc7fb4c5c755669054b3fd9eb456dfc5ef0559cc1a5,,,,,,,21,63,0,[],0.0,逐类核对通过,,,,,,,output/cifar100_LT/fedtef_v10_topology_observer/seed42/frac0.4/FedTEF-v10-topology_noniid-labeldir/round_metrics.csv,,{},eac7ed98702bee310fca93f0e2401c83b2bccad35233b7f85c3df5abff8eac67,c86c92747aebc0984c4027ef955bc59350c1cacb9629d865b7edb577688f2104,,output/cifar100_LT/fedtef_v10_topology_observer/seed42/frac0.4/FedTEF-v10-topology_noniid-labeldir,独立目录记录
Ra71ee48b2,cifar100_LT/fedtef_v2_strong_k30_hard_l05_margin_prior,output/cifar100_LT/fedtef_v2_strong_k30_hard_l05_margin_prior/seed1/frac0.4/FedTEF-v2_client-longtail,,FedTEF,FedTEF,Cifar100_LT,client-longtail,1,,,,,,,,已记录到第100轮或以后,1,100,21,21,,,,,,,,,,,,57.52,61.5,65.3,71,3.799999999999997,,100,20,dccc4466cfc50d3fc557d32a0d1bb8a7adc9e81ac6b171e47446dfaadfa985ef,,,,,,,21,6,19,"[{""round"": 1, ""present"": 93, ""expected"": 100}, {""round"": 11, ""present"": 99, ""expected"": 100}, {""round"": 16, ""present"": 99, ""expected"": 100}, {""round"": 21, ""present"": 99, ""expected"": 100}, {""round"": 26, ""present"": 98, ""expected"": 100}]",0.0,部分逐类文件缺类，不能完整复算,,,,,,,output/cifar100_LT/fedtef_v2_strong_k30_hard_l05_margin_prior/seed1/frac0.4/FedTEF-v2_client-longtail/round_metrics.csv,,{},b34640ba43b65648a48a43cbcd572e4398120e0bbab2ff7ae613166eb27fae44,1b2f758d9d7ff45511051b1a717ebc19e4eb65a4f202dfbda01f36d26634f964,,output/cifar100_LT/fedtef_v2_strong_k30_hard_l05_margin_prior/seed1/frac0.4/FedTEF-v2_client-longtail,独立目录记录
R9c65ad117,cifar100_LT/fedtef_v2_strong_k30_hard_l05_margin_prior,output/cifar100_LT/fedtef_v2_strong_k30_hard_l05_margin_prior/seed1/frac0.4/FedTEF-v2_noniid-labeldir,,FedTEF,FedTEF,Cifar100_LT,noniid-labeldir,1,,,,,,,,已记录到第100轮或以后,1,100,21,21,,,,,,,,,,,,58.82,66.36842105263158,66.36842105263158,100,0.0,,100,20,8b34f72f548e6209fdfcfdc7fb4c5c755669054b3fd9eb456dfc5ef0559cc1a5,,,,,,,21,9,18,"[{""round"": 1, ""present"": 94, ""expected"": 100}, {""round"": 6, ""present"": 99, ""expected"": 100}, {""round"": 11, ""present"": 99, ""expected"": 100}, {""round"": 16, ""present"": 95, ""expected"": 100}, {""round"": 21, ""present"": 99, ""expected"": 100}]",0.0,部分逐类文件缺类，不能完整复算,,,,,,,output/cifar100_LT/fedtef_v2_strong_k30_hard_l05_margin_prior/seed1/frac0.4/FedTEF-v2_noniid-labeldir/round_metrics.csv,,{},26a7e4016b18d313559031cc7fd179b0d9a2f0ecc7258e3f920a240c5654b978,ea497ff16f28e7620130ab820203ecb1c0b2dd9b1c059850fda3c866392c95db,,output/cifar100_LT/fedtef_v2_strong_k30_hard_l05_margin_prior/seed1/frac0.4/FedTEF-v2_noniid-labeldir,独立目录记录
Rd7b716fbc,cifar100_LT/fedtef_v2_strong_k30_hard_l05_margin_prior,output/cifar100_LT/fedtef_v2_strong_k30_hard_l05_margin_prior/seed3407/frac0.4/FedTEF-v2_client-longtail,,FedTEF,FedTEF,Cifar100_LT,client-longtail,3407,,,,,,,,已记录到第100轮或以后,1,100,21,21,,,,,,,,,,,,57.52,61.5,65.3,71,3.799999999999997,,100,20,dccc4466cfc50d3fc557d32a0d1bb8a7adc9e81ac6b171e47446dfaadfa985ef,,,,,,,21,6,19,"[{""round"": 1, ""present"": 93, ""expected"": 100}, {""round"": 11, ""present"": 99, ""expected"": 100}, {""round"": 16, ""present"": 99, ""expected"": 100}, {""round"": 21, ""present"": 99, ""expected"": 100}, {""round"": 26, ""present"": 98, ""expected"": 100}]",0.0,部分逐类文件缺类，不能完整复算,,,,,,,output/cifar100_LT/fedtef_v2_strong_k30_hard_l05_margin_prior/seed3407/frac0.4/FedTEF-v2_client-longtail/round_metrics.csv,,{},6dd295d60023fd5969474daa4f6e1418104c6110d7a77a461866641fc28acf02,1b2f758d9d7ff45511051b1a717ebc19e4eb65a4f202dfbda01f36d26634f964,,output/cifar100_LT/fedtef_v2_strong_k30_hard_l05_margin_prior/seed3407/frac0.4/FedTEF-v2_client-longtail,独立目录记录
R812e1e546,cifar100_LT/fedtef_v2_strong_k30_hard_l05_margin_prior,output/cifar100_LT/fedtef_v2_strong_k30_hard_l05_margin_prior/seed3407/frac0.4/FedTEF-v2_noniid-labeldir,,FedTEF,FedTEF,Cifar100_LT,noniid-labeldir,3407,,,,,,,,已记录到第100轮或以后,1,100,21,21,,,,,,,,,,,,58.82,66.36842105263158,66.36842105263158,100,0.0,,100,20,8b34f72f548e6209fdfcfdc7fb4c5c755669054b3fd9eb456dfc5ef0559cc1a5,,,,,,,21,9,18,"[{""round"": 1, ""present"": 94, ""expected"": 100}, {""round"": 6, ""present"": 99, ""expected"": 100}, {""round"": 11, ""present"": 99, ""expected"": 100}, {""round"": 16, ""present"": 95, ""expected"": 100}, {""round"": 21, ""present"": 99, ""expected"": 100}]",0.0,部分逐类文件缺类，不能完整复算,,,,,,,output/cifar100_LT/fedtef_v2_strong_k30_hard_l05_margin_prior/seed3407/frac0.4/FedTEF-v2_noniid-labeldir/round_metrics.csv,,{},0415b7216f97723e830666aa3bbf0eadbed9d4a026f785b4826a26aeaa194b73,ea497ff16f28e7620130ab820203ecb1c0b2dd9b1c059850fda3c866392c95db,,output/cifar100_LT/fedtef_v2_strong_k30_hard_l05_margin_prior/seed3407/frac0.4/FedTEF-v2_noniid-labeldir,独立目录记录
R2d84aff81,cifar100_LT/fedtef_v2_strong_k30_hard_l05_margin_prior,output/cifar100_LT/fedtef_v2_strong_k30_hard_l05_margin_prior/seed42/frac0.4/FedTEF-v2_client-longtail,,FedTEF,FedTEF,Cifar100_LT,client-longtail,42,,,,,,,,已记录到第100轮或以后,1,100,21,21,,,,,,,,,,,,57.52,61.5,65.3,71,3.799999999999997,,100,20,dccc4466cfc50d3fc557d32a0d1bb8a7adc9e81ac6b171e47446dfaadfa985ef,,,,,,,21,6,19,"[{""round"": 1, ""present"": 93, ""expected"": 100}, {""round"": 11, ""present"": 99, ""expected"": 100}, {""round"": 16, ""present"": 99, ""expected"": 100}, {""round"": 21, ""present"": 99, ""expected"": 100}, {""round"": 26, ""present"": 98, ""expected"": 100}]",0.0,部分逐类文件缺类，不能完整复算,,,,,,,output/cifar100_LT/fedtef_v2_strong_k30_hard_l05_margin_prior/seed42/frac0.4/FedTEF-v2_client-longtail/round_metrics.csv,,{},181b9d14721af7981c75c6cf973fcb4fc91947d43c81dc0bbf92cec2e4e4b7b6,1b2f758d9d7ff45511051b1a717ebc19e4eb65a4f202dfbda01f36d26634f964,,output/cifar100_LT/fedtef_v2_strong_k30_hard_l05_margin_prior/seed42/frac0.4/FedTEF-v2_client-longtail,独立目录记录
Rdef42ae6a,cifar100_LT/fedtef_v2_strong_k30_hard_l05_margin_prior,output/cifar100_LT/fedtef_v2_strong_k30_hard_l05_margin_prior/seed42/frac0.4/FedTEF-v2_noniid-labeldir,,FedTEF,FedTEF,Cifar100_LT,noniid-labeldir,42,,,,,,,,已记录到第100轮或以后,1,100,21,21,,,,,,,,,,,,58.82,66.36842105263158,66.36842105263158,100,0.0,,100,20,8b34f72f548e6209fdfcfdc7fb4c5c755669054b3fd9eb456dfc5ef0559cc1a5,,,,,,,21,9,18,"[{""round"": 1, ""present"": 94, ""expected"": 100}, {""round"": 6, ""present"": 99, ""expected"": 100}, {""round"": 11, ""present"": 99, ""expected"": 100}, {""round"": 16, ""present"": 95, ""expected"": 100}, {""round"": 21, ""present"": 99, ""expected"": 100}]",0.0,部分逐类文件缺类，不能完整复算,,,,,,,output/cifar100_LT/fedtef_v2_strong_k30_hard_l05_margin_prior/seed42/frac0.4/FedTEF-v2_noniid-labeldir/round_metrics.csv,,{},dd8d86419adf6a10ca8ab13db68d9037241875690d30e9a3a5025a70d7987f19,ea497ff16f28e7620130ab820203ecb1c0b2dd9b1c059850fda3c866392c95db,,output/cifar100_LT/fedtef_v2_strong_k30_hard_l05_margin_prior/seed42/frac0.4/FedTEF-v2_noniid-labeldir,独立目录记录
R56772de6a,cifar100_LT/fedtef_v3_prior_base_samplegate_conflict,output/cifar100_LT/fedtef_v3_prior_base_samplegate_conflict/seed1/frac0.4/FedTEF-v2_client-longtail,,FedTEF,FedTEF,Cifar100_LT,client-longtail,1,,,,,,,,已记录到第100轮或以后,1,100,21,21,,,,,,,,,,,,65.75,54.1,54.85,46,0.75,,100,20,dccc4466cfc50d3fc557d32a0d1bb8a7adc9e81ac6b171e47446dfaadfa985ef,,,,,,,21,57,2,"[{""round"": 6, ""present"": 96, ""expected"": 100}, {""round"": 11, ""present"": 99, ""expected"": 100}]",0.0,部分逐类文件缺类，不能完整复算,,,,,,,output/cifar100_LT/fedtef_v3_prior_base_samplegate_conflict/seed1/frac0.4/FedTEF-v2_client-longtail/round_metrics.csv,,{},e3f0b82eb084ef848697c78a7f49fcf0e6cd0bdfacea601117daf81c912e5def,bf4dfc3de855831bb85e4f3d5a38023b4065d9170d8b9a316e0eeba18ba28bbe,,output/cifar100_LT/fedtef_v3_prior_base_samplegate_conflict/seed1/frac0.4/FedTEF-v2_client-longtail,独立目录记录
Rcb6d27c2c,cifar100_LT/fedtef_v5_adapter_dirichlet_evidence_lifecycle,output/cifar100_LT/fedtef_v5_adapter_dirichlet_evidence_lifecycle/seed1/frac0.4/FedTEF-v5_noniid-labeldir,,FedTEF,FedTEF,Cifar100_LT,noniid-labeldir,1,,,,,,,,已记录到第100轮或以后,1,100,21,21,,,,,,,,,,,,56.36,27.65,40.9,36,13.25,,100,20,8b34f72f548e6209fdfcfdc7fb4c5c755669054b3fd9eb456dfc5ef0559cc1a5,,,,,,,21,63,0,[],0.0,逐类核对通过,,,,,,,output/cifar100_LT/fedtef_v5_adapter_dirichlet_evidence_lifecycle/seed1/frac0.4/FedTEF-v5_noniid-labeldir/round_metrics.csv,,{},9ec08d1e6d753d81cc6db12da6f521c23cd6f3fd6110682f6582ac571f88332b,0e909dab99dc527b3563fa1b58bfb4e4907e1c419fecacf951899e4756f3cd45,,output/cifar100_LT/fedtef_v5_adapter_dirichlet_evidence_lifecycle/seed1/frac0.4/FedTEF-v5_noniid-labeldir,独立目录记录
R09648058f,cifar100_LT/fedtef_v5_adapter_dirichlet_evidence_lifecycle,output/cifar100_LT/fedtef_v5_adapter_dirichlet_evidence_lifecycle/seed3407/frac0.4/FedTEF-v5_noniid-labeldir,,FedTEF,FedTEF,Cifar100_LT,noniid-labeldir,3407,,,,,,,,短运行或本地结果不完整,1,51,11,11,,,,,,,,,,,,56.15,27.4,32.55,46,5.149999999999999,,100,20,8b34f72f548e6209fdfcfdc7fb4c5c755669054b3fd9eb456dfc5ef0559cc1a5,,,,,,,11,33,0,[],0.0,逐类核对通过,,,,,,,output/cifar100_LT/fedtef_v5_adapter_dirichlet_evidence_lifecycle/seed3407/frac0.4/FedTEF-v5_noniid-labeldir/round_metrics.csv,,{},81d9e6bf5bc7d8e7156ac4e9b4c23874f1e52441bc773620df5f5d849f7c0950,18cdf7d7b1dc63fa1f3af0baf742b903fad6e5d8ca3b126d6c4570f5837604f1,,output/cifar100_LT/fedtef_v5_adapter_dirichlet_evidence_lifecycle/seed3407/frac0.4/FedTEF-v5_noniid-labeldir,独立目录记录
R1dae21255,cifar100_LT/fedtef_v5_adapter_dirichlet_evidence_lifecycle,output/cifar100_LT/fedtef_v5_adapter_dirichlet_evidence_lifecycle/seed42/frac0.4/FedTEF-v5_noniid-labeldir,,FedTEF,FedTEF,Cifar100_LT,noniid-labeldir,42,,,,,,,,已记录到第100轮或以后,1,100,21,21,,,,,,,,,,,,59.67,34.15,36.9,86,2.75,,100,20,8b34f72f548e6209fdfcfdc7fb4c5c755669054b3fd9eb456dfc5ef0559cc1a5,,,,,,,21,63,0,[],0.0,逐类核对通过,,,,,,,output/cifar100_LT/fedtef_v5_adapter_dirichlet_evidence_lifecycle/seed42/frac0.4/FedTEF-v5_noniid-labeldir/round_metrics.csv,,{},71fc5e0d5072106d5816dbd42f2f22220c18c781705f7381a8d66cdcbec0d979,95d0f36a67ab3c7061980277972b113a1c2e858d739ba3f03267d2fc1eddbb8a,,output/cifar100_LT/fedtef_v5_adapter_dirichlet_evidence_lifecycle/seed42/frac0.4/FedTEF-v5_noniid-labeldir,独立目录记录
R7932ee377,cifar100_LT/fedtef_v5_component_ladder,output/cifar100_LT/fedtef_v5_component_ladder/adapter_only/seed1/frac0.4/FedTEF-v5_noniid-labeldir,,FedTEF,FedTEF,Cifar100_LT,noniid-labeldir,1,,,,,,,,短运行或本地结果不完整,1,30,7,7,,,,,,,,,,,,64.68,41.45,41.45,30,0.0,,100,20,8b34f72f548e6209fdfcfdc7fb4c5c755669054b3fd9eb456dfc5ef0559cc1a5,,,,,,,7,12,3,"[{""round"": 1, ""present"": 96, ""expected"": 100}, {""round"": 6, ""present"": 99, ""expected"": 100}, {""round"": 16, ""present"": 99, ""expected"": 100}]",0.0,部分逐类文件缺类，不能完整复算,,,,,,,output/cifar100_LT/fedtef_v5_component_ladder/adapter_only/seed1/frac0.4/FedTEF-v5_noniid-labeldir/round_metrics.csv,,{},437ada316baff6a81be80940cc207115bb607bd9bcdab91cdc7cd28d1372aa17,c7725d208578120c0413d38a03a99c8f136639e1f29635c1bff165958b8edc3b,,output/cifar100_LT/fedtef_v5_component_ladder/adapter_only/seed1/frac0.4/FedTEF-v5_noniid-labeldir,独立目录记录
R4cfe11b9e,cifar100_LT/fedtef_v5_component_ladder,output/cifar100_LT/fedtef_v5_component_ladder/full_v5/seed1/frac0.4/FedTEF-v5_noniid-labeldir,,FedTEF,FedTEF,Cifar100_LT,noniid-labeldir,1,,,,,,,,短运行或本地结果不完整,1,30,7,7,,,,,,,,,,,,49.19,26.666666666666668,26.666666666666668,30,0.0,,100,20,8b34f72f548e6209fdfcfdc7fb4c5c755669054b3fd9eb456dfc5ef0559cc1a5,,,,,,,7,0,7,"[{""round"": 1, ""present"": 95, ""expected"": 100}, {""round"": 6, ""present"": 93, ""expected"": 100}, {""round"": 11, ""present"": 83, ""expected"": 100}, {""round"": 16, ""present"": 81, ""expected"": 100}, {""round"": 21, ""present"": 76, ""expected"": 100}]",,部分逐类文件缺类，不能完整复算,,,,,,,output/cifar100_LT/fedtef_v5_component_ladder/full_v5/seed1/frac0.4/FedTEF-v5_noniid-labeldir/round_metrics.csv,,{},16ccf8f89d4f9a62d705ba4b7fa4c97d94267f77e038422c8fa1d2686872eba3,c41068048c1d1daf1370d4c6899f8f6d82bea59775844653db57cc1bcc8efe25,,output/cifar100_LT/fedtef_v5_component_ladder/full_v5/seed1/frac0.4/FedTEF-v5_noniid-labeldir,独立目录记录
R69d880628,cifar100_LT/fedtef_v5_component_ladder,output/cifar100_LT/fedtef_v5_component_ladder/lora_memory_fedavg/seed1/frac0.4/FedTEF-v5_noniid-labeldir,,FedTEF,FedTEF,Cifar100_LT,noniid-labeldir,1,,,,,,,,短运行或本地结果不完整,1,30,7,7,,,,,,,,,,,,48.43,18.142857142857142,22.45,1,4.307142857142857,,100,20,8b34f72f548e6209fdfcfdc7fb4c5c755669054b3fd9eb456dfc5ef0559cc1a5,,,,,,,7,0,7,"[{""round"": 1, ""present"": 95, ""expected"": 100}, {""round"": 6, ""present"": 95, ""expected"": 100}, {""round"": 11, ""present"": 84, ""expected"": 100}, {""round"": 16, ""present"": 79, ""expected"": 100}, {""round"": 21, ""present"": 75, ""expected"": 100}]",,部分逐类文件缺类，不能完整复算,,,,,,,output/cifar100_LT/fedtef_v5_component_ladder/lora_memory_fedavg/seed1/frac0.4/FedTEF-v5_noniid-labeldir/round_metrics.csv,,{},84f22d5369fbc47736b2e4c4ab8eafe9520e4473025a776ef0d967ecbf01df86,57e56f1bd6ba520b5a0b2a7486dfd2775fd50ec4e2a49f83f3ede063439324f4,,output/cifar100_LT/fedtef_v5_component_ladder/lora_memory_fedavg/seed1/frac0.4/FedTEF-v5_noniid-labeldir,独立目录记录
R589ceb6a9,cifar100_LT/fedtef_v5_component_ladder,output/cifar100_LT/fedtef_v5_component_ladder/lora_memory_no_fusion/seed1/frac0.4/FedTEF-v5_noniid-labeldir,,FedTEF,FedTEF,Cifar100_LT,noniid-labeldir,1,,,,,,,,短运行或本地结果不完整,1,30,7,7,,,,,,,,,,,,48.28,15.375,41.85,1,26.475,,100,20,8b34f72f548e6209fdfcfdc7fb4c5c755669054b3fd9eb456dfc5ef0559cc1a5,,,,,,,7,0,7,"[{""round"": 1, ""present"": 98, ""expected"": 100}, {""round"": 6, ""present"": 96, ""expected"": 100}, {""round"": 11, ""present"": 86, ""expected"": 100}, {""round"": 16, ""present"": 81, ""expected"": 100}, {""round"": 21, ""present"": 79, ""expected"": 100}]",,部分逐类文件缺类，不能完整复算,,,,,,,output/cifar100_LT/fedtef_v5_component_ladder/lora_memory_no_fusion/seed1/frac0.4/FedTEF-v5_noniid-labeldir/round_metrics.csv,,{},16e64bd08885f0aec61d7c1a59441dde7c887efe2480f4dac73dd512c4dcdf52,8da347792acebfb29d523b7398a625f9fd5b5efb3f241ceb365fd8fe4652fbb7,,output/cifar100_LT/fedtef_v5_component_ladder/lora_memory_no_fusion/seed1/frac0.4/FedTEF-v5_noniid-labeldir,独立目录记录
R77ec09a63,cifar100_LT/fedtef_v5_component_ladder,output/cifar100_LT/fedtef_v5_component_ladder/lora_memory_tailagg/seed1/frac0.4/FedTEF-v5_noniid-labeldir,,FedTEF,FedTEF,Cifar100_LT,noniid-labeldir,1,,,,,,,,短运行或本地结果不完整,1,30,7,7,,,,,,,,,,,,47.71,11.777777777777779,23.0,1,11.222222222222221,,100,20,8b34f72f548e6209fdfcfdc7fb4c5c755669054b3fd9eb456dfc5ef0559cc1a5,,,,,,,7,0,7,"[{""round"": 1, ""present"": 93, ""expected"": 100}, {""round"": 6, ""present"": 95, ""expected"": 100}, {""round"": 11, ""present"": 85, ""expected"": 100}, {""round"": 16, ""present"": 85, ""expected"": 100}, {""round"": 21, ""present"": 76, ""expected"": 100}]",,部分逐类文件缺类，不能完整复算,,,,,,,output/cifar100_LT/fedtef_v5_component_ladder/lora_memory_tailagg/seed1/frac0.4/FedTEF-v5_noniid-labeldir/round_metrics.csv,,{},3da57d426e455a8909888a01f7193900882ea66f3e1459d545e6a3e41f3488f1,ee4e803695a4b3190e938ffb1aa0e0501cd95d6e0341d25079a7672b5e9a5938,,output/cifar100_LT/fedtef_v5_component_ladder/lora_memory_tailagg/seed1/frac0.4/FedTEF-v5_noniid-labeldir,独立目录记录
R9921271db,cifar100_LT/fedtef_v5_component_ladder,output/cifar100_LT/fedtef_v5_component_ladder/lora_memory_tailagg_rescue/seed1/frac0.4/FedTEF-v5_noniid-labeldir,,FedTEF,FedTEF,Cifar100_LT,noniid-labeldir,1,,,,,,,,短运行或本地结果不完整,1,30,7,7,,,,,,,,,,,,47.31,12.833333333333334,24.36842105263158,1,11.535087719298245,,100,20,8b34f72f548e6209fdfcfdc7fb4c5c755669054b3fd9eb456dfc5ef0559cc1a5,,,,,,,7,0,7,"[{""round"": 1, ""present"": 94, ""expected"": 100}, {""round"": 6, ""present"": 95, ""expected"": 100}, {""round"": 11, ""present"": 82, ""expected"": 100}, {""round"": 16, ""present"": 82, ""expected"": 100}, {""round"": 21, ""present"": 78, ""expected"": 100}]",,部分逐类文件缺类，不能完整复算,,,,,,,output/cifar100_LT/fedtef_v5_component_ladder/lora_memory_tailagg_rescue/seed1/frac0.4/FedTEF-v5_noniid-labeldir/round_metrics.csv,,{},d834fd222d33852642f8ccff5c668e83408b32788e3d5bc8b1584df9f6c11104,bb8149f69f66808594c285648284d0480bbb9ccc083cfe26533a2fc184404b1a,,output/cifar100_LT/fedtef_v5_component_ladder/lora_memory_tailagg_rescue/seed1/frac0.4/FedTEF-v5_noniid-labeldir,独立目录记录
Rcb210f882,cifar100_LT/fedtef_v5_component_ladder,output/cifar100_LT/fedtef_v5_component_ladder/lora_only/seed1/frac0.4/FedTEF-v5_noniid-labeldir,,FedTEF,FedTEF,Cifar100_LT,noniid-labeldir,1,,,,,,,,短运行或本地结果不完整,1,30,7,7,,,,,,,,,,,,49.16,14.875,42.5,1,27.625,,100,20,8b34f72f548e6209fdfcfdc7fb4c5c755669054b3fd9eb456dfc5ef0559cc1a5,,,,,,,7,0,7,"[{""round"": 1, ""present"": 98, ""expected"": 100}, {""round"": 6, ""present"": 96, ""expected"": 100}, {""round"": 11, ""present"": 86, ""expected"": 100}, {""round"": 16, ""present"": 82, ""expected"": 100}, {""round"": 21, ""present"": 79, ""expected"": 100}]",,部分逐类文件缺类，不能完整复算,,,,,,,output/cifar100_LT/fedtef_v5_component_ladder/lora_only/seed1/frac0.4/FedTEF-v5_noniid-labeldir/round_metrics.csv,,{},337e78b3905ef4bb6e8f5c0c0f101d412078270fb573232490a6fbada0d1f97d,2130876c0d0edea6781a3b966d57a030fc548aa102ed996d6ffef9cbe1a78344,,output/cifar100_LT/fedtef_v5_component_ladder/lora_only/seed1/frac0.4/FedTEF-v5_noniid-labeldir,独立目录记录
Rd5d13507b,cifar100_LT/fedtef_v5_component_ladder,output/cifar100_LT/fedtef_v5_component_ladder/prompt_only/seed1/frac0.4/FedTEF-v5_noniid-labeldir,,FedTEF,FedTEF,Cifar100_LT,noniid-labeldir,1,,,,,,,,短运行或本地结果不完整,1,30,7,7,,,,,,,,,,,,58.59,29.85,39.3,11,9.449999999999996,,100,20,8b34f72f548e6209fdfcfdc7fb4c5c755669054b3fd9eb456dfc5ef0559cc1a5,,,,,,,7,12,3,"[{""round"": 1, ""present"": 98, ""expected"": 100}, {""round"": 6, ""present"": 99, ""expected"": 100}, {""round"": 26, ""present"": 98, ""expected"": 100}]",0.0,部分逐类文件缺类，不能完整复算,,,,,,,output/cifar100_LT/fedtef_v5_component_ladder/prompt_only/seed1/frac0.4/FedTEF-v5_noniid-labeldir/round_metrics.csv,,{},75b984d6569371221ae89507c4e57cd4b2827758dd12eb8161a848a4f2f2310d,87a7393a8f23c3156a3bbe2573e90dc5a1a1fac42288dd730882a7fd503662a9,,output/cifar100_LT/fedtef_v5_component_ladder/prompt_only/seed1/frac0.4/FedTEF-v5_noniid-labeldir,独立目录记录
R84a8cd47c,cifar100_LT/fedtef_v6_low_exposure_router_dirichlet,output/cifar100_LT/fedtef_v6_low_exposure_router_dirichlet/seed1/frac0.4/FedTEF-v6_noniid-labeldir,,FedTEF,FedTEF,Cifar100_LT,noniid-labeldir,1,,,,,,,,已记录到第100轮或以后,1,100,21,21,,,,,,,,,,,,61.98,35.0,40.75,96,5.75,,100,20,8b34f72f548e6209fdfcfdc7fb4c5c755669054b3fd9eb456dfc5ef0559cc1a5,,,,,,,21,63,0,[],0.0,逐类核对通过,,,,,,,output/cifar100_LT/fedtef_v6_low_exposure_router_dirichlet/seed1/frac0.4/FedTEF-v6_noniid-labeldir/round_metrics.csv,,{},05d4416c5dd59079358ce4c98d4ad194d063226f2e131d988bca76ebc97d852b,3e20ba2bce06bede0cbc29a08627256b3b0317d462218b9696ba6a03b43b21ad,,output/cifar100_LT/fedtef_v6_low_exposure_router_dirichlet/seed1/frac0.4/FedTEF-v6_noniid-labeldir,独立目录记录
Rba3e06ab4,cifar100_LT/fedtef_v7_allrows_l03,output/cifar100_LT/fedtef_v7_allrows_l03/seed1/frac0.4/FedTEF-v7_noniid-labeldir,,FedTEF,FedTEF,Cifar100_LT,noniid-labeldir,1,,,,,,,,已记录到第100轮或以后,1,100,21,21,,,,,,,,,,,,64.64,46.65,55.4,6,8.75,,100,20,8b34f72f548e6209fdfcfdc7fb4c5c755669054b3fd9eb456dfc5ef0559cc1a5,,,,,,,21,63,0,[],0.0,逐类核对通过,,,,,,,output/cifar100_LT/fedtef_v7_allrows_l03/seed1/frac0.4/FedTEF-v7_noniid-labeldir/round_metrics.csv,,{},14bb7e2983673dcd83d97de298b02227cf8c0f9ef54b8fed7c5c7fcad175b5d8,d2dfd7ed628b9419345413d6ea598fbfef32e502bef3ab1edc73e138ac1eb35a,,output/cifar100_LT/fedtef_v7_allrows_l03/seed1/frac0.4/FedTEF-v7_noniid-labeldir,独立目录记录
Ra35c1ceee,cifar100_LT/fedtef_v7_routed_prompt_dirichlet,output/cifar100_LT/fedtef_v7_routed_prompt_dirichlet/seed1/frac0.4/FedTEF-v7_noniid-labeldir,,FedTEF,FedTEF,Cifar100_LT,noniid-labeldir,1,,,,,,,,已记录到第100轮或以后,1,100,21,21,,,,,,,,,,,,62.6,43.85,54.1,6,10.25,,100,20,8b34f72f548e6209fdfcfdc7fb4c5c755669054b3fd9eb456dfc5ef0559cc1a5,,,,,,,21,63,0,[],0.0,逐类核对通过,,,,,,,output/cifar100_LT/fedtef_v7_routed_prompt_dirichlet/seed1/frac0.4/FedTEF-v7_noniid-labeldir/round_metrics.csv,,{},969c92840fdafe9f726a816a6ca54445ecd053a27d9a9e812535be3e925027c1,979bfc66dd6c0db764395767e3bbffabf240c9e758c8e6c72f8d51d441cb3bc8,,output/cifar100_LT/fedtef_v7_routed_prompt_dirichlet/seed1/frac0.4/FedTEF-v7_noniid-labeldir,独立目录记录
R1eda9ed48,cifar100_LT/fedtef_v8_acquisition_dirichlet,output/cifar100_LT/fedtef_v8_acquisition_dirichlet/seed1/frac0.4/FedTEF-v8-acq_noniid-labeldir,,FedTEF,FedTEF,Cifar100_LT,noniid-labeldir,1,,,,,,,,已记录到第100轮或以后,1,100,21,21,,,,,,,,,,,,61.81,44.3,52.5,36,8.200000000000003,,100,20,8b34f72f548e6209fdfcfdc7fb4c5c755669054b3fd9eb456dfc5ef0559cc1a5,,,,,,,21,63,0,[],0.0,逐类核对通过,,,,,,,output/cifar100_LT/fedtef_v8_acquisition_dirichlet/seed1/frac0.4/FedTEF-v8-acq_noniid-labeldir/round_metrics.csv,,{},869754601ac79ed561e0097e0a7fe006234d56d932d2d8aa6f9e4e7cecbdc9e2,114ee1f0059dc41f1b905652ee2b4a9f005cea1d192d0e0ea67062f7f81aa940,,output/cifar100_LT/fedtef_v8_acquisition_dirichlet/seed1/frac0.4/FedTEF-v8-acq_noniid-labeldir,独立目录记录
R8ebf76293,cifar100_LT/fedtef_v8_lite_dirichlet,output/cifar100_LT/fedtef_v8_lite_dirichlet/seed1/frac0.4/FedTEF-v8-lite_noniid-labeldir,,FedTEF,FedTEF,Cifar100_LT,noniid-labeldir,1,,,,,,,,已记录到第100轮或以后,1,100,21,21,,,,,,,,,,,,65.56,48.25,54.9,36,6.649999999999999,,100,20,8b34f72f548e6209fdfcfdc7fb4c5c755669054b3fd9eb456dfc5ef0559cc1a5,,,,,,,21,63,0,[],0.0,逐类核对通过,,,,,,,output/cifar100_LT/fedtef_v8_lite_dirichlet/seed1/frac0.4/FedTEF-v8-lite_noniid-labeldir/round_metrics.csv,,{},07c605feb252a9df2c565898bd73a15f4b76235ae784f78d1679fe4b8104eb53,b0f45adfee102f087774143622ddc856d53bb015b2659b9cd8cf24a21b306897,,output/cifar100_LT/fedtef_v8_lite_dirichlet/seed1/frac0.4/FedTEF-v8-lite_noniid-labeldir,独立目录记录
R9b6901c66,cifar100_LT/fedtef_v9_clean_acquisition_dirichlet,output/cifar100_LT/fedtef_v9_clean_acquisition_dirichlet/seed1/frac0.4/FedTEF-v9-clean-acq_noniid-labeldir,,FedTEF,FedTEF,Cifar100_LT,noniid-labeldir,1,,,,,,,,已记录到第100轮或以后,1,100,21,21,,,,,,,,,,,,62.66,42.7,52.05,36,9.349999999999994,,100,20,8b34f72f548e6209fdfcfdc7fb4c5c755669054b3fd9eb456dfc5ef0559cc1a5,,,,,,,21,63,0,[],0.0,逐类核对通过,,,,,,,output/cifar100_LT/fedtef_v9_clean_acquisition_dirichlet/seed1/frac0.4/FedTEF-v9-clean-acq_noniid-labeldir/round_metrics.csv,,{},0c04d0ac8d360d3d57dbd3054b697e81e0548dde943d414ac0fb3e4fa835dab4,47f56900c551f4b158b66b8d519ee68900b22a367fc693b2b0b8e99e2d83d65c,,output/cifar100_LT/fedtef_v9_clean_acquisition_dirichlet/seed1/frac0.4/FedTEF-v9-clean-acq_noniid-labeldir,独立目录记录
R6eab6fbb2,cifar100_LT/lora,output/cifar100_LT/lora/clientLT_seed42,,ClipLora,ClipLora,Cifar100_LT,client-longtail,42,2,amp,,,,,,已记录到第100轮或以后,0,100,101,101,,81,100,64.98949999999999,86.3725,66.8425,38.0475,71.725,82.07571428571428,67.46142857142857,42.17166666666667,64.88,38.0,67.7,2,29.700000000000003,66.35,100,30,dccc4466cfc50d3fc557d32a0d1bb8a7adc9e81ac6b171e47446dfaadfa985ef,,898ab6b4d75ba8f31be40f5219696d98204c1506656c265cc1b3b68eff508a81,3.6500000953674316,39.0,638.0,,101,303,0,[],0.0,逐类核对通过,,,,,,,output/cifar100_LT/lora/clientLT_seed42/round_metrics.csv,,{},cb6c9926df2aa1d2dc322b99f365beafe005e6c10c75e86a7d96f35ab352801e,f5fd8385e073ca9091ac20b082fc26c6b202302172a1f814c3ddd84320aac5af,,output/cifar100_LT/lora/clientLT_seed42,独立目录记录
Rd93d4f31a,cifar100_LT/PromptFL_fedavg_vit_b16_batchSize32,output/cifar100_LT/PromptFL_fedavg_vit_b16_batchSize32/ExperimentD_LocalEpochPilot/client-longtail_lambda=0.75_alpha=0.5_rho=3.0_localE=1_seed=1,,PromptFL,PromptFL,Cifar100_LT,client-longtail,1,,,,,,,,短运行或本地结果不完整,1,30,30,30,,11,30,49.3765,69.63250000000001,45.58,40.51,51.593125,64.27142857142857,43.31857142857143,39.06666666666667,50.34,39.3,41.9,6,2.6000000000000014,,100,30,dccc4466cfc50d3fc557d32a0d1bb8a7adc9e81ac6b171e47446dfaadfa985ef,,,4.050000190734863,38.0,587.0,,30,90,0,[],0.0,逐类核对通过,,,,,,,output/cifar100_LT/PromptFL_fedavg_vit_b16_batchSize32/ExperimentD_LocalEpochPilot/client-longtail_lambda=0.75_alpha=0.5_rho=3.0_localE=1_seed=1/round_metrics.csv,,{},f0081c14b66d3388f42b96ab5d6052345d4419c74afb80fb860040ecaaf223e0,427e7ad2fb4cbbc94829e12195a69d2aaf6863fbb278221ac00438cd13a922be,,output/cifar100_LT/PromptFL_fedavg_vit_b16_batchSize32/ExperimentD_LocalEpochPilot/client-longtail_lambda=0.75_alpha=0.5_rho=3.0_localE=1_seed=1,独立目录记录
R9acf6c4f4,cifar100_LT/PromptFL_fedavg_vit_b16_batchSize32,output/cifar100_LT/PromptFL_fedavg_vit_b16_batchSize32/ExperimentD_LocalEpochPilot/client-longtail_lambda=0.75_alpha=0.5_rho=3.0_localE=3_seed=1,,PromptFL,PromptFL,Cifar100_LT,client-longtail,1,,,,,,,,短运行或本地结果不完整,1,30,30,30,,11,30,59.947500000000005,87.435,64.06166666666667,20.1175,69.905,83.16285714285715,64.83,27.166666666666668,60.93,20.25,21.8,18,1.5500000000000007,,100,30,dccc4466cfc50d3fc557d32a0d1bb8a7adc9e81ac6b171e47446dfaadfa985ef,,,4.050000190734863,38.0,587.0,,30,90,0,[],0.0,逐类核对通过,,,,,,,output/cifar100_LT/PromptFL_fedavg_vit_b16_batchSize32/ExperimentD_LocalEpochPilot/client-longtail_lambda=0.75_alpha=0.5_rho=3.0_localE=3_seed=1/round_metrics.csv,,{},bd8ed539523c6bd705936a92fe4b5b272875d077963bcfd7df137167a70daecc,87f100ad926c063c06b2415c62183543aadc3216635eecc8201fc709110414ba,,output/cifar100_LT/PromptFL_fedavg_vit_b16_batchSize32/ExperimentD_LocalEpochPilot/client-longtail_lambda=0.75_alpha=0.5_rho=3.0_localE=3_seed=1,独立目录记录
R3c00b3dcd,cifar100_LT/PromptFL_fedavg_vit_b16_batchSize32,output/cifar100_LT/PromptFL_fedavg_vit_b16_batchSize32/ExperimentD_Main/partition=client-longtail_lambda=0.75_alpha=0.5_rho=3.0_IF=0.01_localE=3_seed=1,,PromptFL,PromptFL,Cifar100_LT,client-longtail,1,,,,,,,,短运行或本地结果不完整,1,13,13,13,,,,,,,,,,,,59.34,19.35,20.05,9,0.6999999999999993,,100,30,dccc4466cfc50d3fc557d32a0d1bb8a7adc9e81ac6b171e47446dfaadfa985ef,,,4.050000190734863,38.0,587.0,,13,39,0,[],0.0,逐类核对通过,,,,,,,output/cifar100_LT/PromptFL_fedavg_vit_b16_batchSize32/ExperimentD_Main/partition=client-longtail_lambda=0.75_alpha=0.5_rho=3.0_IF=0.01_localE=3_seed=1/round_metrics.csv,,{},bdfea9002edacb8b46ec7ea5f5b8f57a6906c73a20d79213ea3a98aebf3b3eea,8bdfb7ca7a8612ee3aaac99944a68185e1ff95c21c3cd0c1929ea02ebee4a08a,,output/cifar100_LT/PromptFL_fedavg_vit_b16_batchSize32/ExperimentD_Main/partition=client-longtail_lambda=0.75_alpha=0.5_rho=3.0_IF=0.01_localE=3_seed=1,独立目录记录
R3a0d24658,cifar100_LT/PromptFL_fedavg_vit_b16_batchSize32,output/cifar100_LT/PromptFL_fedavg_vit_b16_batchSize32/ExperimentD_Main/partition=client-longtail_lambda=0.75_alpha=0.5_rho=3.0_IF=0.01_localE=3_seed=2026,,PromptFL,PromptFL,Cifar100_LT,client-longtail,2026,,,,,,,,已记录到第100轮或以后,1,100,100,100,,81,100,60.721000000000004,88.775,65.24166666666666,19.105,71.125,84.37714285714286,66.14142857142858,26.798333333333336,60.77,20.15,21.15,52,1.0,,100,30,dccc4466cfc50d3fc557d32a0d1bb8a7adc9e81ac6b171e47446dfaadfa985ef,,,3.8499999046325684,37.0,717.0,,100,300,0,[],0.0,逐类核对通过,,,,,,,output/cifar100_LT/PromptFL_fedavg_vit_b16_batchSize32/ExperimentD_Main/partition=client-longtail_lambda=0.75_alpha=0.5_rho=3.0_IF=0.01_localE=3_seed=2026/round_metrics.csv,,{},ae02a1c36ce1c1fdea3f7481934894d40de181c5ee617e767f58eeda7c0102ed,6b603b75dce54dea09b487ecfd07b424c1805447421b8f0ca9dd1f30c3277dec,,output/cifar100_LT/PromptFL_fedavg_vit_b16_batchSize32/ExperimentD_Main/partition=client-longtail_lambda=0.75_alpha=0.5_rho=3.0_IF=0.01_localE=3_seed=2026,独立目录记录
R7d8d4d1ac,cifar100_LT/PromptFL_fedavg_vit_b16_batchSize32,output/cifar100_LT/PromptFL_fedavg_vit_b16_batchSize32/ExperimentD_Main/partition=client-longtail_lambda=0.75_alpha=0.5_rho=3.0_IF=0.01_localE=3_seed=42,,PromptFL,PromptFL,Cifar100_LT,client-longtail,42,,,,,,,,已记录到第100轮或以后,1,100,100,100,,81,100,60.580999999999996,88.4075,65.2375,18.785,71.03,84.19285714285715,66.06142857142858,26.639999999999997,60.44,18.9,20.55,65,1.6500000000000021,,100,30,dccc4466cfc50d3fc557d32a0d1bb8a7adc9e81ac6b171e47446dfaadfa985ef,,,3.6500000953674316,39.0,638.0,,100,300,0,[],0.0,逐类核对通过,,,,,,,output/cifar100_LT/PromptFL_fedavg_vit_b16_batchSize32/ExperimentD_Main/partition=client-longtail_lambda=0.75_alpha=0.5_rho=3.0_IF=0.01_localE=3_seed=42/round_metrics.csv,,{},d13e98c5d4c4e4022b444b45575739f957be1cfcc439a228484e665f3fdb4286,d1644846af7eb82de087b27ec02ce9418d40fdcc5b7bdcc3d1920dcb4a03562b,,output/cifar100_LT/PromptFL_fedavg_vit_b16_batchSize32/ExperimentD_Main/partition=client-longtail_lambda=0.75_alpha=0.5_rho=3.0_IF=0.01_localE=3_seed=42,独立目录记录
R817cbc7f1,cifar100_LT/PromptFL_fedavg_vit_b16_batchSize32,output/cifar100_LT/PromptFL_fedavg_vit_b16_batchSize32/ExperimentD_Main/partition=noniid-labeldir-fine_alpha=0.5_IF=0.01_localE=3_seed=1,,,PromptFL,Cifar100_LT,noniid-labeldir-fine,1,,,,,,,,只有日志或配置，未发现精度结果,,,0,0,,,,,,,,,,,,,,,,,,100,30,dccc4466cfc50d3fc557d32a0d1bb8a7adc9e81ac6b171e47446dfaadfa985ef,,,5.650000095367432,267.0,506.0,,0,0,0,[],,缺少可交叉核对的分组或逐类文件,,,,,,,per_class CSV,,{},,,,output/cifar100_LT/PromptFL_fedavg_vit_b16_batchSize32/ExperimentD_Main/partition=noniid-labeldir-fine_alpha=0.5_IF=0.01_localE=3_seed=1,独立目录记录
Rd0ffb8eb6,cifar100_LT/PromptFL_fedavg_vit_b16_batchSize32,output/cifar100_LT/PromptFL_fedavg_vit_b16_batchSize32/ExperimentD_Main/partition=noniid-labeldir-fine_alpha=0.5_IF=0.01_localE=3_seed=2026,,PromptFL,PromptFL,Cifar100_LT,noniid-labeldir-fine,2026,,,,,,,,已记录到第100轮或以后,1,100,100,100,,81,100,64.201,88.0775,65.08500000000001,37.6725,70.833125,84.09,65.76571428571428,39.17166666666667,64.9,38.55,41.15,29,2.6000000000000014,,100,30,dccc4466cfc50d3fc557d32a0d1bb8a7adc9e81ac6b171e47446dfaadfa985ef,,,5.699999809265137,251.0,563.0,,100,300,0,[],0.0,逐类核对通过,,,,,,,output/cifar100_LT/PromptFL_fedavg_vit_b16_batchSize32/ExperimentD_Main/partition=noniid-labeldir-fine_alpha=0.5_IF=0.01_localE=3_seed=2026/round_metrics.csv,,{},e1b9f55abd8e9c8e8a38da56a537a2eff96b6436c77fb6ba9730dfff9b7af888,f062d73d399a67f96189c074353a73e2794d7662d276e1ec97adead4cd5fd6e5,,output/cifar100_LT/PromptFL_fedavg_vit_b16_batchSize32/ExperimentD_Main/partition=noniid-labeldir-fine_alpha=0.5_IF=0.01_localE=3_seed=2026,独立目录记录
Rbef2894ae,cifar100_LT/PromptFL_fedavg_vit_b16_batchSize32,output/cifar100_LT/PromptFL_fedavg_vit_b16_batchSize32/ExperimentD_Main/partition=noniid-labeldir-fine_alpha=0.5_IF=0.01_localE=3_seed=42,,PromptFL,PromptFL,Cifar100_LT,noniid-labeldir-fine,42,,,,,,,,已记录到第100轮或以后,1,100,100,100,,81,100,64.009,88.115,64.57333333333334,38.209999999999994,70.45875,83.68571428571428,65.39857142857143,39.431666666666665,64.32,38.8,41.55,42,2.75,,100,30,dccc4466cfc50d3fc557d32a0d1bb8a7adc9e81ac6b171e47446dfaadfa985ef,,,6.050000190734863,229.0,500.0,,100,300,0,[],0.0,逐类核对通过,,,,,,,output/cifar100_LT/PromptFL_fedavg_vit_b16_batchSize32/ExperimentD_Main/partition=noniid-labeldir-fine_alpha=0.5_IF=0.01_localE=3_seed=42/round_metrics.csv,,{},a997b5d15372b5a69daea441dad4c59435c31ca2d800d4ce83ea78a89de57621,ddec2bf3efa4485e971d849543327b09d13bb3669eb3e72750dbbbb9d40018f5,,output/cifar100_LT/PromptFL_fedavg_vit_b16_batchSize32/ExperimentD_Main/partition=noniid-labeldir-fine_alpha=0.5_IF=0.01_localE=3_seed=42,独立目录记录
R43036793e,cifar100_LT/PromptFL_fedavg_vit_b16_batchSize32,output/cifar100_LT/PromptFL_fedavg_vit_b16_batchSize32/ExpF_smoke/partition=noniid-labeldir-fine_beta=0.5_IF=0.01_localE=5_seed=1,,PromptFL,PromptFL,Cifar100_LT,noniid-labeldir-fine,1,,,,,,,,短运行或本地结果不完整,1,5,5,5,,,,,,,,,,,,57.14,32.9,36.5,3,3.6000000000000014,,100,50,dccc4466cfc50d3fc557d32a0d1bb8a7adc9e81ac6b171e47446dfaadfa985ef,,,,,,,5,15,0,[],0.0,逐类核对通过,,,,,,,output/cifar100_LT/PromptFL_fedavg_vit_b16_batchSize32/ExpF_smoke/partition=noniid-labeldir-fine_beta=0.5_IF=0.01_localE=5_seed=1/round_metrics.csv,,{},ef2284c5d985e1e5f45726c170ebb5187d0c6c1d33eab0e535549c99bff4b832,6471475a901fc926e9ebaf3018967f545b90e1cdb6495ad775f2252e6409081c,,output/cifar100_LT/PromptFL_fedavg_vit_b16_batchSize32/ExpF_smoke/partition=noniid-labeldir-fine_beta=0.5_IF=0.01_localE=5_seed=1,独立目录记录
Rd2ed2eb69,cifar100_LT/PromptFL_fedavg_vit_b16_batchSize32,output/cifar100_LT/PromptFL_fedavg_vit_b16_batchSize32/PanelC_users30_localE3/partition=client-longtail_lambda=0.75_alpha=0.1_rho=3.0_IF=0.01_localE=3_seed=1,,,PromptFL,Cifar100_LT,,,,,,,,,,只有日志或配置，未发现精度结果,,,0,0,,,,,,,,,,,,,,,,,,,,,,,,,,,0,0,0,[],,缺少可交叉核对的分组或逐类文件,,,,,,,per_class CSV,,{},,,,output/cifar100_LT/PromptFL_fedavg_vit_b16_batchSize32/PanelC_users30_localE3/partition=client-longtail_lambda=0.75_alpha=0.1_rho=3.0_IF=0.01_localE=3_seed=1,独立目录记录
R6610f5fba,cifar100_LT/PromptFL_fedavg_vit_b16_batchSize32,output/cifar100_LT/PromptFL_fedavg_vit_b16_batchSize32/PanelC_users30_localE3/partition=client-longtail_lambda=0.75_alpha=0.1_rho=3.0_IF=0.01_localE=3_seed=2026,,PromptFL,PromptFL,Cifar100_LT,client-longtail,2026,,,,,,,,已记录到第100轮或以后,1,100,21,21,,,,,,,,,,,,59.66,19.35,24.9,21,5.549999999999997,,100,30,dccc4466cfc50d3fc557d32a0d1bb8a7adc9e81ac6b171e47446dfaadfa985ef,,,3.049999952316284,31.0,1088.0,,21,63,0,[],0.0,逐类核对通过,,,,,,,output/cifar100_LT/PromptFL_fedavg_vit_b16_batchSize32/PanelC_users30_localE3/partition=client-longtail_lambda=0.75_alpha=0.1_rho=3.0_IF=0.01_localE=3_seed=2026/round_metrics.csv,,{},fa8b50f663937c6369aa86c25d23a171bbcad305ec8bb4b956f933742071fccc,d00f8e42a35f27bd20cebbc53183ac82b4cbf10b4e01bb1ff1e7b5d29e425526,Dd00f8e42,output/PromptFL_fedavg_vit_b16_batchSize32/PanelC_users30_localE3/partition=client-longtail_lambda=0.75_alpha=0.1_rho=3.0_IF=0.01_localE=3_seed=2026,曲线相同的副本候选
R193f97cb2,cifar100_LT/PromptFL_fedavg_vit_b16_batchSize32,output/cifar100_LT/PromptFL_fedavg_vit_b16_batchSize32/PanelC_users30_localE3/partition=client-longtail_lambda=0.75_alpha=0.1_rho=3.0_IF=0.01_localE=3_seed=42,,PromptFL,PromptFL,Cifar100_LT,client-longtail,42,,,,,,,,已记录到第100轮或以后,1,100,21,21,,,,,,,,,,,,61.24,23.05,25.1,96,2.0500000000000007,,100,30,dccc4466cfc50d3fc557d32a0d1bb8a7adc9e81ac6b171e47446dfaadfa985ef,,,2.8499999046325684,39.0,962.0,,21,63,0,[],0.0,逐类核对通过,,,,,,,output/cifar100_LT/PromptFL_fedavg_vit_b16_batchSize32/PanelC_users30_localE3/partition=client-longtail_lambda=0.75_alpha=0.1_rho=3.0_IF=0.01_localE=3_seed=42/round_metrics.csv,,{},ccd55e2a641a3d16044049c2c88f2c0d3254a6f8264dfa47387d386e7372cade,844dc6a42c248865733909c75faf80e31b3afd79e45315da2d1e9d8b92b12dec,D844dc6a4,output/PromptFL_fedavg_vit_b16_batchSize32/PanelC_users30_localE3/partition=client-longtail_lambda=0.75_alpha=0.1_rho=3.0_IF=0.01_localE=3_seed=42,曲线相同的副本候选
R8af39ce66,cifar100_LT/PromptFL_fedavg_vit_b16_batchSize32,output/cifar100_LT/PromptFL_fedavg_vit_b16_batchSize32/PanelC_users30_localE3/partition=client-longtail_lambda=0.75_alpha=0.25_rho=3.0_IF=0.01_localE=3_seed=1,,PromptFL,PromptFL,Cifar100_LT,client-longtail,1,,,,,,,,已记录到第100轮或以后,1,100,21,21,,,,,,,,,,,,60.06,20.05,22.85,21,2.8000000000000007,,100,30,dccc4466cfc50d3fc557d32a0d1bb8a7adc9e81ac6b171e47446dfaadfa985ef,,,3.5,35.0,632.0,,21,63,0,[],0.0,逐类核对通过,,,,,,,output/cifar100_LT/PromptFL_fedavg_vit_b16_batchSize32/PanelC_users30_localE3/partition=client-longtail_lambda=0.75_alpha=0.25_rho=3.0_IF=0.01_localE=3_seed=1/round_metrics.csv,,{},18d9e50203c386928109ad6ead3b1c0523ffdf6c653fb70e4c821f4414d4299d,d90d2ddeba8e1bfa03dffc96f030b486ee093ce28309b5224f0bed856c707456,Dd90d2dde,output/PromptFL_fedavg_vit_b16_batchSize32/PanelC_users30_localE3/partition=client-longtail_lambda=0.75_alpha=0.25_rho=3.0_IF=0.01_localE=3_seed=1,曲线相同的副本候选
Rfff91e5b9,cifar100_LT/PromptFL_fedavg_vit_b16_batchSize32,output/cifar100_LT/PromptFL_fedavg_vit_b16_batchSize32/PanelC_users30_localE3/partition=client-longtail_lambda=0.75_alpha=0.25_rho=3.0_IF=0.01_localE=3_seed=2026,,PromptFL,PromptFL,Cifar100_LT,client-longtail,2026,,,,,,,,已记录到第100轮或以后,1,100,21,21,,,,,,,,,,,,60.5,19.3,22.15,26,2.849999999999998,,100,30,dccc4466cfc50d3fc557d32a0d1bb8a7adc9e81ac6b171e47446dfaadfa985ef,,,3.1500000953674316,38.0,559.0,,21,63,0,[],0.0,逐类核对通过,,,,,,,output/cifar100_LT/PromptFL_fedavg_vit_b16_batchSize32/PanelC_users30_localE3/partition=client-longtail_lambda=0.75_alpha=0.25_rho=3.0_IF=0.01_localE=3_seed=2026/round_metrics.csv,,{},7b8bb0e20b6945c845aafe9bbcfc181870bdd69a0e003980787dbb75297e280f,cda2911ba1cc9ec9b1d7bdedaa06e34e74d9691cca14e7324e871c00db921e7f,Dcda2911b,output/PromptFL_fedavg_vit_b16_batchSize32/PanelC_users30_localE3/partition=client-longtail_lambda=0.75_alpha=0.25_rho=3.0_IF=0.01_localE=3_seed=2026,曲线相同的副本候选
Rb57091eec,cifar100_LT/PromptFL_fedavg_vit_b16_batchSize32,output/cifar100_LT/PromptFL_fedavg_vit_b16_batchSize32/PanelC_users30_localE3/partition=client-longtail_lambda=0.75_alpha=0.25_rho=3.0_IF=0.01_localE=3_seed=42,,PromptFL,PromptFL,Cifar100_LT,client-longtail,42,,,,,,,,已记录到第100轮或以后,1,100,21,21,,,,,,,,,,,,61.16,21.55,23.2,46,1.6499999999999986,,100,30,dccc4466cfc50d3fc557d32a0d1bb8a7adc9e81ac6b171e47446dfaadfa985ef,,,3.25,40.0,597.0,,21,63,0,[],0.0,逐类核对通过,,,,,,,output/cifar100_LT/PromptFL_fedavg_vit_b16_batchSize32/PanelC_users30_localE3/partition=client-longtail_lambda=0.75_alpha=0.25_rho=3.0_IF=0.01_localE=3_seed=42/round_metrics.csv,,{},08152f5b6ed633fe488f7bb66ae1ae33af16a763972bacb7e54f72e5cb3ef205,18a298e25f5fb3f880b61090a80ef816a795535f49417fe0948722cfe7be7c4d,D18a298e2,output/PromptFL_fedavg_vit_b16_batchSize32/PanelC_users30_localE3/partition=client-longtail_lambda=0.75_alpha=0.25_rho=3.0_IF=0.01_localE=3_seed=42,曲线相同的副本候选
Rd4029ca45,cifar100_LT/PromptFL_fedavg_vit_b16_batchSize32,output/cifar100_LT/PromptFL_fedavg_vit_b16_batchSize32/PanelC_users30_localE3/partition=client-longtail_lambda=0.75_alpha=0.5_rho=3.0_IF=0.01_localE=3_seed=1,,PromptFL,PromptFL,Cifar100_LT,client-longtail,1,,,,,,,,已记录到第100轮或以后,1,100,21,21,,,,,,,,,,,,60.58,17.5,21.4,26,3.8999999999999986,,100,30,dccc4466cfc50d3fc557d32a0d1bb8a7adc9e81ac6b171e47446dfaadfa985ef,,,4.050000190734863,38.0,587.0,,21,63,0,[],0.0,逐类核对通过,,,,,,,output/cifar100_LT/PromptFL_fedavg_vit_b16_batchSize32/PanelC_users30_localE3/partition=client-longtail_lambda=0.75_alpha=0.5_rho=3.0_IF=0.01_localE=3_seed=1/round_metrics.csv,,{},055ebf681b3a2e26adb9aa20047f3b9d4eb9aa850e73953aad55d21fa1baf239,71613aacda62c611a226896e328e4f45549814a4735d6a7d2da173028d333bd9,D71613aac,output/PromptFL_fedavg_vit_b16_batchSize32/PanelC_users30_localE3/partition=client-longtail_lambda=0.75_alpha=0.5_rho=3.0_IF=0.01_localE=3_seed=1,曲线相同的副本候选
Rfafbf466e,cifar100_LT/PromptFL_fedavg_vit_b16_batchSize32,output/cifar100_LT/PromptFL_fedavg_vit_b16_batchSize32/PanelC_users30_localE3/partition=client-longtail_lambda=0.75_alpha=0.5_rho=3.0_IF=0.01_localE=3_seed=2026,,PromptFL,PromptFL,Cifar100_LT,client-longtail,2026,,,,,,,,已记录到第100轮或以后,1,100,21,21,,,,,,,,,,,,60.05,17.85,19.65,26,1.7999999999999972,,100,30,dccc4466cfc50d3fc557d32a0d1bb8a7adc9e81ac6b171e47446dfaadfa985ef,,,3.8499999046325684,37.0,717.0,,21,63,0,[],0.0,逐类核对通过,,,,,,,output/cifar100_LT/PromptFL_fedavg_vit_b16_batchSize32/PanelC_users30_localE3/partition=client-longtail_lambda=0.75_alpha=0.5_rho=3.0_IF=0.01_localE=3_seed=2026/round_metrics.csv,,{},ec4146341b16cd00f42d90997a5351ccd2c7a5579b5d11e282d41a77d2249607,2816c9cd14382e90843dad3d1e8d39a38e0a5fc039ca3f7522cd700af29e9d6c,D2816c9cd,output/PromptFL_fedavg_vit_b16_batchSize32/PanelC_users30_localE3/partition=client-longtail_lambda=0.75_alpha=0.5_rho=3.0_IF=0.01_localE=3_seed=2026,曲线相同的副本候选
R39a2b1872,cifar100_LT/PromptFL_fedavg_vit_b16_batchSize32,output/cifar100_LT/PromptFL_fedavg_vit_b16_batchSize32/PanelC_users30_localE3/partition=client-longtail_lambda=0.75_alpha=0.5_rho=3.0_IF=0.01_localE=3_seed=42,,PromptFL,PromptFL,Cifar100_LT,client-longtail,42,,,,,,,,已记录到第100轮或以后,1,100,21,21,,,,,,,,,,,,60.86,19.25,20.0,16,0.75,,100,30,dccc4466cfc50d3fc557d32a0d1bb8a7adc9e81ac6b171e47446dfaadfa985ef,,,3.6500000953674316,39.0,638.0,,21,63,0,[],0.0,逐类核对通过,,,,,,,output/cifar100_LT/PromptFL_fedavg_vit_b16_batchSize32/PanelC_users30_localE3/partition=client-longtail_lambda=0.75_alpha=0.5_rho=3.0_IF=0.01_localE=3_seed=42/round_metrics.csv,,{},e3d97f194b7f052a77506944799ef368811735eab122ce1a94206a5b90485b11,7b6908e2c850cc251145e74d632d9a89b4b2b5f53664a9196bbca93cb2dcb573,D7b6908e2,output/PromptFL_fedavg_vit_b16_batchSize32/PanelC_users30_localE3/partition=client-longtail_lambda=0.75_alpha=0.5_rho=3.0_IF=0.01_localE=3_seed=42,曲线相同的副本候选
R9b641345f,cifar100_LT/PromptFL_fedavg_vit_b16_batchSize32,output/cifar100_LT/PromptFL_fedavg_vit_b16_batchSize32/PanelC_users30_localE3/partition=client-longtail_lambda=0.75_alpha=0.75_rho=3.0_IF=0.01_localE=3_seed=1,,PromptFL,PromptFL,Cifar100_LT,client-longtail,1,,,,,,,,已记录到第100轮或以后,1,100,21,21,,,,,,,,,,,,60.58,18.35,19.25,76,0.8999999999999986,,100,30,dccc4466cfc50d3fc557d32a0d1bb8a7adc9e81ac6b171e47446dfaadfa985ef,,,3.75,36.0,550.0,,21,63,0,[],0.0,逐类核对通过,,,,,,,output/cifar100_LT/PromptFL_fedavg_vit_b16_batchSize32/PanelC_users30_localE3/partition=client-longtail_lambda=0.75_alpha=0.75_rho=3.0_IF=0.01_localE=3_seed=1/round_metrics.csv,,{},9bc495680f07a1dcc861e15eefd48b94d01f784d7a2faa09ee398aeadcdcc873,f0bdf120fac92c454167c6e94da9131aa8124457259d218d57eadf4ab76bad80,Df0bdf120,output/PromptFL_fedavg_vit_b16_batchSize32/PanelC_users30_localE3/partition=client-longtail_lambda=0.75_alpha=0.75_rho=3.0_IF=0.01_localE=3_seed=1,曲线相同的副本候选
Rbcce62c18,cifar100_LT/PromptFL_fedavg_vit_b16_batchSize32,output/cifar100_LT/PromptFL_fedavg_vit_b16_batchSize32/PanelC_users30_localE3/partition=client-longtail_lambda=0.75_alpha=0.75_rho=3.0_IF=0.01_localE=3_seed=2026,,PromptFL,PromptFL,Cifar100_LT,client-longtail,2026,,,,,,,,已记录到第100轮或以后,1,100,21,21,,,,,,,,,,,,60.01,16.85,18.6,51,1.75,,100,30,dccc4466cfc50d3fc557d32a0d1bb8a7adc9e81ac6b171e47446dfaadfa985ef,,,3.9000000953674316,38.0,527.0,,21,63,0,[],0.0,逐类核对通过,,,,,,,output/cifar100_LT/PromptFL_fedavg_vit_b16_batchSize32/PanelC_users30_localE3/partition=client-longtail_lambda=0.75_alpha=0.75_rho=3.0_IF=0.01_localE=3_seed=2026/round_metrics.csv,,{},2f7130e6291be01cfda7dea0209e8f7abc4537759a381e416c40c00be7572c3c,c47cdebe125196b3fd996906ff7867df9129932f1fa434c64545837dbafc5440,Dc47cdebe,output/PromptFL_fedavg_vit_b16_batchSize32/PanelC_users30_localE3/partition=client-longtail_lambda=0.75_alpha=0.75_rho=3.0_IF=0.01_localE=3_seed=2026,曲线相同的副本候选
R2b2f21851,cifar100_LT/PromptFL_fedavg_vit_b16_batchSize32,output/cifar100_LT/PromptFL_fedavg_vit_b16_batchSize32/PanelC_users30_localE3/partition=client-longtail_lambda=0.75_alpha=0.75_rho=3.0_IF=0.01_localE=3_seed=42,,PromptFL,PromptFL,Cifar100_LT,client-longtail,42,,,,,,,,已记录到第100轮或以后,1,100,21,21,,,,,,,,,,,,59.78,16.5,20.7,31,4.199999999999999,,100,30,dccc4466cfc50d3fc557d32a0d1bb8a7adc9e81ac6b171e47446dfaadfa985ef,,,4.050000190734863,37.0,505.0,,21,63,0,[],0.0,逐类核对通过,,,,,,,output/cifar100_LT/PromptFL_fedavg_vit_b16_batchSize32/PanelC_users30_localE3/partition=client-longtail_lambda=0.75_alpha=0.75_rho=3.0_IF=0.01_localE=3_seed=42/round_metrics.csv,,{},526800966a690c40dd9a7c76e77a87945203f390e3012845248dd36f23c61392,846f4ff6c3255281060cc797ee4526e7ae6030e083e11403dfb4270e684c3958,D846f4ff6,output/PromptFL_fedavg_vit_b16_batchSize32/PanelC_users30_localE3/partition=client-longtail_lambda=0.75_alpha=0.75_rho=3.0_IF=0.01_localE=3_seed=42,曲线相同的副本候选
R3f29d55e9,cifar100_LT/PromptFL_fedavg_vit_b16_batchSize32,output/cifar100_LT/PromptFL_fedavg_vit_b16_batchSize32/PanelC_users30_localE3/partition=client-longtail_lambda=0.75_alpha=1.0_rho=3.0_IF=0.01_localE=3_seed=1,,PromptFL,PromptFL,Cifar100_LT,client-longtail,1,,,,,,,,已记录到第100轮或以后,1,100,21,21,,,,,,,,,,,,60.67,18.55,20.4,31,1.8499999999999979,,100,30,dccc4466cfc50d3fc557d32a0d1bb8a7adc9e81ac6b171e47446dfaadfa985ef,,,4.099999904632568,34.0,489.0,,21,63,0,[],0.0,逐类核对通过,,,,,,,output/cifar100_LT/PromptFL_fedavg_vit_b16_batchSize32/PanelC_users30_localE3/partition=client-longtail_lambda=0.75_alpha=1.0_rho=3.0_IF=0.01_localE=3_seed=1/round_metrics.csv,,{},4b0f6e25df9303c2f4e41d55509cc809502df69b97c5991353e53a9631f43dc4,228d8e8c935414050efa940a5b1e3242ba8cd25c704fe107068c8cafcb84eaa3,D228d8e8c,output/PromptFL_fedavg_vit_b16_batchSize32/PanelC_users30_localE3/partition=client-longtail_lambda=0.75_alpha=1.0_rho=3.0_IF=0.01_localE=3_seed=1,曲线相同的副本候选
R153af8dec,cifar100_LT/PromptFL_fedavg_vit_b16_batchSize32,output/cifar100_LT/PromptFL_fedavg_vit_b16_batchSize32/PanelC_users30_localE3/partition=client-longtail_lambda=0.75_alpha=1.0_rho=3.0_IF=0.01_localE=3_seed=2026,,PromptFL,PromptFL,Cifar100_LT,client-longtail,2026,,,,,,,,已记录到第100轮或以后,1,100,21,21,,,,,,,,,,,,60.55,18.1,19.7,36,1.5999999999999979,,100,30,dccc4466cfc50d3fc557d32a0d1bb8a7adc9e81ac6b171e47446dfaadfa985ef,,,4.099999904632568,31.0,597.0,,21,63,0,[],0.0,逐类核对通过,,,,,,,output/cifar100_LT/PromptFL_fedavg_vit_b16_batchSize32/PanelC_users30_localE3/partition=client-longtail_lambda=0.75_alpha=1.0_rho=3.0_IF=0.01_localE=3_seed=2026/round_metrics.csv,,{},66877d44ba3bab0c1f13986d09472e605df12274e78b5abeafe8f391743e14bb,0896118cdc6e0f87c9d3837b4b6ba40ac39e5f295020d51262ee8440c32f73ac,D0896118c,output/PromptFL_fedavg_vit_b16_batchSize32/PanelC_users30_localE3/partition=client-longtail_lambda=0.75_alpha=1.0_rho=3.0_IF=0.01_localE=3_seed=2026,曲线相同的副本候选
Ra75482398,cifar100_LT/PromptFL_fedavg_vit_b16_batchSize32,output/cifar100_LT/PromptFL_fedavg_vit_b16_batchSize32/PanelC_users30_localE3/partition=client-longtail_lambda=0.75_alpha=1.0_rho=3.0_IF=0.01_localE=3_seed=42,,PromptFL,PromptFL,Cifar100_LT,client-longtail,42,,,,,,,,已记录到第100轮或以后,1,100,21,21,,,,,,,,,,,,60.82,16.9,18.55,26,1.6500000000000021,,100,30,dccc4466cfc50d3fc557d32a0d1bb8a7adc9e81ac6b171e47446dfaadfa985ef,,,4.300000190734863,37.0,552.0,,21,63,0,[],0.0,逐类核对通过,,,,,,,output/cifar100_LT/PromptFL_fedavg_vit_b16_batchSize32/PanelC_users30_localE3/partition=client-longtail_lambda=0.75_alpha=1.0_rho=3.0_IF=0.01_localE=3_seed=42/round_metrics.csv,,{},48ce6740a689db7e149691e609573f48388f1e869e04df2128ec87715c3cdece,571eda4b682e609c428bbaa2157413b08bd2b8b5d6409977d8ffbd3530616a15,D571eda4b,output/PromptFL_fedavg_vit_b16_batchSize32/PanelC_users30_localE3/partition=client-longtail_lambda=0.75_alpha=1.0_rho=3.0_IF=0.01_localE=3_seed=42,曲线相同的副本候选
Rc6ad1a5a3,cifar100_LT/PromptFL_fedavg_vit_b16_batchSize32,output/cifar100_LT/PromptFL_fedavg_vit_b16_batchSize32/PanelC_users30_localE3/partition=noniid-labeldir-fine_alpha=0.1_IF=0.01_localE=3_seed=1,,PromptFL,PromptFL,Cifar100_LT,noniid-labeldir-fine,1,,,,,,,,已记录到第100轮或以后,1,100,21,21,,,,,,,,,,,,64.24,38.95,42.3,16,3.3499999999999943,,100,30,dccc4466cfc50d3fc557d32a0d1bb8a7adc9e81ac6b171e47446dfaadfa985ef,,,4.199999809265137,109.0,881.0,,21,63,0,[],0.0,逐类核对通过,,,,,,,output/cifar100_LT/PromptFL_fedavg_vit_b16_batchSize32/PanelC_users30_localE3/partition=noniid-labeldir-fine_alpha=0.1_IF=0.01_localE=3_seed=1/round_metrics.csv,,{},274d032a400df3a769d136655d593861c0d5ad376dd28ccf8b043b2f412926dd,f2e9b372d7a811f420b7cba5418e35eb24c5df810cb41b8523ed2c6ed977bddf,Df2e9b372,output/PromptFL_fedavg_vit_b16_batchSize32/PanelC_users30_localE3/partition=noniid-labeldir-fine_alpha=0.1_IF=0.01_localE=3_seed=1,曲线相同的副本候选
R5682b5c0b,cifar100_LT/PromptFL_fedavg_vit_b16_batchSize32,output/cifar100_LT/PromptFL_fedavg_vit_b16_batchSize32/PanelC_users30_localE3/partition=noniid-labeldir-fine_alpha=0.1_IF=0.01_localE=3_seed=2026,,PromptFL,PromptFL,Cifar100_LT,noniid-labeldir-fine,2026,,,,,,,,已记录到第100轮或以后,1,100,21,21,,,,,,,,,,,,64.04,39.75,41.85,41,2.1000000000000014,,100,30,dccc4466cfc50d3fc557d32a0d1bb8a7adc9e81ac6b171e47446dfaadfa985ef,,,4.0,132.0,781.0,,21,63,0,[],0.0,逐类核对通过,,,,,,,output/cifar100_LT/PromptFL_fedavg_vit_b16_batchSize32/PanelC_users30_localE3/partition=noniid-labeldir-fine_alpha=0.1_IF=0.01_localE=3_seed=2026/round_metrics.csv,,{},44ac30331de71042f328a8db6cd79efc35b8293ad1388de4c03558265ef80878,c60dc8d588daca3d1f9c02bf482420fbdb3ac63a166336ba68576ca3e16a974c,Dc60dc8d5,output/PromptFL_fedavg_vit_b16_batchSize32/PanelC_users30_localE3/partition=noniid-labeldir-fine_alpha=0.1_IF=0.01_localE=3_seed=2026,曲线相同的副本候选
R8f76f5155,cifar100_LT/PromptFL_fedavg_vit_b16_batchSize32,output/cifar100_LT/PromptFL_fedavg_vit_b16_batchSize32/PanelC_users30_localE3/partition=noniid-labeldir-fine_alpha=0.1_IF=0.01_localE=3_seed=42,,PromptFL,PromptFL,Cifar100_LT,noniid-labeldir-fine,42,,,,,,,,已记录到第100轮或以后,1,100,21,21,,,,,,,,,,,,62.55,35.05,38.65,36,3.6000000000000014,,100,30,dccc4466cfc50d3fc557d32a0d1bb8a7adc9e81ac6b171e47446dfaadfa985ef,,,3.700000047683716,106.0,792.0,,21,63,0,[],0.0,逐类核对通过,,,,,,,output/cifar100_LT/PromptFL_fedavg_vit_b16_batchSize32/PanelC_users30_localE3/partition=noniid-labeldir-fine_alpha=0.1_IF=0.01_localE=3_seed=42/round_metrics.csv,,{},93b19f28c0f8ffcff805f53c714a7172f9079755e2dcedfa9c352a3a166bd500,930b75fdb87399558c06cded2b53f2c0273e4dc38cdcbb2cebff484d6eb15b50,D930b75fd,output/PromptFL_fedavg_vit_b16_batchSize32/PanelC_users30_localE3/partition=noniid-labeldir-fine_alpha=0.1_IF=0.01_localE=3_seed=42,曲线相同的副本候选
Ra1794f8bf,cifar100_LT/PromptFL_fedavg_vit_b16_batchSize32,output/cifar100_LT/PromptFL_fedavg_vit_b16_batchSize32/PanelC_users30_localE3/partition=noniid-labeldir-fine_alpha=0.25_IF=0.01_localE=3_seed=1,,PromptFL,PromptFL,Cifar100_LT,noniid-labeldir-fine,1,,,,,,,,已记录到第100轮或以后,1,100,21,21,,,,,,,,,,,,64.46,38.05,39.95,66,1.9000000000000057,,100,30,dccc4466cfc50d3fc557d32a0d1bb8a7adc9e81ac6b171e47446dfaadfa985ef,,,4.599999904632568,189.0,632.0,,21,63,0,[],0.0,逐类核对通过,,,,,,,output/cifar100_LT/PromptFL_fedavg_vit_b16_batchSize32/PanelC_users30_localE3/partition=noniid-labeldir-fine_alpha=0.25_IF=0.01_localE=3_seed=1/round_metrics.csv,,{},536802cdc26da4e813ec988a0ffbf2db2b274df7d286ae385c16d748f6862fe8,c4626fb87deaeb972f498a53c639f92fd1b36710e339c861ec5cc181fa5e079a,Dc4626fb8,output/PromptFL_fedavg_vit_b16_batchSize32/PanelC_users30_localE3/partition=noniid-labeldir-fine_alpha=0.25_IF=0.01_localE=3_seed=1,曲线相同的副本候选
R761f4a54b,cifar100_LT/PromptFL_fedavg_vit_b16_batchSize32,output/cifar100_LT/PromptFL_fedavg_vit_b16_batchSize32/PanelC_users30_localE3/partition=noniid-labeldir-fine_alpha=0.25_IF=0.01_localE=3_seed=2026,,PromptFL,PromptFL,Cifar100_LT,noniid-labeldir-fine,2026,,,,,,,,已记录到第100轮或以后,1,100,21,21,,,,,,,,,,,,65.17,38.95,40.3,26,1.3499999999999943,,100,30,dccc4466cfc50d3fc557d32a0d1bb8a7adc9e81ac6b171e47446dfaadfa985ef,,,5.150000095367432,221.0,568.0,,21,63,0,[],0.0,逐类核对通过,,,,,,,output/cifar100_LT/PromptFL_fedavg_vit_b16_batchSize32/PanelC_users30_localE3/partition=noniid-labeldir-fine_alpha=0.25_IF=0.01_localE=3_seed=2026/round_metrics.csv,,{},277e7b4ddecef688b52d36cc2028b054b42806c966a159bf573cfd0f3915be57,bfc53ae28b83b7cfacdfa9e9da3a87dec54b6fda1e1d595b1187a845857d6135,Dbfc53ae2,output/PromptFL_fedavg_vit_b16_batchSize32/PanelC_users30_localE3/partition=noniid-labeldir-fine_alpha=0.25_IF=0.01_localE=3_seed=2026,曲线相同的副本候选
R4c98d30f5,cifar100_LT/PromptFL_fedavg_vit_b16_batchSize32,output/cifar100_LT/PromptFL_fedavg_vit_b16_batchSize32/PanelC_users30_localE3/partition=noniid-labeldir-fine_alpha=0.25_IF=0.01_localE=3_seed=42,,PromptFL,PromptFL,Cifar100_LT,noniid-labeldir-fine,42,,,,,,,,已记录到第100轮或以后,1,100,21,21,,,,,,,,,,,,64.6,39.3,41.2,56,1.9000000000000057,,100,30,dccc4466cfc50d3fc557d32a0d1bb8a7adc9e81ac6b171e47446dfaadfa985ef,,,5.400000095367432,199.0,549.0,,21,63,0,[],0.0,逐类核对通过,,,,,,,output/cifar100_LT/PromptFL_fedavg_vit_b16_batchSize32/PanelC_users30_localE3/partition=noniid-labeldir-fine_alpha=0.25_IF=0.01_localE=3_seed=42/round_metrics.csv,,{},13b1719a5a02b47e7cbf4807ccdefe01ca1691687d1cbd61f3b4405b3f4345c3,81eae109cbc7c2981c900878e3b1b749dec352c59e009d1368d001762fd28dd8,D81eae109,output/PromptFL_fedavg_vit_b16_batchSize32/PanelC_users30_localE3/partition=noniid-labeldir-fine_alpha=0.25_IF=0.01_localE=3_seed=42,曲线相同的副本候选
R1d17d759f,cifar100_LT/PromptFL_fedavg_vit_b16_batchSize32,output/cifar100_LT/PromptFL_fedavg_vit_b16_batchSize32/PanelC_users30_localE3/partition=noniid-labeldir-fine_alpha=0.5_IF=0.01_localE=3_seed=1,,PromptFL,PromptFL,Cifar100_LT,noniid-labeldir-fine,1,,,,,,,,已记录到第100轮或以后,1,100,21,21,,,,,,,,,,,,64.55,37.25,39.6,56,2.3500000000000014,,100,30,dccc4466cfc50d3fc557d32a0d1bb8a7adc9e81ac6b171e47446dfaadfa985ef,,,5.650000095367432,267.0,506.0,,21,63,0,[],0.0,逐类核对通过,,,,,,,output/cifar100_LT/PromptFL_fedavg_vit_b16_batchSize32/PanelC_users30_localE3/partition=noniid-labeldir-fine_alpha=0.5_IF=0.01_localE=3_seed=1/round_metrics.csv,,{},f60ed5d7310f23fbebb7cdf9f61199788c049a2a22ba5047b26851f24c8de7f2,d3dc83f9e549b59566b62487ef2269c5c4bf93f77779135f996c3d1914162423,Dd3dc83f9,output/PromptFL_fedavg_vit_b16_batchSize32/PanelC_users30_localE3/partition=noniid-labeldir-fine_alpha=0.5_IF=0.01_localE=3_seed=1,曲线相同的副本候选
R964fe46fd,cifar100_LT/PromptFL_fedavg_vit_b16_batchSize32,output/cifar100_LT/PromptFL_fedavg_vit_b16_batchSize32/PanelC_users30_localE3/partition=noniid-labeldir-fine_alpha=0.5_IF=0.01_localE=3_seed=2026,,PromptFL,PromptFL,Cifar100_LT,noniid-labeldir-fine,2026,,,,,,,,已记录到第100轮或以后,1,100,21,21,,,,,,,,,,,,64.04,36.85,39.75,91,2.8999999999999986,,100,30,dccc4466cfc50d3fc557d32a0d1bb8a7adc9e81ac6b171e47446dfaadfa985ef,,,5.699999809265137,251.0,563.0,,21,63,0,[],0.0,逐类核对通过,,,,,,,output/cifar100_LT/PromptFL_fedavg_vit_b16_batchSize32/PanelC_users30_localE3/partition=noniid-labeldir-fine_alpha=0.5_IF=0.01_localE=3_seed=2026/round_metrics.csv,,{},bd424eefb3e6c4852d22cf164f01476160f0d19f642bd19ab8d8156a76ae91db,803df476d99266fd736a0d5892d89ae8b456fd8f1a7c7a693b0ea69ccf52cc19,D803df476,output/PromptFL_fedavg_vit_b16_batchSize32/PanelC_users30_localE3/partition=noniid-labeldir-fine_alpha=0.5_IF=0.01_localE=3_seed=2026,曲线相同的副本候选
R3c95dc7be,cifar100_LT/PromptFL_fedavg_vit_b16_batchSize32,output/cifar100_LT/PromptFL_fedavg_vit_b16_batchSize32/PanelC_users30_localE3/partition=noniid-labeldir-fine_alpha=0.5_IF=0.01_localE=3_seed=42,,PromptFL,PromptFL,Cifar100_LT,noniid-labeldir-fine,42,,,,,,,,已记录到第100轮或以后,1,100,21,21,,,,,,,,,,,,65.1,40.15,43.1,76,2.950000000000003,,100,30,dccc4466cfc50d3fc557d32a0d1bb8a7adc9e81ac6b171e47446dfaadfa985ef,,,6.050000190734863,229.0,500.0,,21,63,0,[],0.0,逐类核对通过,,,,,,,output/cifar100_LT/PromptFL_fedavg_vit_b16_batchSize32/PanelC_users30_localE3/partition=noniid-labeldir-fine_alpha=0.5_IF=0.01_localE=3_seed=42/round_metrics.csv,,{},f8d248ea147a254c5bade548342644aa0f4ce9e847675ccb81705766232e2f11,308fde450d9911dfec9fa8f2a68d78f85b01d474da27a74c210d8a4904e60624,D308fde45,output/PromptFL_fedavg_vit_b16_batchSize32/PanelC_users30_localE3/partition=noniid-labeldir-fine_alpha=0.5_IF=0.01_localE=3_seed=42,曲线相同的副本候选
R3c89f9c55,cifar100_LT/PromptFL_fedavg_vit_b16_batchSize32,output/cifar100_LT/PromptFL_fedavg_vit_b16_batchSize32/PanelC_users30_localE3/partition=noniid-labeldir-fine_alpha=0.75_IF=0.01_localE=3_seed=1,,,PromptFL,Cifar100_LT,noniid-labeldir-fine,1,,,,,,,,只有日志或配置，未发现精度结果,,,0,0,,,,,,,,,,,,,,,,,,100,30,dccc4466cfc50d3fc557d32a0d1bb8a7adc9e81ac6b171e47446dfaadfa985ef,,,6.099999904632568,278.0,484.0,,0,0,0,[],,缺少可交叉核对的分组或逐类文件,,,,,,,per_class CSV,,{},,,,output/cifar100_LT/PromptFL_fedavg_vit_b16_batchSize32/PanelC_users30_localE3/partition=noniid-labeldir-fine_alpha=0.75_IF=0.01_localE=3_seed=1,独立目录记录
R4624ab8ca,cifar100_LT/PromptFL_fedavg_vit_b16_batchSize32,output/cifar100_LT/PromptFL_fedavg_vit_b16_batchSize32/PanelC_users30_localE3/partition=noniid-labeldir-fine_alpha=0.75_IF=0.01_localE=3_seed=2026,,PromptFL,PromptFL,Cifar100_LT,noniid-labeldir-fine,2026,,,,,,,,已记录到第100轮或以后,1,100,21,21,,,,,,,,,,,,64.37,36.7,39.95,41,3.25,,100,30,dccc4466cfc50d3fc557d32a0d1bb8a7adc9e81ac6b171e47446dfaadfa985ef,,,5.900000095367432,270.0,527.0,,21,63,0,[],0.0,逐类核对通过,,,,,,,output/cifar100_LT/PromptFL_fedavg_vit_b16_batchSize32/PanelC_users30_localE3/partition=noniid-labeldir-fine_alpha=0.75_IF=0.01_localE=3_seed=2026/round_metrics.csv,,{},b592e094e0e21fb4fbe7f8cd52ba0599ce6ceed3adb5092a3d06a32c11850d2e,1fd1f078ea6255e58835fb2d8c046287bcd8a488502e7f81a1216e94e5186e07,D1fd1f078,output/PromptFL_fedavg_vit_b16_batchSize32/PanelC_users30_localE3/partition=noniid-labeldir-fine_alpha=0.75_IF=0.01_localE=3_seed=2026,曲线相同的副本候选
R31b0fb352,cifar100_LT/PromptFL_fedavg_vit_b16_batchSize32,output/cifar100_LT/PromptFL_fedavg_vit_b16_batchSize32/PanelC_users30_localE3/partition=noniid-labeldir-fine_alpha=0.75_IF=0.01_localE=3_seed=42,,PromptFL,PromptFL,Cifar100_LT,noniid-labeldir-fine,42,,,,,,,,已记录到第100轮或以后,1,100,21,21,,,,,,,,,,,,63.26,36.4,40.3,66,3.8999999999999986,,100,30,dccc4466cfc50d3fc557d32a0d1bb8a7adc9e81ac6b171e47446dfaadfa985ef,,,6.199999809265137,269.0,496.0,,21,63,0,[],0.0,逐类核对通过,,,,,,,output/cifar100_LT/PromptFL_fedavg_vit_b16_batchSize32/PanelC_users30_localE3/partition=noniid-labeldir-fine_alpha=0.75_IF=0.01_localE=3_seed=42/round_metrics.csv,,{},7a6c3309b2123a48cf1a46d8c5129762babe858d80b79e6228ee33ce18954bdb,d21b99620b2368b1caf2937c01d09882e9bd7bd812edaa5448f5d9daa8213a39,Dd21b9962,output/PromptFL_fedavg_vit_b16_batchSize32/PanelC_users30_localE3/partition=noniid-labeldir-fine_alpha=0.75_IF=0.01_localE=3_seed=42,曲线相同的副本候选
R742ca6418,cifar100_LT/PromptFL_fedavg_vit_b16_batchSize32,output/cifar100_LT/PromptFL_fedavg_vit_b16_batchSize32/PanelC_users30_localE3/partition=noniid-labeldir-fine_alpha=1.0_IF=0.01_localE=3_seed=1,,,PromptFL,Cifar100_LT,noniid-labeldir-fine,1,,,,,,,,只有日志或配置，未发现精度结果,,,0,0,,,,,,,,,,,,,,,,,,100,30,dccc4466cfc50d3fc557d32a0d1bb8a7adc9e81ac6b171e47446dfaadfa985ef,,,6.0,187.0,509.0,,0,0,0,[],,缺少可交叉核对的分组或逐类文件,,,,,,,per_class CSV,,{},,,,output/cifar100_LT/PromptFL_fedavg_vit_b16_batchSize32/PanelC_users30_localE3/partition=noniid-labeldir-fine_alpha=1.0_IF=0.01_localE=3_seed=1,独立目录记录
R9eaec446c,cifar100_LT/PromptFL_fedavg_vit_b16_batchSize32,output/cifar100_LT/PromptFL_fedavg_vit_b16_batchSize32/PanelC_users30_localE3/partition=noniid-labeldir-fine_alpha=1.0_IF=0.01_localE=3_seed=2026,,PromptFL,PromptFL,Cifar100_LT,noniid-labeldir-fine,2026,,,,,,,,已记录到第100轮或以后,1,100,21,21,,,,,,,,,,,,64.68,38.1,40.45,46,2.3500000000000014,,100,30,dccc4466cfc50d3fc557d32a0d1bb8a7adc9e81ac6b171e47446dfaadfa985ef,,,6.099999904632568,272.0,456.0,,21,63,0,[],0.0,逐类核对通过,,,,,,,output/cifar100_LT/PromptFL_fedavg_vit_b16_batchSize32/PanelC_users30_localE3/partition=noniid-labeldir-fine_alpha=1.0_IF=0.01_localE=3_seed=2026/round_metrics.csv,,{},3ae1e8057cc9f6042523262aa5b933de45742c638c1674ddabb99fb43bfe967c,2b39c23765c08d602df3fd8e5b51e5ba1564c5450bd0292f02959ee9b74b01a1,D2b39c237,output/PromptFL_fedavg_vit_b16_batchSize32/PanelC_users30_localE3/partition=noniid-labeldir-fine_alpha=1.0_IF=0.01_localE=3_seed=2026,曲线相同的副本候选
R6f44f7233,cifar100_LT/PromptFL_fedavg_vit_b16_batchSize32,output/cifar100_LT/PromptFL_fedavg_vit_b16_batchSize32/PanelC_users30_localE3/partition=noniid-labeldir-fine_alpha=1.0_IF=0.01_localE=3_seed=42,,PromptFL,PromptFL,Cifar100_LT,noniid-labeldir-fine,42,,,,,,,,已记录到第100轮或以后,1,100,21,21,,,,,,,,,,,,63.87,37.15,38.9,71,1.75,,100,30,dccc4466cfc50d3fc557d32a0d1bb8a7adc9e81ac6b171e47446dfaadfa985ef,,,6.349999904632568,216.0,480.0,,21,63,0,[],0.0,逐类核对通过,,,,,,,output/cifar100_LT/PromptFL_fedavg_vit_b16_batchSize32/PanelC_users30_localE3/partition=noniid-labeldir-fine_alpha=1.0_IF=0.01_localE=3_seed=42/round_metrics.csv,,{},df0b951a025b283fb32a8b58523866d1b2ecc1e3faf6b60bbeb8e8965922425d,06b7b46e55c6dda73c517c701b991fd455c84fd1cac812c33e13b6209f650d85,D06b7b46e,output/PromptFL_fedavg_vit_b16_batchSize32/PanelC_users30_localE3/partition=noniid-labeldir-fine_alpha=1.0_IF=0.01_localE=3_seed=42,曲线相同的副本候选
Rb25c5a09f,cifar10_LT/CAPT_cluster_vit_b16_batchSize32,output/cifar10_LT/CAPT_cluster_vit_b16_batchSize32/IF=0.01_beta=0.5,,,CAPT,Cifar10_LT,,,,,,,,,,只有日志或配置，未发现精度结果,,,0,0,,,,,,,,,,,,,,,,,,,,,,,,,,,0,0,0,[],,缺少可交叉核对的分组或逐类文件,,,,,,,per_class CSV,,{},,,,output/cifar10_LT/CAPT_cluster_vit_b16_batchSize32/IF=0.01_beta=0.5,独立目录记录
Rf0bab41c3,cusp_minimal_refactor_20260801_163123,output/cusp_minimal_refactor_20260801_163123/client-longtail_seed42_round10,,,PromptFL,Cifar100_LT,client-longtail,42,,,,,,,,只有日志或配置，未发现精度结果,,,0,0,,,,,,,,,,,,,,,,,,100,30,dccc4466cfc50d3fc557d32a0d1bb8a7adc9e81ac6b171e47446dfaadfa985ef,,898ab6b4d75ba8f31be40f5219696d98204c1506656c265cc1b3b68eff508a81,3.6500000953674316,39.0,638.0,,0,0,0,[],,缺少可交叉核对的分组或逐类文件,,,,,,,per_class CSV,,{},,,,output/cusp_minimal_refactor_20260801_163123/client-longtail_seed42_round10,独立目录记录
R966490ffd,cusp_minimal_seed42_refactor_20260801_042324,output/cusp_minimal_seed42_refactor_20260801_042324/client-longtail_seed42_round10,,,PromptFL,Cifar100_LT,client-longtail,42,,,,,,,,只有日志或配置，未发现精度结果,,,0,0,,,,,,,,,,,,,,,,,,100,30,dccc4466cfc50d3fc557d32a0d1bb8a7adc9e81ac6b171e47446dfaadfa985ef,,898ab6b4d75ba8f31be40f5219696d98204c1506656c265cc1b3b68eff508a81,3.6500000953674316,39.0,638.0,,0,0,0,[],,缺少可交叉核对的分组或逐类文件,,,,,,,per_class CSV,,{},,,,output/cusp_minimal_seed42_refactor_20260801_042324/client-longtail_seed42_round10,独立目录记录
R34fac7df8,e1_seed42_results_for_analysis,output/e1_seed42_results_for_analysis/e1_strength_breadth/formal/seed42/clientlt_controlled,,ClipLora,ClipLora,CIFAR100-LT,client-longtail-controlled,42,,,,,,,fedavg,已记录到第100轮或以后,0,100,101,101,,81,100,64.0275,85.815,67.0325,33.225,71.728125,82.51,66.99428571428572,39.00333333333333,63.75,32.45,67.9,4,35.45,66.35,100,30,dccc4466cfc50d3fc557d32a0d1bb8a7adc9e81ac6b171e47446dfaadfa985ef,,898ab6b4d75ba8f31be40f5219696d98204c1506656c265cc1b3b68eff508a81,2.049999952316284,57.0,575.0,,101,303,0,[],0.0,逐类核对通过,,,,,,,output/e1_seed42_results_for_analysis/e1_strength_breadth/formal/seed42/clientlt_controlled/round_metrics.csv,,{},f73db140e504e5cc8d9dcfde29bb3c7526d9290f47a557542c940637efffa1bc,f50d5b18e01c6101d50c1a2361789b4527bca5a59e18e83883b274fe6eba3523,,output/e1_seed42_results_for_analysis/e1_strength_breadth/formal/seed42/clientlt_controlled,独立目录记录
Rd4a8c0e01,e1_seed42_results_for_analysis,output/e1_seed42_results_for_analysis/e1_strength_breadth/formal/seed42/dirichlet,,ClipLora,ClipLora,CIFAR100-LT,noniid-labeldir-fine,42,,,,,,,fedavg,已记录到第100轮或以后,0,100,101,101,,81,100,66.91799999999999,86.185,66.47583333333333,48.9775,71.403125,82.28428571428572,66.50714285714285,49.47,66.83,48.95,68.2,5,19.25,66.35,100,30,dccc4466cfc50d3fc557d32a0d1bb8a7adc9e81ac6b171e47446dfaadfa985ef,,898ab6b4d75ba8f31be40f5219696d98204c1506656c265cc1b3b68eff508a81,6.050000190734863,229.0,500.0,,101,303,0,[],0.0,逐类核对通过,,,,,,,output/e1_seed42_results_for_analysis/e1_strength_breadth/formal/seed42/dirichlet/round_metrics.csv,,{},971d7e493560dda624b110f8212591473900b79c41900fe2d9f991669e99690e,36ec2c85ab696c31cd145208795358b48b7f27f32259d5edaa3fabc8bdcad7ac,,output/e1_seed42_results_for_analysis/e1_strength_breadth/formal/seed42/dirichlet,独立目录记录
Rcc29da3dc,eri_seed42_share,output/eri_seed42_share/output/eri_closure_v1/runs/clientlt_fedavg/seed42,,ClipLora,ClipLora,Cifar100_LT,client-longtail,42,2,fp32,,,,,fedavg,已记录到第100轮或以后,1,100,100,100,,81,100,64.72200000000001,85.6725,66.93583333333333,37.13,71.62,81.9042857142857,67.30571428571429,41.66166666666667,64.79,37.15,68.8,5,31.65,,100,30,dccc4466cfc50d3fc557d32a0d1bb8a7adc9e81ac6b171e47446dfaadfa985ef,03c0a7a963d31a520441bfe39cdfd888a6a84b6e67968a41f4b6ad1af4512f9b,898ab6b4d75ba8f31be40f5219696d98204c1506656c265cc1b3b68eff508a81,3.6500000953674316,39.0,638.0,,100,300,0,[],0.0,逐类核对通过,,,,,,,output/eri_seed42_share/output/eri_closure_v1/runs/clientlt_fedavg/seed42/round_metrics.csv,,{},c318c504ff2ed3cb7dd434c620478bba15a7da47ae36a9a33372bb287f014520,fd8c86c12fc4dd61901db79e197e92e0ac0923e72bfca1c111021d905cbacd93,,output/eri_seed42_share/output/eri_closure_v1/runs/clientlt_fedavg/seed42,独立目录记录
Rb6a37e628,eri_seed42_share,output/eri_seed42_share/output/eri_closure_v1/runs/matched_dirichlet_fedavg/seed42,,ClipLora,ClipLora,Cifar100_LT,matched-dirichlet,42,2,fp32,,,,,fedavg,已记录到第100轮或以后,1,100,100,100,,81,100,67.04400000000001,85.9,66.38333333333334,50.17,71.2625,82.00428571428571,66.41142857142856,50.32833333333333,67.0,49.4,68.75,5,19.35,,100,30,dccc4466cfc50d3fc557d32a0d1bb8a7adc9e81ac6b171e47446dfaadfa985ef,03c0a7a963d31a520441bfe39cdfd888a6a84b6e67968a41f4b6ad1af4512f9b,898ab6b4d75ba8f31be40f5219696d98204c1506656c265cc1b3b68eff508a81,5.349999904632568,39.0,638.0,,100,300,0,[],0.0,逐类核对通过,,,,,,,output/eri_seed42_share/output/eri_closure_v1/runs/matched_dirichlet_fedavg/seed42/round_metrics.csv,,{},346cde663a8944e7945e9c791aa98f3da576b9a091695202b4aaea64aad5d2b4,34d5892fed7423f8f8706022042cd9fc0a015926b8ec6f7812544addb23a7824,,output/eri_seed42_share/output/eri_closure_v1/runs/matched_dirichlet_fedavg/seed42,独立目录记录
Rb7438631e,expC_lambda_response_frac02,output/expC_lambda_response_frac02/method=capt/lambda=0.00/seed=1,,CAPT,CAPT,Cifar100_LT,client-longtail,1,,,,,,,,短运行或本地结果不完整,1,96,9,9,,,,,,,,,,,,71.03,68.65,69.4,91,0.75,,100,50,dccc4466cfc50d3fc557d32a0d1bb8a7adc9e81ac6b171e47446dfaadfa985ef,,,,,,,9,27,0,[],0.0,逐类核对通过,,,,,,,output/expC_lambda_response_frac02/method=capt/lambda=0.00/seed=1/round_metrics.csv,,"{""config.backbone"": ""from_config"", ""config.batch_size"": 32, ""config.client_schedule_file"": ""output/expC_lambda_response_frac02/method=capt/lambda=0.00/seed=1/selected_clients_per_round.json"", ""config.config_file"": ""configs/trainers/CAPT/vit_b16.yaml"", ""config.dataset"": ""cifar100_LT"", ""config.dataset_config_file"": ""configs/datasets/cifar100_LT.yaml"", ""config.frac"": 0.2, ""config.git_commit"": null, ""config.head_class_ratio"": 0.8, ""config.head_client_ratio"": 0.9, ""config.imb_factor"": 0.01, ""config.imb_type"": ""exp"", ""config.learning_rate"": 0.001, ""config.local_epoch"": ""from_config"", ""config.method"": ""capt"", ""config.method_display"": ""CAPT"", ""config.model"": ""cluster"", ""config.num_clients"": 50, ""config.partition"": ""client-longtail"", ""config.rounds"": 100, ""config.seed"": 1, ""config.tail_aggregation_alpha"": 0.1, ""config.tail_class_ratio"": 0.2, ""config.tail_client_ratio"": 0.1, ""config.tail_specialization_strength"": 0.0, ""config.test_batch_size"": 64, ""config.timestamp"": ""2026-07-12T06:43:47"", ""config.trainer"": ""CAPT""}",6ed2349903e59298932815ffd92897c4a7a8ccb4eac276b72c471498517b50b2,1ae0f5cecc064dceabafe4937d094a3f58e977bc9e8bb8001f24899401b7b51c,,output/expC_lambda_response_frac02/method=capt/lambda=0.00/seed=1,独立目录记录
R93512ac3d,expC_lambda_response_frac02,output/expC_lambda_response_frac02/method=capt/lambda=0.00/seed=2,,CAPT,CAPT,Cifar100_LT,client-longtail,2,,,,,,,,短运行或本地结果不完整,1,96,9,9,,,,,,,,,,,,70.32,64.7,66.55,91,1.8499999999999943,,100,50,dccc4466cfc50d3fc557d32a0d1bb8a7adc9e81ac6b171e47446dfaadfa985ef,,,,,,,9,27,0,[],0.0,逐类核对通过,,,,,,,output/expC_lambda_response_frac02/method=capt/lambda=0.00/seed=2/round_metrics.csv,,"{""config.backbone"": ""from_config"", ""config.batch_size"": 32, ""config.client_schedule_file"": ""output/expC_lambda_response_frac02/method=capt/lambda=0.00/seed=2/selected_clients_per_round.json"", ""config.config_file"": ""configs/trainers/CAPT/vit_b16.yaml"", ""config.dataset"": ""cifar100_LT"", ""config.dataset_config_file"": ""configs/datasets/cifar100_LT.yaml"", ""config.frac"": 0.2, ""config.git_commit"": null, ""config.head_class_ratio"": 0.8, ""config.head_client_ratio"": 0.9, ""config.imb_factor"": 0.01, ""config.imb_type"": ""exp"", ""config.learning_rate"": 0.001, ""config.local_epoch"": ""from_config"", ""config.method"": ""capt"", ""config.method_display"": ""CAPT"", ""config.model"": ""cluster"", ""config.num_clients"": 50, ""config.partition"": ""client-longtail"", ""config.rounds"": 100, ""config.seed"": 2, ""config.tail_aggregation_alpha"": 0.1, ""config.tail_class_ratio"": 0.2, ""config.tail_client_ratio"": 0.1, ""config.tail_specialization_strength"": 0.0, ""config.test_batch_size"": 64, ""config.timestamp"": ""2026-07-12T06:43:47"", ""config.trainer"": ""CAPT""}",241168a8b13f5298fcf393ad4fe518ac1484a8cfa96bcc36e23a92e5522dd8ff,a567ade3e7e1b6d34d8c66202572cdbff4f0984353257de089d0fc43a629c110,,output/expC_lambda_response_frac02/method=capt/lambda=0.00/seed=2,独立目录记录
R52ce6350e,expC_lambda_response_frac02,output/expC_lambda_response_frac02/method=capt/lambda=0.00/seed=3,,CAPT,CAPT,Cifar100_LT,client-longtail,3,,,,,,,,短运行或本地结果不完整,1,96,9,9,,,,,,,,,,,,72.01,68.55,69.25,81,0.7000000000000028,,100,50,dccc4466cfc50d3fc557d32a0d1bb8a7adc9e81ac6b171e47446dfaadfa985ef,,,,,,,9,27,0,[],0.0,逐类核对通过,,,,,,,output/expC_lambda_response_frac02/method=capt/lambda=0.00/seed=3/round_metrics.csv,,"{""config.backbone"": ""from_config"", ""config.batch_size"": 32, ""config.client_schedule_file"": ""output/expC_lambda_response_frac02/method=capt/lambda=0.00/seed=3/selected_clients_per_round.json"", ""config.config_file"": ""configs/trainers/CAPT/vit_b16.yaml"", ""config.dataset"": ""cifar100_LT"", ""config.dataset_config_file"": ""configs/datasets/cifar100_LT.yaml"", ""config.frac"": 0.2, ""config.git_commit"": null, ""config.head_class_ratio"": 0.8, ""config.head_client_ratio"": 0.9, ""config.imb_factor"": 0.01, ""config.imb_type"": ""exp"", ""config.learning_rate"": 0.001, ""config.local_epoch"": ""from_config"", ""config.method"": ""capt"", ""config.method_display"": ""CAPT"", ""config.model"": ""cluster"", ""config.num_clients"": 50, ""config.partition"": ""client-longtail"", ""config.rounds"": 100, ""config.seed"": 3, ""config.tail_aggregation_alpha"": 0.1, ""config.tail_class_ratio"": 0.2, ""config.tail_client_ratio"": 0.1, ""config.tail_specialization_strength"": 0.0, ""config.test_batch_size"": 64, ""config.timestamp"": ""2026-07-12T06:43:47"", ""config.trainer"": ""CAPT""}",eb943ba851b104a2812f60a61912cf1dd95ed7f2050200208d23cb14385f8428,93b58d70e21aee0e0f2338980900d14bb3770a8b3ab3283e460837ff6636ae66,,output/expC_lambda_response_frac02/method=capt/lambda=0.00/seed=3,独立目录记录
R0175f90ba,expC_lambda_response_frac02,output/expC_lambda_response_frac02/method=capt/lambda=0.25/seed=1,,CAPT,CAPT,Cifar100_LT,client-longtail,1,,,,,,,,短运行或本地结果不完整,1,96,9,9,,,,,,,,,,,,71.19,68.2,68.2,96,0.0,,100,50,dccc4466cfc50d3fc557d32a0d1bb8a7adc9e81ac6b171e47446dfaadfa985ef,,,,,,,9,27,0,[],0.0,逐类核对通过,,,,,,,output/expC_lambda_response_frac02/method=capt/lambda=0.25/seed=1/round_metrics.csv,,"{""config.backbone"": ""from_config"", ""config.batch_size"": 32, ""config.client_schedule_file"": ""output/expC_lambda_response_frac02/method=capt/lambda=0.25/seed=1/selected_clients_per_round.json"", ""config.config_file"": ""configs/trainers/CAPT/vit_b16.yaml"", ""config.dataset"": ""cifar100_LT"", ""config.dataset_config_file"": ""configs/datasets/cifar100_LT.yaml"", ""config.frac"": 0.2, ""config.git_commit"": null, ""config.head_class_ratio"": 0.8, ""config.head_client_ratio"": 0.9, ""config.imb_factor"": 0.01, ""config.imb_type"": ""exp"", ""config.learning_rate"": 0.001, ""config.local_epoch"": ""from_config"", ""config.method"": ""capt"", ""config.method_display"": ""CAPT"", ""config.model"": ""cluster"", ""config.num_clients"": 50, ""config.partition"": ""client-longtail"", ""config.rounds"": 100, ""config.seed"": 1, ""config.tail_aggregation_alpha"": 0.1, ""config.tail_class_ratio"": 0.2, ""config.tail_client_ratio"": 0.1, ""config.tail_specialization_strength"": 0.25, ""config.test_batch_size"": 64, ""config.timestamp"": ""2026-07-12T06:43:47"", ""config.trainer"": ""CAPT""}",1cafd9ef30578af0f15bed85e56968d4e22c4eb596725fcc428ff90e0bbe3369,72031ecd4fb893cb2409840b43ad371f0e6d4343e07ea160ecdf802daadad8a4,,output/expC_lambda_response_frac02/method=capt/lambda=0.25/seed=1,独立目录记录
Reff10be95,expC_lambda_response_frac02,output/expC_lambda_response_frac02/method=capt/lambda=0.25/seed=2,,CAPT,CAPT,Cifar100_LT,client-longtail,2,,,,,,,,短运行或本地结果不完整,1,91,8,8,,,,,,,,,,,,71.03,67.45,68.8,81,1.3499999999999943,,100,50,dccc4466cfc50d3fc557d32a0d1bb8a7adc9e81ac6b171e47446dfaadfa985ef,,,,,,,8,24,0,[],0.0,逐类核对通过,,,,,,,output/expC_lambda_response_frac02/method=capt/lambda=0.25/seed=2/round_metrics.csv,,"{""config.backbone"": ""from_config"", ""config.batch_size"": 32, ""config.client_schedule_file"": ""output/expC_lambda_response_frac02/method=capt/lambda=0.25/seed=2/selected_clients_per_round.json"", ""config.config_file"": ""configs/trainers/CAPT/vit_b16.yaml"", ""config.dataset"": ""cifar100_LT"", ""config.dataset_config_file"": ""configs/datasets/cifar100_LT.yaml"", ""config.frac"": 0.2, ""config.git_commit"": null, ""config.head_class_ratio"": 0.8, ""config.head_client_ratio"": 0.9, ""config.imb_factor"": 0.01, ""config.imb_type"": ""exp"", ""config.learning_rate"": 0.001, ""config.local_epoch"": ""from_config"", ""config.method"": ""capt"", ""config.method_display"": ""CAPT"", ""config.model"": ""cluster"", ""config.num_clients"": 50, ""config.partition"": ""client-longtail"", ""config.rounds"": 100, ""config.seed"": 2, ""config.tail_aggregation_alpha"": 0.1, ""config.tail_class_ratio"": 0.2, ""config.tail_client_ratio"": 0.1, ""config.tail_specialization_strength"": 0.25, ""config.test_batch_size"": 64, ""config.timestamp"": ""2026-07-12T06:43:47"", ""config.trainer"": ""CAPT""}",c9a60b6646c50b5f2e45213f9634e0b919b9b7494c2a7ee9cc70626dbf69186b,31ab0078a43904f8d693d3c2df9c572c468046be468ad38ca183918ea3b58014,,output/expC_lambda_response_frac02/method=capt/lambda=0.25/seed=2,独立目录记录
Rc4c9265ae,expC_lambda_response_frac02,output/expC_lambda_response_frac02/method=capt/lambda=0.25/seed=3,,CAPT,CAPT,Cifar100_LT,client-longtail,3,,,,,,,,短运行或本地结果不完整,1,91,8,8,,,,,,,,,,,,70.22,65.95,68.1,11,2.1499999999999915,,100,50,dccc4466cfc50d3fc557d32a0d1bb8a7adc9e81ac6b171e47446dfaadfa985ef,,,,,,,8,24,0,[],0.0,逐类核对通过,,,,,,,output/expC_lambda_response_frac02/method=capt/lambda=0.25/seed=3/round_metrics.csv,,"{""config.backbone"": ""from_config"", ""config.batch_size"": 32, ""config.client_schedule_file"": ""output/expC_lambda_response_frac02/method=capt/lambda=0.25/seed=3/selected_clients_per_round.json"", ""config.config_file"": ""configs/trainers/CAPT/vit_b16.yaml"", ""config.dataset"": ""cifar100_LT"", ""config.dataset_config_file"": ""configs/datasets/cifar100_LT.yaml"", ""config.frac"": 0.2, ""config.git_commit"": null, ""config.head_class_ratio"": 0.8, ""config.head_client_ratio"": 0.9, ""config.imb_factor"": 0.01, ""config.imb_type"": ""exp"", ""config.learning_rate"": 0.001, ""config.local_epoch"": ""from_config"", ""config.method"": ""capt"", ""config.method_display"": ""CAPT"", ""config.model"": ""cluster"", ""config.num_clients"": 50, ""config.partition"": ""client-longtail"", ""config.rounds"": 100, ""config.seed"": 3, ""config.tail_aggregation_alpha"": 0.1, ""config.tail_class_ratio"": 0.2, ""config.tail_client_ratio"": 0.1, ""config.tail_specialization_strength"": 0.25, ""config.test_batch_size"": 64, ""config.timestamp"": ""2026-07-12T06:43:47"", ""config.trainer"": ""CAPT""}",f818464f85e3f11cc1b43020b078f257e92d2fb1d808f453e33d02419acf4fd9,1506b54ca450be9ba669565d9a92dd76ce443cd7d8c4f63d912430c69d9268bc,,output/expC_lambda_response_frac02/method=capt/lambda=0.25/seed=3,独立目录记录
R8a72f326e,expC_lambda_response_frac02,output/expC_lambda_response_frac02/method=capt/lambda=0.50/seed=1,,CAPT,CAPT,Cifar100_LT,client-longtail,1,,,,,,,,短运行或本地结果不完整,1,96,9,9,,,,,,,,,,,,70.87,67.05,68.6,81,1.5499999999999972,,100,50,dccc4466cfc50d3fc557d32a0d1bb8a7adc9e81ac6b171e47446dfaadfa985ef,,,,,,,9,27,0,[],0.0,逐类核对通过,,,,,,,output/expC_lambda_response_frac02/method=capt/lambda=0.50/seed=1/round_metrics.csv,,"{""config.backbone"": ""from_config"", ""config.batch_size"": 32, ""config.client_schedule_file"": ""output/expC_lambda_response_frac02/method=capt/lambda=0.50/seed=1/selected_clients_per_round.json"", ""config.config_file"": ""configs/trainers/CAPT/vit_b16.yaml"", ""config.dataset"": ""cifar100_LT"", ""config.dataset_config_file"": ""configs/datasets/cifar100_LT.yaml"", ""config.frac"": 0.2, ""config.git_commit"": null, ""config.head_class_ratio"": 0.8, ""config.head_client_ratio"": 0.9, ""config.imb_factor"": 0.01, ""config.imb_type"": ""exp"", ""config.learning_rate"": 0.001, ""config.local_epoch"": ""from_config"", ""config.method"": ""capt"", ""config.method_display"": ""CAPT"", ""config.model"": ""cluster"", ""config.num_clients"": 50, ""config.partition"": ""client-longtail"", ""config.rounds"": 100, ""config.seed"": 1, ""config.tail_aggregation_alpha"": 0.1, ""config.tail_class_ratio"": 0.2, ""config.tail_client_ratio"": 0.1, ""config.tail_specialization_strength"": 0.5, ""config.test_batch_size"": 64, ""config.timestamp"": ""2026-07-12T06:43:47"", ""config.trainer"": ""CAPT""}",dd79088b47830dda812bf1660833ea66d2e41828970030fcb949e221543fca04,244975762a4533afb790ced291df05380ceec5296530d69560a6e971922937b5,,output/expC_lambda_response_frac02/method=capt/lambda=0.50/seed=1,独立目录记录
R0d24d220e,expC_lambda_response_frac02,output/expC_lambda_response_frac02/method=capt/lambda=0.50/seed=2,,CAPT,CAPT,Cifar100_LT,client-longtail,2,,,,,,,,短运行或本地结果不完整,1,96,9,9,,,,,,,,,,,,69.99,65.45,65.45,81,0.0,,100,50,dccc4466cfc50d3fc557d32a0d1bb8a7adc9e81ac6b171e47446dfaadfa985ef,,,,,,,9,27,0,[],0.0,逐类核对通过,,,,,,,output/expC_lambda_response_frac02/method=capt/lambda=0.50/seed=2/round_metrics.csv,,"{""config.backbone"": ""from_config"", ""config.batch_size"": 32, ""config.client_schedule_file"": ""output/expC_lambda_response_frac02/method=capt/lambda=0.50/seed=2/selected_clients_per_round.json"", ""config.config_file"": ""configs/trainers/CAPT/vit_b16.yaml"", ""config.dataset"": ""cifar100_LT"", ""config.dataset_config_file"": ""configs/datasets/cifar100_LT.yaml"", ""config.frac"": 0.2, ""config.git_commit"": null, ""config.head_class_ratio"": 0.8, ""config.head_client_ratio"": 0.9, ""config.imb_factor"": 0.01, ""config.imb_type"": ""exp"", ""config.learning_rate"": 0.001, ""config.local_epoch"": ""from_config"", ""config.method"": ""capt"", ""config.method_display"": ""CAPT"", ""config.model"": ""cluster"", ""config.num_clients"": 50, ""config.partition"": ""client-longtail"", ""config.rounds"": 100, ""config.seed"": 2, ""config.tail_aggregation_alpha"": 0.1, ""config.tail_class_ratio"": 0.2, ""config.tail_client_ratio"": 0.1, ""config.tail_specialization_strength"": 0.5, ""config.test_batch_size"": 64, ""config.timestamp"": ""2026-07-12T06:43:47"", ""config.trainer"": ""CAPT""}",42615ea5aa42ba6ff7249833bd0567f891bb92fdc9d0bf2e097aaf8ba7d2c4c1,fd3f2c562defdbb2de8ede9cb1ff217500eb2026970fc4767a24dfd9d1cbc638,,output/expC_lambda_response_frac02/method=capt/lambda=0.50/seed=2,独立目录记录
R154332bac,expC_lambda_response_frac02,output/expC_lambda_response_frac02/method=capt/lambda=0.50/seed=3,,CAPT,CAPT,Cifar100_LT,client-longtail,3,,,,,,,,短运行或本地结果不完整,1,96,9,9,,,,,,,,,,,,71.21,67.15,68.8,31,1.6499999999999915,,100,50,dccc4466cfc50d3fc557d32a0d1bb8a7adc9e81ac6b171e47446dfaadfa985ef,,,,,,,9,27,0,[],0.0,逐类核对通过,,,,,,,output/expC_lambda_response_frac02/method=capt/lambda=0.50/seed=3/round_metrics.csv,,"{""config.backbone"": ""from_config"", ""config.batch_size"": 32, ""config.client_schedule_file"": ""output/expC_lambda_response_frac02/method=capt/lambda=0.50/seed=3/selected_clients_per_round.json"", ""config.config_file"": ""configs/trainers/CAPT/vit_b16.yaml"", ""config.dataset"": ""cifar100_LT"", ""config.dataset_config_file"": ""configs/datasets/cifar100_LT.yaml"", ""config.frac"": 0.2, ""config.git_commit"": null, ""config.head_class_ratio"": 0.8, ""config.head_client_ratio"": 0.9, ""config.imb_factor"": 0.01, ""config.imb_type"": ""exp"", ""config.learning_rate"": 0.001, ""config.local_epoch"": ""from_config"", ""config.method"": ""capt"", ""config.method_display"": ""CAPT"", ""config.model"": ""cluster"", ""config.num_clients"": 50, ""config.partition"": ""client-longtail"", ""config.rounds"": 100, ""config.seed"": 3, ""config.tail_aggregation_alpha"": 0.1, ""config.tail_class_ratio"": 0.2, ""config.tail_client_ratio"": 0.1, ""config.tail_specialization_strength"": 0.5, ""config.test_batch_size"": 64, ""config.timestamp"": ""2026-07-12T06:43:47"", ""config.trainer"": ""CAPT""}",59909de4e5aa9041840923d4f3e18416387e0d03418b41ade6991328a14293a0,790c368322e0bfdf6c3273c16696da146993850553c5271186b1ed7b69ed8aaa,,output/expC_lambda_response_frac02/method=capt/lambda=0.50/seed=3,独立目录记录
R5df451928,expC_lambda_response_frac02,output/expC_lambda_response_frac02/method=capt/lambda=0.75/seed=1,,CAPT,CAPT,Cifar100_LT,client-longtail,1,,,,,,,,短运行或本地结果不完整,1,96,9,9,,,,,,,,,,,,71.04,67.3,68.8,31,1.5,,100,50,dccc4466cfc50d3fc557d32a0d1bb8a7adc9e81ac6b171e47446dfaadfa985ef,,,,,,,9,27,0,[],0.0,逐类核对通过,,,,,,,output/expC_lambda_response_frac02/method=capt/lambda=0.75/seed=1/round_metrics.csv,,"{""config.backbone"": ""from_config"", ""config.batch_size"": 32, ""config.client_schedule_file"": ""output/expC_lambda_response_frac02/method=capt/lambda=0.75/seed=1/selected_clients_per_round.json"", ""config.config_file"": ""configs/trainers/CAPT/vit_b16.yaml"", ""config.dataset"": ""cifar100_LT"", ""config.dataset_config_file"": ""configs/datasets/cifar100_LT.yaml"", ""config.frac"": 0.2, ""config.git_commit"": null, ""config.head_class_ratio"": 0.8, ""config.head_client_ratio"": 0.9, ""config.imb_factor"": 0.01, ""config.imb_type"": ""exp"", ""config.learning_rate"": 0.001, ""config.local_epoch"": ""from_config"", ""config.method"": ""capt"", ""config.method_display"": ""CAPT"", ""config.model"": ""cluster"", ""config.num_clients"": 50, ""config.partition"": ""client-longtail"", ""config.rounds"": 100, ""config.seed"": 1, ""config.tail_aggregation_alpha"": 0.1, ""config.tail_class_ratio"": 0.2, ""config.tail_client_ratio"": 0.1, ""config.tail_specialization_strength"": 0.75, ""config.test_batch_size"": 64, ""config.timestamp"": ""2026-07-12T06:43:47"", ""config.trainer"": ""CAPT""}",cce0011d7e4faf9ae91eb46574bfe263a9e3088987eecf1ac6ebc28d72f3b9e2,5e711f73808d427976db0221f6b1f44c62667af9f0b4c8606755ec662cbe5565,,output/expC_lambda_response_frac02/method=capt/lambda=0.75/seed=1,独立目录记录
R6126c29ea,expC_lambda_response_frac02,output/expC_lambda_response_frac02/method=capt/lambda=0.75/seed=2,,CAPT,CAPT,Cifar100_LT,client-longtail,2,,,,,,,,短运行或本地结果不完整,1,96,9,9,,,,,,,,,,,,70.07,64.65,65.25,86,0.5999999999999943,,100,50,dccc4466cfc50d3fc557d32a0d1bb8a7adc9e81ac6b171e47446dfaadfa985ef,,,,,,,9,27,0,[],0.0,逐类核对通过,,,,,,,output/expC_lambda_response_frac02/method=capt/lambda=0.75/seed=2/round_metrics.csv,,"{""config.backbone"": ""from_config"", ""config.batch_size"": 32, ""config.client_schedule_file"": ""output/expC_lambda_response_frac02/method=capt/lambda=0.75/seed=2/selected_clients_per_round.json"", ""config.config_file"": ""configs/trainers/CAPT/vit_b16.yaml"", ""config.dataset"": ""cifar100_LT"", ""config.dataset_config_file"": ""configs/datasets/cifar100_LT.yaml"", ""config.frac"": 0.2, ""config.git_commit"": null, ""config.head_class_ratio"": 0.8, ""config.head_client_ratio"": 0.9, ""config.imb_factor"": 0.01, ""config.imb_type"": ""exp"", ""config.learning_rate"": 0.001, ""config.local_epoch"": ""from_config"", ""config.method"": ""capt"", ""config.method_display"": ""CAPT"", ""config.model"": ""cluster"", ""config.num_clients"": 50, ""config.partition"": ""client-longtail"", ""config.rounds"": 100, ""config.seed"": 2, ""config.tail_aggregation_alpha"": 0.1, ""config.tail_class_ratio"": 0.2, ""config.tail_client_ratio"": 0.1, ""config.tail_specialization_strength"": 0.75, ""config.test_batch_size"": 64, ""config.timestamp"": ""2026-07-12T06:43:47"", ""config.trainer"": ""CAPT""}",4ae8e3ccdb0e4dbad8c4744b733df17658d2aea726fb17140c030d86d003a525,3086aacdf1c2001faed9f9c22bb9ed582774773e47e9f97efbebdf78d367dd8a,,output/expC_lambda_response_frac02/method=capt/lambda=0.75/seed=2,独立目录记录
R6ea6211d6,expC_lambda_response_frac02,output/expC_lambda_response_frac02/method=capt/lambda=0.75/seed=3,,CAPT,CAPT,Cifar100_LT,client-longtail,3,,,,,,,,短运行或本地结果不完整,1,96,9,9,,,,,,,,,,,,70.57,64.85,67.4,81,2.5500000000000114,,100,50,dccc4466cfc50d3fc557d32a0d1bb8a7adc9e81ac6b171e47446dfaadfa985ef,,,,,,,9,27,0,[],0.0,逐类核对通过,,,,,,,output/expC_lambda_response_frac02/method=capt/lambda=0.75/seed=3/round_metrics.csv,,"{""config.backbone"": ""from_config"", ""config.batch_size"": 32, ""config.client_schedule_file"": ""output/expC_lambda_response_frac02/method=capt/lambda=0.75/seed=3/selected_clients_per_round.json"", ""config.config_file"": ""configs/trainers/CAPT/vit_b16.yaml"", ""config.dataset"": ""cifar100_LT"", ""config.dataset_config_file"": ""configs/datasets/cifar100_LT.yaml"", ""config.frac"": 0.2, ""config.git_commit"": null, ""config.head_class_ratio"": 0.8, ""config.head_client_ratio"": 0.9, ""config.imb_factor"": 0.01, ""config.imb_type"": ""exp"", ""config.learning_rate"": 0.001, ""config.local_epoch"": ""from_config"", ""config.method"": ""capt"", ""config.method_display"": ""CAPT"", ""config.model"": ""cluster"", ""config.num_clients"": 50, ""config.partition"": ""client-longtail"", ""config.rounds"": 100, ""config.seed"": 3, ""config.tail_aggregation_alpha"": 0.1, ""config.tail_class_ratio"": 0.2, ""config.tail_client_ratio"": 0.1, ""config.tail_specialization_strength"": 0.75, ""config.test_batch_size"": 64, ""config.timestamp"": ""2026-07-12T06:43:48"", ""config.trainer"": ""CAPT""}",c04133398b0e5872be6b793cae0f5b63ffe17e2d9d515365b1c8e379be404b88,03c3c610dfe932db4291b02e04379c6e11b2022724b4eb51c3bbc2058c88b665,,output/expC_lambda_response_frac02/method=capt/lambda=0.75/seed=3,独立目录记录
Rf597cbe14,expC_lambda_response_frac02,output/expC_lambda_response_frac02/method=capt/lambda=1.00/seed=1,,CAPT,CAPT,Cifar100_LT,client-longtail,1,,,,,,,,短运行或本地结果不完整,1,96,9,9,,,,,,,,,,,,72.0,72.75,74.25,71,1.5,,100,50,dccc4466cfc50d3fc557d32a0d1bb8a7adc9e81ac6b171e47446dfaadfa985ef,,,,,,,9,27,0,[],0.0,逐类核对通过,,,,,,,output/expC_lambda_response_frac02/method=capt/lambda=1.00/seed=1/round_metrics.csv,,"{""config.backbone"": ""from_config"", ""config.batch_size"": 32, ""config.client_schedule_file"": ""output/expC_lambda_response_frac02/method=capt/lambda=1.00/seed=1/selected_clients_per_round.json"", ""config.config_file"": ""configs/trainers/CAPT/vit_b16.yaml"", ""config.dataset"": ""cifar100_LT"", ""config.dataset_config_file"": ""configs/datasets/cifar100_LT.yaml"", ""config.frac"": 0.2, ""config.git_commit"": null, ""config.head_class_ratio"": 0.8, ""config.head_client_ratio"": 0.9, ""config.imb_factor"": 0.01, ""config.imb_type"": ""exp"", ""config.learning_rate"": 0.001, ""config.local_epoch"": ""from_config"", ""config.method"": ""capt"", ""config.method_display"": ""CAPT"", ""config.model"": ""cluster"", ""config.num_clients"": 50, ""config.partition"": ""client-longtail"", ""config.rounds"": 100, ""config.seed"": 1, ""config.tail_aggregation_alpha"": 0.1, ""config.tail_class_ratio"": 0.2, ""config.tail_client_ratio"": 0.1, ""config.tail_specialization_strength"": 1.0, ""config.test_batch_size"": 64, ""config.timestamp"": ""2026-07-12T06:43:48"", ""config.trainer"": ""CAPT""}",09f2ecb5336cf126ca62c18b60aba98ee7ba4a8082c595932c1f506da0f14cbf,028091757bfbdf3970daec7d33dcffba9cb46d10f005252a89f264c0ddb05e7a,,output/expC_lambda_response_frac02/method=capt/lambda=1.00/seed=1,独立目录记录
R3b0b6115b,expC_lambda_response_frac02,output/expC_lambda_response_frac02/method=capt/lambda=1.00/seed=2,,CAPT,CAPT,Cifar100_LT,client-longtail,2,,,,,,,,短运行或本地结果不完整,1,96,9,9,,,,,,,,,,,,73.0,71.5,72.55,81,1.0499999999999972,,100,50,dccc4466cfc50d3fc557d32a0d1bb8a7adc9e81ac6b171e47446dfaadfa985ef,,,,,,,9,27,0,[],0.0,逐类核对通过,,,,,,,output/expC_lambda_response_frac02/method=capt/lambda=1.00/seed=2/round_metrics.csv,,"{""config.backbone"": ""from_config"", ""config.batch_size"": 32, ""config.client_schedule_file"": ""output/expC_lambda_response_frac02/method=capt/lambda=1.00/seed=2/selected_clients_per_round.json"", ""config.config_file"": ""configs/trainers/CAPT/vit_b16.yaml"", ""config.dataset"": ""cifar100_LT"", ""config.dataset_config_file"": ""configs/datasets/cifar100_LT.yaml"", ""config.frac"": 0.2, ""config.git_commit"": null, ""config.head_class_ratio"": 0.8, ""config.head_client_ratio"": 0.9, ""config.imb_factor"": 0.01, ""config.imb_type"": ""exp"", ""config.learning_rate"": 0.001, ""config.local_epoch"": ""from_config"", ""config.method"": ""capt"", ""config.method_display"": ""CAPT"", ""config.model"": ""cluster"", ""config.num_clients"": 50, ""config.partition"": ""client-longtail"", ""config.rounds"": 100, ""config.seed"": 2, ""config.tail_aggregation_alpha"": 0.1, ""config.tail_class_ratio"": 0.2, ""config.tail_client_ratio"": 0.1, ""config.tail_specialization_strength"": 1.0, ""config.test_batch_size"": 64, ""config.timestamp"": ""2026-07-12T06:43:48"", ""config.trainer"": ""CAPT""}",949bcea1b9048c0cfb736475592de00e333ca175f83d0b62eff16dc0e96521dd,61b754b0dde9306285cbe2ae2427df124431dddf8a0c8acd01f7f4d2243ae831,,output/expC_lambda_response_frac02/method=capt/lambda=1.00/seed=2,独立目录记录
R1b864d937,expC_lambda_response_frac02,output/expC_lambda_response_frac02/method=capt/lambda=1.00/seed=3,,CAPT,CAPT,Cifar100_LT,client-longtail,3,,,,,,,,短运行或本地结果不完整,1,96,9,9,,,,,,,,,,,,72.67,71.85,74.4,86,2.5500000000000114,,100,50,dccc4466cfc50d3fc557d32a0d1bb8a7adc9e81ac6b171e47446dfaadfa985ef,,,,,,,9,27,0,[],0.0,逐类核对通过,,,,,,,output/expC_lambda_response_frac02/method=capt/lambda=1.00/seed=3/round_metrics.csv,,"{""config.backbone"": ""from_config"", ""config.batch_size"": 32, ""config.client_schedule_file"": ""output/expC_lambda_response_frac02/method=capt/lambda=1.00/seed=3/selected_clients_per_round.json"", ""config.config_file"": ""configs/trainers/CAPT/vit_b16.yaml"", ""config.dataset"": ""cifar100_LT"", ""config.dataset_config_file"": ""configs/datasets/cifar100_LT.yaml"", ""config.frac"": 0.2, ""config.git_commit"": null, ""config.head_class_ratio"": 0.8, ""config.head_client_ratio"": 0.9, ""config.imb_factor"": 0.01, ""config.imb_type"": ""exp"", ""config.learning_rate"": 0.001, ""config.local_epoch"": ""from_config"", ""config.method"": ""capt"", ""config.method_display"": ""CAPT"", ""config.model"": ""cluster"", ""config.num_clients"": 50, ""config.partition"": ""client-longtail"", ""config.rounds"": 100, ""config.seed"": 3, ""config.tail_aggregation_alpha"": 0.1, ""config.tail_class_ratio"": 0.2, ""config.tail_client_ratio"": 0.1, ""config.tail_specialization_strength"": 1.0, ""config.test_batch_size"": 64, ""config.timestamp"": ""2026-07-12T06:43:48"", ""config.trainer"": ""CAPT""}",032024a12ff130ef36bfc4ebca48c155d54ccfd83e33c46be9eb0c1924d0454b,4d2e4a11c35e040f297e28f1088afb7b7df373ac9427924234092c92e731ff1a,,output/expC_lambda_response_frac02/method=capt/lambda=1.00/seed=3,独立目录记录
Rfe321af4e,expC_lambda_response_frac02,output/expC_lambda_response_frac02/method=promptfl/lambda=0.00/seed=1,,PromptFL,PromptFL,Cifar100_LT,client-longtail,1,,,,,,,,已记录到第100轮或以后,1,100,21,42,"1,6,11,16,21,26,31,36,41,46,51,56,61,66,71,76,81,86,91,96,100",,,,,,,,,,,64.16,44.55,45.45,91,0.9000000000000057,,100,50,dccc4466cfc50d3fc557d32a0d1bb8a7adc9e81ac6b171e47446dfaadfa985ef,,,,,,,21,63,0,[],0.0,逐类核对通过,,,,,,,output/expC_lambda_response_frac02/method=promptfl/lambda=0.00/seed=1/round_metrics.csv,,"{""config.backbone"": ""from_config"", ""config.batch_size"": 32, ""config.client_schedule_file"": ""output/expC_lambda_response_frac02/method=promptfl/lambda=0.00/seed=1/selected_clients_per_round.json"", ""config.config_file"": ""configs/trainers/PromptFL/vit_b16.yaml"", ""config.dataset"": ""cifar100_LT"", ""config.dataset_config_file"": ""configs/datasets/cifar100_LT.yaml"", ""config.frac"": 0.2, ""config.git_commit"": null, ""config.head_class_ratio"": 0.8, ""config.head_client_ratio"": 0.9, ""config.imb_factor"": 0.01, ""config.imb_type"": ""exp"", ""config.learning_rate"": 0.001, ""config.local_epoch"": ""from_config"", ""config.method"": ""promptfl"", ""config.method_display"": ""PromptFL"", ""config.model"": ""fedavg"", ""config.num_clients"": 50, ""config.partition"": ""client-longtail"", ""config.rounds"": 100, ""config.seed"": 1, ""config.tail_aggregation_alpha"": 0.1, ""config.tail_class_ratio"": 0.2, ""config.tail_client_ratio"": 0.1, ""config.tail_specialization_strength"": 0.0, ""config.test_batch_size"": 64, ""config.timestamp"": ""2026-07-12T06:43:47"", ""config.trainer"": ""PromptFL""}",c9f788fbbbd295178f7352861075a9eb45a9e1c4a88f64cf25cfb02f45981df6,54c7b528568eb4214d365ee9094896a496a2f452c246f738675159e855a86f67,,output/expC_lambda_response_frac02/method=promptfl/lambda=0.00/seed=1,独立目录记录
R551f2ec5e,expC_lambda_response_frac02,output/expC_lambda_response_frac02/method=promptfl/lambda=0.00/seed=2,,PromptFL,PromptFL,Cifar100_LT,client-longtail,2,,,,,,,,已记录到第100轮或以后,1,100,21,23,"1,6",,,,,,,,,,,65.59,42.6,45.75,66,3.1499999999999986,,100,50,dccc4466cfc50d3fc557d32a0d1bb8a7adc9e81ac6b171e47446dfaadfa985ef,,,,,,,21,63,0,[],0.0,逐类核对通过,,,,,,,output/expC_lambda_response_frac02/method=promptfl/lambda=0.00/seed=2/round_metrics.csv,,"{""config.backbone"": ""from_config"", ""config.batch_size"": 32, ""config.client_schedule_file"": ""output/expC_lambda_response_frac02/method=promptfl/lambda=0.00/seed=2/selected_clients_per_round.json"", ""config.config_file"": ""configs/trainers/PromptFL/vit_b16.yaml"", ""config.dataset"": ""cifar100_LT"", ""config.dataset_config_file"": ""configs/datasets/cifar100_LT.yaml"", ""config.frac"": 0.2, ""config.git_commit"": null, ""config.head_class_ratio"": 0.8, ""config.head_client_ratio"": 0.9, ""config.imb_factor"": 0.01, ""config.imb_type"": ""exp"", ""config.learning_rate"": 0.001, ""config.local_epoch"": ""from_config"", ""config.method"": ""promptfl"", ""config.method_display"": ""PromptFL"", ""config.model"": ""fedavg"", ""config.num_clients"": 50, ""config.partition"": ""client-longtail"", ""config.rounds"": 100, ""config.seed"": 2, ""config.tail_aggregation_alpha"": 0.1, ""config.tail_class_ratio"": 0.2, ""config.tail_client_ratio"": 0.1, ""config.tail_specialization_strength"": 0.0, ""config.test_batch_size"": 64, ""config.timestamp"": ""2026-07-12T06:43:47"", ""config.trainer"": ""PromptFL""}",3f0aa1be3f39196ad9f8c73cf6de38e69e89bf68dbd9a6fd71d33655ecdc9459,3ca1fce64e7a54a71cbe9e14bb4c6acb2038e5fdd2eff33b691a1bf1af9d8750,,output/expC_lambda_response_frac02/method=promptfl/lambda=0.00/seed=2,独立目录记录
R0b09e616b,expC_lambda_response_frac02,output/expC_lambda_response_frac02/method=promptfl/lambda=0.00/seed=3,,PromptFL,PromptFL,Cifar100_LT,client-longtail,3,,,,,,,,已记录到第100轮或以后,1,100,21,21,,,,,,,,,,,,64.37,40.5,45.35,31,4.850000000000001,,100,50,dccc4466cfc50d3fc557d32a0d1bb8a7adc9e81ac6b171e47446dfaadfa985ef,,,,,,,21,63,0,[],0.0,逐类核对通过,,,,,,,output/expC_lambda_response_frac02/method=promptfl/lambda=0.00/seed=3/round_metrics.csv,,"{""config.backbone"": ""from_config"", ""config.batch_size"": 32, ""config.client_schedule_file"": ""output/expC_lambda_response_frac02/method=promptfl/lambda=0.00/seed=3/selected_clients_per_round.json"", ""config.config_file"": ""configs/trainers/PromptFL/vit_b16.yaml"", ""config.dataset"": ""cifar100_LT"", ""config.dataset_config_file"": ""configs/datasets/cifar100_LT.yaml"", ""config.frac"": 0.2, ""config.git_commit"": null, ""config.head_class_ratio"": 0.8, ""config.head_client_ratio"": 0.9, ""config.imb_factor"": 0.01, ""config.imb_type"": ""exp"", ""config.learning_rate"": 0.001, ""config.local_epoch"": ""from_config"", ""config.method"": ""promptfl"", ""config.method_display"": ""PromptFL"", ""config.model"": ""fedavg"", ""config.num_clients"": 50, ""config.partition"": ""client-longtail"", ""config.rounds"": 100, ""config.seed"": 3, ""config.tail_aggregation_alpha"": 0.1, ""config.tail_class_ratio"": 0.2, ""config.tail_client_ratio"": 0.1, ""config.tail_specialization_strength"": 0.0, ""config.test_batch_size"": 64, ""config.timestamp"": ""2026-07-12T06:43:47"", ""config.trainer"": ""PromptFL""}",1ea3cc397c115f39cce5a32538ba8fa32c465fd00ef621e6ba77fb8f9ca40bac,066326a11abe7222b77a19a89553bd57bf20a4bd873fe663eceef20064725fca,,output/expC_lambda_response_frac02/method=promptfl/lambda=0.00/seed=3,独立目录记录
Rac7b54ae1,expC_lambda_response_frac02,output/expC_lambda_response_frac02/method=promptfl/lambda=0.25/seed=1,,PromptFL,PromptFL,Cifar100_LT,client-longtail,1,,,,,,,,已记录到第100轮或以后,1,100,21,21,,,,,,,,,,,,63.46,43.15,44.9,86,1.75,,100,50,dccc4466cfc50d3fc557d32a0d1bb8a7adc9e81ac6b171e47446dfaadfa985ef,,,,,,,21,63,0,[],0.0,逐类核对通过,,,,,,,output/expC_lambda_response_frac02/method=promptfl/lambda=0.25/seed=1/round_metrics.csv,,"{""config.backbone"": ""from_config"", ""config.batch_size"": 32, ""config.client_schedule_file"": ""output/expC_lambda_response_frac02/method=promptfl/lambda=0.25/seed=1/selected_clients_per_round.json"", ""config.config_file"": ""configs/trainers/PromptFL/vit_b16.yaml"", ""config.dataset"": ""cifar100_LT"", ""config.dataset_config_file"": ""configs/datasets/cifar100_LT.yaml"", ""config.frac"": 0.2, ""config.git_commit"": null, ""config.head_class_ratio"": 0.8, ""config.head_client_ratio"": 0.9, ""config.imb_factor"": 0.01, ""config.imb_type"": ""exp"", ""config.learning_rate"": 0.001, ""config.local_epoch"": ""from_config"", ""config.method"": ""promptfl"", ""config.method_display"": ""PromptFL"", ""config.model"": ""fedavg"", ""config.num_clients"": 50, ""config.partition"": ""client-longtail"", ""config.rounds"": 100, ""config.seed"": 1, ""config.tail_aggregation_alpha"": 0.1, ""config.tail_class_ratio"": 0.2, ""config.tail_client_ratio"": 0.1, ""config.tail_specialization_strength"": 0.25, ""config.test_batch_size"": 64, ""config.timestamp"": ""2026-07-12T06:43:47"", ""config.trainer"": ""PromptFL""}",4b4dcbadd994456803ecfbc2d094fde4e9b92a33bf86d296a8164ea9473f2b25,92fb7302ce10f8e831a6ee78a544167bf31af519d2d4c78234f607ffa5054989,,output/expC_lambda_response_frac02/method=promptfl/lambda=0.25/seed=1,独立目录记录
R6c66461de,expC_lambda_response_frac02,output/expC_lambda_response_frac02/method=promptfl/lambda=0.25/seed=2,,PromptFL,PromptFL,Cifar100_LT,client-longtail,2,,,,,,,,已记录到第100轮或以后,1,100,21,21,,,,,,,,,,,,65.5,44.15,45.7,81,1.5500000000000043,,100,50,dccc4466cfc50d3fc557d32a0d1bb8a7adc9e81ac6b171e47446dfaadfa985ef,,,,,,,21,63,0,[],0.0,逐类核对通过,,,,,,,output/expC_lambda_response_frac02/method=promptfl/lambda=0.25/seed=2/round_metrics.csv,,"{""config.backbone"": ""from_config"", ""config.batch_size"": 32, ""config.client_schedule_file"": ""output/expC_lambda_response_frac02/method=promptfl/lambda=0.25/seed=2/selected_clients_per_round.json"", ""config.config_file"": ""configs/trainers/PromptFL/vit_b16.yaml"", ""config.dataset"": ""cifar100_LT"", ""config.dataset_config_file"": ""configs/datasets/cifar100_LT.yaml"", ""config.frac"": 0.2, ""config.git_commit"": null, ""config.head_class_ratio"": 0.8, ""config.head_client_ratio"": 0.9, ""config.imb_factor"": 0.01, ""config.imb_type"": ""exp"", ""config.learning_rate"": 0.001, ""config.local_epoch"": ""from_config"", ""config.method"": ""promptfl"", ""config.method_display"": ""PromptFL"", ""config.model"": ""fedavg"", ""config.num_clients"": 50, ""config.partition"": ""client-longtail"", ""config.rounds"": 100, ""config.seed"": 2, ""config.tail_aggregation_alpha"": 0.1, ""config.tail_class_ratio"": 0.2, ""config.tail_client_ratio"": 0.1, ""config.tail_specialization_strength"": 0.25, ""config.test_batch_size"": 64, ""config.timestamp"": ""2026-07-12T06:43:47"", ""config.trainer"": ""PromptFL""}",164284868658a09f27d079f67234874e50331ad7bc4ed45f8be5ac09750599ea,15901a76fe1bbf5f7a63edb22010a4aaead64c2e5718410a3b7bdf0601c3554c,,output/expC_lambda_response_frac02/method=promptfl/lambda=0.25/seed=2,独立目录记录
R722310a1c,expC_lambda_response_frac02,output/expC_lambda_response_frac02/method=promptfl/lambda=0.25/seed=3,,PromptFL,PromptFL,Cifar100_LT,client-longtail,3,,,,,,,,已记录到第100轮或以后,1,100,21,21,,,,,,,,,,,,63.91,39.15,44.55,46,5.399999999999999,,100,50,dccc4466cfc50d3fc557d32a0d1bb8a7adc9e81ac6b171e47446dfaadfa985ef,,,,,,,21,63,0,[],0.0,逐类核对通过,,,,,,,output/expC_lambda_response_frac02/method=promptfl/lambda=0.25/seed=3/round_metrics.csv,,"{""config.backbone"": ""from_config"", ""config.batch_size"": 32, ""config.client_schedule_file"": ""output/expC_lambda_response_frac02/method=promptfl/lambda=0.25/seed=3/selected_clients_per_round.json"", ""config.config_file"": ""configs/trainers/PromptFL/vit_b16.yaml"", ""config.dataset"": ""cifar100_LT"", ""config.dataset_config_file"": ""configs/datasets/cifar100_LT.yaml"", ""config.frac"": 0.2, ""config.git_commit"": null, ""config.head_class_ratio"": 0.8, ""config.head_client_ratio"": 0.9, ""config.imb_factor"": 0.01, ""config.imb_type"": ""exp"", ""config.learning_rate"": 0.001, ""config.local_epoch"": ""from_config"", ""config.method"": ""promptfl"", ""config.method_display"": ""PromptFL"", ""config.model"": ""fedavg"", ""config.num_clients"": 50, ""config.partition"": ""client-longtail"", ""config.rounds"": 100, ""config.seed"": 3, ""config.tail_aggregation_alpha"": 0.1, ""config.tail_class_ratio"": 0.2, ""config.tail_client_ratio"": 0.1, ""config.tail_specialization_strength"": 0.25, ""config.test_batch_size"": 64, ""config.timestamp"": ""2026-07-12T06:43:47"", ""config.trainer"": ""PromptFL""}",92e4b7ddc92f8bab28f0c537f3019c1a91349343062f95f267a5e4492f5d0050,1e11746db87a75f7102f8c2770694af21de37ad9d0c7423fa271ec13e1601ee4,,output/expC_lambda_response_frac02/method=promptfl/lambda=0.25/seed=3,独立目录记录
Rd695c9d77,expC_lambda_response_frac02,output/expC_lambda_response_frac02/method=promptfl/lambda=0.50/seed=1,,PromptFL,PromptFL,Cifar100_LT,client-longtail,1,,,,,,,,已记录到第100轮或以后,1,100,21,21,,,,,,,,,,,,62.54,40.45,47.45,71,7.0,,100,50,dccc4466cfc50d3fc557d32a0d1bb8a7adc9e81ac6b171e47446dfaadfa985ef,,,,,,,21,63,0,[],0.0,逐类核对通过,,,,,,,output/expC_lambda_response_frac02/method=promptfl/lambda=0.50/seed=1/round_metrics.csv,,"{""config.backbone"": ""from_config"", ""config.batch_size"": 32, ""config.client_schedule_file"": ""output/expC_lambda_response_frac02/method=promptfl/lambda=0.50/seed=1/selected_clients_per_round.json"", ""config.config_file"": ""configs/trainers/PromptFL/vit_b16.yaml"", ""config.dataset"": ""cifar100_LT"", ""config.dataset_config_file"": ""configs/datasets/cifar100_LT.yaml"", ""config.frac"": 0.2, ""config.git_commit"": null, ""config.head_class_ratio"": 0.8, ""config.head_client_ratio"": 0.9, ""config.imb_factor"": 0.01, ""config.imb_type"": ""exp"", ""config.learning_rate"": 0.001, ""config.local_epoch"": ""from_config"", ""config.method"": ""promptfl"", ""config.method_display"": ""PromptFL"", ""config.model"": ""fedavg"", ""config.num_clients"": 50, ""config.partition"": ""client-longtail"", ""config.rounds"": 100, ""config.seed"": 1, ""config.tail_aggregation_alpha"": 0.1, ""config.tail_class_ratio"": 0.2, ""config.tail_client_ratio"": 0.1, ""config.tail_specialization_strength"": 0.5, ""config.test_batch_size"": 64, ""config.timestamp"": ""2026-07-12T06:43:47"", ""config.trainer"": ""PromptFL""}",2eca5f03fe73990de4517acdec84bf491e6ae906dc6b6c8dcef14b0fe2a0e79a,aba46cc5a80e7ae1654b4ecc9736a869c2161653c2e703227c62d81afb0a8f5c,,output/expC_lambda_response_frac02/method=promptfl/lambda=0.50/seed=1,独立目录记录
R45b0db8f5,expC_lambda_response_frac02,output/expC_lambda_response_frac02/method=promptfl/lambda=0.50/seed=2,,PromptFL,PromptFL,Cifar100_LT,client-longtail,2,,,,,,,,已记录到第100轮或以后,1,100,21,21,,,,,,,,,,,,66.24,46.15,46.9,81,0.75,,100,50,dccc4466cfc50d3fc557d32a0d1bb8a7adc9e81ac6b171e47446dfaadfa985ef,,,,,,,21,63,0,[],0.0,逐类核对通过,,,,,,,output/expC_lambda_response_frac02/method=promptfl/lambda=0.50/seed=2/round_metrics.csv,,"{""config.backbone"": ""from_config"", ""config.batch_size"": 32, ""config.client_schedule_file"": ""output/expC_lambda_response_frac02/method=promptfl/lambda=0.50/seed=2/selected_clients_per_round.json"", ""config.config_file"": ""configs/trainers/PromptFL/vit_b16.yaml"", ""config.dataset"": ""cifar100_LT"", ""config.dataset_config_file"": ""configs/datasets/cifar100_LT.yaml"", ""config.frac"": 0.2, ""config.git_commit"": null, ""config.head_class_ratio"": 0.8, ""config.head_client_ratio"": 0.9, ""config.imb_factor"": 0.01, ""config.imb_type"": ""exp"", ""config.learning_rate"": 0.001, ""config.local_epoch"": ""from_config"", ""config.method"": ""promptfl"", ""config.method_display"": ""PromptFL"", ""config.model"": ""fedavg"", ""config.num_clients"": 50, ""config.partition"": ""client-longtail"", ""config.rounds"": 100, ""config.seed"": 2, ""config.tail_aggregation_alpha"": 0.1, ""config.tail_class_ratio"": 0.2, ""config.tail_client_ratio"": 0.1, ""config.tail_specialization_strength"": 0.5, ""config.test_batch_size"": 64, ""config.timestamp"": ""2026-07-12T06:43:47"", ""config.trainer"": ""PromptFL""}",618380176b678570fe7abbc4d549de2708273f092ddf947724067db9a3f5f73f,3723de814c7d380e2295331c3d713543cc4e0e1e04048422e5ac122a45314545,,output/expC_lambda_response_frac02/method=promptfl/lambda=0.50/seed=2,独立目录记录
R585456a6f,expC_lambda_response_frac02,output/expC_lambda_response_frac02/method=promptfl/lambda=0.50/seed=3,,PromptFL,PromptFL,Cifar100_LT,client-longtail,3,,,,,,,,已记录到第100轮或以后,1,100,21,21,,,,,,,,,,,,62.65,32.8,44.05,26,11.25,,100,50,dccc4466cfc50d3fc557d32a0d1bb8a7adc9e81ac6b171e47446dfaadfa985ef,,,,,,,21,63,0,[],0.0,逐类核对通过,,,,,,,output/expC_lambda_response_frac02/method=promptfl/lambda=0.50/seed=3/round_metrics.csv,,"{""config.backbone"": ""from_config"", ""config.batch_size"": 32, ""config.client_schedule_file"": ""output/expC_lambda_response_frac02/method=promptfl/lambda=0.50/seed=3/selected_clients_per_round.json"", ""config.config_file"": ""configs/trainers/PromptFL/vit_b16.yaml"", ""config.dataset"": ""cifar100_LT"", ""config.dataset_config_file"": ""configs/datasets/cifar100_LT.yaml"", ""config.frac"": 0.2, ""config.git_commit"": null, ""config.head_class_ratio"": 0.8, ""config.head_client_ratio"": 0.9, ""config.imb_factor"": 0.01, ""config.imb_type"": ""exp"", ""config.learning_rate"": 0.001, ""config.local_epoch"": ""from_config"", ""config.method"": ""promptfl"", ""config.method_display"": ""PromptFL"", ""config.model"": ""fedavg"", ""config.num_clients"": 50, ""config.partition"": ""client-longtail"", ""config.rounds"": 100, ""config.seed"": 3, ""config.tail_aggregation_alpha"": 0.1, ""config.tail_class_ratio"": 0.2, ""config.tail_client_ratio"": 0.1, ""config.tail_specialization_strength"": 0.5, ""config.test_batch_size"": 64, ""config.timestamp"": ""2026-07-12T06:43:47"", ""config.trainer"": ""PromptFL""}",250c6e27000e92e593b3bd203226f558a1d308dff4dbfdadfd886041998ca280,017c4a4f2b5bcf21ba5c72c00def95edf165a999ee950070da2f254c790306cc,,output/expC_lambda_response_frac02/method=promptfl/lambda=0.50/seed=3,独立目录记录
R4208a34fe,expC_lambda_response_frac02,output/expC_lambda_response_frac02/method=promptfl/lambda=0.75/seed=1,,PromptFL,PromptFL,Cifar100_LT,client-longtail,1,,,,,,,,已记录到第100轮或以后,1,100,21,21,,,,,,,,,,,,64.15,41.6,45.0,46,3.3999999999999986,,100,50,dccc4466cfc50d3fc557d32a0d1bb8a7adc9e81ac6b171e47446dfaadfa985ef,,,,,,,21,63,0,[],0.0,逐类核对通过,,,,,,,output/expC_lambda_response_frac02/method=promptfl/lambda=0.75/seed=1/round_metrics.csv,,"{""config.backbone"": ""from_config"", ""config.batch_size"": 32, ""config.client_schedule_file"": ""output/expC_lambda_response_frac02/method=promptfl/lambda=0.75/seed=1/selected_clients_per_round.json"", ""config.config_file"": ""configs/trainers/PromptFL/vit_b16.yaml"", ""config.dataset"": ""cifar100_LT"", ""config.dataset_config_file"": ""configs/datasets/cifar100_LT.yaml"", ""config.frac"": 0.2, ""config.git_commit"": null, ""config.head_class_ratio"": 0.8, ""config.head_client_ratio"": 0.9, ""config.imb_factor"": 0.01, ""config.imb_type"": ""exp"", ""config.learning_rate"": 0.001, ""config.local_epoch"": ""from_config"", ""config.method"": ""promptfl"", ""config.method_display"": ""PromptFL"", ""config.model"": ""fedavg"", ""config.num_clients"": 50, ""config.partition"": ""client-longtail"", ""config.rounds"": 100, ""config.seed"": 1, ""config.tail_aggregation_alpha"": 0.1, ""config.tail_class_ratio"": 0.2, ""config.tail_client_ratio"": 0.1, ""config.tail_specialization_strength"": 0.75, ""config.test_batch_size"": 64, ""config.timestamp"": ""2026-07-12T06:43:47"", ""config.trainer"": ""PromptFL""}",bf879dce51d23a97c57553cd6e4944d3a5fc38c5d90631f6d713de020cf6e65a,dbed877840fbc00b1730aace62dbe5b49dde499d420e7d8f165a2921178f41d8,,output/expC_lambda_response_frac02/method=promptfl/lambda=0.75/seed=1,独立目录记录
Raa05d2c52,expC_lambda_response_frac02,output/expC_lambda_response_frac02/method=promptfl/lambda=0.75/seed=2,,PromptFL,PromptFL,Cifar100_LT,client-longtail,2,,,,,,,,已记录到第100轮或以后,1,100,21,21,,,,,,,,,,,,64.96,43.9,44.1,81,0.20000000000000284,,100,50,dccc4466cfc50d3fc557d32a0d1bb8a7adc9e81ac6b171e47446dfaadfa985ef,,,,,,,21,63,0,[],0.0,逐类核对通过,,,,,,,output/expC_lambda_response_frac02/method=promptfl/lambda=0.75/seed=2/round_metrics.csv,,"{""config.backbone"": ""from_config"", ""config.batch_size"": 32, ""config.client_schedule_file"": ""output/expC_lambda_response_frac02/method=promptfl/lambda=0.75/seed=2/selected_clients_per_round.json"", ""config.config_file"": ""configs/trainers/PromptFL/vit_b16.yaml"", ""config.dataset"": ""cifar100_LT"", ""config.dataset_config_file"": ""configs/datasets/cifar100_LT.yaml"", ""config.frac"": 0.2, ""config.git_commit"": null, ""config.head_class_ratio"": 0.8, ""config.head_client_ratio"": 0.9, ""config.imb_factor"": 0.01, ""config.imb_type"": ""exp"", ""config.learning_rate"": 0.001, ""config.local_epoch"": ""from_config"", ""config.method"": ""promptfl"", ""config.method_display"": ""PromptFL"", ""config.model"": ""fedavg"", ""config.num_clients"": 50, ""config.partition"": ""client-longtail"", ""config.rounds"": 100, ""config.seed"": 2, ""config.tail_aggregation_alpha"": 0.1, ""config.tail_class_ratio"": 0.2, ""config.tail_client_ratio"": 0.1, ""config.tail_specialization_strength"": 0.75, ""config.test_batch_size"": 64, ""config.timestamp"": ""2026-07-12T06:43:47"", ""config.trainer"": ""PromptFL""}",70bc280bfdbddc4adec6e2996c9d76bfdb5efabef431373744b65ac7b3cfa622,8669779b850c3ad335592b171993069b473e21b9aa716dbc5327789d640d6634,,output/expC_lambda_response_frac02/method=promptfl/lambda=0.75/seed=2,独立目录记录
Rf547520a1,expC_lambda_response_frac02,output/expC_lambda_response_frac02/method=promptfl/lambda=0.75/seed=3,,PromptFL,PromptFL,Cifar100_LT,client-longtail,3,,,,,,,,已记录到第100轮或以后,1,100,21,21,,,,,,,,,,,,62.76,35.2,44.9,71,9.699999999999996,,100,50,dccc4466cfc50d3fc557d32a0d1bb8a7adc9e81ac6b171e47446dfaadfa985ef,,,,,,,21,63,0,[],0.0,逐类核对通过,,,,,,,output/expC_lambda_response_frac02/method=promptfl/lambda=0.75/seed=3/round_metrics.csv,,"{""config.backbone"": ""from_config"", ""config.batch_size"": 32, ""config.client_schedule_file"": ""output/expC_lambda_response_frac02/method=promptfl/lambda=0.75/seed=3/selected_clients_per_round.json"", ""config.config_file"": ""configs/trainers/PromptFL/vit_b16.yaml"", ""config.dataset"": ""cifar100_LT"", ""config.dataset_config_file"": ""configs/datasets/cifar100_LT.yaml"", ""config.frac"": 0.2, ""config.git_commit"": null, ""config.head_class_ratio"": 0.8, ""config.head_client_ratio"": 0.9, ""config.imb_factor"": 0.01, ""config.imb_type"": ""exp"", ""config.learning_rate"": 0.001, ""config.local_epoch"": ""from_config"", ""config.method"": ""promptfl"", ""config.method_display"": ""PromptFL"", ""config.model"": ""fedavg"", ""config.num_clients"": 50, ""config.partition"": ""client-longtail"", ""config.rounds"": 100, ""config.seed"": 3, ""config.tail_aggregation_alpha"": 0.1, ""config.tail_class_ratio"": 0.2, ""config.tail_client_ratio"": 0.1, ""config.tail_specialization_strength"": 0.75, ""config.test_batch_size"": 64, ""config.timestamp"": ""2026-07-12T06:43:47"", ""config.trainer"": ""PromptFL""}",bc15f4a97d0c19a186075bec13e6834dd38832d2077dcd475bfc2332276f0d77,e1adb13ed7d852ace7bb9d592f18f87771514ade91304fe2b945de87aec58c5c,,output/expC_lambda_response_frac02/method=promptfl/lambda=0.75/seed=3,独立目录记录
Rf08888b2c,expC_lambda_response_frac02,output/expC_lambda_response_frac02/method=promptfl/lambda=1.00/seed=1,,PromptFL,PromptFL,Cifar100_LT,client-longtail,1,,,,,,,,已记录到第100轮或以后,1,100,21,21,,,,,,,,,,,,64.17,44.6,50.5,31,5.899999999999999,,100,50,dccc4466cfc50d3fc557d32a0d1bb8a7adc9e81ac6b171e47446dfaadfa985ef,,,,,,,21,63,0,[],0.0,逐类核对通过,,,,,,,output/expC_lambda_response_frac02/method=promptfl/lambda=1.00/seed=1/round_metrics.csv,,"{""config.backbone"": ""from_config"", ""config.batch_size"": 32, ""config.client_schedule_file"": ""output/expC_lambda_response_frac02/method=promptfl/lambda=1.00/seed=1/selected_clients_per_round.json"", ""config.config_file"": ""configs/trainers/PromptFL/vit_b16.yaml"", ""config.dataset"": ""cifar100_LT"", ""config.dataset_config_file"": ""configs/datasets/cifar100_LT.yaml"", ""config.frac"": 0.2, ""config.git_commit"": null, ""config.head_class_ratio"": 0.8, ""config.head_client_ratio"": 0.9, ""config.imb_factor"": 0.01, ""config.imb_type"": ""exp"", ""config.learning_rate"": 0.001, ""config.local_epoch"": ""from_config"", ""config.method"": ""promptfl"", ""config.method_display"": ""PromptFL"", ""config.model"": ""fedavg"", ""config.num_clients"": 50, ""config.partition"": ""client-longtail"", ""config.rounds"": 100, ""config.seed"": 1, ""config.tail_aggregation_alpha"": 0.1, ""config.tail_class_ratio"": 0.2, ""config.tail_client_ratio"": 0.1, ""config.tail_specialization_strength"": 1.0, ""config.test_batch_size"": 64, ""config.timestamp"": ""2026-07-12T06:43:47"", ""config.trainer"": ""PromptFL""}",8394531d2c907adb299ffccc6c098dd7cab355b68eafee9fb65bb6caded4dc05,c51e58e1a74fb32b97ddf8b793dc7922f293db19e644d9c182267f767230b32b,,output/expC_lambda_response_frac02/method=promptfl/lambda=1.00/seed=1,独立目录记录
R42929ca28,expC_lambda_response_frac02,output/expC_lambda_response_frac02/method=promptfl/lambda=1.00/seed=2,,PromptFL,PromptFL,Cifar100_LT,client-longtail,2,,,,,,,,已记录到第100轮或以后,1,100,21,21,,,,,,,,,,,,65.54,47.4,48.9,96,1.5,,100,50,dccc4466cfc50d3fc557d32a0d1bb8a7adc9e81ac6b171e47446dfaadfa985ef,,,,,,,21,63,0,[],0.0,逐类核对通过,,,,,,,output/expC_lambda_response_frac02/method=promptfl/lambda=1.00/seed=2/round_metrics.csv,,"{""config.backbone"": ""from_config"", ""config.batch_size"": 32, ""config.client_schedule_file"": ""output/expC_lambda_response_frac02/method=promptfl/lambda=1.00/seed=2/selected_clients_per_round.json"", ""config.config_file"": ""configs/trainers/PromptFL/vit_b16.yaml"", ""config.dataset"": ""cifar100_LT"", ""config.dataset_config_file"": ""configs/datasets/cifar100_LT.yaml"", ""config.frac"": 0.2, ""config.git_commit"": null, ""config.head_class_ratio"": 0.8, ""config.head_client_ratio"": 0.9, ""config.imb_factor"": 0.01, ""config.imb_type"": ""exp"", ""config.learning_rate"": 0.001, ""config.local_epoch"": ""from_config"", ""config.method"": ""promptfl"", ""config.method_display"": ""PromptFL"", ""config.model"": ""fedavg"", ""config.num_clients"": 50, ""config.partition"": ""client-longtail"", ""config.rounds"": 100, ""config.seed"": 2, ""config.tail_aggregation_alpha"": 0.1, ""config.tail_class_ratio"": 0.2, ""config.tail_client_ratio"": 0.1, ""config.tail_specialization_strength"": 1.0, ""config.test_batch_size"": 64, ""config.timestamp"": ""2026-07-12T06:43:47"", ""config.trainer"": ""PromptFL""}",93aaab6e1f0183ae4077fffdab9df16b8ae0ccf124fe1161af375894fde83fc1,e769da37c109e679b9ba1da62fdda5685a96c2501d4e3d01e101c567db3061fb,,output/expC_lambda_response_frac02/method=promptfl/lambda=1.00/seed=2,独立目录记录
Re86347789,expC_lambda_response_frac02,output/expC_lambda_response_frac02/method=promptfl/lambda=1.00/seed=3,,PromptFL,PromptFL,Cifar100_LT,client-longtail,3,,,,,,,,已记录到第100轮或以后,1,100,21,21,,,,,,,,,,,,63.18,37.75,50.55,71,12.799999999999997,,100,50,dccc4466cfc50d3fc557d32a0d1bb8a7adc9e81ac6b171e47446dfaadfa985ef,,,,,,,21,63,0,[],0.0,逐类核对通过,,,,,,,output/expC_lambda_response_frac02/method=promptfl/lambda=1.00/seed=3/round_metrics.csv,,"{""config.backbone"": ""from_config"", ""config.batch_size"": 32, ""config.client_schedule_file"": ""output/expC_lambda_response_frac02/method=promptfl/lambda=1.00/seed=3/selected_clients_per_round.json"", ""config.config_file"": ""configs/trainers/PromptFL/vit_b16.yaml"", ""config.dataset"": ""cifar100_LT"", ""config.dataset_config_file"": ""configs/datasets/cifar100_LT.yaml"", ""config.frac"": 0.2, ""config.git_commit"": null, ""config.head_class_ratio"": 0.8, ""config.head_client_ratio"": 0.9, ""config.imb_factor"": 0.01, ""config.imb_type"": ""exp"", ""config.learning_rate"": 0.001, ""config.local_epoch"": ""from_config"", ""config.method"": ""promptfl"", ""config.method_display"": ""PromptFL"", ""config.model"": ""fedavg"", ""config.num_clients"": 50, ""config.partition"": ""client-longtail"", ""config.rounds"": 100, ""config.seed"": 3, ""config.tail_aggregation_alpha"": 0.1, ""config.tail_class_ratio"": 0.2, ""config.tail_client_ratio"": 0.1, ""config.tail_specialization_strength"": 1.0, ""config.test_batch_size"": 64, ""config.timestamp"": ""2026-07-12T06:43:47"", ""config.trainer"": ""PromptFL""}",97cb65e038b159f7a48a1a9235bcb12921f26984c33a6597f664720af1a6c39a,59fe525fe723f47db49dec7562037dae0d083499f0d436a2461d7c0d106878df,,output/expC_lambda_response_frac02/method=promptfl/lambda=1.00/seed=3,独立目录记录
R9de8ca9a6,expC_lambda_response_frac02,output/expC_lambda_response_frac02/method=zeroshot/lambda=0.00/seed=1,,CLIP,CLIP,Cifar100_LT,client-longtail,1,,,,,,,,短运行或本地结果不完整,1,1,1,2,1,,,,,,,,,,,64.82,66.0,66.0,1,0.0,,100,50,dccc4466cfc50d3fc557d32a0d1bb8a7adc9e81ac6b171e47446dfaadfa985ef,,,,,,,1,3,0,[],0.0,逐类核对通过,,,,,,,output/expC_lambda_response_frac02/method=zeroshot/lambda=0.00/seed=1/round_metrics.csv,,"{""config.backbone"": ""from_config"", ""config.batch_size"": 32, ""config.client_schedule_file"": ""output/expC_lambda_response_frac02/method=zeroshot/lambda=0.00/seed=1/selected_clients_per_round.json"", ""config.config_file"": ""configs/trainers/PromptFL/vit_b16.yaml"", ""config.dataset"": ""cifar100_LT"", ""config.dataset_config_file"": ""configs/datasets/cifar100_LT.yaml"", ""config.frac"": 0.2, ""config.git_commit"": null, ""config.head_class_ratio"": 0.8, ""config.head_client_ratio"": 0.9, ""config.imb_factor"": 0.01, ""config.imb_type"": ""exp"", ""config.learning_rate"": 0.001, ""config.local_epoch"": ""from_config"", ""config.method"": ""zeroshot"", ""config.method_display"": ""Zero-shot CLIP"", ""config.model"": ""fedavg"", ""config.num_clients"": 50, ""config.partition"": ""client-longtail"", ""config.rounds"": 100, ""config.seed"": 1, ""config.tail_aggregation_alpha"": 0.1, ""config.tail_class_ratio"": 0.2, ""config.tail_client_ratio"": 0.1, ""config.tail_specialization_strength"": 0.0, ""config.test_batch_size"": 64, ""config.timestamp"": ""2026-07-12T06:43:47"", ""config.trainer"": ""CLIP""}",0a93ec623ec8fa60b069d389e8fba89c599a9d98075a086a3e212bdfde7a7857,,,output/expC_lambda_response_frac02/method=zeroshot/lambda=0.00/seed=1,独立目录记录
R34dfa4689,expC_lambda_response_frac02,output/expC_lambda_response_frac02/method=zeroshot/lambda=0.00/seed=2,,CLIP,CLIP,Cifar100_LT,client-longtail,2,,,,,,,,短运行或本地结果不完整,1,1,1,2,1,,,,,,,,,,,64.82,66.0,66.0,1,0.0,,100,50,dccc4466cfc50d3fc557d32a0d1bb8a7adc9e81ac6b171e47446dfaadfa985ef,,,,,,,1,3,0,[],0.0,逐类核对通过,,,,,,,output/expC_lambda_response_frac02/method=zeroshot/lambda=0.00/seed=2/round_metrics.csv,,"{""config.backbone"": ""from_config"", ""config.batch_size"": 32, ""config.client_schedule_file"": ""output/expC_lambda_response_frac02/method=zeroshot/lambda=0.00/seed=2/selected_clients_per_round.json"", ""config.config_file"": ""configs/trainers/PromptFL/vit_b16.yaml"", ""config.dataset"": ""cifar100_LT"", ""config.dataset_config_file"": ""configs/datasets/cifar100_LT.yaml"", ""config.frac"": 0.2, ""config.git_commit"": null, ""config.head_class_ratio"": 0.8, ""config.head_client_ratio"": 0.9, ""config.imb_factor"": 0.01, ""config.imb_type"": ""exp"", ""config.learning_rate"": 0.001, ""config.local_epoch"": ""from_config"", ""config.method"": ""zeroshot"", ""config.method_display"": ""Zero-shot CLIP"", ""config.model"": ""fedavg"", ""config.num_clients"": 50, ""config.partition"": ""client-longtail"", ""config.rounds"": 100, ""config.seed"": 2, ""config.tail_aggregation_alpha"": 0.1, ""config.tail_class_ratio"": 0.2, ""config.tail_client_ratio"": 0.1, ""config.tail_specialization_strength"": 0.0, ""config.test_batch_size"": 64, ""config.timestamp"": ""2026-07-12T06:43:47"", ""config.trainer"": ""CLIP""}",09e024dda41fa020061eaad5f11681f2c0658a363a0bd345b4b4ea5f07fe2458,,,output/expC_lambda_response_frac02/method=zeroshot/lambda=0.00/seed=2,独立目录记录
R3cce55c76,expC_lambda_response_frac02,output/expC_lambda_response_frac02/method=zeroshot/lambda=0.00/seed=3,,CLIP,CLIP,Cifar100_LT,client-longtail,3,,,,,,,,短运行或本地结果不完整,1,1,1,2,1,,,,,,,,,,,64.82,66.0,66.0,1,0.0,,100,50,dccc4466cfc50d3fc557d32a0d1bb8a7adc9e81ac6b171e47446dfaadfa985ef,,,,,,,1,3,0,[],0.0,逐类核对通过,,,,,,,output/expC_lambda_response_frac02/method=zeroshot/lambda=0.00/seed=3/round_metrics.csv,,"{""config.backbone"": ""from_config"", ""config.batch_size"": 32, ""config.client_schedule_file"": ""output/expC_lambda_response_frac02/method=zeroshot/lambda=0.00/seed=3/selected_clients_per_round.json"", ""config.config_file"": ""configs/trainers/PromptFL/vit_b16.yaml"", ""config.dataset"": ""cifar100_LT"", ""config.dataset_config_file"": ""configs/datasets/cifar100_LT.yaml"", ""config.frac"": 0.2, ""config.git_commit"": null, ""config.head_class_ratio"": 0.8, ""config.head_client_ratio"": 0.9, ""config.imb_factor"": 0.01, ""config.imb_type"": ""exp"", ""config.learning_rate"": 0.001, ""config.local_epoch"": ""from_config"", ""config.method"": ""zeroshot"", ""config.method_display"": ""Zero-shot CLIP"", ""config.model"": ""fedavg"", ""config.num_clients"": 50, ""config.partition"": ""client-longtail"", ""config.rounds"": 100, ""config.seed"": 3, ""config.tail_aggregation_alpha"": 0.1, ""config.tail_class_ratio"": 0.2, ""config.tail_client_ratio"": 0.1, ""config.tail_specialization_strength"": 0.0, ""config.test_batch_size"": 64, ""config.timestamp"": ""2026-07-12T06:43:47"", ""config.trainer"": ""CLIP""}",f7941b1c64105ac5da9ccb658fd2234958f217f949e08ebe026fd7174eb6b713,,,output/expC_lambda_response_frac02/method=zeroshot/lambda=0.00/seed=3,独立目录记录
R71523dc3f,expC_lambda_response_frac02,output/expC_lambda_response_frac02/method=zeroshot/lambda=0.25/seed=1,,CLIP,CLIP,Cifar100_LT,client-longtail,1,,,,,,,,短运行或本地结果不完整,1,1,1,2,1,,,,,,,,,,,64.82,66.0,66.0,1,0.0,,100,50,dccc4466cfc50d3fc557d32a0d1bb8a7adc9e81ac6b171e47446dfaadfa985ef,,,,,,,1,3,0,[],0.0,逐类核对通过,,,,,,,output/expC_lambda_response_frac02/method=zeroshot/lambda=0.25/seed=1/round_metrics.csv,,"{""config.backbone"": ""from_config"", ""config.batch_size"": 32, ""config.client_schedule_file"": ""output/expC_lambda_response_frac02/method=zeroshot/lambda=0.25/seed=1/selected_clients_per_round.json"", ""config.config_file"": ""configs/trainers/PromptFL/vit_b16.yaml"", ""config.dataset"": ""cifar100_LT"", ""config.dataset_config_file"": ""configs/datasets/cifar100_LT.yaml"", ""config.frac"": 0.2, ""config.git_commit"": null, ""config.head_class_ratio"": 0.8, ""config.head_client_ratio"": 0.9, ""config.imb_factor"": 0.01, ""config.imb_type"": ""exp"", ""config.learning_rate"": 0.001, ""config.local_epoch"": ""from_config"", ""config.method"": ""zeroshot"", ""config.method_display"": ""Zero-shot CLIP"", ""config.model"": ""fedavg"", ""config.num_clients"": 50, ""config.partition"": ""client-longtail"", ""config.rounds"": 100, ""config.seed"": 1, ""config.tail_aggregation_alpha"": 0.1, ""config.tail_class_ratio"": 0.2, ""config.tail_client_ratio"": 0.1, ""config.tail_specialization_strength"": 0.25, ""config.test_batch_size"": 64, ""config.timestamp"": ""2026-07-12T06:43:47"", ""config.trainer"": ""CLIP""}",0a93ec623ec8fa60b069d389e8fba89c599a9d98075a086a3e212bdfde7a7857,,,output/expC_lambda_response_frac02/method=zeroshot/lambda=0.25/seed=1,独立目录记录
R86ef9f0b0,expC_lambda_response_frac02,output/expC_lambda_response_frac02/method=zeroshot/lambda=0.25/seed=2,,CLIP,CLIP,Cifar100_LT,client-longtail,2,,,,,,,,短运行或本地结果不完整,1,1,1,2,1,,,,,,,,,,,64.82,66.0,66.0,1,0.0,,100,50,dccc4466cfc50d3fc557d32a0d1bb8a7adc9e81ac6b171e47446dfaadfa985ef,,,,,,,1,3,0,[],0.0,逐类核对通过,,,,,,,output/expC_lambda_response_frac02/method=zeroshot/lambda=0.25/seed=2/round_metrics.csv,,"{""config.backbone"": ""from_config"", ""config.batch_size"": 32, ""config.client_schedule_file"": ""output/expC_lambda_response_frac02/method=zeroshot/lambda=0.25/seed=2/selected_clients_per_round.json"", ""config.config_file"": ""configs/trainers/PromptFL/vit_b16.yaml"", ""config.dataset"": ""cifar100_LT"", ""config.dataset_config_file"": ""configs/datasets/cifar100_LT.yaml"", ""config.frac"": 0.2, ""config.git_commit"": null, ""config.head_class_ratio"": 0.8, ""config.head_client_ratio"": 0.9, ""config.imb_factor"": 0.01, ""config.imb_type"": ""exp"", ""config.learning_rate"": 0.001, ""config.local_epoch"": ""from_config"", ""config.method"": ""zeroshot"", ""config.method_display"": ""Zero-shot CLIP"", ""config.model"": ""fedavg"", ""config.num_clients"": 50, ""config.partition"": ""client-longtail"", ""config.rounds"": 100, ""config.seed"": 2, ""config.tail_aggregation_alpha"": 0.1, ""config.tail_class_ratio"": 0.2, ""config.tail_client_ratio"": 0.1, ""config.tail_specialization_strength"": 0.25, ""config.test_batch_size"": 64, ""config.timestamp"": ""2026-07-12T06:43:47"", ""config.trainer"": ""CLIP""}",09e024dda41fa020061eaad5f11681f2c0658a363a0bd345b4b4ea5f07fe2458,,,output/expC_lambda_response_frac02/method=zeroshot/lambda=0.25/seed=2,独立目录记录
R928253b3a,expC_lambda_response_frac02,output/expC_lambda_response_frac02/method=zeroshot/lambda=0.25/seed=3,,CLIP,CLIP,Cifar100_LT,client-longtail,3,,,,,,,,短运行或本地结果不完整,1,1,1,2,1,,,,,,,,,,,64.82,66.0,66.0,1,0.0,,100,50,dccc4466cfc50d3fc557d32a0d1bb8a7adc9e81ac6b171e47446dfaadfa985ef,,,,,,,1,3,0,[],0.0,逐类核对通过,,,,,,,output/expC_lambda_response_frac02/method=zeroshot/lambda=0.25/seed=3/round_metrics.csv,,"{""config.backbone"": ""from_config"", ""config.batch_size"": 32, ""config.client_schedule_file"": ""output/expC_lambda_response_frac02/method=zeroshot/lambda=0.25/seed=3/selected_clients_per_round.json"", ""config.config_file"": ""configs/trainers/PromptFL/vit_b16.yaml"", ""config.dataset"": ""cifar100_LT"", ""config.dataset_config_file"": ""configs/datasets/cifar100_LT.yaml"", ""config.frac"": 0.2, ""config.git_commit"": null, ""config.head_class_ratio"": 0.8, ""config.head_client_ratio"": 0.9, ""config.imb_factor"": 0.01, ""config.imb_type"": ""exp"", ""config.learning_rate"": 0.001, ""config.local_epoch"": ""from_config"", ""config.method"": ""zeroshot"", ""config.method_display"": ""Zero-shot CLIP"", ""config.model"": ""fedavg"", ""config.num_clients"": 50, ""config.partition"": ""client-longtail"", ""config.rounds"": 100, ""config.seed"": 3, ""config.tail_aggregation_alpha"": 0.1, ""config.tail_class_ratio"": 0.2, ""config.tail_client_ratio"": 0.1, ""config.tail_specialization_strength"": 0.25, ""config.test_batch_size"": 64, ""config.timestamp"": ""2026-07-12T06:43:47"", ""config.trainer"": ""CLIP""}",f7941b1c64105ac5da9ccb658fd2234958f217f949e08ebe026fd7174eb6b713,,,output/expC_lambda_response_frac02/method=zeroshot/lambda=0.25/seed=3,独立目录记录
R286ad3349,expC_lambda_response_frac02,output/expC_lambda_response_frac02/method=zeroshot/lambda=0.50/seed=1,,CLIP,CLIP,Cifar100_LT,client-longtail,1,,,,,,,,短运行或本地结果不完整,1,1,1,2,1,,,,,,,,,,,64.82,66.0,66.0,1,0.0,,100,50,dccc4466cfc50d3fc557d32a0d1bb8a7adc9e81ac6b171e47446dfaadfa985ef,,,,,,,1,3,0,[],0.0,逐类核对通过,,,,,,,output/expC_lambda_response_frac02/method=zeroshot/lambda=0.50/seed=1/round_metrics.csv,,"{""config.backbone"": ""from_config"", ""config.batch_size"": 32, ""config.client_schedule_file"": ""output/expC_lambda_response_frac02/method=zeroshot/lambda=0.50/seed=1/selected_clients_per_round.json"", ""config.config_file"": ""configs/trainers/PromptFL/vit_b16.yaml"", ""config.dataset"": ""cifar100_LT"", ""config.dataset_config_file"": ""configs/datasets/cifar100_LT.yaml"", ""config.frac"": 0.2, ""config.git_commit"": null, ""config.head_class_ratio"": 0.8, ""config.head_client_ratio"": 0.9, ""config.imb_factor"": 0.01, ""config.imb_type"": ""exp"", ""config.learning_rate"": 0.001, ""config.local_epoch"": ""from_config"", ""config.method"": ""zeroshot"", ""config.method_display"": ""Zero-shot CLIP"", ""config.model"": ""fedavg"", ""config.num_clients"": 50, ""config.partition"": ""client-longtail"", ""config.rounds"": 100, ""config.seed"": 1, ""config.tail_aggregation_alpha"": 0.1, ""config.tail_class_ratio"": 0.2, ""config.tail_client_ratio"": 0.1, ""config.tail_specialization_strength"": 0.5, ""config.test_batch_size"": 64, ""config.timestamp"": ""2026-07-12T06:43:47"", ""config.trainer"": ""CLIP""}",0a93ec623ec8fa60b069d389e8fba89c599a9d98075a086a3e212bdfde7a7857,,,output/expC_lambda_response_frac02/method=zeroshot/lambda=0.50/seed=1,独立目录记录
Rd4ea16028,expC_lambda_response_frac02,output/expC_lambda_response_frac02/method=zeroshot/lambda=0.50/seed=2,,CLIP,CLIP,Cifar100_LT,client-longtail,2,,,,,,,,短运行或本地结果不完整,1,1,1,2,1,,,,,,,,,,,64.82,66.0,66.0,1,0.0,,100,50,dccc4466cfc50d3fc557d32a0d1bb8a7adc9e81ac6b171e47446dfaadfa985ef,,,,,,,1,3,0,[],0.0,逐类核对通过,,,,,,,output/expC_lambda_response_frac02/method=zeroshot/lambda=0.50/seed=2/round_metrics.csv,,"{""config.backbone"": ""from_config"", ""config.batch_size"": 32, ""config.client_schedule_file"": ""output/expC_lambda_response_frac02/method=zeroshot/lambda=0.50/seed=2/selected_clients_per_round.json"", ""config.config_file"": ""configs/trainers/PromptFL/vit_b16.yaml"", ""config.dataset"": ""cifar100_LT"", ""config.dataset_config_file"": ""configs/datasets/cifar100_LT.yaml"", ""config.frac"": 0.2, ""config.git_commit"": null, ""config.head_class_ratio"": 0.8, ""config.head_client_ratio"": 0.9, ""config.imb_factor"": 0.01, ""config.imb_type"": ""exp"", ""config.learning_rate"": 0.001, ""config.local_epoch"": ""from_config"", ""config.method"": ""zeroshot"", ""config.method_display"": ""Zero-shot CLIP"", ""config.model"": ""fedavg"", ""config.num_clients"": 50, ""config.partition"": ""client-longtail"", ""config.rounds"": 100, ""config.seed"": 2, ""config.tail_aggregation_alpha"": 0.1, ""config.tail_class_ratio"": 0.2, ""config.tail_client_ratio"": 0.1, ""config.tail_specialization_strength"": 0.5, ""config.test_batch_size"": 64, ""config.timestamp"": ""2026-07-12T06:43:47"", ""config.trainer"": ""CLIP""}",09e024dda41fa020061eaad5f11681f2c0658a363a0bd345b4b4ea5f07fe2458,,,output/expC_lambda_response_frac02/method=zeroshot/lambda=0.50/seed=2,独立目录记录
Rda65b19d8,expC_lambda_response_frac02,output/expC_lambda_response_frac02/method=zeroshot/lambda=0.50/seed=3,,CLIP,CLIP,Cifar100_LT,client-longtail,3,,,,,,,,短运行或本地结果不完整,1,1,1,2,1,,,,,,,,,,,64.82,66.0,66.0,1,0.0,,100,50,dccc4466cfc50d3fc557d32a0d1bb8a7adc9e81ac6b171e47446dfaadfa985ef,,,,,,,1,3,0,[],0.0,逐类核对通过,,,,,,,output/expC_lambda_response_frac02/method=zeroshot/lambda=0.50/seed=3/round_metrics.csv,,"{""config.backbone"": ""from_config"", ""config.batch_size"": 32, ""config.client_schedule_file"": ""output/expC_lambda_response_frac02/method=zeroshot/lambda=0.50/seed=3/selected_clients_per_round.json"", ""config.config_file"": ""configs/trainers/PromptFL/vit_b16.yaml"", ""config.dataset"": ""cifar100_LT"", ""config.dataset_config_file"": ""configs/datasets/cifar100_LT.yaml"", ""config.frac"": 0.2, ""config.git_commit"": null, ""config.head_class_ratio"": 0.8, ""config.head_client_ratio"": 0.9, ""config.imb_factor"": 0.01, ""config.imb_type"": ""exp"", ""config.learning_rate"": 0.001, ""config.local_epoch"": ""from_config"", ""config.method"": ""zeroshot"", ""config.method_display"": ""Zero-shot CLIP"", ""config.model"": ""fedavg"", ""config.num_clients"": 50, ""config.partition"": ""client-longtail"", ""config.rounds"": 100, ""config.seed"": 3, ""config.tail_aggregation_alpha"": 0.1, ""config.tail_class_ratio"": 0.2, ""config.tail_client_ratio"": 0.1, ""config.tail_specialization_strength"": 0.5, ""config.test_batch_size"": 64, ""config.timestamp"": ""2026-07-12T06:43:47"", ""config.trainer"": ""CLIP""}",f7941b1c64105ac5da9ccb658fd2234958f217f949e08ebe026fd7174eb6b713,,,output/expC_lambda_response_frac02/method=zeroshot/lambda=0.50/seed=3,独立目录记录
Rc6232328f,expC_lambda_response_frac02,output/expC_lambda_response_frac02/method=zeroshot/lambda=0.75/seed=1,,CLIP,CLIP,Cifar100_LT,client-longtail,1,,,,,,,,短运行或本地结果不完整,1,1,1,2,1,,,,,,,,,,,64.82,66.0,66.0,1,0.0,,100,50,dccc4466cfc50d3fc557d32a0d1bb8a7adc9e81ac6b171e47446dfaadfa985ef,,,,,,,1,3,0,[],0.0,逐类核对通过,,,,,,,output/expC_lambda_response_frac02/method=zeroshot/lambda=0.75/seed=1/round_metrics.csv,,"{""config.backbone"": ""from_config"", ""config.batch_size"": 32, ""config.client_schedule_file"": ""output/expC_lambda_response_frac02/method=zeroshot/lambda=0.75/seed=1/selected_clients_per_round.json"", ""config.config_file"": ""configs/trainers/PromptFL/vit_b16.yaml"", ""config.dataset"": ""cifar100_LT"", ""config.dataset_config_file"": ""configs/datasets/cifar100_LT.yaml"", ""config.frac"": 0.2, ""config.git_commit"": null, ""config.head_class_ratio"": 0.8, ""config.head_client_ratio"": 0.9, ""config.imb_factor"": 0.01, ""config.imb_type"": ""exp"", ""config.learning_rate"": 0.001, ""config.local_epoch"": ""from_config"", ""config.method"": ""zeroshot"", ""config.method_display"": ""Zero-shot CLIP"", ""config.model"": ""fedavg"", ""config.num_clients"": 50, ""config.partition"": ""client-longtail"", ""config.rounds"": 100, ""config.seed"": 1, ""config.tail_aggregation_alpha"": 0.1, ""config.tail_class_ratio"": 0.2, ""config.tail_client_ratio"": 0.1, ""config.tail_specialization_strength"": 0.75, ""config.test_batch_size"": 64, ""config.timestamp"": ""2026-07-12T06:43:47"", ""config.trainer"": ""CLIP""}",0a93ec623ec8fa60b069d389e8fba89c599a9d98075a086a3e212bdfde7a7857,,,output/expC_lambda_response_frac02/method=zeroshot/lambda=0.75/seed=1,独立目录记录
R4c542c456,expC_lambda_response_frac02,output/expC_lambda_response_frac02/method=zeroshot/lambda=0.75/seed=2,,CLIP,CLIP,Cifar100_LT,client-longtail,2,,,,,,,,短运行或本地结果不完整,1,1,1,2,1,,,,,,,,,,,64.82,66.0,66.0,1,0.0,,100,50,dccc4466cfc50d3fc557d32a0d1bb8a7adc9e81ac6b171e47446dfaadfa985ef,,,,,,,1,3,0,[],0.0,逐类核对通过,,,,,,,output/expC_lambda_response_frac02/method=zeroshot/lambda=0.75/seed=2/round_metrics.csv,,"{""config.backbone"": ""from_config"", ""config.batch_size"": 32, ""config.client_schedule_file"": ""output/expC_lambda_response_frac02/method=zeroshot/lambda=0.75/seed=2/selected_clients_per_round.json"", ""config.config_file"": ""configs/trainers/PromptFL/vit_b16.yaml"", ""config.dataset"": ""cifar100_LT"", ""config.dataset_config_file"": ""configs/datasets/cifar100_LT.yaml"", ""config.frac"": 0.2, ""config.git_commit"": null, ""config.head_class_ratio"": 0.8, ""config.head_client_ratio"": 0.9, ""config.imb_factor"": 0.01, ""config.imb_type"": ""exp"", ""config.learning_rate"": 0.001, ""config.local_epoch"": ""from_config"", ""config.method"": ""zeroshot"", ""config.method_display"": ""Zero-shot CLIP"", ""config.model"": ""fedavg"", ""config.num_clients"": 50, ""config.partition"": ""client-longtail"", ""config.rounds"": 100, ""config.seed"": 2, ""config.tail_aggregation_alpha"": 0.1, ""config.tail_class_ratio"": 0.2, ""config.tail_client_ratio"": 0.1, ""config.tail_specialization_strength"": 0.75, ""config.test_batch_size"": 64, ""config.timestamp"": ""2026-07-12T06:43:47"", ""config.trainer"": ""CLIP""}",09e024dda41fa020061eaad5f11681f2c0658a363a0bd345b4b4ea5f07fe2458,,,output/expC_lambda_response_frac02/method=zeroshot/lambda=0.75/seed=2,独立目录记录
R668ab3b9e,expC_lambda_response_frac02,output/expC_lambda_response_frac02/method=zeroshot/lambda=0.75/seed=3,,CLIP,CLIP,Cifar100_LT,client-longtail,3,,,,,,,,短运行或本地结果不完整,1,1,1,2,1,,,,,,,,,,,64.82,66.0,66.0,1,0.0,,100,50,dccc4466cfc50d3fc557d32a0d1bb8a7adc9e81ac6b171e47446dfaadfa985ef,,,,,,,1,3,0,[],0.0,逐类核对通过,,,,,,,output/expC_lambda_response_frac02/method=zeroshot/lambda=0.75/seed=3/round_metrics.csv,,"{""config.backbone"": ""from_config"", ""config.batch_size"": 32, ""config.client_schedule_file"": ""output/expC_lambda_response_frac02/method=zeroshot/lambda=0.75/seed=3/selected_clients_per_round.json"", ""config.config_file"": ""configs/trainers/PromptFL/vit_b16.yaml"", ""config.dataset"": ""cifar100_LT"", ""config.dataset_config_file"": ""configs/datasets/cifar100_LT.yaml"", ""config.frac"": 0.2, ""config.git_commit"": null, ""config.head_class_ratio"": 0.8, ""config.head_client_ratio"": 0.9, ""config.imb_factor"": 0.01, ""config.imb_type"": ""exp"", ""config.learning_rate"": 0.001, ""config.local_epoch"": ""from_config"", ""config.method"": ""zeroshot"", ""config.method_display"": ""Zero-shot CLIP"", ""config.model"": ""fedavg"", ""config.num_clients"": 50, ""config.partition"": ""client-longtail"", ""config.rounds"": 100, ""config.seed"": 3, ""config.tail_aggregation_alpha"": 0.1, ""config.tail_class_ratio"": 0.2, ""config.tail_client_ratio"": 0.1, ""config.tail_specialization_strength"": 0.75, ""config.test_batch_size"": 64, ""config.timestamp"": ""2026-07-12T06:43:47"", ""config.trainer"": ""CLIP""}",f7941b1c64105ac5da9ccb658fd2234958f217f949e08ebe026fd7174eb6b713,,,output/expC_lambda_response_frac02/method=zeroshot/lambda=0.75/seed=3,独立目录记录
Rb62611a94,expC_lambda_response_frac02,output/expC_lambda_response_frac02/method=zeroshot/lambda=1.00/seed=1,,CLIP,CLIP,Cifar100_LT,client-longtail,1,,,,,,,,短运行或本地结果不完整,1,1,1,2,1,,,,,,,,,,,64.82,66.0,66.0,1,0.0,,100,50,dccc4466cfc50d3fc557d32a0d1bb8a7adc9e81ac6b171e47446dfaadfa985ef,,,,,,,1,3,0,[],0.0,逐类核对通过,,,,,,,output/expC_lambda_response_frac02/method=zeroshot/lambda=1.00/seed=1/round_metrics.csv,,"{""config.backbone"": ""from_config"", ""config.batch_size"": 32, ""config.client_schedule_file"": ""output/expC_lambda_response_frac02/method=zeroshot/lambda=1.00/seed=1/selected_clients_per_round.json"", ""config.config_file"": ""configs/trainers/PromptFL/vit_b16.yaml"", ""config.dataset"": ""cifar100_LT"", ""config.dataset_config_file"": ""configs/datasets/cifar100_LT.yaml"", ""config.frac"": 0.2, ""config.git_commit"": null, ""config.head_class_ratio"": 0.8, ""config.head_client_ratio"": 0.9, ""config.imb_factor"": 0.01, ""config.imb_type"": ""exp"", ""config.learning_rate"": 0.001, ""config.local_epoch"": ""from_config"", ""config.method"": ""zeroshot"", ""config.method_display"": ""Zero-shot CLIP"", ""config.model"": ""fedavg"", ""config.num_clients"": 50, ""config.partition"": ""client-longtail"", ""config.rounds"": 100, ""config.seed"": 1, ""config.tail_aggregation_alpha"": 0.1, ""config.tail_class_ratio"": 0.2, ""config.tail_client_ratio"": 0.1, ""config.tail_specialization_strength"": 1.0, ""config.test_batch_size"": 64, ""config.timestamp"": ""2026-07-12T06:43:47"", ""config.trainer"": ""CLIP""}",0a93ec623ec8fa60b069d389e8fba89c599a9d98075a086a3e212bdfde7a7857,,,output/expC_lambda_response_frac02/method=zeroshot/lambda=1.00/seed=1,独立目录记录
Rf37810823,expC_lambda_response_frac02,output/expC_lambda_response_frac02/method=zeroshot/lambda=1.00/seed=2,,CLIP,CLIP,Cifar100_LT,client-longtail,2,,,,,,,,短运行或本地结果不完整,1,1,1,2,1,,,,,,,,,,,64.82,66.0,66.0,1,0.0,,100,50,dccc4466cfc50d3fc557d32a0d1bb8a7adc9e81ac6b171e47446dfaadfa985ef,,,,,,,1,3,0,[],0.0,逐类核对通过,,,,,,,output/expC_lambda_response_frac02/method=zeroshot/lambda=1.00/seed=2/round_metrics.csv,,"{""config.backbone"": ""from_config"", ""config.batch_size"": 32, ""config.client_schedule_file"": ""output/expC_lambda_response_frac02/method=zeroshot/lambda=1.00/seed=2/selected_clients_per_round.json"", ""config.config_file"": ""configs/trainers/PromptFL/vit_b16.yaml"", ""config.dataset"": ""cifar100_LT"", ""config.dataset_config_file"": ""configs/datasets/cifar100_LT.yaml"", ""config.frac"": 0.2, ""config.git_commit"": null, ""config.head_class_ratio"": 0.8, ""config.head_client_ratio"": 0.9, ""config.imb_factor"": 0.01, ""config.imb_type"": ""exp"", ""config.learning_rate"": 0.001, ""config.local_epoch"": ""from_config"", ""config.method"": ""zeroshot"", ""config.method_display"": ""Zero-shot CLIP"", ""config.model"": ""fedavg"", ""config.num_clients"": 50, ""config.partition"": ""client-longtail"", ""config.rounds"": 100, ""config.seed"": 2, ""config.tail_aggregation_alpha"": 0.1, ""config.tail_class_ratio"": 0.2, ""config.tail_client_ratio"": 0.1, ""config.tail_specialization_strength"": 1.0, ""config.test_batch_size"": 64, ""config.timestamp"": ""2026-07-12T06:43:47"", ""config.trainer"": ""CLIP""}",09e024dda41fa020061eaad5f11681f2c0658a363a0bd345b4b4ea5f07fe2458,,,output/expC_lambda_response_frac02/method=zeroshot/lambda=1.00/seed=2,独立目录记录
Rf1869a74d,expC_lambda_response_frac02,output/expC_lambda_response_frac02/method=zeroshot/lambda=1.00/seed=3,,CLIP,CLIP,Cifar100_LT,client-longtail,3,,,,,,,,短运行或本地结果不完整,1,1,1,2,1,,,,,,,,,,,64.82,66.0,66.0,1,0.0,,100,50,dccc4466cfc50d3fc557d32a0d1bb8a7adc9e81ac6b171e47446dfaadfa985ef,,,,,,,1,3,0,[],0.0,逐类核对通过,,,,,,,output/expC_lambda_response_frac02/method=zeroshot/lambda=1.00/seed=3/round_metrics.csv,,"{""config.backbone"": ""from_config"", ""config.batch_size"": 32, ""config.client_schedule_file"": ""output/expC_lambda_response_frac02/method=zeroshot/lambda=1.00/seed=3/selected_clients_per_round.json"", ""config.config_file"": ""configs/trainers/PromptFL/vit_b16.yaml"", ""config.dataset"": ""cifar100_LT"", ""config.dataset_config_file"": ""configs/datasets/cifar100_LT.yaml"", ""config.frac"": 0.2, ""config.git_commit"": null, ""config.head_class_ratio"": 0.8, ""config.head_client_ratio"": 0.9, ""config.imb_factor"": 0.01, ""config.imb_type"": ""exp"", ""config.learning_rate"": 0.001, ""config.local_epoch"": ""from_config"", ""config.method"": ""zeroshot"", ""config.method_display"": ""Zero-shot CLIP"", ""config.model"": ""fedavg"", ""config.num_clients"": 50, ""config.partition"": ""client-longtail"", ""config.rounds"": 100, ""config.seed"": 3, ""config.tail_aggregation_alpha"": 0.1, ""config.tail_class_ratio"": 0.2, ""config.tail_client_ratio"": 0.1, ""config.tail_specialization_strength"": 1.0, ""config.test_batch_size"": 64, ""config.timestamp"": ""2026-07-12T06:43:47"", ""config.trainer"": ""CLIP""}",f7941b1c64105ac5da9ccb658fd2234958f217f949e08ebe026fd7174eb6b713,,,output/expC_lambda_response_frac02/method=zeroshot/lambda=1.00/seed=3,独立目录记录
Re8665a6e9,expD_dirichlet_vs_clientlt,output/expD_dirichlet_vs_clientlt/matched_response/pair=mild/protocol=dirichlet/method=zeroshot/seed=1,,,CLIP,Cifar100_LT,,,,,,,,,,只有日志或配置，未发现精度结果,,,0,0,,,,,,,,,,,,,,,,,,,,,,,,,,,0,0,0,[],,缺少可交叉核对的分组或逐类文件,,,,,,,per_class CSV,,{},,,,output/expD_dirichlet_vs_clientlt/matched_response/pair=mild/protocol=dirichlet/method=zeroshot/seed=1,独立目录记录
Rbc05fd3e2,functional_cusp_gate_seed42,output/functional_cusp_gate_seed42/dirichlet_beta0.5_seed42_round10,,,PromptFL,Cifar100_LT,noniid-labeldir-fine,42,,,,,,,,只有日志或配置，未发现精度结果,,,0,0,,,,,,,,,,,,,,,,,,100,30,dccc4466cfc50d3fc557d32a0d1bb8a7adc9e81ac6b171e47446dfaadfa985ef,,898ab6b4d75ba8f31be40f5219696d98204c1506656c265cc1b3b68eff508a81,6.050000190734863,229.0,500.0,,0,0,0,[],,缺少可交叉核对的分组或逐类文件,,,,,,,per_class CSV,,{},,,,output/functional_cusp_gate_seed42/dirichlet_beta0.5_seed42_round10,独立目录记录
R590418701,la_control_ablation_analysis,output/la_control_ablation_analysis/la_control/seed42/client-longtail/e0/tau0_a1_protocol42,,e0,ClipLora,Cifar100_LT,client-longtail,42,4,fp32,,,,,,完成标记与曲线一致,0,100,101,101,,81,100,67.697,77.44,64.43416666666667,67.74249999999999,67.685625,73.25285714285715,64.14,65.365,67.76,67.55,68.0,83,0.45000000000000284,66.35,100,30,dccc4466cfc50d3fc557d32a0d1bb8a7adc9e81ac6b171e47446dfaadfa985ef,03c0a7a963d31a520441bfe39cdfd888a6a84b6e67968a41f4b6ad1af4512f9b,898ab6b4d75ba8f31be40f5219696d98204c1506656c265cc1b3b68eff508a81,3.6500000953674316,39.0,638.0,cb41d01f365c4cd96b52ea1a45c068f639d61de207e38b1a1b023b909812265c,101,303,0,[],0.0,逐类核对通过,105600,3168,,,17927.98637022823,,output/la_control_ablation_analysis/la_control/seed42/client-longtail/e0/tau0_a1_protocol42/round_metrics.csv,output/la_control_ablation_analysis/la_control/seed42/client-longtail/e0/tau0_a1_protocol42/completion.json,"{""control_config.schema_version"": ""la_control_v1"", ""control_config.method"": ""e0"", ""control_config.seed"": 42, ""control_config.protocol_seed"": 42, ""control_config.topology"": ""client-longtail"", ""control_config.la_tau"": 0.0, ""control_config.a_lr_mult"": 1.0, ""control_config.extra_a_lr"": 0.001, ""control_config.extra_b_lr"": 0.001, ""control_config.normal_trainable_factor"": ""B"", ""control_config.normal_a_lr"": null, ""control_config.normal_a_weight_decay"": null, ""control_config.normal_b_lr"": 0.001, ""control_config.normal_b_weight_decay"": 0.0005, ""control_config.extra_weight_decay"": 0.0, ""control_config.aggregation"": ""sample_weighted_factor_fedavg"", ""control_config.control_enabled"": false, ""control_config.extra_trainable_factor"": ""B"", ""control_config.lookahead_rounds"": 2, ""control_config.min_gain"": 0.0001, ""control_config.tail_tolerance"": 0.002, ""control_config.history_tolerance"": 0.002, ""control_config.patience"": 2, ""control_config.anchor_scope"": ""root_and_committed_decision_endpoints_only"", ""control_config.feedback"": ""training-side functional feedback: unscaled cosine margin, fixed views, all training samples"", ""control_config.offline_probe"": ""offline mechanism probe; never used for decisions"", ""control_config.rng_protocol"": ""v2: functional and official evaluations are observational; legacy CE results are historical only"", ""control_config.privacy"": ""simulated class sum/count uploads; class presence visible; no secure aggregation or DP"", ""control_config.primary_endpoint"": ""last20_committed_logical_rounds"", ""control_config.checkpoint_encoding"": ""full base state plus exact changed tensors"", ""control_config.normal_steps_expected"": 105600, ""control_config.extra_steps_expected"": 3168}",b087661884ef10afd902d41e192f8bc856259c6d2a415749ef4bd84bc1d1f406,c27e6b478520f39aacba5d698a7d34b6ea97f137f078831baf360c2f2d39df34,Dc27e6b47,output/la_control_ablation_analysis/la_control/seed42/client-longtail/e0/tau0_a1_protocol42,推荐核对入口
R5eb636e6a,la_control_ablation_analysis,output/la_control_ablation_analysis/la_control/seed42/client-longtail/e1/tau0_a1_protocol42,,e1,ClipLora,Cifar100_LT,client-longtail,42,4,fp32,,,,,,完成标记与曲线一致,0,100,101,101,,81,100,65.876,83.91999999999999,62.586666666666666,57.7,67.92,77.75571428571428,62.53571428571429,55.913333333333334,65.45,55.65,68.55,31,12.899999999999999,66.35,100,30,dccc4466cfc50d3fc557d32a0d1bb8a7adc9e81ac6b171e47446dfaadfa985ef,03c0a7a963d31a520441bfe39cdfd888a6a84b6e67968a41f4b6ad1af4512f9b,898ab6b4d75ba8f31be40f5219696d98204c1506656c265cc1b3b68eff508a81,3.6500000953674316,39.0,638.0,cb41d01f365c4cd96b52ea1a45c068f639d61de207e38b1a1b023b909812265c,101,303,0,[],0.0,逐类核对通过,105600,3168,,,18249.588675864972,,output/la_control_ablation_analysis/la_control/seed42/client-longtail/e1/tau0_a1_protocol42/round_metrics.csv,output/la_control_ablation_analysis/la_control/seed42/client-longtail/e1/tau0_a1_protocol42/completion.json,"{""control_config.schema_version"": ""la_control_v1"", ""control_config.method"": ""e1"", ""control_config.seed"": 42, ""control_config.protocol_seed"": 42, ""control_config.topology"": ""client-longtail"", ""control_config.la_tau"": 0.0, ""control_config.a_lr_mult"": 1.0, ""control_config.extra_a_lr"": 0.001, ""control_config.extra_b_lr"": 0.001, ""control_config.normal_trainable_factor"": ""B"", ""control_config.normal_a_lr"": null, ""control_config.normal_a_weight_decay"": null, ""control_config.normal_b_lr"": 0.001, ""control_config.normal_b_weight_decay"": 0.0005, ""control_config.extra_weight_decay"": 0.0, ""control_config.aggregation"": ""sample_weighted_factor_fedavg"", ""control_config.control_enabled"": false, ""control_config.extra_trainable_factor"": ""A"", ""control_config.lookahead_rounds"": 2, ""control_config.min_gain"": 0.0001, ""control_config.tail_tolerance"": 0.002, ""control_config.history_tolerance"": 0.002, ""control_config.patience"": 2, ""control_config.anchor_scope"": ""root_and_committed_decision_endpoints_only"", ""control_config.feedback"": ""training-side functional feedback: unscaled cosine margin, fixed views, all training samples"", ""control_config.offline_probe"": ""offline mechanism probe; never used for decisions"", ""control_config.rng_protocol"": ""v2: functional and official evaluations are observational; legacy CE results are historical only"", ""control_config.privacy"": ""simulated class sum/count uploads; class presence visible; no secure aggregation or DP"", ""control_config.primary_endpoint"": ""last20_committed_logical_rounds"", ""control_config.checkpoint_encoding"": ""full base state plus exact changed tensors"", ""control_config.normal_steps_expected"": 105600, ""control_config.extra_steps_expected"": 3168}",b65eadff2efcefe209ce191b12fc4fadb06457d0c0d3e5ff701ca08b6673725a,eb09b8cc5a626f734ee8e2e5bee60804694d07905d954a0ac9ef3b177c9f588c,Deb09b8cc,output/la_control_ablation_analysis/la_control/seed42/client-longtail/e1/tau0_a1_protocol42,推荐核对入口
R197b549df,la_control_ablation_analysis,output/la_control_ablation_analysis/la_control/seed42/client-longtail/e2/tau1_a1_protocol42,,e2,ClipLora,Cifar100_LT,client-longtail,42,4,fp32,,,,,,完成标记与曲线一致,0,100,101,101,,81,100,68.101,71.6425,66.40416666666667,69.65,67.71375,69.85714285714286,65.61,68.95833333333334,68.25,69.8,69.85,98,0.04999999999999716,66.35,100,30,dccc4466cfc50d3fc557d32a0d1bb8a7adc9e81ac6b171e47446dfaadfa985ef,03c0a7a963d31a520441bfe39cdfd888a6a84b6e67968a41f4b6ad1af4512f9b,898ab6b4d75ba8f31be40f5219696d98204c1506656c265cc1b3b68eff508a81,3.6500000953674316,39.0,638.0,cb41d01f365c4cd96b52ea1a45c068f639d61de207e38b1a1b023b909812265c,101,303,0,[],0.0,逐类核对通过,105600,3168,,,17927.07806841936,,output/la_control_ablation_analysis/la_control/seed42/client-longtail/e2/tau1_a1_protocol42/round_metrics.csv,output/la_control_ablation_analysis/la_control/seed42/client-longtail/e2/tau1_a1_protocol42/completion.json,"{""control_config.schema_version"": ""la_control_v1"", ""control_config.method"": ""e2"", ""control_config.seed"": 42, ""control_config.protocol_seed"": 42, ""control_config.topology"": ""client-longtail"", ""control_config.la_tau"": 1.0, ""control_config.a_lr_mult"": 1.0, ""control_config.extra_a_lr"": 0.001, ""control_config.extra_b_lr"": 0.001, ""control_config.lookahead_rounds"": 2, ""control_config.min_gain"": 0.0001, ""control_config.tail_tolerance"": 0.002, ""control_config.history_tolerance"": 0.002, ""control_config.patience"": 2, ""control_config.anchor_scope"": ""root_and_committed_decision_endpoints_only"", ""control_config.feedback"": ""training-side functional feedback: unscaled cosine margin, fixed views, all training samples"", ""control_config.offline_probe"": ""offline mechanism probe; never used for decisions"", ""control_config.rng_protocol"": ""v2: functional and official evaluations are observational; legacy CE results are historical only"", ""control_config.privacy"": ""simulated class sum/count uploads; class presence visible; no secure aggregation or DP"", ""control_config.primary_endpoint"": ""last20_committed_logical_rounds"", ""control_config.checkpoint_encoding"": ""full base state plus exact changed tensors"", ""control_config.normal_steps_expected"": 105600, ""control_config.extra_steps_expected"": 3168}",c6e2cbe8cf3c16defc49513d2d558709ce7d7fc1c1e61c9cb089af4cd82b8fd1,ac6d98ecacf9c45b64035bc7c9ddcf49e1be4efd2624547ef0eefdd795043a92,Dac6d98ec,output/la_control_analysis/la_control/seed42/client-longtail/e2/tau1_a1_protocol42,曲线相同的副本候选
R866d9fb64,la_control_ablation_analysis,output/la_control_ablation_analysis/la_control/seed42/client-longtail/e3/tau1_a1_protocol42,,e3,ClipLora,Cifar100_LT,client-longtail,42,4,fp32,,,,,,完成标记与曲线一致,0,100,101,101,,81,100,69.6455,74.5775,67.465,71.255,69.24312499999999,71.72142857142858,66.87142857142858,70.46000000000001,69.86,71.05,71.4,89,0.3500000000000085,66.35,100,30,dccc4466cfc50d3fc557d32a0d1bb8a7adc9e81ac6b171e47446dfaadfa985ef,03c0a7a963d31a520441bfe39cdfd888a6a84b6e67968a41f4b6ad1af4512f9b,898ab6b4d75ba8f31be40f5219696d98204c1506656c265cc1b3b68eff508a81,3.6500000953674316,39.0,638.0,cb41d01f365c4cd96b52ea1a45c068f639d61de207e38b1a1b023b909812265c,101,303,0,[],0.0,逐类核对通过,105600,3168,,,17867.86965559423,,output/la_control_ablation_analysis/la_control/seed42/client-longtail/e3/tau1_a1_protocol42/round_metrics.csv,output/la_control_ablation_analysis/la_control/seed42/client-longtail/e3/tau1_a1_protocol42/completion.json,"{""control_config.schema_version"": ""la_control_v1"", ""control_config.method"": ""e3"", ""control_config.seed"": 42, ""control_config.protocol_seed"": 42, ""control_config.topology"": ""client-longtail"", ""control_config.la_tau"": 1.0, ""control_config.a_lr_mult"": 1.0, ""control_config.extra_a_lr"": 0.001, ""control_config.extra_b_lr"": 0.001, ""control_config.lookahead_rounds"": 2, ""control_config.min_gain"": 0.0001, ""control_config.tail_tolerance"": 0.002, ""control_config.history_tolerance"": 0.002, ""control_config.patience"": 2, ""control_config.anchor_scope"": ""root_and_committed_decision_endpoints_only"", ""control_config.feedback"": ""training-side functional feedback: unscaled cosine margin, fixed views, all training samples"", ""control_config.offline_probe"": ""offline mechanism probe; never used for decisions"", ""control_config.rng_protocol"": ""v2: functional and official evaluations are observational; legacy CE results are historical only"", ""control_config.privacy"": ""simulated class sum/count uploads; class presence visible; no secure aggregation or DP"", ""control_config.primary_endpoint"": ""last20_committed_logical_rounds"", ""control_config.checkpoint_encoding"": ""full base state plus exact changed tensors"", ""control_config.normal_steps_expected"": 105600, ""control_config.extra_steps_expected"": 3168}",46dfc253f8e61d89e65ccf03ace6f381f1a30175cd80f6502d5858ed0ff31845,e8cfcc9dfc726e0ca18dd3b6edd6c5e41f7c307bba4669f623b35a9e99402a4b,De8cfcc9d,output/la_control_analysis/la_control/seed42/client-longtail/e3/tau1_a1_protocol42,曲线相同的副本候选
Ra008e5e8b,la_control_ablation_analysis,output/la_control_ablation_analysis/la_control/seed42/client-longtail/e5/tau1_a1_h2_t0.002_hist0.002_gain0.0001_p2_protocol42,,e5,ClipLora,Cifar100_LT,client-longtail,42,4,fp32,,,,,,完成标记与曲线一致,0,100,101,101,,81,100,69.5405,74.37,67.39416666666666,71.15,69.138125,71.6,66.72,70.42833333333333,69.7,71.25,71.25,90,0.0,66.35,100,30,dccc4466cfc50d3fc557d32a0d1bb8a7adc9e81ac6b171e47446dfaadfa985ef,03c0a7a963d31a520441bfe39cdfd888a6a84b6e67968a41f4b6ad1af4512f9b,898ab6b4d75ba8f31be40f5219696d98204c1506656c265cc1b3b68eff508a81,3.6500000953674316,39.0,638.0,cb41d01f365c4cd96b52ea1a45c068f639d61de207e38b1a1b023b909812265c,101,303,0,[],0.0,逐类核对通过,105600,3168,,,28701.95804042369,,output/la_control_ablation_analysis/la_control/seed42/client-longtail/e5/tau1_a1_h2_t0.002_hist0.002_gain0.0001_p2_protocol42/round_metrics.csv,output/la_control_ablation_analysis/la_control/seed42/client-longtail/e5/tau1_a1_h2_t0.002_hist0.002_gain0.0001_p2_protocol42/completion.json,"{""control_config.schema_version"": ""la_control_v1"", ""control_config.method"": ""e5"", ""control_config.seed"": 42, ""control_config.protocol_seed"": 42, ""control_config.topology"": ""client-longtail"", ""control_config.la_tau"": 1.0, ""control_config.a_lr_mult"": 1.0, ""control_config.extra_a_lr"": 0.001, ""control_config.extra_b_lr"": 0.001, ""control_config.lookahead_rounds"": 2, ""control_config.min_gain"": 0.0001, ""control_config.tail_tolerance"": 0.002, ""control_config.history_tolerance"": 0.002, ""control_config.patience"": 2, ""control_config.anchor_scope"": ""root_and_committed_decision_endpoints_only"", ""control_config.feedback"": ""training-side functional feedback: unscaled cosine margin, fixed views, all training samples"", ""control_config.offline_probe"": ""offline mechanism probe; never used for decisions"", ""control_config.rng_protocol"": ""v2: functional and official evaluations are observational; legacy CE results are historical only"", ""control_config.privacy"": ""simulated class sum/count uploads; class presence visible; no secure aggregation or DP"", ""control_config.primary_endpoint"": ""last20_committed_logical_rounds"", ""control_config.checkpoint_encoding"": ""full base state plus exact changed tensors"", ""control_config.normal_steps_expected"": 105600, ""control_config.extra_steps_expected"": 3168}",e8e50b38e513e25e0e5b64a3acb1b04cf79e6b8691edbb730296e0f866e65854,8a8f5b2fc1ce1e6c042febbebe47bd82eebdf6446f95e51677ea8f4e8674cc98,D8a8f5b2f,output/la_control_analysis/la_control/seed42/client-longtail/e5/tau1_a1_h2_t0.002_hist0.002_gain0.0001_p2_protocol42,曲线相同的副本候选
R9cd8d43f5,la_control_ablation_analysis,output/la_control_ablation_analysis/la_control/seed42/client-longtail/j/tau1_a1_protocol42,,j,ClipLora,Cifar100_LT,client-longtail,42,4,fp32,,,,,,完成标记与曲线一致,0,100,101,101,,81,100,71.196,78.56,72.38333333333334,60.27,73.9275,76.7642857142857,72.59285714285714,63.07000000000001,71.08,59.55,71.7,22,12.150000000000006,66.35,100,30,dccc4466cfc50d3fc557d32a0d1bb8a7adc9e81ac6b171e47446dfaadfa985ef,03c0a7a963d31a520441bfe39cdfd888a6a84b6e67968a41f4b6ad1af4512f9b,898ab6b4d75ba8f31be40f5219696d98204c1506656c265cc1b3b68eff508a81,3.6500000953674316,39.0,638.0,cb41d01f365c4cd96b52ea1a45c068f639d61de207e38b1a1b023b909812265c,101,303,0,[],0.0,逐类核对通过,105600,3168,,,18831.07981457468,,output/la_control_ablation_analysis/la_control/seed42/client-longtail/j/tau1_a1_protocol42/round_metrics.csv,output/la_control_ablation_analysis/la_control/seed42/client-longtail/j/tau1_a1_protocol42/completion.json,"{""control_config.schema_version"": ""la_control_v1"", ""control_config.method"": ""j"", ""control_config.seed"": 42, ""control_config.protocol_seed"": 42, ""control_config.topology"": ""client-longtail"", ""control_config.la_tau"": 1.0, ""control_config.a_lr_mult"": 1.0, ""control_config.extra_a_lr"": 0.001, ""control_config.extra_b_lr"": 0.001, ""control_config.normal_trainable_factor"": ""AB"", ""control_config.normal_a_lr"": 0.001, ""control_config.normal_a_weight_decay"": 0.0, ""control_config.normal_b_lr"": 0.001, ""control_config.normal_b_weight_decay"": 0.0005, ""control_config.extra_weight_decay"": 0.0, ""control_config.aggregation"": ""sample_weighted_factor_fedavg"", ""control_config.control_enabled"": false, ""control_config.extra_trainable_factor"": ""A"", ""control_config.lookahead_rounds"": 2, ""control_config.min_gain"": 0.0001, ""control_config.tail_tolerance"": 0.002, ""control_config.history_tolerance"": 0.002, ""control_config.patience"": 2, ""control_config.anchor_scope"": ""root_and_committed_decision_endpoints_only"", ""control_config.feedback"": ""training-side functional feedback: unscaled cosine margin, fixed views, all training samples"", ""control_config.offline_probe"": ""offline mechanism probe; never used for decisions"", ""control_config.rng_protocol"": ""v2: functional and official evaluations are observational; legacy CE results are historical only"", ""control_config.privacy"": ""simulated class sum/count uploads; class presence visible; no secure aggregation or DP"", ""control_config.primary_endpoint"": ""last20_committed_logical_rounds"", ""control_config.checkpoint_encoding"": ""full base state plus exact changed tensors"", ""control_config.normal_steps_expected"": 105600, ""control_config.extra_steps_expected"": 3168}",7358cd5986bbba9d35130b8c0a0ded30b498d2627f8b3458fc7dd5a3c1bcc43f,ff59f4dacc26eb545c5c7f15648223aef8cec061aa9168db4c7bb308a7f6bc29,Dff59f4da,output/la_control_ablation_analysis/la_control/seed42/client-longtail/j/tau1_a1_protocol42,推荐核对入口
R111fcc616,la_control_ablation_analysis,output/la_control_ablation_analysis/la_control/seed42/client-longtail/s/tau1_a1_protocol42,,s,ClipLora,Cifar100_LT,client-longtail,42,4,fp32,,,,,,完成标记与曲线一致,0,100,101,101,,81,100,70.91,76.8375,69.68333333333334,68.6625,71.471875,73.96714285714286,70.14714285714285,68.23333333333333,71.06,68.35,71.8,46,3.450000000000003,66.35,100,30,dccc4466cfc50d3fc557d32a0d1bb8a7adc9e81ac6b171e47446dfaadfa985ef,03c0a7a963d31a520441bfe39cdfd888a6a84b6e67968a41f4b6ad1af4512f9b,898ab6b4d75ba8f31be40f5219696d98204c1506656c265cc1b3b68eff508a81,3.6500000953674316,39.0,638.0,cb41d01f365c4cd96b52ea1a45c068f639d61de207e38b1a1b023b909812265c,101,303,0,[],0.0,逐类核对通过,105600,31680,,,22667.417041785084,,output/la_control_ablation_analysis/la_control/seed42/client-longtail/s/tau1_a1_protocol42/round_metrics.csv,output/la_control_ablation_analysis/la_control/seed42/client-longtail/s/tau1_a1_protocol42/completion.json,"{""control_config.schema_version"": ""la_control_v1"", ""control_config.method"": ""s"", ""control_config.seed"": 42, ""control_config.protocol_seed"": 42, ""control_config.topology"": ""client-longtail"", ""control_config.la_tau"": 1.0, ""control_config.a_lr_mult"": 1.0, ""control_config.extra_a_lr"": 0.001, ""control_config.extra_b_lr"": 0.001, ""control_config.normal_trainable_factor"": ""B"", ""control_config.normal_a_lr"": null, ""control_config.normal_a_weight_decay"": null, ""control_config.normal_b_lr"": 0.001, ""control_config.normal_b_weight_decay"": 0.0005, ""control_config.extra_weight_decay"": 0.0, ""control_config.aggregation"": ""sample_weighted_factor_fedavg"", ""control_config.control_enabled"": false, ""control_config.extra_trainable_factor"": ""A"", ""control_config.lookahead_rounds"": 2, ""control_config.min_gain"": 0.0001, ""control_config.tail_tolerance"": 0.002, ""control_config.history_tolerance"": 0.002, ""control_config.patience"": 2, ""control_config.anchor_scope"": ""root_and_committed_decision_endpoints_only"", ""control_config.feedback"": ""training-side functional feedback: unscaled cosine margin, fixed views, all training samples"", ""control_config.offline_probe"": ""offline mechanism probe; never used for decisions"", ""control_config.rng_protocol"": ""v2: functional and official evaluations are observational; legacy CE results are historical only"", ""control_config.privacy"": ""simulated class sum/count uploads; class presence visible; no secure aggregation or DP"", ""control_config.primary_endpoint"": ""last20_committed_logical_rounds"", ""control_config.checkpoint_encoding"": ""full base state plus exact changed tensors"", ""control_config.normal_steps_expected"": 105600, ""control_config.extra_steps_expected"": 31680}",173f28674db67113af1c6e579451574fc36841a4604f5e81f542959052bc5d16,84033cecdb86f94de958af71106a8d0ef9eed46f4cc88cb7af3c1360aa2c616a,D84033cec,output/la_control_ablation_analysis/la_control/seed42/client-longtail/s/tau1_a1_protocol42,推荐核对入口
Rf4b5cd58f,la_control_ablation_analysis,output/la_control_ablation_analysis/la_control/seed42/matched-dirichlet/e2/tau1_a1_protocol42,,e2,ClipLora,Cifar100_LT,matched-dirichlet,42,4,fp32,,,,,,完成标记与曲线一致,0,100,101,101,,81,100,68.251,71.655,66.47666666666666,70.17,67.77125,69.90714285714286,65.7,69.295,68.39,70.4,70.45,95,0.04999999999999716,66.35,100,30,dccc4466cfc50d3fc557d32a0d1bb8a7adc9e81ac6b171e47446dfaadfa985ef,03c0a7a963d31a520441bfe39cdfd888a6a84b6e67968a41f4b6ad1af4512f9b,898ab6b4d75ba8f31be40f5219696d98204c1506656c265cc1b3b68eff508a81,5.349999904632568,39.0,638.0,d5ffdd7eb3ac0342b5dcad124a0c228501277fc51ded390e39510818f00465c9,101,303,0,[],0.0,逐类核对通过,105600,3168,,,18300.32577667758,,output/la_control_ablation_analysis/la_control/seed42/matched-dirichlet/e2/tau1_a1_protocol42/round_metrics.csv,output/la_control_ablation_analysis/la_control/seed42/matched-dirichlet/e2/tau1_a1_protocol42/completion.json,"{""control_config.schema_version"": ""la_control_v1"", ""control_config.method"": ""e2"", ""control_config.seed"": 42, ""control_config.protocol_seed"": 42, ""control_config.topology"": ""matched-dirichlet"", ""control_config.la_tau"": 1.0, ""control_config.a_lr_mult"": 1.0, ""control_config.extra_a_lr"": 0.001, ""control_config.extra_b_lr"": 0.001, ""control_config.lookahead_rounds"": 2, ""control_config.min_gain"": 0.0001, ""control_config.tail_tolerance"": 0.002, ""control_config.history_tolerance"": 0.002, ""control_config.patience"": 2, ""control_config.anchor_scope"": ""root_and_committed_decision_endpoints_only"", ""control_config.feedback"": ""training-side functional feedback: unscaled cosine margin, fixed views, all training samples"", ""control_config.offline_probe"": ""offline mechanism probe; never used for decisions"", ""control_config.rng_protocol"": ""v2: functional and official evaluations are observational; legacy CE results are historical only"", ""control_config.privacy"": ""simulated class sum/count uploads; class presence visible; no secure aggregation or DP"", ""control_config.primary_endpoint"": ""last20_committed_logical_rounds"", ""control_config.checkpoint_encoding"": ""full base state plus exact changed tensors"", ""control_config.normal_steps_expected"": 105600, ""control_config.extra_steps_expected"": 3168}",5315357895ca6130aafe5974e2016419b8a8b86a9e9f91bc04e96c5cb868a585,69c9858cb8bad68fb8718bba171bd0ecd589b235ba29b087da523fb12984f0a0,D69c9858c,output/la_control_analysis/la_control/seed42/matched-dirichlet/e2/tau1_a1_protocol42,曲线相同的副本候选
R35e3dcd53,la_control_ablation_analysis,output/la_control_ablation_analysis/la_control/seed42/matched-dirichlet/e3/tau1_a1_protocol42,,e3,ClipLora,Cifar100_LT,matched-dirichlet,42,4,fp32,,,,,,完成标记与曲线一致,0,100,101,101,,81,100,69.664,74.4575,67.35166666666666,71.8075,69.128125,71.50571428571428,66.91285714285713,70.725,69.78,71.7,71.9,85,0.20000000000000284,66.35,100,30,dccc4466cfc50d3fc557d32a0d1bb8a7adc9e81ac6b171e47446dfaadfa985ef,03c0a7a963d31a520441bfe39cdfd888a6a84b6e67968a41f4b6ad1af4512f9b,898ab6b4d75ba8f31be40f5219696d98204c1506656c265cc1b3b68eff508a81,5.349999904632568,39.0,638.0,d5ffdd7eb3ac0342b5dcad124a0c228501277fc51ded390e39510818f00465c9,101,303,0,[],0.0,逐类核对通过,105600,3168,,,17705.915840938687,,output/la_control_ablation_analysis/la_control/seed42/matched-dirichlet/e3/tau1_a1_protocol42/round_metrics.csv,output/la_control_ablation_analysis/la_control/seed42/matched-dirichlet/e3/tau1_a1_protocol42/completion.json,"{""control_config.schema_version"": ""la_control_v1"", ""control_config.method"": ""e3"", ""control_config.seed"": 42, ""control_config.protocol_seed"": 42, ""control_config.topology"": ""matched-dirichlet"", ""control_config.la_tau"": 1.0, ""control_config.a_lr_mult"": 1.0, ""control_config.extra_a_lr"": 0.001, ""control_config.extra_b_lr"": 0.001, ""control_config.lookahead_rounds"": 2, ""control_config.min_gain"": 0.0001, ""control_config.tail_tolerance"": 0.002, ""control_config.history_tolerance"": 0.002, ""control_config.patience"": 2, ""control_config.anchor_scope"": ""root_and_committed_decision_endpoints_only"", ""control_config.feedback"": ""training-side functional feedback: unscaled cosine margin, fixed views, all training samples"", ""control_config.offline_probe"": ""offline mechanism probe; never used for decisions"", ""control_config.rng_protocol"": ""v2: functional and official evaluations are observational; legacy CE results are historical only"", ""control_config.privacy"": ""simulated class sum/count uploads; class presence visible; no secure aggregation or DP"", ""control_config.primary_endpoint"": ""last20_committed_logical_rounds"", ""control_config.checkpoint_encoding"": ""full base state plus exact changed tensors"", ""control_config.normal_steps_expected"": 105600, ""control_config.extra_steps_expected"": 3168}",cea39b81c6d44f91ca1d3df205b825a33882f61e29f48a32712637c34d8bb4c0,6429e9db95c28ee8b60163ab523867954d073a93315b5cb85cc6298a7bab6ad2,D6429e9db,output/la_control_ablation_analysis/la_control/seed42/matched-dirichlet/e3/tau1_a1_protocol42,推荐核对入口
R3c1e823fb,la_control_ablation_analysis,output/la_control_ablation_analysis/la_control/seed42/matched-dirichlet/e5/tau1_a1_h2_t0.002_hist0.002_gain0.0001_p2_protocol42,,e5,ClipLora,Cifar100_LT,matched-dirichlet,42,4,fp32,,,,,,完成标记与曲线一致,0,100,101,101,,81,100,69.5845,74.25750000000001,67.29666666666667,71.775,69.036875,71.37142857142858,66.84857142857143,70.69166666666666,69.76,71.85,71.85,89,0.0,66.35,100,30,dccc4466cfc50d3fc557d32a0d1bb8a7adc9e81ac6b171e47446dfaadfa985ef,03c0a7a963d31a520441bfe39cdfd888a6a84b6e67968a41f4b6ad1af4512f9b,898ab6b4d75ba8f31be40f5219696d98204c1506656c265cc1b3b68eff508a81,5.349999904632568,39.0,638.0,d5ffdd7eb3ac0342b5dcad124a0c228501277fc51ded390e39510818f00465c9,101,303,0,[],0.0,逐类核对通过,105600,3168,,,29837.897403951734,,output/la_control_ablation_analysis/la_control/seed42/matched-dirichlet/e5/tau1_a1_h2_t0.002_hist0.002_gain0.0001_p2_protocol42/round_metrics.csv,output/la_control_ablation_analysis/la_control/seed42/matched-dirichlet/e5/tau1_a1_h2_t0.002_hist0.002_gain0.0001_p2_protocol42/completion.json,"{""control_config.schema_version"": ""la_control_v1"", ""control_config.method"": ""e5"", ""control_config.seed"": 42, ""control_config.protocol_seed"": 42, ""control_config.topology"": ""matched-dirichlet"", ""control_config.la_tau"": 1.0, ""control_config.a_lr_mult"": 1.0, ""control_config.extra_a_lr"": 0.001, ""control_config.extra_b_lr"": 0.001, ""control_config.lookahead_rounds"": 2, ""control_config.min_gain"": 0.0001, ""control_config.tail_tolerance"": 0.002, ""control_config.history_tolerance"": 0.002, ""control_config.patience"": 2, ""control_config.anchor_scope"": ""root_and_committed_decision_endpoints_only"", ""control_config.feedback"": ""training-side functional feedback: unscaled cosine margin, fixed views, all training samples"", ""control_config.offline_probe"": ""offline mechanism probe; never used for decisions"", ""control_config.rng_protocol"": ""v2: functional and official evaluations are observational; legacy CE results are historical only"", ""control_config.privacy"": ""simulated class sum/count uploads; class presence visible; no secure aggregation or DP"", ""control_config.primary_endpoint"": ""last20_committed_logical_rounds"", ""control_config.checkpoint_encoding"": ""full base state plus exact changed tensors"", ""control_config.normal_steps_expected"": 105600, ""control_config.extra_steps_expected"": 3168}",f942c311cf34f085766480dbe6fc69005bbef13891fe999a59679a91b1d86a18,895e6c96e84efeb16f44916012ba8dcc3589a5c6ca8252296d2fdbcdd011fd75,D895e6c96,output/la_control_ablation_analysis/la_control/seed42/matched-dirichlet/e5/tau1_a1_h2_t0.002_hist0.002_gain0.0001_p2_protocol42,推荐核对入口
Rec5ad2b59,la_control_analysis,output/la_control_analysis/la_control/seed42/client-longtail/e2/tau1_a1_protocol42,,e2,ClipLora,Cifar100_LT,client-longtail,42,4,fp32,,,,,,完成标记与曲线一致,0,100,101,101,,81,100,68.101,71.6425,66.40416666666667,69.65,67.71375,69.85714285714286,65.61,68.95833333333334,68.25,69.8,69.85,98,0.04999999999999716,66.35,100,30,dccc4466cfc50d3fc557d32a0d1bb8a7adc9e81ac6b171e47446dfaadfa985ef,03c0a7a963d31a520441bfe39cdfd888a6a84b6e67968a41f4b6ad1af4512f9b,898ab6b4d75ba8f31be40f5219696d98204c1506656c265cc1b3b68eff508a81,3.6500000953674316,39.0,638.0,cb41d01f365c4cd96b52ea1a45c068f639d61de207e38b1a1b023b909812265c,101,303,0,[],0.0,逐类核对通过,105600,3168,,,17927.07806841936,,output/la_control_analysis/la_control/seed42/client-longtail/e2/tau1_a1_protocol42/round_metrics.csv,output/la_control_analysis/la_control/seed42/client-longtail/e2/tau1_a1_protocol42/completion.json,"{""control_config.schema_version"": ""la_control_v1"", ""control_config.method"": ""e2"", ""control_config.seed"": 42, ""control_config.protocol_seed"": 42, ""control_config.topology"": ""client-longtail"", ""control_config.la_tau"": 1.0, ""control_config.a_lr_mult"": 1.0, ""control_config.extra_a_lr"": 0.001, ""control_config.extra_b_lr"": 0.001, ""control_config.lookahead_rounds"": 2, ""control_config.min_gain"": 0.0001, ""control_config.tail_tolerance"": 0.002, ""control_config.history_tolerance"": 0.002, ""control_config.patience"": 2, ""control_config.anchor_scope"": ""root_and_committed_decision_endpoints_only"", ""control_config.feedback"": ""training-side functional feedback: unscaled cosine margin, fixed views, all training samples"", ""control_config.offline_probe"": ""offline mechanism probe; never used for decisions"", ""control_config.rng_protocol"": ""v2: functional and official evaluations are observational; legacy CE results are historical only"", ""control_config.privacy"": ""simulated class sum/count uploads; class presence visible; no secure aggregation or DP"", ""control_config.primary_endpoint"": ""last20_committed_logical_rounds"", ""control_config.checkpoint_encoding"": ""full base state plus exact changed tensors"", ""control_config.normal_steps_expected"": 105600, ""control_config.extra_steps_expected"": 3168}",c6e2cbe8cf3c16defc49513d2d558709ce7d7fc1c1e61c9cb089af4cd82b8fd1,ac6d98ecacf9c45b64035bc7c9ddcf49e1be4efd2624547ef0eefdd795043a92,Dac6d98ec,output/la_control_analysis/la_control/seed42/client-longtail/e2/tau1_a1_protocol42,推荐核对入口
R6b05b33ef,la_control_analysis,output/la_control_analysis/la_control/seed42/client-longtail/e3/tau1_a1_protocol42,,e3,ClipLora,Cifar100_LT,client-longtail,42,4,fp32,,,,,,完成标记与曲线一致,0,100,101,101,,81,100,69.6455,74.5775,67.465,71.255,69.24312499999999,71.72142857142858,66.87142857142858,70.46000000000001,69.86,71.05,71.4,89,0.3500000000000085,66.35,100,30,dccc4466cfc50d3fc557d32a0d1bb8a7adc9e81ac6b171e47446dfaadfa985ef,03c0a7a963d31a520441bfe39cdfd888a6a84b6e67968a41f4b6ad1af4512f9b,898ab6b4d75ba8f31be40f5219696d98204c1506656c265cc1b3b68eff508a81,3.6500000953674316,39.0,638.0,cb41d01f365c4cd96b52ea1a45c068f639d61de207e38b1a1b023b909812265c,101,303,0,[],0.0,逐类核对通过,105600,3168,,,17867.86965559423,,output/la_control_analysis/la_control/seed42/client-longtail/e3/tau1_a1_protocol42/round_metrics.csv,output/la_control_analysis/la_control/seed42/client-longtail/e3/tau1_a1_protocol42/completion.json,"{""control_config.schema_version"": ""la_control_v1"", ""control_config.method"": ""e3"", ""control_config.seed"": 42, ""control_config.protocol_seed"": 42, ""control_config.topology"": ""client-longtail"", ""control_config.la_tau"": 1.0, ""control_config.a_lr_mult"": 1.0, ""control_config.extra_a_lr"": 0.001, ""control_config.extra_b_lr"": 0.001, ""control_config.lookahead_rounds"": 2, ""control_config.min_gain"": 0.0001, ""control_config.tail_tolerance"": 0.002, ""control_config.history_tolerance"": 0.002, ""control_config.patience"": 2, ""control_config.anchor_scope"": ""root_and_committed_decision_endpoints_only"", ""control_config.feedback"": ""training-side functional feedback: unscaled cosine margin, fixed views, all training samples"", ""control_config.offline_probe"": ""offline mechanism probe; never used for decisions"", ""control_config.rng_protocol"": ""v2: functional and official evaluations are observational; legacy CE results are historical only"", ""control_config.privacy"": ""simulated class sum/count uploads; class presence visible; no secure aggregation or DP"", ""control_config.primary_endpoint"": ""last20_committed_logical_rounds"", ""control_config.checkpoint_encoding"": ""full base state plus exact changed tensors"", ""control_config.normal_steps_expected"": 105600, ""control_config.extra_steps_expected"": 3168}",46dfc253f8e61d89e65ccf03ace6f381f1a30175cd80f6502d5858ed0ff31845,e8cfcc9dfc726e0ca18dd3b6edd6c5e41f7c307bba4669f623b35a9e99402a4b,De8cfcc9d,output/la_control_analysis/la_control/seed42/client-longtail/e3/tau1_a1_protocol42,推荐核对入口
R2df98c438,la_control_analysis,output/la_control_analysis/la_control/seed42/client-longtail/e5/tau1_a1_h2_t0.002_hist0.002_gain0.0001_p2_protocol42,,e5,ClipLora,Cifar100_LT,client-longtail,42,4,fp32,,,,,,完成标记与曲线一致,0,100,101,101,,81,100,69.5405,74.37,67.39416666666666,71.15,69.138125,71.6,66.72,70.42833333333333,69.7,71.25,71.25,90,0.0,66.35,100,30,dccc4466cfc50d3fc557d32a0d1bb8a7adc9e81ac6b171e47446dfaadfa985ef,03c0a7a963d31a520441bfe39cdfd888a6a84b6e67968a41f4b6ad1af4512f9b,898ab6b4d75ba8f31be40f5219696d98204c1506656c265cc1b3b68eff508a81,3.6500000953674316,39.0,638.0,cb41d01f365c4cd96b52ea1a45c068f639d61de207e38b1a1b023b909812265c,101,303,0,[],0.0,逐类核对通过,105600,3168,,,28701.95804042369,,output/la_control_analysis/la_control/seed42/client-longtail/e5/tau1_a1_h2_t0.002_hist0.002_gain0.0001_p2_protocol42/round_metrics.csv,output/la_control_analysis/la_control/seed42/client-longtail/e5/tau1_a1_h2_t0.002_hist0.002_gain0.0001_p2_protocol42/completion.json,"{""control_config.schema_version"": ""la_control_v1"", ""control_config.method"": ""e5"", ""control_config.seed"": 42, ""control_config.protocol_seed"": 42, ""control_config.topology"": ""client-longtail"", ""control_config.la_tau"": 1.0, ""control_config.a_lr_mult"": 1.0, ""control_config.extra_a_lr"": 0.001, ""control_config.extra_b_lr"": 0.001, ""control_config.lookahead_rounds"": 2, ""control_config.min_gain"": 0.0001, ""control_config.tail_tolerance"": 0.002, ""control_config.history_tolerance"": 0.002, ""control_config.patience"": 2, ""control_config.anchor_scope"": ""root_and_committed_decision_endpoints_only"", ""control_config.feedback"": ""training-side functional feedback: unscaled cosine margin, fixed views, all training samples"", ""control_config.offline_probe"": ""offline mechanism probe; never used for decisions"", ""control_config.rng_protocol"": ""v2: functional and official evaluations are observational; legacy CE results are historical only"", ""control_config.privacy"": ""simulated class sum/count uploads; class presence visible; no secure aggregation or DP"", ""control_config.primary_endpoint"": ""last20_committed_logical_rounds"", ""control_config.checkpoint_encoding"": ""full base state plus exact changed tensors"", ""control_config.normal_steps_expected"": 105600, ""control_config.extra_steps_expected"": 3168}",e8e50b38e513e25e0e5b64a3acb1b04cf79e6b8691edbb730296e0f866e65854,8a8f5b2fc1ce1e6c042febbebe47bd82eebdf6446f95e51677ea8f4e8674cc98,D8a8f5b2f,output/la_control_analysis/la_control/seed42/client-longtail/e5/tau1_a1_h2_t0.002_hist0.002_gain0.0001_p2_protocol42,推荐核对入口
R4486c06c3,la_control_analysis,output/la_control_analysis/la_control/seed42/matched-dirichlet/e2/tau1_a1_protocol42,,e2,ClipLora,Cifar100_LT,matched-dirichlet,42,4,fp32,,,,,,完成标记与曲线一致,0,100,101,101,,81,100,68.251,71.655,66.47666666666666,70.17,67.77125,69.90714285714286,65.7,69.295,68.39,70.4,70.45,95,0.04999999999999716,66.35,100,30,dccc4466cfc50d3fc557d32a0d1bb8a7adc9e81ac6b171e47446dfaadfa985ef,03c0a7a963d31a520441bfe39cdfd888a6a84b6e67968a41f4b6ad1af4512f9b,898ab6b4d75ba8f31be40f5219696d98204c1506656c265cc1b3b68eff508a81,5.349999904632568,39.0,638.0,d5ffdd7eb3ac0342b5dcad124a0c228501277fc51ded390e39510818f00465c9,101,303,0,[],0.0,逐类核对通过,105600,3168,,,18300.32577667758,,output/la_control_analysis/la_control/seed42/matched-dirichlet/e2/tau1_a1_protocol42/round_metrics.csv,output/la_control_analysis/la_control/seed42/matched-dirichlet/e2/tau1_a1_protocol42/completion.json,"{""control_config.schema_version"": ""la_control_v1"", ""control_config.method"": ""e2"", ""control_config.seed"": 42, ""control_config.protocol_seed"": 42, ""control_config.topology"": ""matched-dirichlet"", ""control_config.la_tau"": 1.0, ""control_config.a_lr_mult"": 1.0, ""control_config.extra_a_lr"": 0.001, ""control_config.extra_b_lr"": 0.001, ""control_config.lookahead_rounds"": 2, ""control_config.min_gain"": 0.0001, ""control_config.tail_tolerance"": 0.002, ""control_config.history_tolerance"": 0.002, ""control_config.patience"": 2, ""control_config.anchor_scope"": ""root_and_committed_decision_endpoints_only"", ""control_config.feedback"": ""training-side functional feedback: unscaled cosine margin, fixed views, all training samples"", ""control_config.offline_probe"": ""offline mechanism probe; never used for decisions"", ""control_config.rng_protocol"": ""v2: functional and official evaluations are observational; legacy CE results are historical only"", ""control_config.privacy"": ""simulated class sum/count uploads; class presence visible; no secure aggregation or DP"", ""control_config.primary_endpoint"": ""last20_committed_logical_rounds"", ""control_config.checkpoint_encoding"": ""full base state plus exact changed tensors"", ""control_config.normal_steps_expected"": 105600, ""control_config.extra_steps_expected"": 3168}",5315357895ca6130aafe5974e2016419b8a8b86a9e9f91bc04e96c5cb868a585,69c9858cb8bad68fb8718bba171bd0ecd589b235ba29b087da523fb12984f0a0,D69c9858c,output/la_control_analysis/la_control/seed42/matched-dirichlet/e2/tau1_a1_protocol42,推荐核对入口
Ra712886bd,la_control_analysis,output/la_control_analysis/la_control/seed42/matched-dirichlet/e3/tau1_a1_protocol42,,e3,ClipLora,Cifar100_LT,matched-dirichlet,42,4,fp32,,,,,,短运行或本地结果不完整,0,34,35,35,,15,34,67.1245,70.135,65.58250000000001,68.74,66.720625,68.42285714285714,65.07714285714286,67.99833333333333,67.91,69.65,69.65,34,0.0,66.35,100,30,dccc4466cfc50d3fc557d32a0d1bb8a7adc9e81ac6b171e47446dfaadfa985ef,03c0a7a963d31a520441bfe39cdfd888a6a84b6e67968a41f4b6ad1af4512f9b,898ab6b4d75ba8f31be40f5219696d98204c1506656c265cc1b3b68eff508a81,5.349999904632568,39.0,638.0,d5ffdd7eb3ac0342b5dcad124a0c228501277fc51ded390e39510818f00465c9,35,105,0,[],0.0,逐类核对通过,,,,,,,output/la_control_analysis/la_control/seed42/matched-dirichlet/e3/tau1_a1_protocol42/round_metrics.csv,,"{""control_config.schema_version"": ""la_control_v1"", ""control_config.method"": ""e3"", ""control_config.seed"": 42, ""control_config.protocol_seed"": 42, ""control_config.topology"": ""matched-dirichlet"", ""control_config.la_tau"": 1.0, ""control_config.a_lr_mult"": 1.0, ""control_config.extra_a_lr"": 0.001, ""control_config.extra_b_lr"": 0.001, ""control_config.lookahead_rounds"": 2, ""control_config.min_gain"": 0.0001, ""control_config.tail_tolerance"": 0.002, ""control_config.history_tolerance"": 0.002, ""control_config.patience"": 2, ""control_config.anchor_scope"": ""root_and_committed_decision_endpoints_only"", ""control_config.feedback"": ""training-side functional feedback: unscaled cosine margin, fixed views, all training samples"", ""control_config.offline_probe"": ""offline mechanism probe; never used for decisions"", ""control_config.rng_protocol"": ""v2: functional and official evaluations are observational; legacy CE results are historical only"", ""control_config.privacy"": ""simulated class sum/count uploads; class presence visible; no secure aggregation or DP"", ""control_config.primary_endpoint"": ""last20_committed_logical_rounds"", ""control_config.checkpoint_encoding"": ""full base state plus exact changed tensors"", ""control_config.normal_steps_expected"": 105600, ""control_config.extra_steps_expected"": 3168}",c4895c39b04b001d6031867a08f4145d9d77a57d1202765f482af0371d2a585b,3995c9c58cb8075c409a3b1c759240562e9167a166bc78cfb00520d163562bc9,,output/la_control_analysis/la_control/seed42/matched-dirichlet/e3/tau1_a1_protocol42,独立目录记录
R28ebacd31,la_control_analysis,output/la_control_analysis/la_control/seed42/matched-dirichlet/e5/tau1_a1_h2_t0.002_hist0.002_gain0.0001_p2_protocol42,,e5,ClipLora,Cifar100_LT,matched-dirichlet,42,4,fp32,,,,,,短运行或本地结果不完整,0,22,23,23,,3,22,66.00750000000001,68.875,64.52000000000001,67.60249999999999,65.60875,66.94,64.61,66.55,67.0,68.45,68.5,21,0.04999999999999716,66.35,100,30,dccc4466cfc50d3fc557d32a0d1bb8a7adc9e81ac6b171e47446dfaadfa985ef,03c0a7a963d31a520441bfe39cdfd888a6a84b6e67968a41f4b6ad1af4512f9b,898ab6b4d75ba8f31be40f5219696d98204c1506656c265cc1b3b68eff508a81,5.349999904632568,39.0,638.0,d5ffdd7eb3ac0342b5dcad124a0c228501277fc51ded390e39510818f00465c9,23,69,0,[],0.0,逐类核对通过,,,,,,,output/la_control_analysis/la_control/seed42/matched-dirichlet/e5/tau1_a1_h2_t0.002_hist0.002_gain0.0001_p2_protocol42/round_metrics.csv,,"{""control_config.schema_version"": ""la_control_v1"", ""control_config.method"": ""e5"", ""control_config.seed"": 42, ""control_config.protocol_seed"": 42, ""control_config.topology"": ""matched-dirichlet"", ""control_config.la_tau"": 1.0, ""control_config.a_lr_mult"": 1.0, ""control_config.extra_a_lr"": 0.001, ""control_config.extra_b_lr"": 0.001, ""control_config.lookahead_rounds"": 2, ""control_config.min_gain"": 0.0001, ""control_config.tail_tolerance"": 0.002, ""control_config.history_tolerance"": 0.002, ""control_config.patience"": 2, ""control_config.anchor_scope"": ""root_and_committed_decision_endpoints_only"", ""control_config.feedback"": ""training-side functional feedback: unscaled cosine margin, fixed views, all training samples"", ""control_config.offline_probe"": ""offline mechanism probe; never used for decisions"", ""control_config.rng_protocol"": ""v2: functional and official evaluations are observational; legacy CE results are historical only"", ""control_config.privacy"": ""simulated class sum/count uploads; class presence visible; no secure aggregation or DP"", ""control_config.primary_endpoint"": ""last20_committed_logical_rounds"", ""control_config.checkpoint_encoding"": ""full base state plus exact changed tensors"", ""control_config.normal_steps_expected"": 105600, ""control_config.extra_steps_expected"": 3168}",ada1e993395707aa51505b8ec5416a56ff1bb8b138af3522a06c6733e8a09ffa,40e781b425af29269701a9e2294812d6f4100e058bc6c645ae2c651af9344437,,output/la_control_analysis/la_control/seed42/matched-dirichlet/e5/tau1_a1_h2_t0.002_hist0.002_gain0.0001_p2_protocol42,独立目录记录
R72f6ab547,la_control_dirichlet_supplement_analysis,output/la_control_dirichlet_supplement_analysis/la_control/seed42/noniid-labeldir-fine/e0/tau0_a1_protocol42_beta0.5,,e0,ClipLora,Cifar100_LT,noniid-labeldir-fine,42,4,fp32,,,,,,完成标记与曲线一致,0,100,101,101,,81,100,67.6695,76.97,64.47749999999999,67.94500000000001,67.60062500000001,72.89428571428572,64.18285714285715,65.64166666666668,67.74,67.75,68.1,82,0.3499999999999943,66.35,100,30,dccc4466cfc50d3fc557d32a0d1bb8a7adc9e81ac6b171e47446dfaadfa985ef,f09c8df7e4363ca0ac34d917f817fb2e56d0585ab152358981dc5e51650e458d,898ab6b4d75ba8f31be40f5219696d98204c1506656c265cc1b3b68eff508a81,6.050000190734863,229.0,500.0,695fd0dd969aec159a7a9e8993b3c193f65520534a445c9125f3cc1b14b45441,101,303,0,[],0.0,逐类核对通过,106200,3186,,,30714.60937575098,,output/la_control_dirichlet_supplement_analysis/la_control/seed42/noniid-labeldir-fine/e0/tau0_a1_protocol42_beta0.5/round_metrics.csv,output/la_control_dirichlet_supplement_analysis/la_control/seed42/noniid-labeldir-fine/e0/tau0_a1_protocol42_beta0.5/completion.json,"{""control_config.schema_version"": ""la_control_v1"", ""control_config.method"": ""e0"", ""control_config.seed"": 42, ""control_config.protocol_seed"": 42, ""control_config.topology"": ""noniid-labeldir-fine"", ""control_config.dirichlet_beta"": 0.5, ""control_config.la_tau"": 0.0, ""control_config.a_lr_mult"": 1.0, ""control_config.extra_a_lr"": 0.001, ""control_config.extra_b_lr"": 0.001, ""control_config.normal_trainable_factor"": ""B"", ""control_config.normal_a_lr"": null, ""control_config.normal_a_weight_decay"": null, ""control_config.normal_b_lr"": 0.001, ""control_config.normal_b_weight_decay"": 0.0005, ""control_config.extra_weight_decay"": 0.0, ""control_config.aggregation"": ""sample_weighted_factor_fedavg"", ""control_config.control_enabled"": false, ""control_config.extra_trainable_factor"": ""B"", ""control_config.lookahead_rounds"": 2, ""control_config.min_gain"": 0.0001, ""control_config.tail_tolerance"": 0.002, ""control_config.history_tolerance"": 0.002, ""control_config.patience"": 2, ""control_config.anchor_scope"": ""root_and_committed_decision_endpoints_only"", ""control_config.feedback"": ""training-side functional feedback: unscaled cosine margin, fixed views, all training samples"", ""control_config.offline_probe"": ""offline mechanism probe; never used for decisions"", ""control_config.rng_protocol"": ""v2: functional and official evaluations are observational; legacy CE results are historical only"", ""control_config.privacy"": ""simulated class sum/count uploads; class presence visible; no secure aggregation or DP"", ""control_config.primary_endpoint"": ""last20_committed_logical_rounds"", ""control_config.checkpoint_encoding"": ""full base state plus exact changed tensors"", ""control_config.steps_per_epoch"": 354, ""control_config.normal_steps_expected"": 106200, ""control_config.extra_steps_expected"": 3186}",a88cec9c4c77ed4a9d51900acdc16918da3f852bbb86d6ebe03b76351f6fdfd8,8e2747f271da845e68341b005642b83403d0438c7b9543ef02d7ad5b63c34308,,output/la_control_dirichlet_supplement_analysis/la_control/seed42/noniid-labeldir-fine/e0/tau0_a1_protocol42_beta0.5,独立目录记录
Rdbad269b1,la_control_dirichlet_supplement_analysis,output/la_control_dirichlet_supplement_analysis/la_control/seed42/noniid-labeldir-fine/e1/tau0_a1_protocol42_beta0.5,,e1,ClipLora,Cifar100_LT,noniid-labeldir-fine,42,4,fp32,,,,,,完成标记与曲线一致,0,100,101,101,,81,100,66.438,83.485,62.589166666666664,60.9375,67.813125,77.41714285714286,62.43571428571429,58.29833333333333,66.16,59.5,68.6,31,9.099999999999994,66.35,100,30,dccc4466cfc50d3fc557d32a0d1bb8a7adc9e81ac6b171e47446dfaadfa985ef,f09c8df7e4363ca0ac34d917f817fb2e56d0585ab152358981dc5e51650e458d,898ab6b4d75ba8f31be40f5219696d98204c1506656c265cc1b3b68eff508a81,6.050000190734863,229.0,500.0,695fd0dd969aec159a7a9e8993b3c193f65520534a445c9125f3cc1b14b45441,101,303,0,[],0.0,逐类核对通过,106200,3186,,,30822.20668399299,,output/la_control_dirichlet_supplement_analysis/la_control/seed42/noniid-labeldir-fine/e1/tau0_a1_protocol42_beta0.5/round_metrics.csv,output/la_control_dirichlet_supplement_analysis/la_control/seed42/noniid-labeldir-fine/e1/tau0_a1_protocol42_beta0.5/completion.json,"{""control_config.schema_version"": ""la_control_v1"", ""control_config.method"": ""e1"", ""control_config.seed"": 42, ""control_config.protocol_seed"": 42, ""control_config.topology"": ""noniid-labeldir-fine"", ""control_config.dirichlet_beta"": 0.5, ""control_config.la_tau"": 0.0, ""control_config.a_lr_mult"": 1.0, ""control_config.extra_a_lr"": 0.001, ""control_config.extra_b_lr"": 0.001, ""control_config.normal_trainable_factor"": ""B"", ""control_config.normal_a_lr"": null, ""control_config.normal_a_weight_decay"": null, ""control_config.normal_b_lr"": 0.001, ""control_config.normal_b_weight_decay"": 0.0005, ""control_config.extra_weight_decay"": 0.0, ""control_config.aggregation"": ""sample_weighted_factor_fedavg"", ""control_config.control_enabled"": false, ""control_config.extra_trainable_factor"": ""A"", ""control_config.lookahead_rounds"": 2, ""control_config.min_gain"": 0.0001, ""control_config.tail_tolerance"": 0.002, ""control_config.history_tolerance"": 0.002, ""control_config.patience"": 2, ""control_config.anchor_scope"": ""root_and_committed_decision_endpoints_only"", ""control_config.feedback"": ""training-side functional feedback: unscaled cosine margin, fixed views, all training samples"", ""control_config.offline_probe"": ""offline mechanism probe; never used for decisions"", ""control_config.rng_protocol"": ""v2: functional and official evaluations are observational; legacy CE results are historical only"", ""control_config.privacy"": ""simulated class sum/count uploads; class presence visible; no secure aggregation or DP"", ""control_config.primary_endpoint"": ""last20_committed_logical_rounds"", ""control_config.checkpoint_encoding"": ""full base state plus exact changed tensors"", ""control_config.steps_per_epoch"": 354, ""control_config.normal_steps_expected"": 106200, ""control_config.extra_steps_expected"": 3186}",ae56e92619f8e8aadaf5976d947f6a6936555dd7bbeb7e30d5c54e690e32de87,3997f6a933cafdf2ef75514055daf3b1af33816d039a7ef5d9f014e70f6639c5,,output/la_control_dirichlet_supplement_analysis/la_control/seed42/noniid-labeldir-fine/e1/tau0_a1_protocol42_beta0.5,独立目录记录
R4538f3c4b,la_control_dirichlet_supplement_analysis,output/la_control_dirichlet_supplement_analysis/la_control/seed42/noniid-labeldir-fine/e2/tau1_a1_protocol42_beta0.5,,e2,ClipLora,Cifar100_LT,noniid-labeldir-fine,42,4,fp32,,,,,,完成标记与曲线一致,0,100,101,101,,81,100,68.07050000000001,71.41499999999999,66.37333333333333,69.8175,67.63374999999999,69.78285714285714,65.49857142857142,69.07333333333334,68.29,70.2,70.2,99,0.0,66.35,100,30,dccc4466cfc50d3fc557d32a0d1bb8a7adc9e81ac6b171e47446dfaadfa985ef,f09c8df7e4363ca0ac34d917f817fb2e56d0585ab152358981dc5e51650e458d,898ab6b4d75ba8f31be40f5219696d98204c1506656c265cc1b3b68eff508a81,6.050000190734863,229.0,500.0,695fd0dd969aec159a7a9e8993b3c193f65520534a445c9125f3cc1b14b45441,101,303,0,[],0.0,逐类核对通过,106200,3186,,,29555.118939977983,,output/la_control_dirichlet_supplement_analysis/la_control/seed42/noniid-labeldir-fine/e2/tau1_a1_protocol42_beta0.5/round_metrics.csv,output/la_control_dirichlet_supplement_analysis/la_control/seed42/noniid-labeldir-fine/e2/tau1_a1_protocol42_beta0.5/completion.json,"{""control_config.schema_version"": ""la_control_v1"", ""control_config.method"": ""e2"", ""control_config.seed"": 42, ""control_config.protocol_seed"": 42, ""control_config.topology"": ""noniid-labeldir-fine"", ""control_config.dirichlet_beta"": 0.5, ""control_config.la_tau"": 1.0, ""control_config.a_lr_mult"": 1.0, ""control_config.extra_a_lr"": 0.001, ""control_config.extra_b_lr"": 0.001, ""control_config.normal_trainable_factor"": ""B"", ""control_config.normal_a_lr"": null, ""control_config.normal_a_weight_decay"": null, ""control_config.normal_b_lr"": 0.001, ""control_config.normal_b_weight_decay"": 0.0005, ""control_config.extra_weight_decay"": 0.0, ""control_config.aggregation"": ""sample_weighted_factor_fedavg"", ""control_config.control_enabled"": false, ""control_config.extra_trainable_factor"": ""B"", ""control_config.lookahead_rounds"": 2, ""control_config.min_gain"": 0.0001, ""control_config.tail_tolerance"": 0.002, ""control_config.history_tolerance"": 0.002, ""control_config.patience"": 2, ""control_config.anchor_scope"": ""root_and_committed_decision_endpoints_only"", ""control_config.feedback"": ""training-side functional feedback: unscaled cosine margin, fixed views, all training samples"", ""control_config.offline_probe"": ""offline mechanism probe; never used for decisions"", ""control_config.rng_protocol"": ""v2: functional and official evaluations are observational; legacy CE results are historical only"", ""control_config.privacy"": ""simulated class sum/count uploads; class presence visible; no secure aggregation or DP"", ""control_config.primary_endpoint"": ""last20_committed_logical_rounds"", ""control_config.checkpoint_encoding"": ""full base state plus exact changed tensors"", ""control_config.steps_per_epoch"": 354, ""control_config.normal_steps_expected"": 106200, ""control_config.extra_steps_expected"": 3186}",a48d448e35c60cfedda360011b2ce1c4daf38a51b33a0a77830022b06b0cf24c,94241b8a58441f59ccd82ff567ac6bbbdec7267692a84bb46c720b81ced01529,,output/la_control_dirichlet_supplement_analysis/la_control/seed42/noniid-labeldir-fine/e2/tau1_a1_protocol42_beta0.5,独立目录记录
Rabbe357e1,la_control_dirichlet_supplement_analysis,output/la_control_dirichlet_supplement_analysis/la_control/seed42/noniid-labeldir-fine/e5/tau1_a1_h2_t0.002_hist0.002_gain0.0001_p2_protocol42_beta0.5,,e5,ClipLora,Cifar100_LT,noniid-labeldir-fine,42,4,fp32,,,,,,完成标记与曲线一致,0,100,101,101,,81,100,69.4605,74.22,67.03166666666667,71.9875,68.82875,71.47428571428571,66.24857142857142,70.85833333333333,69.62,72.2,72.2,99,0.0,66.35,100,30,dccc4466cfc50d3fc557d32a0d1bb8a7adc9e81ac6b171e47446dfaadfa985ef,f09c8df7e4363ca0ac34d917f817fb2e56d0585ab152358981dc5e51650e458d,898ab6b4d75ba8f31be40f5219696d98204c1506656c265cc1b3b68eff508a81,6.050000190734863,229.0,500.0,695fd0dd969aec159a7a9e8993b3c193f65520534a445c9125f3cc1b14b45441,101,303,0,[],0.0,逐类核对通过,106200,3186,,,44451.31037485099,,output/la_control_dirichlet_supplement_analysis/la_control/seed42/noniid-labeldir-fine/e5/tau1_a1_h2_t0.002_hist0.002_gain0.0001_p2_protocol42_beta0.5/round_metrics.csv,output/la_control_dirichlet_supplement_analysis/la_control/seed42/noniid-labeldir-fine/e5/tau1_a1_h2_t0.002_hist0.002_gain0.0001_p2_protocol42_beta0.5/completion.json,"{""control_config.schema_version"": ""la_control_v1"", ""control_config.method"": ""e5"", ""control_config.seed"": 42, ""control_config.protocol_seed"": 42, ""control_config.topology"": ""noniid-labeldir-fine"", ""control_config.dirichlet_beta"": 0.5, ""control_config.la_tau"": 1.0, ""control_config.a_lr_mult"": 1.0, ""control_config.extra_a_lr"": 0.001, ""control_config.extra_b_lr"": 0.001, ""control_config.normal_trainable_factor"": ""B"", ""control_config.normal_a_lr"": null, ""control_config.normal_a_weight_decay"": null, ""control_config.normal_b_lr"": 0.001, ""control_config.normal_b_weight_decay"": 0.0005, ""control_config.extra_weight_decay"": 0.0, ""control_config.aggregation"": ""sample_weighted_factor_fedavg"", ""control_config.control_enabled"": true, ""control_config.extra_trainable_factor"": ""controlled"", ""control_config.lookahead_rounds"": 2, ""control_config.min_gain"": 0.0001, ""control_config.tail_tolerance"": 0.002, ""control_config.history_tolerance"": 0.002, ""control_config.patience"": 2, ""control_config.anchor_scope"": ""root_and_committed_decision_endpoints_only"", ""control_config.feedback"": ""training-side functional feedback: unscaled cosine margin, fixed views, all training samples"", ""control_config.offline_probe"": ""offline mechanism probe; never used for decisions"", ""control_config.rng_protocol"": ""v2: functional and official evaluations are observational; legacy CE results are historical only"", ""control_config.privacy"": ""simulated class sum/count uploads; class presence visible; no secure aggregation or DP"", ""control_config.primary_endpoint"": ""last20_committed_logical_rounds"", ""control_config.checkpoint_encoding"": ""full base state plus exact changed tensors"", ""control_config.steps_per_epoch"": 354, ""control_config.normal_steps_expected"": 106200, ""control_config.extra_steps_expected"": 3186}",1127143d556803b3a84fef19a020b2ac2824aeb5ba9f2c19f20a516ebac45832,42cfeb0ac48205e768f9dd3c3b4946d832c20e84a6d023d79e766aa9a3633afc,,output/la_control_dirichlet_supplement_analysis/la_control/seed42/noniid-labeldir-fine/e5/tau1_a1_h2_t0.002_hist0.002_gain0.0001_p2_protocol42_beta0.5,独立目录记录
Rbf2f20b61,la_control_js_topology_analysis,output/la_control_js_topology_analysis/la_control/seed42/client-longtail/e0/tau0_a1_protocol42,固定A，正常与额外阶段都只更新B（后期CE协议）,e0,ClipLora,Cifar100_LT,client-longtail,42,4,fp32,4/FP32,冻结当前A，只更新B；每轮3 epoch,9次额外B，各1 epoch,普通CE，τ=0,按样本量聚合,完成标记与曲线一致,0,100,101,101,,81,100,67.697,77.44,64.43416666666667,67.74249999999999,67.685625,73.25285714285715,64.14,65.365,67.76,67.55,68.0,83,0.45000000000000284,66.35,100,30,dccc4466cfc50d3fc557d32a0d1bb8a7adc9e81ac6b171e47446dfaadfa985ef,03c0a7a963d31a520441bfe39cdfd888a6a84b6e67968a41f4b6ad1af4512f9b,898ab6b4d75ba8f31be40f5219696d98204c1506656c265cc1b3b68eff508a81,3.6500000953674316,39.0,638.0,cb41d01f365c4cd96b52ea1a45c068f639d61de207e38b1a1b023b909812265c,101,303,0,[],0.0,逐类核对通过,105600,3168,,,17927.98637022823,早期CE协议结果不与本行合并,output/la_control_js_topology_analysis/la_control/seed42/client-longtail/e0/tau0_a1_protocol42/round_metrics.csv,output/la_control_js_topology_analysis/la_control/seed42/client-longtail/e0/tau0_a1_protocol42/completion.json,"{""control_config.schema_version"": ""la_control_v1"", ""control_config.method"": ""e0"", ""control_config.seed"": 42, ""control_config.protocol_seed"": 42, ""control_config.topology"": ""client-longtail"", ""control_config.la_tau"": 0.0, ""control_config.a_lr_mult"": 1.0, ""control_config.extra_a_lr"": 0.001, ""control_config.extra_b_lr"": 0.001, ""control_config.normal_trainable_factor"": ""B"", ""control_config.normal_a_lr"": null, ""control_config.normal_a_weight_decay"": null, ""control_config.normal_b_lr"": 0.001, ""control_config.normal_b_weight_decay"": 0.0005, ""control_config.extra_weight_decay"": 0.0, ""control_config.aggregation"": ""sample_weighted_factor_fedavg"", ""control_config.control_enabled"": false, ""control_config.extra_trainable_factor"": ""B"", ""control_config.lookahead_rounds"": 2, ""control_config.min_gain"": 0.0001, ""control_config.tail_tolerance"": 0.002, ""control_config.history_tolerance"": 0.002, ""control_config.patience"": 2, ""control_config.anchor_scope"": ""root_and_committed_decision_endpoints_only"", ""control_config.feedback"": ""training-side functional feedback: unscaled cosine margin, fixed views, all training samples"", ""control_config.offline_probe"": ""offline mechanism probe; never used for decisions"", ""control_config.rng_protocol"": ""v2: functional and official evaluations are observational; legacy CE results are historical only"", ""control_config.privacy"": ""simulated class sum/count uploads; class presence visible; no secure aggregation or DP"", ""control_config.primary_endpoint"": ""last20_committed_logical_rounds"", ""control_config.checkpoint_encoding"": ""full base state plus exact changed tensors"", ""control_config.normal_steps_expected"": 105600, ""control_config.extra_steps_expected"": 3168}",b087661884ef10afd902d41e192f8bc856259c6d2a415749ef4bd84bc1d1f406,c27e6b478520f39aacba5d698a7d34b6ea97f137f078831baf360c2f2d39df34,Dc27e6b47,output/la_control_ablation_analysis/la_control/seed42/client-longtail/e0/tau0_a1_protocol42,曲线相同的副本候选
R58124e2e8,la_control_js_topology_analysis,output/la_control_js_topology_analysis/la_control/seed42/client-longtail/e1/tau0_a1_protocol42,正常只更新B，间歇额外更新A（后期CE协议）,e1,ClipLora,Cifar100_LT,client-longtail,42,4,fp32,4/FP32,冻结当前A，只更新B；每轮3 epoch,9次额外A，各1 epoch；冻结共同B,普通CE，τ=0,按样本量聚合,完成标记与曲线一致,0,100,101,101,,81,100,65.876,83.91999999999999,62.586666666666666,57.7,67.92,77.75571428571428,62.53571428571429,55.913333333333334,65.45,55.65,68.55,31,12.899999999999999,66.35,100,30,dccc4466cfc50d3fc557d32a0d1bb8a7adc9e81ac6b171e47446dfaadfa985ef,03c0a7a963d31a520441bfe39cdfd888a6a84b6e67968a41f4b6ad1af4512f9b,898ab6b4d75ba8f31be40f5219696d98204c1506656c265cc1b3b68eff508a81,3.6500000953674316,39.0,638.0,cb41d01f365c4cd96b52ea1a45c068f639d61de207e38b1a1b023b909812265c,101,303,0,[],0.0,逐类核对通过,105600,3168,,,18249.588675864972,早期CE协议结果不与本行合并,output/la_control_js_topology_analysis/la_control/seed42/client-longtail/e1/tau0_a1_protocol42/round_metrics.csv,output/la_control_js_topology_analysis/la_control/seed42/client-longtail/e1/tau0_a1_protocol42/completion.json,"{""control_config.schema_version"": ""la_control_v1"", ""control_config.method"": ""e1"", ""control_config.seed"": 42, ""control_config.protocol_seed"": 42, ""control_config.topology"": ""client-longtail"", ""control_config.la_tau"": 0.0, ""control_config.a_lr_mult"": 1.0, ""control_config.extra_a_lr"": 0.001, ""control_config.extra_b_lr"": 0.001, ""control_config.normal_trainable_factor"": ""B"", ""control_config.normal_a_lr"": null, ""control_config.normal_a_weight_decay"": null, ""control_config.normal_b_lr"": 0.001, ""control_config.normal_b_weight_decay"": 0.0005, ""control_config.extra_weight_decay"": 0.0, ""control_config.aggregation"": ""sample_weighted_factor_fedavg"", ""control_config.control_enabled"": false, ""control_config.extra_trainable_factor"": ""A"", ""control_config.lookahead_rounds"": 2, ""control_config.min_gain"": 0.0001, ""control_config.tail_tolerance"": 0.002, ""control_config.history_tolerance"": 0.002, ""control_config.patience"": 2, ""control_config.anchor_scope"": ""root_and_committed_decision_endpoints_only"", ""control_config.feedback"": ""training-side functional feedback: unscaled cosine margin, fixed views, all training samples"", ""control_config.offline_probe"": ""offline mechanism probe; never used for decisions"", ""control_config.rng_protocol"": ""v2: functional and official evaluations are observational; legacy CE results are historical only"", ""control_config.privacy"": ""simulated class sum/count uploads; class presence visible; no secure aggregation or DP"", ""control_config.primary_endpoint"": ""last20_committed_logical_rounds"", ""control_config.checkpoint_encoding"": ""full base state plus exact changed tensors"", ""control_config.normal_steps_expected"": 105600, ""control_config.extra_steps_expected"": 3168}",b65eadff2efcefe209ce191b12fc4fadb06457d0c0d3e5ff701ca08b6673725a,eb09b8cc5a626f734ee8e2e5bee60804694d07905d954a0ac9ef3b177c9f588c,Deb09b8cc,output/la_control_ablation_analysis/la_control/seed42/client-longtail/e1/tau0_a1_protocol42,曲线相同的副本候选
Ra9d49b1ac,la_control_js_topology_analysis,output/la_control_js_topology_analysis/la_control/seed42/client-longtail/e2/tau1_a1_protocol42,加训练LA，固定A，正常与额外阶段都更新B,e2,ClipLora,Cifar100_LT,client-longtail,42,4,fp32,4/FP32,冻结当前A，只更新B；每轮3 epoch,9次额外B，各1 epoch,训练logit校正LA，τ=1,按样本量聚合,完成标记与曲线一致,0,100,101,101,,81,100,68.101,71.6425,66.40416666666667,69.65,67.71375,69.85714285714286,65.61,68.95833333333334,68.25,69.8,69.85,98,0.04999999999999716,66.35,100,30,dccc4466cfc50d3fc557d32a0d1bb8a7adc9e81ac6b171e47446dfaadfa985ef,03c0a7a963d31a520441bfe39cdfd888a6a84b6e67968a41f4b6ad1af4512f9b,898ab6b4d75ba8f31be40f5219696d98204c1506656c265cc1b3b68eff508a81,3.6500000953674316,39.0,638.0,cb41d01f365c4cd96b52ea1a45c068f639d61de207e38b1a1b023b909812265c,101,303,0,[],0.0,逐类核对通过,105600,3168,,,17927.07806841936,全程A不更新,output/la_control_js_topology_analysis/la_control/seed42/client-longtail/e2/tau1_a1_protocol42/round_metrics.csv,output/la_control_js_topology_analysis/la_control/seed42/client-longtail/e2/tau1_a1_protocol42/completion.json,"{""control_config.schema_version"": ""la_control_v1"", ""control_config.method"": ""e2"", ""control_config.seed"": 42, ""control_config.protocol_seed"": 42, ""control_config.topology"": ""client-longtail"", ""control_config.la_tau"": 1.0, ""control_config.a_lr_mult"": 1.0, ""control_config.extra_a_lr"": 0.001, ""control_config.extra_b_lr"": 0.001, ""control_config.lookahead_rounds"": 2, ""control_config.min_gain"": 0.0001, ""control_config.tail_tolerance"": 0.002, ""control_config.history_tolerance"": 0.002, ""control_config.patience"": 2, ""control_config.anchor_scope"": ""root_and_committed_decision_endpoints_only"", ""control_config.feedback"": ""training-side functional feedback: unscaled cosine margin, fixed views, all training samples"", ""control_config.offline_probe"": ""offline mechanism probe; never used for decisions"", ""control_config.rng_protocol"": ""v2: functional and official evaluations are observational; legacy CE results are historical only"", ""control_config.privacy"": ""simulated class sum/count uploads; class presence visible; no secure aggregation or DP"", ""control_config.primary_endpoint"": ""last20_committed_logical_rounds"", ""control_config.checkpoint_encoding"": ""full base state plus exact changed tensors"", ""control_config.normal_steps_expected"": 105600, ""control_config.extra_steps_expected"": 3168}",c6e2cbe8cf3c16defc49513d2d558709ce7d7fc1c1e61c9cb089af4cd82b8fd1,ac6d98ecacf9c45b64035bc7c9ddcf49e1be4efd2624547ef0eefdd795043a92,Dac6d98ec,output/la_control_analysis/la_control/seed42/client-longtail/e2/tau1_a1_protocol42,曲线相同的副本候选
R16bae8362,la_control_js_topology_analysis,output/la_control_js_topology_analysis/la_control/seed42/client-longtail/e3/tau1_a1_protocol42,加训练LA，正常只更新B，间歇额外更新A,e3,ClipLora,Cifar100_LT,client-longtail,42,4,fp32,4/FP32,冻结当前A，只更新B；每轮3 epoch,9次额外A，各1 epoch；冻结共同B,训练logit校正LA，τ=1,按样本量聚合,完成标记与曲线一致,0,100,101,101,,81,100,69.6455,74.5775,67.465,71.255,69.24312499999999,71.72142857142858,66.87142857142858,70.46000000000001,69.86,71.05,71.4,89,0.3500000000000085,66.35,100,30,dccc4466cfc50d3fc557d32a0d1bb8a7adc9e81ac6b171e47446dfaadfa985ef,03c0a7a963d31a520441bfe39cdfd888a6a84b6e67968a41f4b6ad1af4512f9b,898ab6b4d75ba8f31be40f5219696d98204c1506656c265cc1b3b68eff508a81,3.6500000953674316,39.0,638.0,cb41d01f365c4cd96b52ea1a45c068f639d61de207e38b1a1b023b909812265c,101,303,0,[],0.0,逐类核对通过,105600,3168,,,17867.86965559423,A只在9个额外阶段更新,output/la_control_js_topology_analysis/la_control/seed42/client-longtail/e3/tau1_a1_protocol42/round_metrics.csv,output/la_control_js_topology_analysis/la_control/seed42/client-longtail/e3/tau1_a1_protocol42/completion.json,"{""control_config.schema_version"": ""la_control_v1"", ""control_config.method"": ""e3"", ""control_config.seed"": 42, ""control_config.protocol_seed"": 42, ""control_config.topology"": ""client-longtail"", ""control_config.la_tau"": 1.0, ""control_config.a_lr_mult"": 1.0, ""control_config.extra_a_lr"": 0.001, ""control_config.extra_b_lr"": 0.001, ""control_config.lookahead_rounds"": 2, ""control_config.min_gain"": 0.0001, ""control_config.tail_tolerance"": 0.002, ""control_config.history_tolerance"": 0.002, ""control_config.patience"": 2, ""control_config.anchor_scope"": ""root_and_committed_decision_endpoints_only"", ""control_config.feedback"": ""training-side functional feedback: unscaled cosine margin, fixed views, all training samples"", ""control_config.offline_probe"": ""offline mechanism probe; never used for decisions"", ""control_config.rng_protocol"": ""v2: functional and official evaluations are observational; legacy CE results are historical only"", ""control_config.privacy"": ""simulated class sum/count uploads; class presence visible; no secure aggregation or DP"", ""control_config.primary_endpoint"": ""last20_committed_logical_rounds"", ""control_config.checkpoint_encoding"": ""full base state plus exact changed tensors"", ""control_config.normal_steps_expected"": 105600, ""control_config.extra_steps_expected"": 3168}",46dfc253f8e61d89e65ccf03ace6f381f1a30175cd80f6502d5858ed0ff31845,e8cfcc9dfc726e0ca18dd3b6edd6c5e41f7c307bba4669f623b35a9e99402a4b,De8cfcc9d,output/la_control_analysis/la_control/seed42/client-longtail/e3/tau1_a1_protocol42,曲线相同的副本候选
R8cef9ce3a,la_control_js_topology_analysis,output/la_control_js_topology_analysis/la_control/seed42/client-longtail/e5/tau1_a1_h2_t0.002_hist0.002_gain0.0001_p2_protocol42,加训练LA，功能控制选择额外A或B更新,e5,ClipLora,Cifar100_LT,client-longtail,42,4,fp32,4/FP32,冻结当前A，只更新B；每轮3 epoch,A/B两候选＋2轮前瞻；门控、冻结与有效锚点恢复,训练logit校正LA，τ=1,按样本量聚合,完成标记与曲线一致,0,100,101,101,,81,100,69.5405,74.37,67.39416666666666,71.15,69.138125,71.6,66.72,70.42833333333333,69.7,71.25,71.25,90,0.0,66.35,100,30,dccc4466cfc50d3fc557d32a0d1bb8a7adc9e81ac6b171e47446dfaadfa985ef,03c0a7a963d31a520441bfe39cdfd888a6a84b6e67968a41f4b6ad1af4512f9b,898ab6b4d75ba8f31be40f5219696d98204c1506656c265cc1b3b68eff508a81,3.6500000953674316,39.0,638.0,cb41d01f365c4cd96b52ea1a45c068f639d61de207e38b1a1b023b909812265c,101,303,0,[],0.0,逐类核对通过,105600,3168,,,28701.95804042369,实际接受7次A；第92轮永久冻结；含额外分支/前瞻计算,output/la_control_js_topology_analysis/la_control/seed42/client-longtail/e5/tau1_a1_h2_t0.002_hist0.002_gain0.0001_p2_protocol42/round_metrics.csv,output/la_control_js_topology_analysis/la_control/seed42/client-longtail/e5/tau1_a1_h2_t0.002_hist0.002_gain0.0001_p2_protocol42/completion.json,"{""control_config.schema_version"": ""la_control_v1"", ""control_config.method"": ""e5"", ""control_config.seed"": 42, ""control_config.protocol_seed"": 42, ""control_config.topology"": ""client-longtail"", ""control_config.la_tau"": 1.0, ""control_config.a_lr_mult"": 1.0, ""control_config.extra_a_lr"": 0.001, ""control_config.extra_b_lr"": 0.001, ""control_config.lookahead_rounds"": 2, ""control_config.min_gain"": 0.0001, ""control_config.tail_tolerance"": 0.002, ""control_config.history_tolerance"": 0.002, ""control_config.patience"": 2, ""control_config.anchor_scope"": ""root_and_committed_decision_endpoints_only"", ""control_config.feedback"": ""training-side functional feedback: unscaled cosine margin, fixed views, all training samples"", ""control_config.offline_probe"": ""offline mechanism probe; never used for decisions"", ""control_config.rng_protocol"": ""v2: functional and official evaluations are observational; legacy CE results are historical only"", ""control_config.privacy"": ""simulated class sum/count uploads; class presence visible; no secure aggregation or DP"", ""control_config.primary_endpoint"": ""last20_committed_logical_rounds"", ""control_config.checkpoint_encoding"": ""full base state plus exact changed tensors"", ""control_config.normal_steps_expected"": 105600, ""control_config.extra_steps_expected"": 3168}",e8e50b38e513e25e0e5b64a3acb1b04cf79e6b8691edbb730296e0f866e65854,8a8f5b2fc1ce1e6c042febbebe47bd82eebdf6446f95e51677ea8f4e8674cc98,D8a8f5b2f,output/la_control_analysis/la_control/seed42/client-longtail/e5/tau1_a1_h2_t0.002_hist0.002_gain0.0001_p2_protocol42,曲线相同的副本候选
Rf8efb6108,la_control_js_topology_analysis,output/la_control_js_topology_analysis/la_control/seed42/client-longtail/j/tau1_a1_protocol42,加训练LA，正常A/B联合更新，并保留额外A更新,j,ClipLora,Cifar100_LT,client-longtail,42,4,fp32,4/FP32,A、B同时更新；每轮3 epoch,9次额外A，各1 epoch；冻结共同B,训练logit校正LA，τ=1,按样本量聚合,完成标记与曲线一致,0,100,101,101,,81,100,71.196,78.56,72.38333333333334,60.27,73.9275,76.7642857142857,72.59285714285714,63.07000000000001,71.08,59.55,71.7,22,12.150000000000006,66.35,100,30,dccc4466cfc50d3fc557d32a0d1bb8a7adc9e81ac6b171e47446dfaadfa985ef,03c0a7a963d31a520441bfe39cdfd888a6a84b6e67968a41f4b6ad1af4512f9b,898ab6b4d75ba8f31be40f5219696d98204c1506656c265cc1b3b68eff508a81,3.6500000953674316,39.0,638.0,cb41d01f365c4cd96b52ea1a45c068f639d61de207e38b1a1b023b909812265c,101,303,0,[],0.0,逐类核对通过,105600,3168,,,18831.07981457468,不是单纯AB联训：9次额外A仍保留；A/B分别平均，无SVD,output/la_control_js_topology_analysis/la_control/seed42/client-longtail/j/tau1_a1_protocol42/round_metrics.csv,output/la_control_js_topology_analysis/la_control/seed42/client-longtail/j/tau1_a1_protocol42/completion.json,"{""control_config.schema_version"": ""la_control_v1"", ""control_config.method"": ""j"", ""control_config.seed"": 42, ""control_config.protocol_seed"": 42, ""control_config.topology"": ""client-longtail"", ""control_config.la_tau"": 1.0, ""control_config.a_lr_mult"": 1.0, ""control_config.extra_a_lr"": 0.001, ""control_config.extra_b_lr"": 0.001, ""control_config.normal_trainable_factor"": ""AB"", ""control_config.normal_a_lr"": 0.001, ""control_config.normal_a_weight_decay"": 0.0, ""control_config.normal_b_lr"": 0.001, ""control_config.normal_b_weight_decay"": 0.0005, ""control_config.extra_weight_decay"": 0.0, ""control_config.aggregation"": ""sample_weighted_factor_fedavg"", ""control_config.control_enabled"": false, ""control_config.extra_trainable_factor"": ""A"", ""control_config.lookahead_rounds"": 2, ""control_config.min_gain"": 0.0001, ""control_config.tail_tolerance"": 0.002, ""control_config.history_tolerance"": 0.002, ""control_config.patience"": 2, ""control_config.anchor_scope"": ""root_and_committed_decision_endpoints_only"", ""control_config.feedback"": ""training-side functional feedback: unscaled cosine margin, fixed views, all training samples"", ""control_config.offline_probe"": ""offline mechanism probe; never used for decisions"", ""control_config.rng_protocol"": ""v2: functional and official evaluations are observational; legacy CE results are historical only"", ""control_config.privacy"": ""simulated class sum/count uploads; class presence visible; no secure aggregation or DP"", ""control_config.primary_endpoint"": ""last20_committed_logical_rounds"", ""control_config.checkpoint_encoding"": ""full base state plus exact changed tensors"", ""control_config.normal_steps_expected"": 105600, ""control_config.extra_steps_expected"": 3168}",7358cd5986bbba9d35130b8c0a0ded30b498d2627f8b3458fc7dd5a3c1bcc43f,ff59f4dacc26eb545c5c7f15648223aef8cec061aa9168db4c7bb308a7f6bc29,Dff59f4da,output/la_control_ablation_analysis/la_control/seed42/client-longtail/j/tau1_a1_protocol42,曲线相同的副本候选
R3b1af80e9,la_control_js_topology_analysis,output/la_control_js_topology_analysis/la_control/seed42/client-longtail/s/tau1_a1_protocol42,加训练LA，正常只更新B，前90轮每轮额外更新A,s,ClipLora,Cifar100_LT,client-longtail,42,4,fp32,4/FP32,冻结当前A，只更新B；每轮3 epoch,90次额外A，各1 epoch；冻结共同B,训练logit校正LA，τ=1,按样本量聚合,完成标记与曲线一致,0,100,101,101,,81,100,70.91,76.8375,69.68333333333334,68.6625,71.471875,73.96714285714286,70.14714285714285,68.23333333333333,71.06,68.35,71.8,46,3.450000000000003,66.35,100,30,dccc4466cfc50d3fc557d32a0d1bb8a7adc9e81ac6b171e47446dfaadfa985ef,03c0a7a963d31a520441bfe39cdfd888a6a84b6e67968a41f4b6ad1af4512f9b,898ab6b4d75ba8f31be40f5219696d98204c1506656c265cc1b3b68eff508a81,3.6500000953674316,39.0,638.0,cb41d01f365c4cd96b52ea1a45c068f639d61de207e38b1a1b023b909812265c,101,303,0,[],0.0,逐类核对通过,105600,31680,,,22667.417041785084,预算高于9次刷新；第91–100轮只训练B,output/la_control_js_topology_analysis/la_control/seed42/client-longtail/s/tau1_a1_protocol42/round_metrics.csv,output/la_control_js_topology_analysis/la_control/seed42/client-longtail/s/tau1_a1_protocol42/completion.json,"{""control_config.schema_version"": ""la_control_v1"", ""control_config.method"": ""s"", ""control_config.seed"": 42, ""control_config.protocol_seed"": 42, ""control_config.topology"": ""client-longtail"", ""control_config.la_tau"": 1.0, ""control_config.a_lr_mult"": 1.0, ""control_config.extra_a_lr"": 0.001, ""control_config.extra_b_lr"": 0.001, ""control_config.normal_trainable_factor"": ""B"", ""control_config.normal_a_lr"": null, ""control_config.normal_a_weight_decay"": null, ""control_config.normal_b_lr"": 0.001, ""control_config.normal_b_weight_decay"": 0.0005, ""control_config.extra_weight_decay"": 0.0, ""control_config.aggregation"": ""sample_weighted_factor_fedavg"", ""control_config.control_enabled"": false, ""control_config.extra_trainable_factor"": ""A"", ""control_config.lookahead_rounds"": 2, ""control_config.min_gain"": 0.0001, ""control_config.tail_tolerance"": 0.002, ""control_config.history_tolerance"": 0.002, ""control_config.patience"": 2, ""control_config.anchor_scope"": ""root_and_committed_decision_endpoints_only"", ""control_config.feedback"": ""training-side functional feedback: unscaled cosine margin, fixed views, all training samples"", ""control_config.offline_probe"": ""offline mechanism probe; never used for decisions"", ""control_config.rng_protocol"": ""v2: functional and official evaluations are observational; legacy CE results are historical only"", ""control_config.privacy"": ""simulated class sum/count uploads; class presence visible; no secure aggregation or DP"", ""control_config.primary_endpoint"": ""last20_committed_logical_rounds"", ""control_config.checkpoint_encoding"": ""full base state plus exact changed tensors"", ""control_config.normal_steps_expected"": 105600, ""control_config.extra_steps_expected"": 31680}",173f28674db67113af1c6e579451574fc36841a4604f5e81f542959052bc5d16,84033cecdb86f94de958af71106a8d0ef9eed46f4cc88cb7af3c1360aa2c616a,D84033cec,output/la_control_ablation_analysis/la_control/seed42/client-longtail/s/tau1_a1_protocol42,曲线相同的副本候选
R06c0384a2,la_control_js_topology_analysis,output/la_control_js_topology_analysis/la_control/seed42/matched-dirichlet/e2/tau1_a1_protocol42,加训练LA，固定A，正常与额外阶段都更新B,e2,ClipLora,Cifar100_LT,matched-dirichlet,42,4,fp32,4/FP32,冻结当前A，只更新B；每轮3 epoch,9次额外B，各1 epoch,训练logit校正LA，τ=1,按样本量聚合,完成标记与曲线一致,0,100,101,101,,81,100,68.251,71.655,66.47666666666666,70.17,67.77125,69.90714285714286,65.7,69.295,68.39,70.4,70.45,95,0.04999999999999716,66.35,100,30,dccc4466cfc50d3fc557d32a0d1bb8a7adc9e81ac6b171e47446dfaadfa985ef,03c0a7a963d31a520441bfe39cdfd888a6a84b6e67968a41f4b6ad1af4512f9b,898ab6b4d75ba8f31be40f5219696d98204c1506656c265cc1b3b68eff508a81,5.349999904632568,39.0,638.0,d5ffdd7eb3ac0342b5dcad124a0c228501277fc51ded390e39510818f00465c9,101,303,0,[],0.0,逐类核对通过,105600,3168,,,18300.32577667758,全程A不更新,output/la_control_js_topology_analysis/la_control/seed42/matched-dirichlet/e2/tau1_a1_protocol42/round_metrics.csv,output/la_control_js_topology_analysis/la_control/seed42/matched-dirichlet/e2/tau1_a1_protocol42/completion.json,"{""control_config.schema_version"": ""la_control_v1"", ""control_config.method"": ""e2"", ""control_config.seed"": 42, ""control_config.protocol_seed"": 42, ""control_config.topology"": ""matched-dirichlet"", ""control_config.la_tau"": 1.0, ""control_config.a_lr_mult"": 1.0, ""control_config.extra_a_lr"": 0.001, ""control_config.extra_b_lr"": 0.001, ""control_config.lookahead_rounds"": 2, ""control_config.min_gain"": 0.0001, ""control_config.tail_tolerance"": 0.002, ""control_config.history_tolerance"": 0.002, ""control_config.patience"": 2, ""control_config.anchor_scope"": ""root_and_committed_decision_endpoints_only"", ""control_config.feedback"": ""training-side functional feedback: unscaled cosine margin, fixed views, all training samples"", ""control_config.offline_probe"": ""offline mechanism probe; never used for decisions"", ""control_config.rng_protocol"": ""v2: functional and official evaluations are observational; legacy CE results are historical only"", ""control_config.privacy"": ""simulated class sum/count uploads; class presence visible; no secure aggregation or DP"", ""control_config.primary_endpoint"": ""last20_committed_logical_rounds"", ""control_config.checkpoint_encoding"": ""full base state plus exact changed tensors"", ""control_config.normal_steps_expected"": 105600, ""control_config.extra_steps_expected"": 3168}",5315357895ca6130aafe5974e2016419b8a8b86a9e9f91bc04e96c5cb868a585,69c9858cb8bad68fb8718bba171bd0ecd589b235ba29b087da523fb12984f0a0,D69c9858c,output/la_control_analysis/la_control/seed42/matched-dirichlet/e2/tau1_a1_protocol42,曲线相同的副本候选
R011ba6aba,la_control_js_topology_analysis,output/la_control_js_topology_analysis/la_control/seed42/matched-dirichlet/e3/tau1_a1_protocol42,加训练LA，正常只更新B，间歇额外更新A,e3,ClipLora,Cifar100_LT,matched-dirichlet,42,4,fp32,4/FP32,冻结当前A，只更新B；每轮3 epoch,9次额外A，各1 epoch；冻结共同B,训练logit校正LA，τ=1,按样本量聚合,完成标记与曲线一致,0,100,101,101,,81,100,69.664,74.4575,67.35166666666666,71.8075,69.128125,71.50571428571428,66.91285714285713,70.725,69.78,71.7,71.9,85,0.20000000000000284,66.35,100,30,dccc4466cfc50d3fc557d32a0d1bb8a7adc9e81ac6b171e47446dfaadfa985ef,03c0a7a963d31a520441bfe39cdfd888a6a84b6e67968a41f4b6ad1af4512f9b,898ab6b4d75ba8f31be40f5219696d98204c1506656c265cc1b3b68eff508a81,5.349999904632568,39.0,638.0,d5ffdd7eb3ac0342b5dcad124a0c228501277fc51ded390e39510818f00465c9,101,303,0,[],0.0,逐类核对通过,105600,3168,,,17705.915840938687,A只在9个额外阶段更新,output/la_control_js_topology_analysis/la_control/seed42/matched-dirichlet/e3/tau1_a1_protocol42/round_metrics.csv,output/la_control_js_topology_analysis/la_control/seed42/matched-dirichlet/e3/tau1_a1_protocol42/completion.json,"{""control_config.schema_version"": ""la_control_v1"", ""control_config.method"": ""e3"", ""control_config.seed"": 42, ""control_config.protocol_seed"": 42, ""control_config.topology"": ""matched-dirichlet"", ""control_config.la_tau"": 1.0, ""control_config.a_lr_mult"": 1.0, ""control_config.extra_a_lr"": 0.001, ""control_config.extra_b_lr"": 0.001, ""control_config.lookahead_rounds"": 2, ""control_config.min_gain"": 0.0001, ""control_config.tail_tolerance"": 0.002, ""control_config.history_tolerance"": 0.002, ""control_config.patience"": 2, ""control_config.anchor_scope"": ""root_and_committed_decision_endpoints_only"", ""control_config.feedback"": ""training-side functional feedback: unscaled cosine margin, fixed views, all training samples"", ""control_config.offline_probe"": ""offline mechanism probe; never used for decisions"", ""control_config.rng_protocol"": ""v2: functional and official evaluations are observational; legacy CE results are historical only"", ""control_config.privacy"": ""simulated class sum/count uploads; class presence visible; no secure aggregation or DP"", ""control_config.primary_endpoint"": ""last20_committed_logical_rounds"", ""control_config.checkpoint_encoding"": ""full base state plus exact changed tensors"", ""control_config.normal_steps_expected"": 105600, ""control_config.extra_steps_expected"": 3168}",cea39b81c6d44f91ca1d3df205b825a33882f61e29f48a32712637c34d8bb4c0,6429e9db95c28ee8b60163ab523867954d073a93315b5cb85cc6298a7bab6ad2,D6429e9db,output/la_control_ablation_analysis/la_control/seed42/matched-dirichlet/e3/tau1_a1_protocol42,曲线相同的副本候选
Rd49fb5b51,la_control_js_topology_analysis,output/la_control_js_topology_analysis/la_control/seed42/matched-dirichlet/e5/tau1_a1_h2_t0.002_hist0.002_gain0.0001_p2_protocol42,加训练LA，功能控制选择额外A或B更新,e5,ClipLora,Cifar100_LT,matched-dirichlet,42,4,fp32,4/FP32,冻结当前A，只更新B；每轮3 epoch,A/B两候选＋2轮前瞻；门控、冻结与有效锚点恢复,训练logit校正LA，τ=1,按样本量聚合,完成标记与曲线一致,0,100,101,101,,81,100,69.5845,74.25750000000001,67.29666666666667,71.775,69.036875,71.37142857142858,66.84857142857143,70.69166666666666,69.76,71.85,71.85,89,0.0,66.35,100,30,dccc4466cfc50d3fc557d32a0d1bb8a7adc9e81ac6b171e47446dfaadfa985ef,03c0a7a963d31a520441bfe39cdfd888a6a84b6e67968a41f4b6ad1af4512f9b,898ab6b4d75ba8f31be40f5219696d98204c1506656c265cc1b3b68eff508a81,5.349999904632568,39.0,638.0,d5ffdd7eb3ac0342b5dcad124a0c228501277fc51ded390e39510818f00465c9,101,303,0,[],0.0,逐类核对通过,105600,3168,,,29837.897403951734,实际接受7次A；第92轮永久冻结；含额外分支/前瞻计算,output/la_control_js_topology_analysis/la_control/seed42/matched-dirichlet/e5/tau1_a1_h2_t0.002_hist0.002_gain0.0001_p2_protocol42/round_metrics.csv,output/la_control_js_topology_analysis/la_control/seed42/matched-dirichlet/e5/tau1_a1_h2_t0.002_hist0.002_gain0.0001_p2_protocol42/completion.json,"{""control_config.schema_version"": ""la_control_v1"", ""control_config.method"": ""e5"", ""control_config.seed"": 42, ""control_config.protocol_seed"": 42, ""control_config.topology"": ""matched-dirichlet"", ""control_config.la_tau"": 1.0, ""control_config.a_lr_mult"": 1.0, ""control_config.extra_a_lr"": 0.001, ""control_config.extra_b_lr"": 0.001, ""control_config.lookahead_rounds"": 2, ""control_config.min_gain"": 0.0001, ""control_config.tail_tolerance"": 0.002, ""control_config.history_tolerance"": 0.002, ""control_config.patience"": 2, ""control_config.anchor_scope"": ""root_and_committed_decision_endpoints_only"", ""control_config.feedback"": ""training-side functional feedback: unscaled cosine margin, fixed views, all training samples"", ""control_config.offline_probe"": ""offline mechanism probe; never used for decisions"", ""control_config.rng_protocol"": ""v2: functional and official evaluations are observational; legacy CE results are historical only"", ""control_config.privacy"": ""simulated class sum/count uploads; class presence visible; no secure aggregation or DP"", ""control_config.primary_endpoint"": ""last20_committed_logical_rounds"", ""control_config.checkpoint_encoding"": ""full base state plus exact changed tensors"", ""control_config.normal_steps_expected"": 105600, ""control_config.extra_steps_expected"": 3168}",f942c311cf34f085766480dbe6fc69005bbef13891fe999a59679a91b1d86a18,895e6c96e84efeb16f44916012ba8dcc3589a5c6ca8252296d2fdbcdd011fd75,D895e6c96,output/la_control_ablation_analysis/la_control/seed42/matched-dirichlet/e5/tau1_a1_h2_t0.002_hist0.002_gain0.0001_p2_protocol42,曲线相同的副本候选
Rc4b80f302,la_control_js_topology_analysis,output/la_control_js_topology_analysis/la_control/seed42/matched-dirichlet/j/tau1_a1_protocol42,加训练LA，正常A/B联合更新，并保留额外A更新,j,ClipLora,Cifar100_LT,matched-dirichlet,42,4,fp32,4/FP32,A、B同时更新；每轮3 epoch,9次额外A，各1 epoch；冻结共同B,训练logit校正LA，τ=1,按样本量聚合,完成标记与曲线一致,0,100,101,101,,81,100,72.467,77.35,70.66083333333333,73.0025,72.333125,75.15,71.19,70.82666666666667,72.54,72.8,73.2,98,0.4000000000000057,66.35,100,30,dccc4466cfc50d3fc557d32a0d1bb8a7adc9e81ac6b171e47446dfaadfa985ef,03c0a7a963d31a520441bfe39cdfd888a6a84b6e67968a41f4b6ad1af4512f9b,898ab6b4d75ba8f31be40f5219696d98204c1506656c265cc1b3b68eff508a81,5.349999904632568,39.0,638.0,d5ffdd7eb3ac0342b5dcad124a0c228501277fc51ded390e39510818f00465c9,101,303,0,[],0.0,逐类核对通过,105600,3168,,,18163.014249303378,不是单纯AB联训：9次额外A仍保留；A/B分别平均，无SVD,output/la_control_js_topology_analysis/la_control/seed42/matched-dirichlet/j/tau1_a1_protocol42/round_metrics.csv,output/la_control_js_topology_analysis/la_control/seed42/matched-dirichlet/j/tau1_a1_protocol42/completion.json,"{""control_config.schema_version"": ""la_control_v1"", ""control_config.method"": ""j"", ""control_config.seed"": 42, ""control_config.protocol_seed"": 42, ""control_config.topology"": ""matched-dirichlet"", ""control_config.la_tau"": 1.0, ""control_config.a_lr_mult"": 1.0, ""control_config.extra_a_lr"": 0.001, ""control_config.extra_b_lr"": 0.001, ""control_config.normal_trainable_factor"": ""AB"", ""control_config.normal_a_lr"": 0.001, ""control_config.normal_a_weight_decay"": 0.0, ""control_config.normal_b_lr"": 0.001, ""control_config.normal_b_weight_decay"": 0.0005, ""control_config.extra_weight_decay"": 0.0, ""control_config.aggregation"": ""sample_weighted_factor_fedavg"", ""control_config.control_enabled"": false, ""control_config.extra_trainable_factor"": ""A"", ""control_config.lookahead_rounds"": 2, ""control_config.min_gain"": 0.0001, ""control_config.tail_tolerance"": 0.002, ""control_config.history_tolerance"": 0.002, ""control_config.patience"": 2, ""control_config.anchor_scope"": ""root_and_committed_decision_endpoints_only"", ""control_config.feedback"": ""training-side functional feedback: unscaled cosine margin, fixed views, all training samples"", ""control_config.offline_probe"": ""offline mechanism probe; never used for decisions"", ""control_config.rng_protocol"": ""v2: functional and official evaluations are observational; legacy CE results are historical only"", ""control_config.privacy"": ""simulated class sum/count uploads; class presence visible; no secure aggregation or DP"", ""control_config.primary_endpoint"": ""last20_committed_logical_rounds"", ""control_config.checkpoint_encoding"": ""full base state plus exact changed tensors"", ""control_config.normal_steps_expected"": 105600, ""control_config.extra_steps_expected"": 3168}",94e389418f5f4062e531df7e9d63531f7a4a556119edd8c37dbbdee9fedfcd39,d11254a13ede63bff6fd6544c25a4e2b380064924696bcadea4e135cded37281,,output/la_control_js_topology_analysis/la_control/seed42/matched-dirichlet/j/tau1_a1_protocol42,独立目录记录
R25f817d5a,la_control_js_topology_analysis,output/la_control_js_topology_analysis/la_control/seed42/matched-dirichlet/s/tau1_a1_protocol42,加训练LA，正常只更新B，前90轮每轮额外更新A,s,ClipLora,Cifar100_LT,matched-dirichlet,42,4,fp32,4/FP32,冻结当前A，只更新B；每轮3 epoch,90次额外A，各1 epoch；冻结共同B,训练logit校正LA，τ=1,按样本量聚合,完成标记与曲线一致,0,100,101,101,,81,100,70.9435,75.5325,69.03833333333333,72.07000000000001,70.661875,72.97142857142856,69.48428571428572,70.28,71.2,72.1,72.75,58,0.6500000000000057,66.35,100,30,dccc4466cfc50d3fc557d32a0d1bb8a7adc9e81ac6b171e47446dfaadfa985ef,03c0a7a963d31a520441bfe39cdfd888a6a84b6e67968a41f4b6ad1af4512f9b,898ab6b4d75ba8f31be40f5219696d98204c1506656c265cc1b3b68eff508a81,5.349999904632568,39.0,638.0,d5ffdd7eb3ac0342b5dcad124a0c228501277fc51ded390e39510818f00465c9,101,303,0,[],0.0,逐类核对通过,105600,31680,,,23453.102334603667,预算高于9次刷新；第91–100轮只训练B,output/la_control_js_topology_analysis/la_control/seed42/matched-dirichlet/s/tau1_a1_protocol42/round_metrics.csv,output/la_control_js_topology_analysis/la_control/seed42/matched-dirichlet/s/tau1_a1_protocol42/completion.json,"{""control_config.schema_version"": ""la_control_v1"", ""control_config.method"": ""s"", ""control_config.seed"": 42, ""control_config.protocol_seed"": 42, ""control_config.topology"": ""matched-dirichlet"", ""control_config.la_tau"": 1.0, ""control_config.a_lr_mult"": 1.0, ""control_config.extra_a_lr"": 0.001, ""control_config.extra_b_lr"": 0.001, ""control_config.normal_trainable_factor"": ""B"", ""control_config.normal_a_lr"": null, ""control_config.normal_a_weight_decay"": null, ""control_config.normal_b_lr"": 0.001, ""control_config.normal_b_weight_decay"": 0.0005, ""control_config.extra_weight_decay"": 0.0, ""control_config.aggregation"": ""sample_weighted_factor_fedavg"", ""control_config.control_enabled"": false, ""control_config.extra_trainable_factor"": ""A"", ""control_config.lookahead_rounds"": 2, ""control_config.min_gain"": 0.0001, ""control_config.tail_tolerance"": 0.002, ""control_config.history_tolerance"": 0.002, ""control_config.patience"": 2, ""control_config.anchor_scope"": ""root_and_committed_decision_endpoints_only"", ""control_config.feedback"": ""training-side functional feedback: unscaled cosine margin, fixed views, all training samples"", ""control_config.offline_probe"": ""offline mechanism probe; never used for decisions"", ""control_config.rng_protocol"": ""v2: functional and official evaluations are observational; legacy CE results are historical only"", ""control_config.privacy"": ""simulated class sum/count uploads; class presence visible; no secure aggregation or DP"", ""control_config.primary_endpoint"": ""last20_committed_logical_rounds"", ""control_config.checkpoint_encoding"": ""full base state plus exact changed tensors"", ""control_config.normal_steps_expected"": 105600, ""control_config.extra_steps_expected"": 31680}",62798501a0e5d175690cbf70f0550322f28e178546ee690d6c1193cd290a6673,a0a734f9e731479e891046c21bb7ff346dc1dcc84a8168be7701e94a63c7444f,,output/la_control_js_topology_analysis/la_control/seed42/matched-dirichlet/s/tau1_a1_protocol42,独立目录记录
Rde26209a6,la_control_six_runs_analysis,output/la_control_six_runs_analysis/la_control/seed42/client-longtail/e2/tau1_a1_protocol42,,e2,ClipLora,Cifar100_LT,client-longtail,42,4,fp32,,,,,,完成标记与曲线一致,0,100,101,101,,81,100,68.101,71.6425,66.40416666666667,69.65,67.71375,69.85714285714286,65.61,68.95833333333334,68.25,69.8,69.85,98,0.04999999999999716,66.35,100,30,dccc4466cfc50d3fc557d32a0d1bb8a7adc9e81ac6b171e47446dfaadfa985ef,03c0a7a963d31a520441bfe39cdfd888a6a84b6e67968a41f4b6ad1af4512f9b,898ab6b4d75ba8f31be40f5219696d98204c1506656c265cc1b3b68eff508a81,3.6500000953674316,39.0,638.0,cb41d01f365c4cd96b52ea1a45c068f639d61de207e38b1a1b023b909812265c,101,303,0,[],0.0,逐类核对通过,105600,3168,,,17927.07806841936,,output/la_control_six_runs_analysis/la_control/seed42/client-longtail/e2/tau1_a1_protocol42/round_metrics.csv,output/la_control_six_runs_analysis/la_control/seed42/client-longtail/e2/tau1_a1_protocol42/completion.json,"{""control_config.schema_version"": ""la_control_v1"", ""control_config.method"": ""e2"", ""control_config.seed"": 42, ""control_config.protocol_seed"": 42, ""control_config.topology"": ""client-longtail"", ""control_config.la_tau"": 1.0, ""control_config.a_lr_mult"": 1.0, ""control_config.extra_a_lr"": 0.001, ""control_config.extra_b_lr"": 0.001, ""control_config.lookahead_rounds"": 2, ""control_config.min_gain"": 0.0001, ""control_config.tail_tolerance"": 0.002, ""control_config.history_tolerance"": 0.002, ""control_config.patience"": 2, ""control_config.anchor_scope"": ""root_and_committed_decision_endpoints_only"", ""control_config.feedback"": ""training-side functional feedback: unscaled cosine margin, fixed views, all training samples"", ""control_config.offline_probe"": ""offline mechanism probe; never used for decisions"", ""control_config.rng_protocol"": ""v2: functional and official evaluations are observational; legacy CE results are historical only"", ""control_config.privacy"": ""simulated class sum/count uploads; class presence visible; no secure aggregation or DP"", ""control_config.primary_endpoint"": ""last20_committed_logical_rounds"", ""control_config.checkpoint_encoding"": ""full base state plus exact changed tensors"", ""control_config.normal_steps_expected"": 105600, ""control_config.extra_steps_expected"": 3168}",c6e2cbe8cf3c16defc49513d2d558709ce7d7fc1c1e61c9cb089af4cd82b8fd1,ac6d98ecacf9c45b64035bc7c9ddcf49e1be4efd2624547ef0eefdd795043a92,Dac6d98ec,output/la_control_analysis/la_control/seed42/client-longtail/e2/tau1_a1_protocol42,曲线相同的副本候选
R4c8a0d5e5,la_control_six_runs_analysis,output/la_control_six_runs_analysis/la_control/seed42/client-longtail/e3/tau1_a1_protocol42,,e3,ClipLora,Cifar100_LT,client-longtail,42,4,fp32,,,,,,完成标记与曲线一致,0,100,101,101,,81,100,69.6455,74.5775,67.465,71.255,69.24312499999999,71.72142857142858,66.87142857142858,70.46000000000001,69.86,71.05,71.4,89,0.3500000000000085,66.35,100,30,dccc4466cfc50d3fc557d32a0d1bb8a7adc9e81ac6b171e47446dfaadfa985ef,03c0a7a963d31a520441bfe39cdfd888a6a84b6e67968a41f4b6ad1af4512f9b,898ab6b4d75ba8f31be40f5219696d98204c1506656c265cc1b3b68eff508a81,3.6500000953674316,39.0,638.0,cb41d01f365c4cd96b52ea1a45c068f639d61de207e38b1a1b023b909812265c,101,303,0,[],0.0,逐类核对通过,105600,3168,,,17867.86965559423,,output/la_control_six_runs_analysis/la_control/seed42/client-longtail/e3/tau1_a1_protocol42/round_metrics.csv,output/la_control_six_runs_analysis/la_control/seed42/client-longtail/e3/tau1_a1_protocol42/completion.json,"{""control_config.schema_version"": ""la_control_v1"", ""control_config.method"": ""e3"", ""control_config.seed"": 42, ""control_config.protocol_seed"": 42, ""control_config.topology"": ""client-longtail"", ""control_config.la_tau"": 1.0, ""control_config.a_lr_mult"": 1.0, ""control_config.extra_a_lr"": 0.001, ""control_config.extra_b_lr"": 0.001, ""control_config.lookahead_rounds"": 2, ""control_config.min_gain"": 0.0001, ""control_config.tail_tolerance"": 0.002, ""control_config.history_tolerance"": 0.002, ""control_config.patience"": 2, ""control_config.anchor_scope"": ""root_and_committed_decision_endpoints_only"", ""control_config.feedback"": ""training-side functional feedback: unscaled cosine margin, fixed views, all training samples"", ""control_config.offline_probe"": ""offline mechanism probe; never used for decisions"", ""control_config.rng_protocol"": ""v2: functional and official evaluations are observational; legacy CE results are historical only"", ""control_config.privacy"": ""simulated class sum/count uploads; class presence visible; no secure aggregation or DP"", ""control_config.primary_endpoint"": ""last20_committed_logical_rounds"", ""control_config.checkpoint_encoding"": ""full base state plus exact changed tensors"", ""control_config.normal_steps_expected"": 105600, ""control_config.extra_steps_expected"": 3168}",46dfc253f8e61d89e65ccf03ace6f381f1a30175cd80f6502d5858ed0ff31845,e8cfcc9dfc726e0ca18dd3b6edd6c5e41f7c307bba4669f623b35a9e99402a4b,De8cfcc9d,output/la_control_analysis/la_control/seed42/client-longtail/e3/tau1_a1_protocol42,曲线相同的副本候选
R792d6f4ef,la_control_six_runs_analysis,output/la_control_six_runs_analysis/la_control/seed42/client-longtail/e5/tau1_a1_h2_t0.002_hist0.002_gain0.0001_p2_protocol42,,e5,ClipLora,Cifar100_LT,client-longtail,42,4,fp32,,,,,,完成标记与曲线一致,0,100,101,101,,81,100,69.5405,74.37,67.39416666666666,71.15,69.138125,71.6,66.72,70.42833333333333,69.7,71.25,71.25,90,0.0,66.35,100,30,dccc4466cfc50d3fc557d32a0d1bb8a7adc9e81ac6b171e47446dfaadfa985ef,03c0a7a963d31a520441bfe39cdfd888a6a84b6e67968a41f4b6ad1af4512f9b,898ab6b4d75ba8f31be40f5219696d98204c1506656c265cc1b3b68eff508a81,3.6500000953674316,39.0,638.0,cb41d01f365c4cd96b52ea1a45c068f639d61de207e38b1a1b023b909812265c,101,303,0,[],0.0,逐类核对通过,105600,3168,,,28701.95804042369,,output/la_control_six_runs_analysis/la_control/seed42/client-longtail/e5/tau1_a1_h2_t0.002_hist0.002_gain0.0001_p2_protocol42/round_metrics.csv,output/la_control_six_runs_analysis/la_control/seed42/client-longtail/e5/tau1_a1_h2_t0.002_hist0.002_gain0.0001_p2_protocol42/completion.json,"{""control_config.schema_version"": ""la_control_v1"", ""control_config.method"": ""e5"", ""control_config.seed"": 42, ""control_config.protocol_seed"": 42, ""control_config.topology"": ""client-longtail"", ""control_config.la_tau"": 1.0, ""control_config.a_lr_mult"": 1.0, ""control_config.extra_a_lr"": 0.001, ""control_config.extra_b_lr"": 0.001, ""control_config.lookahead_rounds"": 2, ""control_config.min_gain"": 0.0001, ""control_config.tail_tolerance"": 0.002, ""control_config.history_tolerance"": 0.002, ""control_config.patience"": 2, ""control_config.anchor_scope"": ""root_and_committed_decision_endpoints_only"", ""control_config.feedback"": ""training-side functional feedback: unscaled cosine margin, fixed views, all training samples"", ""control_config.offline_probe"": ""offline mechanism probe; never used for decisions"", ""control_config.rng_protocol"": ""v2: functional and official evaluations are observational; legacy CE results are historical only"", ""control_config.privacy"": ""simulated class sum/count uploads; class presence visible; no secure aggregation or DP"", ""control_config.primary_endpoint"": ""last20_committed_logical_rounds"", ""control_config.checkpoint_encoding"": ""full base state plus exact changed tensors"", ""control_config.normal_steps_expected"": 105600, ""control_config.extra_steps_expected"": 3168}",e8e50b38e513e25e0e5b64a3acb1b04cf79e6b8691edbb730296e0f866e65854,8a8f5b2fc1ce1e6c042febbebe47bd82eebdf6446f95e51677ea8f4e8674cc98,D8a8f5b2f,output/la_control_analysis/la_control/seed42/client-longtail/e5/tau1_a1_h2_t0.002_hist0.002_gain0.0001_p2_protocol42,曲线相同的副本候选
Re9688b109,la_control_six_runs_analysis,output/la_control_six_runs_analysis/la_control/seed42/matched-dirichlet/e2/tau1_a1_protocol42,,e2,ClipLora,Cifar100_LT,matched-dirichlet,42,4,fp32,,,,,,完成标记与曲线一致,0,100,101,101,,81,100,68.251,71.655,66.47666666666666,70.17,67.77125,69.90714285714286,65.7,69.295,68.39,70.4,70.45,95,0.04999999999999716,66.35,100,30,dccc4466cfc50d3fc557d32a0d1bb8a7adc9e81ac6b171e47446dfaadfa985ef,03c0a7a963d31a520441bfe39cdfd888a6a84b6e67968a41f4b6ad1af4512f9b,898ab6b4d75ba8f31be40f5219696d98204c1506656c265cc1b3b68eff508a81,5.349999904632568,39.0,638.0,d5ffdd7eb3ac0342b5dcad124a0c228501277fc51ded390e39510818f00465c9,101,303,0,[],0.0,逐类核对通过,105600,3168,,,18300.32577667758,,output/la_control_six_runs_analysis/la_control/seed42/matched-dirichlet/e2/tau1_a1_protocol42/round_metrics.csv,output/la_control_six_runs_analysis/la_control/seed42/matched-dirichlet/e2/tau1_a1_protocol42/completion.json,"{""control_config.schema_version"": ""la_control_v1"", ""control_config.method"": ""e2"", ""control_config.seed"": 42, ""control_config.protocol_seed"": 42, ""control_config.topology"": ""matched-dirichlet"", ""control_config.la_tau"": 1.0, ""control_config.a_lr_mult"": 1.0, ""control_config.extra_a_lr"": 0.001, ""control_config.extra_b_lr"": 0.001, ""control_config.lookahead_rounds"": 2, ""control_config.min_gain"": 0.0001, ""control_config.tail_tolerance"": 0.002, ""control_config.history_tolerance"": 0.002, ""control_config.patience"": 2, ""control_config.anchor_scope"": ""root_and_committed_decision_endpoints_only"", ""control_config.feedback"": ""training-side functional feedback: unscaled cosine margin, fixed views, all training samples"", ""control_config.offline_probe"": ""offline mechanism probe; never used for decisions"", ""control_config.rng_protocol"": ""v2: functional and official evaluations are observational; legacy CE results are historical only"", ""control_config.privacy"": ""simulated class sum/count uploads; class presence visible; no secure aggregation or DP"", ""control_config.primary_endpoint"": ""last20_committed_logical_rounds"", ""control_config.checkpoint_encoding"": ""full base state plus exact changed tensors"", ""control_config.normal_steps_expected"": 105600, ""control_config.extra_steps_expected"": 3168}",5315357895ca6130aafe5974e2016419b8a8b86a9e9f91bc04e96c5cb868a585,69c9858cb8bad68fb8718bba171bd0ecd589b235ba29b087da523fb12984f0a0,D69c9858c,output/la_control_analysis/la_control/seed42/matched-dirichlet/e2/tau1_a1_protocol42,曲线相同的副本候选
R7474bf4ca,la_control_six_runs_analysis,output/la_control_six_runs_analysis/la_control/seed42/matched-dirichlet/e3/tau1_a1_protocol42,,e3,ClipLora,Cifar100_LT,matched-dirichlet,42,4,fp32,,,,,,完成标记与曲线一致,0,100,101,101,,81,100,69.664,74.4575,67.35166666666666,71.8075,69.128125,71.50571428571428,66.91285714285713,70.725,69.78,71.7,71.9,85,0.20000000000000284,66.35,100,30,dccc4466cfc50d3fc557d32a0d1bb8a7adc9e81ac6b171e47446dfaadfa985ef,03c0a7a963d31a520441bfe39cdfd888a6a84b6e67968a41f4b6ad1af4512f9b,898ab6b4d75ba8f31be40f5219696d98204c1506656c265cc1b3b68eff508a81,5.349999904632568,39.0,638.0,d5ffdd7eb3ac0342b5dcad124a0c228501277fc51ded390e39510818f00465c9,101,303,0,[],0.0,逐类核对通过,105600,3168,,,17705.915840938687,,output/la_control_six_runs_analysis/la_control/seed42/matched-dirichlet/e3/tau1_a1_protocol42/round_metrics.csv,output/la_control_six_runs_analysis/la_control/seed42/matched-dirichlet/e3/tau1_a1_protocol42/completion.json,"{""control_config.schema_version"": ""la_control_v1"", ""control_config.method"": ""e3"", ""control_config.seed"": 42, ""control_config.protocol_seed"": 42, ""control_config.topology"": ""matched-dirichlet"", ""control_config.la_tau"": 1.0, ""control_config.a_lr_mult"": 1.0, ""control_config.extra_a_lr"": 0.001, ""control_config.extra_b_lr"": 0.001, ""control_config.lookahead_rounds"": 2, ""control_config.min_gain"": 0.0001, ""control_config.tail_tolerance"": 0.002, ""control_config.history_tolerance"": 0.002, ""control_config.patience"": 2, ""control_config.anchor_scope"": ""root_and_committed_decision_endpoints_only"", ""control_config.feedback"": ""training-side functional feedback: unscaled cosine margin, fixed views, all training samples"", ""control_config.offline_probe"": ""offline mechanism probe; never used for decisions"", ""control_config.rng_protocol"": ""v2: functional and official evaluations are observational; legacy CE results are historical only"", ""control_config.privacy"": ""simulated class sum/count uploads; class presence visible; no secure aggregation or DP"", ""control_config.primary_endpoint"": ""last20_committed_logical_rounds"", ""control_config.checkpoint_encoding"": ""full base state plus exact changed tensors"", ""control_config.normal_steps_expected"": 105600, ""control_config.extra_steps_expected"": 3168}",cea39b81c6d44f91ca1d3df205b825a33882f61e29f48a32712637c34d8bb4c0,6429e9db95c28ee8b60163ab523867954d073a93315b5cb85cc6298a7bab6ad2,D6429e9db,output/la_control_ablation_analysis/la_control/seed42/matched-dirichlet/e3/tau1_a1_protocol42,曲线相同的副本候选
R3d6d7459a,la_control_six_runs_analysis,output/la_control_six_runs_analysis/la_control/seed42/matched-dirichlet/e5/tau1_a1_h2_t0.002_hist0.002_gain0.0001_p2_protocol42,,e5,ClipLora,Cifar100_LT,matched-dirichlet,42,4,fp32,,,,,,完成标记与曲线一致,0,100,101,101,,81,100,69.5845,74.25750000000001,67.29666666666667,71.775,69.036875,71.37142857142858,66.84857142857143,70.69166666666666,69.76,71.85,71.85,89,0.0,66.35,100,30,dccc4466cfc50d3fc557d32a0d1bb8a7adc9e81ac6b171e47446dfaadfa985ef,03c0a7a963d31a520441bfe39cdfd888a6a84b6e67968a41f4b6ad1af4512f9b,898ab6b4d75ba8f31be40f5219696d98204c1506656c265cc1b3b68eff508a81,5.349999904632568,39.0,638.0,d5ffdd7eb3ac0342b5dcad124a0c228501277fc51ded390e39510818f00465c9,101,303,0,[],0.0,逐类核对通过,105600,3168,,,29837.897403951734,,output/la_control_six_runs_analysis/la_control/seed42/matched-dirichlet/e5/tau1_a1_h2_t0.002_hist0.002_gain0.0001_p2_protocol42/round_metrics.csv,output/la_control_six_runs_analysis/la_control/seed42/matched-dirichlet/e5/tau1_a1_h2_t0.002_hist0.002_gain0.0001_p2_protocol42/completion.json,"{""control_config.schema_version"": ""la_control_v1"", ""control_config.method"": ""e5"", ""control_config.seed"": 42, ""control_config.protocol_seed"": 42, ""control_config.topology"": ""matched-dirichlet"", ""control_config.la_tau"": 1.0, ""control_config.a_lr_mult"": 1.0, ""control_config.extra_a_lr"": 0.001, ""control_config.extra_b_lr"": 0.001, ""control_config.lookahead_rounds"": 2, ""control_config.min_gain"": 0.0001, ""control_config.tail_tolerance"": 0.002, ""control_config.history_tolerance"": 0.002, ""control_config.patience"": 2, ""control_config.anchor_scope"": ""root_and_committed_decision_endpoints_only"", ""control_config.feedback"": ""training-side functional feedback: unscaled cosine margin, fixed views, all training samples"", ""control_config.offline_probe"": ""offline mechanism probe; never used for decisions"", ""control_config.rng_protocol"": ""v2: functional and official evaluations are observational; legacy CE results are historical only"", ""control_config.privacy"": ""simulated class sum/count uploads; class presence visible; no secure aggregation or DP"", ""control_config.primary_endpoint"": ""last20_committed_logical_rounds"", ""control_config.checkpoint_encoding"": ""full base state plus exact changed tensors"", ""control_config.normal_steps_expected"": 105600, ""control_config.extra_steps_expected"": 3168}",f942c311cf34f085766480dbe6fc69005bbef13891fe999a59679a91b1d86a18,895e6c96e84efeb16f44916012ba8dcc3589a5c6ca8252296d2fdbcdd011fd75,D895e6c96,output/la_control_ablation_analysis/la_control/seed42/matched-dirichlet/e5/tau1_a1_h2_t0.002_hist0.002_gain0.0001_p2_protocol42,曲线相同的副本候选
Rfb18c92b9,la_control_standard_dirichlet_e3_j_s_analysis,output/la_control_standard_dirichlet_e3_j_s_analysis/la_control/seed42/noniid-labeldir-fine/e3/tau1_a1_protocol42_beta0.5,加训练LA，正常只更新B，间歇额外更新A,e3,ClipLora,Cifar100_LT,noniid-labeldir-fine,42,4,fp32,4/FP32,冻结当前A，只更新B；每轮3 epoch,9次额外A，各1 epoch；冻结共同B,训练logit校正LA，τ=1,按样本量聚合,完成标记与曲线一致,0,100,101,101,,81,100,69.6035,74.535,67.155,72.0175,69.0,71.71714285714286,66.39428571428572,70.88166666666667,69.82,72.1,72.15,98,0.05000000000001137,66.35,100,30,dccc4466cfc50d3fc557d32a0d1bb8a7adc9e81ac6b171e47446dfaadfa985ef,f09c8df7e4363ca0ac34d917f817fb2e56d0585ab152358981dc5e51650e458d,898ab6b4d75ba8f31be40f5219696d98204c1506656c265cc1b3b68eff508a81,6.050000190734863,229.0,500.0,695fd0dd969aec159a7a9e8993b3c193f65520534a445c9125f3cc1b14b45441,101,303,0,[],0.0,逐类核对通过,106200,3186,,,18249.198385235853,A只在9个额外阶段更新,output/la_control_standard_dirichlet_e3_j_s_analysis/la_control/seed42/noniid-labeldir-fine/e3/tau1_a1_protocol42_beta0.5/round_metrics.csv,output/la_control_standard_dirichlet_e3_j_s_analysis/la_control/seed42/noniid-labeldir-fine/e3/tau1_a1_protocol42_beta0.5/completion.json,"{""control_config.schema_version"": ""la_control_v1"", ""control_config.method"": ""e3"", ""control_config.seed"": 42, ""control_config.protocol_seed"": 42, ""control_config.topology"": ""noniid-labeldir-fine"", ""control_config.dirichlet_beta"": 0.5, ""control_config.la_tau"": 1.0, ""control_config.a_lr_mult"": 1.0, ""control_config.extra_a_lr"": 0.001, ""control_config.extra_b_lr"": 0.001, ""control_config.normal_trainable_factor"": ""B"", ""control_config.normal_a_lr"": null, ""control_config.normal_a_weight_decay"": null, ""control_config.normal_b_lr"": 0.001, ""control_config.normal_b_weight_decay"": 0.0005, ""control_config.extra_weight_decay"": 0.0, ""control_config.aggregation"": ""sample_weighted_factor_fedavg"", ""control_config.control_enabled"": false, ""control_config.extra_trainable_factor"": ""A"", ""control_config.lookahead_rounds"": 2, ""control_config.min_gain"": 0.0001, ""control_config.tail_tolerance"": 0.002, ""control_config.history_tolerance"": 0.002, ""control_config.patience"": 2, ""control_config.anchor_scope"": ""root_and_committed_decision_endpoints_only"", ""control_config.feedback"": ""training-side functional feedback: unscaled cosine margin, fixed views, all training samples"", ""control_config.offline_probe"": ""offline mechanism probe; never used for decisions"", ""control_config.rng_protocol"": ""v2: functional and official evaluations are observational; legacy CE results are historical only"", ""control_config.privacy"": ""simulated class sum/count uploads; class presence visible; no secure aggregation or DP"", ""control_config.primary_endpoint"": ""last20_committed_logical_rounds"", ""control_config.checkpoint_encoding"": ""full base state plus exact changed tensors"", ""control_config.steps_per_epoch"": 354, ""control_config.normal_steps_expected"": 106200, ""control_config.extra_steps_expected"": 3186}",125a94d4d14520399b2bd028b6f9b24ed05a21faea8d8d366c51c9b8a1d063a6,d95a733d090a7905684dbd826919497a11c00a4af9c6a745895bb3f73aa628be,,output/la_control_standard_dirichlet_e3_j_s_analysis/la_control/seed42/noniid-labeldir-fine/e3/tau1_a1_protocol42_beta0.5,独立目录记录
Rffcabcd73,la_control_standard_dirichlet_e3_j_s_analysis,output/la_control_standard_dirichlet_e3_j_s_analysis/la_control/seed42/noniid-labeldir-fine/j/tau1_a1_protocol42_beta0.5,加训练LA，正常A/B联合更新，并保留额外A更新,j,ClipLora,Cifar100_LT,noniid-labeldir-fine,42,4,fp32,4/FP32,A、B同时更新；每轮3 epoch,9次额外A，各1 epoch；冻结共同B,训练logit校正LA，τ=1,按样本量聚合,完成标记与曲线一致,0,100,101,101,,81,100,72.29249999999999,77.2025,70.96666666666667,71.36,72.525625,75.25571428571428,71.33857142857143,69.94833333333334,72.3,71.25,73.05,28,1.7999999999999972,66.35,100,30,dccc4466cfc50d3fc557d32a0d1bb8a7adc9e81ac6b171e47446dfaadfa985ef,f09c8df7e4363ca0ac34d917f817fb2e56d0585ab152358981dc5e51650e458d,898ab6b4d75ba8f31be40f5219696d98204c1506656c265cc1b3b68eff508a81,6.050000190734863,229.0,500.0,695fd0dd969aec159a7a9e8993b3c193f65520534a445c9125f3cc1b14b45441,101,303,0,[],0.0,逐类核对通过,106200,3186,,,19356.625641398132,不是单纯AB联训：9次额外A仍保留；A/B分别平均，无SVD,output/la_control_standard_dirichlet_e3_j_s_analysis/la_control/seed42/noniid-labeldir-fine/j/tau1_a1_protocol42_beta0.5/round_metrics.csv,output/la_control_standard_dirichlet_e3_j_s_analysis/la_control/seed42/noniid-labeldir-fine/j/tau1_a1_protocol42_beta0.5/completion.json,"{""control_config.schema_version"": ""la_control_v1"", ""control_config.method"": ""j"", ""control_config.seed"": 42, ""control_config.protocol_seed"": 42, ""control_config.topology"": ""noniid-labeldir-fine"", ""control_config.dirichlet_beta"": 0.5, ""control_config.la_tau"": 1.0, ""control_config.a_lr_mult"": 1.0, ""control_config.extra_a_lr"": 0.001, ""control_config.extra_b_lr"": 0.001, ""control_config.normal_trainable_factor"": ""AB"", ""control_config.normal_a_lr"": 0.001, ""control_config.normal_a_weight_decay"": 0.0, ""control_config.normal_b_lr"": 0.001, ""control_config.normal_b_weight_decay"": 0.0005, ""control_config.extra_weight_decay"": 0.0, ""control_config.aggregation"": ""sample_weighted_factor_fedavg"", ""control_config.control_enabled"": false, ""control_config.extra_trainable_factor"": ""A"", ""control_config.lookahead_rounds"": 2, ""control_config.min_gain"": 0.0001, ""control_config.tail_tolerance"": 0.002, ""control_config.history_tolerance"": 0.002, ""control_config.patience"": 2, ""control_config.anchor_scope"": ""root_and_committed_decision_endpoints_only"", ""control_config.feedback"": ""training-side functional feedback: unscaled cosine margin, fixed views, all training samples"", ""control_config.offline_probe"": ""offline mechanism probe; never used for decisions"", ""control_config.rng_protocol"": ""v2: functional and official evaluations are observational; legacy CE results are historical only"", ""control_config.privacy"": ""simulated class sum/count uploads; class presence visible; no secure aggregation or DP"", ""control_config.primary_endpoint"": ""last20_committed_logical_rounds"", ""control_config.checkpoint_encoding"": ""full base state plus exact changed tensors"", ""control_config.steps_per_epoch"": 354, ""control_config.normal_steps_expected"": 106200, ""control_config.extra_steps_expected"": 3186}",b6904a1f93df39e0f332cdbb6ee7343cf90f4b4b15ffb2a4f52b899f86614dcd,e4c204893c5dcecd1ab1d5e06651059c66d1b4f02cd10dd56b514c2633a48520,,output/la_control_standard_dirichlet_e3_j_s_analysis/la_control/seed42/noniid-labeldir-fine/j/tau1_a1_protocol42_beta0.5,独立目录记录
R652116473,la_control_standard_dirichlet_e3_j_s_analysis,output/la_control_standard_dirichlet_e3_j_s_analysis/la_control/seed42/noniid-labeldir-fine/s/tau1_a1_protocol42_beta0.5,加训练LA，正常只更新B，前90轮每轮额外更新A,s,ClipLora,Cifar100_LT,noniid-labeldir-fine,42,4,fp32,4/FP32,冻结当前A，只更新B；每轮3 epoch,90次额外A，各1 epoch；冻结共同B,训练logit校正LA，τ=1,按样本量聚合,完成标记与曲线一致,0,100,101,101,,81,100,71.014,75.59,69.06083333333333,72.2975,70.693125,73.04428571428572,69.30285714285715,70.64166666666667,71.22,72.0,72.9,57,0.9000000000000057,66.35,100,30,dccc4466cfc50d3fc557d32a0d1bb8a7adc9e81ac6b171e47446dfaadfa985ef,f09c8df7e4363ca0ac34d917f817fb2e56d0585ab152358981dc5e51650e458d,898ab6b4d75ba8f31be40f5219696d98204c1506656c265cc1b3b68eff508a81,6.050000190734863,229.0,500.0,695fd0dd969aec159a7a9e8993b3c193f65520534a445c9125f3cc1b14b45441,101,303,0,[],0.0,逐类核对通过,106200,31860,,,21968.66731477622,预算高于9次刷新；第91–100轮只训练B,output/la_control_standard_dirichlet_e3_j_s_analysis/la_control/seed42/noniid-labeldir-fine/s/tau1_a1_protocol42_beta0.5/round_metrics.csv,output/la_control_standard_dirichlet_e3_j_s_analysis/la_control/seed42/noniid-labeldir-fine/s/tau1_a1_protocol42_beta0.5/completion.json,"{""control_config.schema_version"": ""la_control_v1"", ""control_config.method"": ""s"", ""control_config.seed"": 42, ""control_config.protocol_seed"": 42, ""control_config.topology"": ""noniid-labeldir-fine"", ""control_config.dirichlet_beta"": 0.5, ""control_config.la_tau"": 1.0, ""control_config.a_lr_mult"": 1.0, ""control_config.extra_a_lr"": 0.001, ""control_config.extra_b_lr"": 0.001, ""control_config.normal_trainable_factor"": ""B"", ""control_config.normal_a_lr"": null, ""control_config.normal_a_weight_decay"": null, ""control_config.normal_b_lr"": 0.001, ""control_config.normal_b_weight_decay"": 0.0005, ""control_config.extra_weight_decay"": 0.0, ""control_config.aggregation"": ""sample_weighted_factor_fedavg"", ""control_config.control_enabled"": false, ""control_config.extra_trainable_factor"": ""A"", ""control_config.lookahead_rounds"": 2, ""control_config.min_gain"": 0.0001, ""control_config.tail_tolerance"": 0.002, ""control_config.history_tolerance"": 0.002, ""control_config.patience"": 2, ""control_config.anchor_scope"": ""root_and_committed_decision_endpoints_only"", ""control_config.feedback"": ""training-side functional feedback: unscaled cosine margin, fixed views, all training samples"", ""control_config.offline_probe"": ""offline mechanism probe; never used for decisions"", ""control_config.rng_protocol"": ""v2: functional and official evaluations are observational; legacy CE results are historical only"", ""control_config.privacy"": ""simulated class sum/count uploads; class presence visible; no secure aggregation or DP"", ""control_config.primary_endpoint"": ""last20_committed_logical_rounds"", ""control_config.checkpoint_encoding"": ""full base state plus exact changed tensors"", ""control_config.steps_per_epoch"": 354, ""control_config.normal_steps_expected"": 106200, ""control_config.extra_steps_expected"": 31860}",baf7c4f36974a99c4f79249141b7b88c9cd678068ca7f3739df97836cacda309,9e44125d736184d6b2d3d63bfa86a8c131e1d4b773e97fdb9ede25aaa5c74910,,output/la_control_standard_dirichlet_e3_j_s_analysis/la_control/seed42/noniid-labeldir-fine/s/tau1_a1_protocol42_beta0.5,独立目录记录
R3402f1d8c,la_lambda_sweep_seed42_results,output/la_lambda_sweep_seed42_results/output/cifar100_LT/ClipLora_LA_Aggregation_reg025_seed42/seed42/clientlt/la_aggregation,A/B联合更新，类别先验平衡聚合，正则系数=0.25,ClipLora,ClipLora,CIFAR100-LT,client-longtail,42,,,2/AMP（入口配置）,A、B同时更新；每轮3 epoch,无,普通 CE,类别先验平衡求客户端权重；有效矩阵平均后SVD,已记录到第100轮或以后,0,100,101,101,,81,100,65.44550000000001,,,40.082499999999996,71.78625,,,,65.45,40.35,68.35,4,27.999999999999993,66.35,100,30,dccc4466cfc50d3fc557d32a0d1bb8a7adc9e81ac6b171e47446dfaadfa985ef,03c0a7a963d31a520441bfe39cdfd888a6a84b6e67968a41f4b6ad1af4512f9b,898ab6b4d75ba8f31be40f5219696d98204c1506656c265cc1b3b68eff508a81,3.6500000953674316,39.0,638.0,,0,0,0,[],,缺少可交叉核对的分组或逐类文件,,,,,,此处LA作用于服务器聚合权重，不是训练logit校正；温度=1,output/la_lambda_sweep_seed42_results/output/cifar100_LT/ClipLora_LA_Aggregation_reg025_seed42/seed42/clientlt/la_aggregation/round_metrics.csv,,{},ba15330c76ec9c7ab3cf773d90e3f4c86a613b9842d2ddfc884536950b5611cb,c720b0ad33d0e6b6e4f4acbc91b23f9893d42f02b53994f7aa4ccd5c819f7133,,output/la_lambda_sweep_seed42_results/output/cifar100_LT/ClipLora_LA_Aggregation_reg025_seed42/seed42/clientlt/la_aggregation,独立目录记录
Rd33e46b34,la_lambda_sweep_seed42_results,output/la_lambda_sweep_seed42_results/output/cifar100_LT/ClipLora_LA_Aggregation_reg05_seed42/seed42/clientlt/la_aggregation,A/B联合更新，类别先验平衡聚合，正则系数=0.5,ClipLora,ClipLora,CIFAR100-LT,client-longtail,42,,,2/AMP（入口配置）,A、B同时更新；每轮3 epoch,无,普通 CE,类别先验平衡求客户端权重；有效矩阵平均后SVD,已记录到第100轮或以后,0,100,101,101,,81,100,65.1535,,,38.63,71.784375,,,,65.27,38.5,68.5,4,30.0,66.35,100,30,dccc4466cfc50d3fc557d32a0d1bb8a7adc9e81ac6b171e47446dfaadfa985ef,03c0a7a963d31a520441bfe39cdfd888a6a84b6e67968a41f4b6ad1af4512f9b,898ab6b4d75ba8f31be40f5219696d98204c1506656c265cc1b3b68eff508a81,3.6500000953674316,39.0,638.0,,0,0,0,[],,缺少可交叉核对的分组或逐类文件,,,,,,此处LA作用于服务器聚合权重，不是训练logit校正；温度=1,output/la_lambda_sweep_seed42_results/output/cifar100_LT/ClipLora_LA_Aggregation_reg05_seed42/seed42/clientlt/la_aggregation/round_metrics.csv,,{},4705586c61004324d94a4f33e45f9eae731b42b286eb4f0565b608b0e92c421b,ed70db45ec41809530e07fb67f7b194708bd727ba6ed4250a50cbd40d8e97ffe,,output/la_lambda_sweep_seed42_results/output/cifar100_LT/ClipLora_LA_Aggregation_reg05_seed42/seed42/clientlt/la_aggregation,独立目录记录
R5fbb4191b,la_lambda_sweep_seed42_results,output/la_lambda_sweep_seed42_results/output/cifar100_LT/ClipLora_LA_Aggregation_reg0_seed42/seed42/clientlt/la_aggregation,A/B联合更新，类别先验平衡聚合，正则系数=0,ClipLora,ClipLora,CIFAR100-LT,client-longtail,42,,,2/AMP（入口配置）,A、B同时更新；每轮3 epoch,无,普通 CE,类别先验平衡求客户端权重；有效矩阵平均后SVD,已记录到第100轮或以后,0,100,101,101,,81,100,65.539,,,45.5375,70.53937499999999,,,,65.45,45.55,68.55,6,23.0,66.35,100,30,dccc4466cfc50d3fc557d32a0d1bb8a7adc9e81ac6b171e47446dfaadfa985ef,03c0a7a963d31a520441bfe39cdfd888a6a84b6e67968a41f4b6ad1af4512f9b,898ab6b4d75ba8f31be40f5219696d98204c1506656c265cc1b3b68eff508a81,3.6500000953674316,39.0,638.0,,0,0,0,[],,缺少可交叉核对的分组或逐类文件,,,,,,此处LA作用于服务器聚合权重，不是训练logit校正；温度=1,output/la_lambda_sweep_seed42_results/output/cifar100_LT/ClipLora_LA_Aggregation_reg0_seed42/seed42/clientlt/la_aggregation/round_metrics.csv,,{},6609b40b24d4fe9ae63fd25d25f02e6b1f88472d45b93bf9faf29b5cf28ed573,8f1682a6d88ff8d49c8ec8c5d9848feb346026d1da9b9114cf0298585ad162cf,,output/la_lambda_sweep_seed42_results/output/cifar100_LT/ClipLora_LA_Aggregation_reg0_seed42/seed42/clientlt/la_aggregation,独立目录记录
R7ea72a449,la_lambda_sweep_seed42_results,output/la_lambda_sweep_seed42_results/output/cifar100_LT/ClipLora_LA_Aggregation_seed42/seed42/clientlt/la_aggregation,A/B联合更新，类别先验平衡聚合，正则系数=1,ClipLora,ClipLora,CIFAR100-LT,client-longtail,42,,,2/AMP（入口配置）,A、B同时更新；每轮3 epoch,无,普通 CE,类别先验平衡求客户端权重；有效矩阵平均后SVD,已记录到第100轮或以后,0,100,101,101,,81,100,64.923,,,37.675,71.735,,,,64.99,37.9,68.3,4,30.4,66.35,100,30,dccc4466cfc50d3fc557d32a0d1bb8a7adc9e81ac6b171e47446dfaadfa985ef,03c0a7a963d31a520441bfe39cdfd888a6a84b6e67968a41f4b6ad1af4512f9b,898ab6b4d75ba8f31be40f5219696d98204c1506656c265cc1b3b68eff508a81,3.6500000953674316,39.0,638.0,,0,0,0,[],,缺少可交叉核对的分组或逐类文件,,,,,,此处LA作用于服务器聚合权重，不是训练logit校正；温度=1,output/la_lambda_sweep_seed42_results/output/cifar100_LT/ClipLora_LA_Aggregation_seed42/seed42/clientlt/la_aggregation/round_metrics.csv,,{},df4fc494f289f0f5f23a2d921dd90499ffbbf533a2620ec752ca7f310daaecac,bdb56b4b5f97621396e32ed1d202f869e1dcea2d2e6b50332ce32e7cbfaf9d5d,,output/la_lambda_sweep_seed42_results/output/cifar100_LT/ClipLora_LA_Aggregation_seed42/seed42/clientlt/la_aggregation,独立目录记录
R1a8d142d2,online_sca_seed42_v2,output/online_sca_seed42_v2/online_sca,,ClipLora,ClipLora,CIFAR100-LT,client-longtail,42,,,,,,,online_class_separable,短运行或本地结果不完整,0,80,81,81,,61,80,67.499,87.2475,68.94,43.427499999999995,73.516875,83.59,69.00142857142858,46.973333333333336,67.21,41.85,73.2,3,31.35,66.35,100,30,dccc4466cfc50d3fc557d32a0d1bb8a7adc9e81ac6b171e47446dfaadfa985ef,,898ab6b4d75ba8f31be40f5219696d98204c1506656c265cc1b3b68eff508a81,3.6500000953674316,39.0,638.0,,81,243,0,[],0.0,逐类核对通过,,,,,,,output/online_sca_seed42_v2/online_sca/round_metrics.csv,,{},84f1da50e072cd4470521bb2dddf10bb6356738c9b3f6bc0a8a9839888fc16de,3e0d5be3a3e9ab6b26de3277650607f305aee0dec6c8883cf8a8cb1c58c19214,,output/online_sca_seed42_v2/online_sca,独立目录记录
R0c7f5ab12,online_sca_seed42_v2,output/online_sca_seed42_v2/online_sca_matched_dirichlet,,ClipLora,ClipLora,CIFAR100-LT,matched-dirichlet,42,,,,,,,online_class_separable,短运行或本地结果不完整,0,80,81,81,,61,80,68.854,86.95750000000001,67.91333333333333,53.572500000000005,72.674375,83.47428571428571,67.86,52.95666666666667,69.2,54.25,72.6,3,18.349999999999994,66.35,100,30,dccc4466cfc50d3fc557d32a0d1bb8a7adc9e81ac6b171e47446dfaadfa985ef,03c0a7a963d31a520441bfe39cdfd888a6a84b6e67968a41f4b6ad1af4512f9b,898ab6b4d75ba8f31be40f5219696d98204c1506656c265cc1b3b68eff508a81,5.349999904632568,39.0,638.0,,81,243,0,[],0.0,逐类核对通过,,,,,,,output/online_sca_seed42_v2/online_sca_matched_dirichlet/round_metrics.csv,,{},4cfd5bc5fb1e6720495f4ae20d24f282a1ae6be32287bc87d08b04b263cb1136,d069c9b24da39f21afafb9baab91bee92f1b93dfbbf87a78adfe56c8d07581c4,,output/online_sca_seed42_v2/online_sca_matched_dirichlet,独立目录记录
R5996b0f11,online_sca_seed42_v2,output/online_sca_seed42_v2/residual_fedavg_clientlt,,ClipLora,ClipLora,CIFAR100-LT,client-longtail,42,,,,,,,residual_fedavg,短运行或本地结果不完整,0,80,81,81,,61,80,67.18050000000001,87.17999999999999,69.17999999999999,41.1825,73.67999999999999,83.56428571428572,69.30428571428573,45.58833333333333,67.04,39.9,69.15,3,29.250000000000007,66.35,100,30,dccc4466cfc50d3fc557d32a0d1bb8a7adc9e81ac6b171e47446dfaadfa985ef,03c0a7a963d31a520441bfe39cdfd888a6a84b6e67968a41f4b6ad1af4512f9b,898ab6b4d75ba8f31be40f5219696d98204c1506656c265cc1b3b68eff508a81,3.6500000953674316,39.0,638.0,,81,243,0,[],0.0,逐类核对通过,,,,,,,output/online_sca_seed42_v2/residual_fedavg_clientlt/round_metrics.csv,,{},7e06c62b4c5aa8e1072d11f562a2c226c7751f62347088e94130abd0547be3a1,9a96a228271565fc088f411cb14f144935a0cd3531b556d96ed7020012eef27a,,output/online_sca_seed42_v2/residual_fedavg_clientlt,独立目录记录
Rcf039e643,online_sca_seed42_v2,output/online_sca_seed42_v2/residual_fedavg_matched_dirichlet,,ClipLora,ClipLora,CIFAR100-LT,matched-dirichlet,42,,,,,,,residual_fedavg,短运行或本地结果不完整,0,80,81,81,,61,80,68.8685,86.94500000000001,68.005,53.38250000000001,72.74,83.55714285714285,67.88714285714286,52.876666666666665,69.37,54.6,70.15,3,15.550000000000004,66.35,100,30,dccc4466cfc50d3fc557d32a0d1bb8a7adc9e81ac6b171e47446dfaadfa985ef,03c0a7a963d31a520441bfe39cdfd888a6a84b6e67968a41f4b6ad1af4512f9b,898ab6b4d75ba8f31be40f5219696d98204c1506656c265cc1b3b68eff508a81,5.349999904632568,39.0,638.0,,81,243,0,[],0.0,逐类核对通过,,,,,,,output/online_sca_seed42_v2/residual_fedavg_matched_dirichlet/round_metrics.csv,,{},947c6baa44e27f5988121201b261ba23703074c8fcd7658fdc8cd793c9cfbeb7,3dd47c7cc964504dc2b3b2c56f5ce4bf5d939c190752275c6560448ac3a600c6,,output/online_sca_seed42_v2/residual_fedavg_matched_dirichlet,独立目录记录
R8d3d908e1,online_sca_seed42_v2,output/online_sca_seed42_v2/stage1b_capt/capt_clientlt,,CAPT,CAPT,CIFAR100-LT,client-longtail,42,,,,,,,,短运行或本地结果不完整,1,80,80,80,,61,80,70.155,81.215,66.55333333333333,69.9,70.21875,76.86428571428571,65.18714285714286,68.12333333333333,70.17,69.45,74.9,31,5.450000000000003,,100,30,dccc4466cfc50d3fc557d32a0d1bb8a7adc9e81ac6b171e47446dfaadfa985ef,03c0a7a963d31a520441bfe39cdfd888a6a84b6e67968a41f4b6ad1af4512f9b,898ab6b4d75ba8f31be40f5219696d98204c1506656c265cc1b3b68eff508a81,3.6500000953674316,39.0,638.0,,80,240,0,[],0.0,逐类核对通过,,,,,,,output/online_sca_seed42_v2/stage1b_capt/capt_clientlt/round_metrics.csv,,{},72cdce631b74d9b1fcbbc4ad02dde67281dd992b4f1b5d1366f9747c79557582,c0f30b11fd14e73b14982fadf3c32fe14b76d9de975857d01b3a0f8091a9cb6c,,output/online_sca_seed42_v2/stage1b_capt/capt_clientlt,独立目录记录
R901215f8a,online_sca_seed42_v2,output/online_sca_seed42_v2/stage1b_capt/capt_matched,,CAPT,CAPT,CIFAR100-LT,matched-dirichlet,42,,,,,,,,短运行或本地结果不完整,1,80,80,80,,61,80,69.7615,80.935,67.96000000000001,63.99249999999999,71.20375,76.98857142857142,66.7642857142857,64.82666666666667,69.69,63.55,67.0,21,3.450000000000003,,100,30,dccc4466cfc50d3fc557d32a0d1bb8a7adc9e81ac6b171e47446dfaadfa985ef,03c0a7a963d31a520441bfe39cdfd888a6a84b6e67968a41f4b6ad1af4512f9b,898ab6b4d75ba8f31be40f5219696d98204c1506656c265cc1b3b68eff508a81,5.349999904632568,39.0,638.0,,80,240,0,[],0.0,逐类核对通过,,,,,,,output/online_sca_seed42_v2/stage1b_capt/capt_matched/round_metrics.csv,,{},fc9dfafdf77246140f29c8baffeecbefbb30e4d5942bfd4ed229a37bc05b0f59,c7449fabd9d459b3d60bbf3daad1dbb47dbe9280f9ace753ad8ceebe6088e33d,,output/online_sca_seed42_v2/stage1b_capt/capt_matched,独立目录记录
R532a2f4a0,pfrf_kill_v1,output/pfrf_kill_v1/runs/class_reweighted_ce/seed42,A/B联合更新，加类别重加权的记忆CE,ClipLora,ClipLora,Cifar100_LT,client-longtail,42,2,fp32,2/FP32,A、B同时更新；2 epoch CE提案＋1 epoch校正,无独立A阶段；辅助损失合入第3 epoch,CE；第3 epoch加入本地频数逆平方根加权记忆CE,有效矩阵平均后SVD；样本量权重,已记录到第100轮或以后,0,100,101,101,,81,100,66.1515,84.3875,68.34833333333333,41.325,72.358125,80.67571428571429,68.72285714285714,46.20666666666666,66.13,41.55,68.65,3,27.10000000000001,66.3,100,30,dccc4466cfc50d3fc557d32a0d1bb8a7adc9e81ac6b171e47446dfaadfa985ef,03c0a7a963d31a520441bfe39cdfd888a6a84b6e67968a41f4b6ad1af4512f9b,898ab6b4d75ba8f31be40f5219696d98204c1506656c265cc1b3b68eff508a81,3.6500000953674316,39.0,638.0,,101,303,0,[],0.0,逐类核对通过,,,,,,与历史普通CE参照同一六组实验；辅助损失系数1；不是A/B分离,output/pfrf_kill_v1/runs/class_reweighted_ce/seed42/round_metrics.csv,,{},c46b18021783831f985127148376fdc647c8d4abb0d7496a76faf926533fa3cc,6b493eaf8573bcb66a2dd7118e3b4799051d0aca65c1fe58f1ae03a74df11338,,output/pfrf_kill_v1/runs/class_reweighted_ce/seed42,独立目录记录
Rc057544b5,pfrf_kill_v1,output/pfrf_kill_v1/runs/instantaneous_target/seed42,A/B联合更新，保持本轮已达到的功能目标,ClipLora,ClipLora,Cifar100_LT,client-longtail,42,2,fp32,2/FP32,A、B同时更新；2 epoch CE提案＋1 epoch校正,无独立A阶段；辅助损失合入第3 epoch,CE；第3 epoch加入本轮目标的平方正部缺口损失,有效矩阵平均后SVD；样本量权重,已记录到第100轮或以后,0,100,101,101,,81,100,64.62899999999999,86.1425,66.8925,36.325,71.705,82.21857142857144,67.17142857142856,41.141666666666666,64.71,36.5,68.65,3,32.150000000000006,66.3,100,30,dccc4466cfc50d3fc557d32a0d1bb8a7adc9e81ac6b171e47446dfaadfa985ef,03c0a7a963d31a520441bfe39cdfd888a6a84b6e67968a41f4b6ad1af4512f9b,898ab6b4d75ba8f31be40f5219696d98204c1506656c265cc1b3b68eff508a81,3.6500000953674316,39.0,638.0,,101,303,0,[],0.0,逐类核对通过,,,,,,与历史普通CE参照同一六组实验；辅助损失系数1；不是A/B分离,output/pfrf_kill_v1/runs/instantaneous_target/seed42/round_metrics.csv,,{},d8c05a0c81b2c520b21e87c5d78b47d513f3992b1bfbad60d1de82e7c34cc32d,4a54348b9b20cb1d10bd3bd963fea4b7c9c02eeb24212be49ace544c1b460131,,output/pfrf_kill_v1/runs/instantaneous_target/seed42,独立目录记录
R6f7109a04,pfrf_kill_v1,output/pfrf_kill_v1/runs/matched_memory_ce/seed42,A/B联合更新，加本地记忆样本CE,ClipLora,ClipLora,Cifar100_LT,client-longtail,42,2,fp32,2/FP32,A、B同时更新；2 epoch CE提案＋1 epoch校正,无独立A阶段；辅助损失合入第3 epoch,CE；第3 epoch加入记忆样本CE,有效矩阵平均后SVD；样本量权重,已记录到第100轮或以后,0,100,101,101,,81,100,65.8935,84.6225,68.24833333333333,40.1,72.34187499999999,80.96428571428571,68.56571428571428,45.193333333333335,65.91,40.35,68.65,3,28.300000000000004,66.3,100,30,dccc4466cfc50d3fc557d32a0d1bb8a7adc9e81ac6b171e47446dfaadfa985ef,03c0a7a963d31a520441bfe39cdfd888a6a84b6e67968a41f4b6ad1af4512f9b,898ab6b4d75ba8f31be40f5219696d98204c1506656c265cc1b3b68eff508a81,3.6500000953674316,39.0,638.0,,101,303,0,[],0.0,逐类核对通过,,,,,,与历史普通CE参照同一六组实验；辅助损失系数1；不是A/B分离,output/pfrf_kill_v1/runs/matched_memory_ce/seed42/round_metrics.csv,,{},a76f19bf84b580a9fd76caa68e6047435b190c664ca55b3e2ce8ae84be5a9d9e,6e9a71944e0ac47e86950f54f5ffc05288d04f273bd8af98d5635eb6323e2f77,,output/pfrf_kill_v1/runs/matched_memory_ce/seed42,独立目录记录
R915aa6a04,pfrf_kill_v1,output/pfrf_kill_v1/runs/ordinary_ce/seed42,A/B全程联合更新，普通CE，有效矩阵平均后SVD,ClipLora,ClipLora,Cifar100_LT,client-longtail,42,2,fp32,2/FP32,A、B同时更新；每轮3 epoch,无独立A阶段,普通 CE,先平均有效LoRA矩阵，再截断SVD回rank2,已记录到第100轮或以后,0,100,101,101,,81,100,64.6075,86.14750000000001,66.88416666666667,36.2375,71.7,82.2357142857143,67.13000000000001,41.098333333333336,64.69,36.4,68.65,3,32.25000000000001,66.3,100,30,dccc4466cfc50d3fc557d32a0d1bb8a7adc9e81ac6b171e47446dfaadfa985ef,03c0a7a963d31a520441bfe39cdfd888a6a84b6e67968a41f4b6ad1af4512f9b,898ab6b4d75ba8f31be40f5219696d98204c1506656c265cc1b3b68eff508a81,3.6500000953674316,39.0,638.0,,101,303,0,[],0.0,逐类核对通过,,,,,,与固定A主线在rank和聚合等方面有差异，不能当纯冻结消融,output/pfrf_kill_v1/runs/ordinary_ce/seed42/round_metrics.csv,,{},24654d4bc6d403755628a0f02b099262dc0545b825249944e039ffca4ffd3b1d,1a6ba98d5c195fb054c00e45a87dc77d00ade48f7c52efe1e1648d8f38dff1bf,,output/pfrf_kill_v1/runs/ordinary_ce/seed42,独立目录记录
R8cd4a74f5,pfrf_kill_v1,output/pfrf_kill_v1/runs/pfrf_add/seed42,A/B联合更新，累计未兑现目标与本轮功能增益,ClipLora,ClipLora,Cifar100_LT,client-longtail,42,2,fp32,2/FP32,A、B同时更新；2 epoch CE提案＋1 epoch校正,无独立A阶段；辅助损失合入第3 epoch,CE；第3 epoch加入累计目标的缺口损失；目标上限1,有效矩阵平均后SVD；样本量权重,已记录到第100轮或以后,0,100,101,101,,81,100,65.07849999999999,85.5275,67.48416666666667,37.4125,71.995,81.79571428571428,67.83142857142857,42.36333333333333,65.25,37.8,68.65,3,30.85000000000001,66.3,100,30,dccc4466cfc50d3fc557d32a0d1bb8a7adc9e81ac6b171e47446dfaadfa985ef,03c0a7a963d31a520441bfe39cdfd888a6a84b6e67968a41f4b6ad1af4512f9b,898ab6b4d75ba8f31be40f5219696d98204c1506656c265cc1b3b68eff508a81,3.6500000953674316,39.0,638.0,,101,303,0,[],0.0,逐类核对通过,,,,,,与历史普通CE参照同一六组实验；辅助损失系数1；不是A/B分离,output/pfrf_kill_v1/runs/pfrf_add/seed42/round_metrics.csv,,{},938bd0f0e30c0557354568be991b926c644c1badc91733e8b853ef4f1e65ae6e,6becf11700337d3838ba82805d0727ce615f7571cb72a332f6d1e14bb3143728,,output/pfrf_kill_v1/runs/pfrf_add/seed42,独立目录记录
Raba9edec4,pfrf_kill_v1,output/pfrf_kill_v1/runs/pfrf_max/seed42,A/B联合更新，保持跨轮历史最高功能目标,ClipLora,ClipLora,Cifar100_LT,client-longtail,42,2,fp32,2/FP32,A、B同时更新；2 epoch CE提案＋1 epoch校正,无独立A阶段；辅助损失合入第3 epoch,CE；第3 epoch加入持久历史最高目标的缺口损失,有效矩阵平均后SVD；样本量权重,已记录到第100轮或以后,0,100,101,101,,81,100,64.87,85.9275,67.1725,36.905,71.86125,82.13857142857144,67.44714285714285,41.71666666666667,64.91,37.05,68.65,3,31.60000000000001,66.3,100,30,dccc4466cfc50d3fc557d32a0d1bb8a7adc9e81ac6b171e47446dfaadfa985ef,03c0a7a963d31a520441bfe39cdfd888a6a84b6e67968a41f4b6ad1af4512f9b,898ab6b4d75ba8f31be40f5219696d98204c1506656c265cc1b3b68eff508a81,3.6500000953674316,39.0,638.0,,101,303,0,[],0.0,逐类核对通过,,,,,,与历史普通CE参照同一六组实验；辅助损失系数1；不是A/B分离,output/pfrf_kill_v1/runs/pfrf_max/seed42/round_metrics.csv,,{},88cee4d692896f81c3c489ca8a4912bea01b3b21e4bd0a75d98a9e051e84f980,7b1a10024779d1ac022ddb0631681fd0bb2b90ac94b4d8dced78efd4db4a214d,,output/pfrf_kill_v1/runs/pfrf_max/seed42,独立目录记录
R8ed9445e3,PromptFL_fedavg_vit_b16_batchSize32,output/PromptFL_fedavg_vit_b16_batchSize32/PanelC_users30_localE3/partition=client-longtail_lambda=0.75_alpha=0.1_rho=3.0_IF=0.01_localE=3_seed=1,,,PromptFL,Cifar100_LT,,,,,,,,,,只有日志或配置，未发现精度结果,,,0,0,,,,,,,,,,,,,,,,,,,,,,,,,,,0,0,0,[],,缺少可交叉核对的分组或逐类文件,,,,,,,per_class CSV,,{},,,,output/PromptFL_fedavg_vit_b16_batchSize32/PanelC_users30_localE3/partition=client-longtail_lambda=0.75_alpha=0.1_rho=3.0_IF=0.01_localE=3_seed=1,独立目录记录
R7a40be715,PromptFL_fedavg_vit_b16_batchSize32,output/PromptFL_fedavg_vit_b16_batchSize32/PanelC_users30_localE3/partition=client-longtail_lambda=0.75_alpha=0.1_rho=3.0_IF=0.01_localE=3_seed=2026,,PromptFL,PromptFL,Cifar100_LT,client-longtail,2026,,,,,,,,已记录到第100轮或以后,1,100,21,21,,,,,,,,,,,,59.66,19.35,24.9,21,5.549999999999997,,100,30,dccc4466cfc50d3fc557d32a0d1bb8a7adc9e81ac6b171e47446dfaadfa985ef,,,3.049999952316284,31.0,1088.0,,21,63,0,[],0.0,逐类核对通过,,,,,,,output/PromptFL_fedavg_vit_b16_batchSize32/PanelC_users30_localE3/partition=client-longtail_lambda=0.75_alpha=0.1_rho=3.0_IF=0.01_localE=3_seed=2026/round_metrics.csv,,{},fa8b50f663937c6369aa86c25d23a171bbcad305ec8bb4b956f933742071fccc,d00f8e42a35f27bd20cebbc53183ac82b4cbf10b4e01bb1ff1e7b5d29e425526,Dd00f8e42,output/PromptFL_fedavg_vit_b16_batchSize32/PanelC_users30_localE3/partition=client-longtail_lambda=0.75_alpha=0.1_rho=3.0_IF=0.01_localE=3_seed=2026,推荐核对入口
Rb1806b15e,PromptFL_fedavg_vit_b16_batchSize32,output/PromptFL_fedavg_vit_b16_batchSize32/PanelC_users30_localE3/partition=client-longtail_lambda=0.75_alpha=0.1_rho=3.0_IF=0.01_localE=3_seed=42,,PromptFL,PromptFL,Cifar100_LT,client-longtail,42,,,,,,,,已记录到第100轮或以后,1,100,21,21,,,,,,,,,,,,61.24,23.05,25.1,96,2.0500000000000007,,100,30,dccc4466cfc50d3fc557d32a0d1bb8a7adc9e81ac6b171e47446dfaadfa985ef,,,2.8499999046325684,39.0,962.0,,21,63,0,[],0.0,逐类核对通过,,,,,,,output/PromptFL_fedavg_vit_b16_batchSize32/PanelC_users30_localE3/partition=client-longtail_lambda=0.75_alpha=0.1_rho=3.0_IF=0.01_localE=3_seed=42/round_metrics.csv,,{},ccd55e2a641a3d16044049c2c88f2c0d3254a6f8264dfa47387d386e7372cade,844dc6a42c248865733909c75faf80e31b3afd79e45315da2d1e9d8b92b12dec,D844dc6a4,output/PromptFL_fedavg_vit_b16_batchSize32/PanelC_users30_localE3/partition=client-longtail_lambda=0.75_alpha=0.1_rho=3.0_IF=0.01_localE=3_seed=42,推荐核对入口
R4ec2cb542,PromptFL_fedavg_vit_b16_batchSize32,output/PromptFL_fedavg_vit_b16_batchSize32/PanelC_users30_localE3/partition=client-longtail_lambda=0.75_alpha=0.25_rho=3.0_IF=0.01_localE=3_seed=1,,PromptFL,PromptFL,Cifar100_LT,client-longtail,1,,,,,,,,已记录到第100轮或以后,1,100,21,21,,,,,,,,,,,,60.06,20.05,22.85,21,2.8000000000000007,,100,30,dccc4466cfc50d3fc557d32a0d1bb8a7adc9e81ac6b171e47446dfaadfa985ef,,,3.5,35.0,632.0,,21,63,0,[],0.0,逐类核对通过,,,,,,,output/PromptFL_fedavg_vit_b16_batchSize32/PanelC_users30_localE3/partition=client-longtail_lambda=0.75_alpha=0.25_rho=3.0_IF=0.01_localE=3_seed=1/round_metrics.csv,,{},18d9e50203c386928109ad6ead3b1c0523ffdf6c653fb70e4c821f4414d4299d,d90d2ddeba8e1bfa03dffc96f030b486ee093ce28309b5224f0bed856c707456,Dd90d2dde,output/PromptFL_fedavg_vit_b16_batchSize32/PanelC_users30_localE3/partition=client-longtail_lambda=0.75_alpha=0.25_rho=3.0_IF=0.01_localE=3_seed=1,推荐核对入口
R09c1d6505,PromptFL_fedavg_vit_b16_batchSize32,output/PromptFL_fedavg_vit_b16_batchSize32/PanelC_users30_localE3/partition=client-longtail_lambda=0.75_alpha=0.25_rho=3.0_IF=0.01_localE=3_seed=2026,,PromptFL,PromptFL,Cifar100_LT,client-longtail,2026,,,,,,,,已记录到第100轮或以后,1,100,21,21,,,,,,,,,,,,60.5,19.3,22.15,26,2.849999999999998,,100,30,dccc4466cfc50d3fc557d32a0d1bb8a7adc9e81ac6b171e47446dfaadfa985ef,,,3.1500000953674316,38.0,559.0,,21,63,0,[],0.0,逐类核对通过,,,,,,,output/PromptFL_fedavg_vit_b16_batchSize32/PanelC_users30_localE3/partition=client-longtail_lambda=0.75_alpha=0.25_rho=3.0_IF=0.01_localE=3_seed=2026/round_metrics.csv,,{},7b8bb0e20b6945c845aafe9bbcfc181870bdd69a0e003980787dbb75297e280f,cda2911ba1cc9ec9b1d7bdedaa06e34e74d9691cca14e7324e871c00db921e7f,Dcda2911b,output/PromptFL_fedavg_vit_b16_batchSize32/PanelC_users30_localE3/partition=client-longtail_lambda=0.75_alpha=0.25_rho=3.0_IF=0.01_localE=3_seed=2026,推荐核对入口
R74b7722e1,PromptFL_fedavg_vit_b16_batchSize32,output/PromptFL_fedavg_vit_b16_batchSize32/PanelC_users30_localE3/partition=client-longtail_lambda=0.75_alpha=0.25_rho=3.0_IF=0.01_localE=3_seed=42,,PromptFL,PromptFL,Cifar100_LT,client-longtail,42,,,,,,,,已记录到第100轮或以后,1,100,21,21,,,,,,,,,,,,61.16,21.55,23.2,46,1.6499999999999986,,100,30,dccc4466cfc50d3fc557d32a0d1bb8a7adc9e81ac6b171e47446dfaadfa985ef,,,3.25,40.0,597.0,,21,63,0,[],0.0,逐类核对通过,,,,,,,output/PromptFL_fedavg_vit_b16_batchSize32/PanelC_users30_localE3/partition=client-longtail_lambda=0.75_alpha=0.25_rho=3.0_IF=0.01_localE=3_seed=42/round_metrics.csv,,{},08152f5b6ed633fe488f7bb66ae1ae33af16a763972bacb7e54f72e5cb3ef205,18a298e25f5fb3f880b61090a80ef816a795535f49417fe0948722cfe7be7c4d,D18a298e2,output/PromptFL_fedavg_vit_b16_batchSize32/PanelC_users30_localE3/partition=client-longtail_lambda=0.75_alpha=0.25_rho=3.0_IF=0.01_localE=3_seed=42,推荐核对入口
R84f37a4c1,PromptFL_fedavg_vit_b16_batchSize32,output/PromptFL_fedavg_vit_b16_batchSize32/PanelC_users30_localE3/partition=client-longtail_lambda=0.75_alpha=0.5_rho=3.0_IF=0.01_localE=3_seed=1,,PromptFL,PromptFL,Cifar100_LT,client-longtail,1,,,,,,,,已记录到第100轮或以后,1,100,21,21,,,,,,,,,,,,60.58,17.5,21.4,26,3.8999999999999986,,100,30,dccc4466cfc50d3fc557d32a0d1bb8a7adc9e81ac6b171e47446dfaadfa985ef,,,4.050000190734863,38.0,587.0,,21,63,0,[],0.0,逐类核对通过,,,,,,,output/PromptFL_fedavg_vit_b16_batchSize32/PanelC_users30_localE3/partition=client-longtail_lambda=0.75_alpha=0.5_rho=3.0_IF=0.01_localE=3_seed=1/round_metrics.csv,,{},055ebf681b3a2e26adb9aa20047f3b9d4eb9aa850e73953aad55d21fa1baf239,71613aacda62c611a226896e328e4f45549814a4735d6a7d2da173028d333bd9,D71613aac,output/PromptFL_fedavg_vit_b16_batchSize32/PanelC_users30_localE3/partition=client-longtail_lambda=0.75_alpha=0.5_rho=3.0_IF=0.01_localE=3_seed=1,推荐核对入口
R89b2e411e,PromptFL_fedavg_vit_b16_batchSize32,output/PromptFL_fedavg_vit_b16_batchSize32/PanelC_users30_localE3/partition=client-longtail_lambda=0.75_alpha=0.5_rho=3.0_IF=0.01_localE=3_seed=2026,,PromptFL,PromptFL,Cifar100_LT,client-longtail,2026,,,,,,,,已记录到第100轮或以后,1,100,21,21,,,,,,,,,,,,60.05,17.85,19.65,26,1.7999999999999972,,100,30,dccc4466cfc50d3fc557d32a0d1bb8a7adc9e81ac6b171e47446dfaadfa985ef,,,3.8499999046325684,37.0,717.0,,21,63,0,[],0.0,逐类核对通过,,,,,,,output/PromptFL_fedavg_vit_b16_batchSize32/PanelC_users30_localE3/partition=client-longtail_lambda=0.75_alpha=0.5_rho=3.0_IF=0.01_localE=3_seed=2026/round_metrics.csv,,{},ec4146341b16cd00f42d90997a5351ccd2c7a5579b5d11e282d41a77d2249607,2816c9cd14382e90843dad3d1e8d39a38e0a5fc039ca3f7522cd700af29e9d6c,D2816c9cd,output/PromptFL_fedavg_vit_b16_batchSize32/PanelC_users30_localE3/partition=client-longtail_lambda=0.75_alpha=0.5_rho=3.0_IF=0.01_localE=3_seed=2026,推荐核对入口
R31029c3b9,PromptFL_fedavg_vit_b16_batchSize32,output/PromptFL_fedavg_vit_b16_batchSize32/PanelC_users30_localE3/partition=client-longtail_lambda=0.75_alpha=0.5_rho=3.0_IF=0.01_localE=3_seed=42,,PromptFL,PromptFL,Cifar100_LT,client-longtail,42,,,,,,,,已记录到第100轮或以后,1,100,21,21,,,,,,,,,,,,60.86,19.25,20.0,16,0.75,,100,30,dccc4466cfc50d3fc557d32a0d1bb8a7adc9e81ac6b171e47446dfaadfa985ef,,,3.6500000953674316,39.0,638.0,,21,63,0,[],0.0,逐类核对通过,,,,,,,output/PromptFL_fedavg_vit_b16_batchSize32/PanelC_users30_localE3/partition=client-longtail_lambda=0.75_alpha=0.5_rho=3.0_IF=0.01_localE=3_seed=42/round_metrics.csv,,{},e3d97f194b7f052a77506944799ef368811735eab122ce1a94206a5b90485b11,7b6908e2c850cc251145e74d632d9a89b4b2b5f53664a9196bbca93cb2dcb573,D7b6908e2,output/PromptFL_fedavg_vit_b16_batchSize32/PanelC_users30_localE3/partition=client-longtail_lambda=0.75_alpha=0.5_rho=3.0_IF=0.01_localE=3_seed=42,推荐核对入口
R0652303d6,PromptFL_fedavg_vit_b16_batchSize32,output/PromptFL_fedavg_vit_b16_batchSize32/PanelC_users30_localE3/partition=client-longtail_lambda=0.75_alpha=0.75_rho=3.0_IF=0.01_localE=3_seed=1,,PromptFL,PromptFL,Cifar100_LT,client-longtail,1,,,,,,,,已记录到第100轮或以后,1,100,21,21,,,,,,,,,,,,60.58,18.35,19.25,76,0.8999999999999986,,100,30,dccc4466cfc50d3fc557d32a0d1bb8a7adc9e81ac6b171e47446dfaadfa985ef,,,3.75,36.0,550.0,,21,63,0,[],0.0,逐类核对通过,,,,,,,output/PromptFL_fedavg_vit_b16_batchSize32/PanelC_users30_localE3/partition=client-longtail_lambda=0.75_alpha=0.75_rho=3.0_IF=0.01_localE=3_seed=1/round_metrics.csv,,{},9bc495680f07a1dcc861e15eefd48b94d01f784d7a2faa09ee398aeadcdcc873,f0bdf120fac92c454167c6e94da9131aa8124457259d218d57eadf4ab76bad80,Df0bdf120,output/PromptFL_fedavg_vit_b16_batchSize32/PanelC_users30_localE3/partition=client-longtail_lambda=0.75_alpha=0.75_rho=3.0_IF=0.01_localE=3_seed=1,推荐核对入口
Rb5e154957,PromptFL_fedavg_vit_b16_batchSize32,output/PromptFL_fedavg_vit_b16_batchSize32/PanelC_users30_localE3/partition=client-longtail_lambda=0.75_alpha=0.75_rho=3.0_IF=0.01_localE=3_seed=2026,,PromptFL,PromptFL,Cifar100_LT,client-longtail,2026,,,,,,,,已记录到第100轮或以后,1,100,21,21,,,,,,,,,,,,60.01,16.85,18.6,51,1.75,,100,30,dccc4466cfc50d3fc557d32a0d1bb8a7adc9e81ac6b171e47446dfaadfa985ef,,,3.9000000953674316,38.0,527.0,,21,63,0,[],0.0,逐类核对通过,,,,,,,output/PromptFL_fedavg_vit_b16_batchSize32/PanelC_users30_localE3/partition=client-longtail_lambda=0.75_alpha=0.75_rho=3.0_IF=0.01_localE=3_seed=2026/round_metrics.csv,,{},2f7130e6291be01cfda7dea0209e8f7abc4537759a381e416c40c00be7572c3c,c47cdebe125196b3fd996906ff7867df9129932f1fa434c64545837dbafc5440,Dc47cdebe,output/PromptFL_fedavg_vit_b16_batchSize32/PanelC_users30_localE3/partition=client-longtail_lambda=0.75_alpha=0.75_rho=3.0_IF=0.01_localE=3_seed=2026,推荐核对入口
R893bc1916,PromptFL_fedavg_vit_b16_batchSize32,output/PromptFL_fedavg_vit_b16_batchSize32/PanelC_users30_localE3/partition=client-longtail_lambda=0.75_alpha=0.75_rho=3.0_IF=0.01_localE=3_seed=42,,PromptFL,PromptFL,Cifar100_LT,client-longtail,42,,,,,,,,已记录到第100轮或以后,1,100,21,21,,,,,,,,,,,,59.78,16.5,20.7,31,4.199999999999999,,100,30,dccc4466cfc50d3fc557d32a0d1bb8a7adc9e81ac6b171e47446dfaadfa985ef,,,4.050000190734863,37.0,505.0,,21,63,0,[],0.0,逐类核对通过,,,,,,,output/PromptFL_fedavg_vit_b16_batchSize32/PanelC_users30_localE3/partition=client-longtail_lambda=0.75_alpha=0.75_rho=3.0_IF=0.01_localE=3_seed=42/round_metrics.csv,,{},526800966a690c40dd9a7c76e77a87945203f390e3012845248dd36f23c61392,846f4ff6c3255281060cc797ee4526e7ae6030e083e11403dfb4270e684c3958,D846f4ff6,output/PromptFL_fedavg_vit_b16_batchSize32/PanelC_users30_localE3/partition=client-longtail_lambda=0.75_alpha=0.75_rho=3.0_IF=0.01_localE=3_seed=42,推荐核对入口
Rb0dd79cc9,PromptFL_fedavg_vit_b16_batchSize32,output/PromptFL_fedavg_vit_b16_batchSize32/PanelC_users30_localE3/partition=client-longtail_lambda=0.75_alpha=1.0_rho=3.0_IF=0.01_localE=3_seed=1,,PromptFL,PromptFL,Cifar100_LT,client-longtail,1,,,,,,,,已记录到第100轮或以后,1,100,21,21,,,,,,,,,,,,60.67,18.55,20.4,31,1.8499999999999979,,100,30,dccc4466cfc50d3fc557d32a0d1bb8a7adc9e81ac6b171e47446dfaadfa985ef,,,4.099999904632568,34.0,489.0,,21,63,0,[],0.0,逐类核对通过,,,,,,,output/PromptFL_fedavg_vit_b16_batchSize32/PanelC_users30_localE3/partition=client-longtail_lambda=0.75_alpha=1.0_rho=3.0_IF=0.01_localE=3_seed=1/round_metrics.csv,,{},4b0f6e25df9303c2f4e41d55509cc809502df69b97c5991353e53a9631f43dc4,228d8e8c935414050efa940a5b1e3242ba8cd25c704fe107068c8cafcb84eaa3,D228d8e8c,output/PromptFL_fedavg_vit_b16_batchSize32/PanelC_users30_localE3/partition=client-longtail_lambda=0.75_alpha=1.0_rho=3.0_IF=0.01_localE=3_seed=1,推荐核对入口
R0960aecf0,PromptFL_fedavg_vit_b16_batchSize32,output/PromptFL_fedavg_vit_b16_batchSize32/PanelC_users30_localE3/partition=client-longtail_lambda=0.75_alpha=1.0_rho=3.0_IF=0.01_localE=3_seed=2026,,PromptFL,PromptFL,Cifar100_LT,client-longtail,2026,,,,,,,,已记录到第100轮或以后,1,100,21,21,,,,,,,,,,,,60.55,18.1,19.7,36,1.5999999999999979,,100,30,dccc4466cfc50d3fc557d32a0d1bb8a7adc9e81ac6b171e47446dfaadfa985ef,,,4.099999904632568,31.0,597.0,,21,63,0,[],0.0,逐类核对通过,,,,,,,output/PromptFL_fedavg_vit_b16_batchSize32/PanelC_users30_localE3/partition=client-longtail_lambda=0.75_alpha=1.0_rho=3.0_IF=0.01_localE=3_seed=2026/round_metrics.csv,,{},66877d44ba3bab0c1f13986d09472e605df12274e78b5abeafe8f391743e14bb,0896118cdc6e0f87c9d3837b4b6ba40ac39e5f295020d51262ee8440c32f73ac,D0896118c,output/PromptFL_fedavg_vit_b16_batchSize32/PanelC_users30_localE3/partition=client-longtail_lambda=0.75_alpha=1.0_rho=3.0_IF=0.01_localE=3_seed=2026,推荐核对入口
Rf3da08eef,PromptFL_fedavg_vit_b16_batchSize32,output/PromptFL_fedavg_vit_b16_batchSize32/PanelC_users30_localE3/partition=client-longtail_lambda=0.75_alpha=1.0_rho=3.0_IF=0.01_localE=3_seed=42,,PromptFL,PromptFL,Cifar100_LT,client-longtail,42,,,,,,,,已记录到第100轮或以后,1,100,21,21,,,,,,,,,,,,60.82,16.9,18.55,26,1.6500000000000021,,100,30,dccc4466cfc50d3fc557d32a0d1bb8a7adc9e81ac6b171e47446dfaadfa985ef,,,4.300000190734863,37.0,552.0,,21,63,0,[],0.0,逐类核对通过,,,,,,,output/PromptFL_fedavg_vit_b16_batchSize32/PanelC_users30_localE3/partition=client-longtail_lambda=0.75_alpha=1.0_rho=3.0_IF=0.01_localE=3_seed=42/round_metrics.csv,,{},48ce6740a689db7e149691e609573f48388f1e869e04df2128ec87715c3cdece,571eda4b682e609c428bbaa2157413b08bd2b8b5d6409977d8ffbd3530616a15,D571eda4b,output/PromptFL_fedavg_vit_b16_batchSize32/PanelC_users30_localE3/partition=client-longtail_lambda=0.75_alpha=1.0_rho=3.0_IF=0.01_localE=3_seed=42,推荐核对入口
Rd9cbd2dea,PromptFL_fedavg_vit_b16_batchSize32,output/PromptFL_fedavg_vit_b16_batchSize32/PanelC_users30_localE3/partition=noniid-labeldir-fine_alpha=0.1_IF=0.01_localE=3_seed=1,,PromptFL,PromptFL,Cifar100_LT,noniid-labeldir-fine,1,,,,,,,,已记录到第100轮或以后,1,100,21,21,,,,,,,,,,,,64.24,38.95,42.3,16,3.3499999999999943,,100,30,dccc4466cfc50d3fc557d32a0d1bb8a7adc9e81ac6b171e47446dfaadfa985ef,,,4.199999809265137,109.0,881.0,,21,63,0,[],0.0,逐类核对通过,,,,,,,output/PromptFL_fedavg_vit_b16_batchSize32/PanelC_users30_localE3/partition=noniid-labeldir-fine_alpha=0.1_IF=0.01_localE=3_seed=1/round_metrics.csv,,{},274d032a400df3a769d136655d593861c0d5ad376dd28ccf8b043b2f412926dd,f2e9b372d7a811f420b7cba5418e35eb24c5df810cb41b8523ed2c6ed977bddf,Df2e9b372,output/PromptFL_fedavg_vit_b16_batchSize32/PanelC_users30_localE3/partition=noniid-labeldir-fine_alpha=0.1_IF=0.01_localE=3_seed=1,推荐核对入口
Rf6302c74b,PromptFL_fedavg_vit_b16_batchSize32,output/PromptFL_fedavg_vit_b16_batchSize32/PanelC_users30_localE3/partition=noniid-labeldir-fine_alpha=0.1_IF=0.01_localE=3_seed=2026,,PromptFL,PromptFL,Cifar100_LT,noniid-labeldir-fine,2026,,,,,,,,已记录到第100轮或以后,1,100,21,21,,,,,,,,,,,,64.04,39.75,41.85,41,2.1000000000000014,,100,30,dccc4466cfc50d3fc557d32a0d1bb8a7adc9e81ac6b171e47446dfaadfa985ef,,,4.0,132.0,781.0,,21,63,0,[],0.0,逐类核对通过,,,,,,,output/PromptFL_fedavg_vit_b16_batchSize32/PanelC_users30_localE3/partition=noniid-labeldir-fine_alpha=0.1_IF=0.01_localE=3_seed=2026/round_metrics.csv,,{},44ac30331de71042f328a8db6cd79efc35b8293ad1388de4c03558265ef80878,c60dc8d588daca3d1f9c02bf482420fbdb3ac63a166336ba68576ca3e16a974c,Dc60dc8d5,output/PromptFL_fedavg_vit_b16_batchSize32/PanelC_users30_localE3/partition=noniid-labeldir-fine_alpha=0.1_IF=0.01_localE=3_seed=2026,推荐核对入口
R136cf27f0,PromptFL_fedavg_vit_b16_batchSize32,output/PromptFL_fedavg_vit_b16_batchSize32/PanelC_users30_localE3/partition=noniid-labeldir-fine_alpha=0.1_IF=0.01_localE=3_seed=42,,PromptFL,PromptFL,Cifar100_LT,noniid-labeldir-fine,42,,,,,,,,已记录到第100轮或以后,1,100,21,21,,,,,,,,,,,,62.55,35.05,38.65,36,3.6000000000000014,,100,30,dccc4466cfc50d3fc557d32a0d1bb8a7adc9e81ac6b171e47446dfaadfa985ef,,,3.700000047683716,106.0,792.0,,21,63,0,[],0.0,逐类核对通过,,,,,,,output/PromptFL_fedavg_vit_b16_batchSize32/PanelC_users30_localE3/partition=noniid-labeldir-fine_alpha=0.1_IF=0.01_localE=3_seed=42/round_metrics.csv,,{},93b19f28c0f8ffcff805f53c714a7172f9079755e2dcedfa9c352a3a166bd500,930b75fdb87399558c06cded2b53f2c0273e4dc38cdcbb2cebff484d6eb15b50,D930b75fd,output/PromptFL_fedavg_vit_b16_batchSize32/PanelC_users30_localE3/partition=noniid-labeldir-fine_alpha=0.1_IF=0.01_localE=3_seed=42,推荐核对入口
R34ce67245,PromptFL_fedavg_vit_b16_batchSize32,output/PromptFL_fedavg_vit_b16_batchSize32/PanelC_users30_localE3/partition=noniid-labeldir-fine_alpha=0.25_IF=0.01_localE=3_seed=1,,PromptFL,PromptFL,Cifar100_LT,noniid-labeldir-fine,1,,,,,,,,已记录到第100轮或以后,1,100,21,21,,,,,,,,,,,,64.46,38.05,39.95,66,1.9000000000000057,,100,30,dccc4466cfc50d3fc557d32a0d1bb8a7adc9e81ac6b171e47446dfaadfa985ef,,,4.599999904632568,189.0,632.0,,21,63,0,[],0.0,逐类核对通过,,,,,,,output/PromptFL_fedavg_vit_b16_batchSize32/PanelC_users30_localE3/partition=noniid-labeldir-fine_alpha=0.25_IF=0.01_localE=3_seed=1/round_metrics.csv,,{},536802cdc26da4e813ec988a0ffbf2db2b274df7d286ae385c16d748f6862fe8,c4626fb87deaeb972f498a53c639f92fd1b36710e339c861ec5cc181fa5e079a,Dc4626fb8,output/PromptFL_fedavg_vit_b16_batchSize32/PanelC_users30_localE3/partition=noniid-labeldir-fine_alpha=0.25_IF=0.01_localE=3_seed=1,推荐核对入口
Re9a9007fc,PromptFL_fedavg_vit_b16_batchSize32,output/PromptFL_fedavg_vit_b16_batchSize32/PanelC_users30_localE3/partition=noniid-labeldir-fine_alpha=0.25_IF=0.01_localE=3_seed=2026,,PromptFL,PromptFL,Cifar100_LT,noniid-labeldir-fine,2026,,,,,,,,已记录到第100轮或以后,1,100,21,21,,,,,,,,,,,,65.17,38.95,40.3,26,1.3499999999999943,,100,30,dccc4466cfc50d3fc557d32a0d1bb8a7adc9e81ac6b171e47446dfaadfa985ef,,,5.150000095367432,221.0,568.0,,21,63,0,[],0.0,逐类核对通过,,,,,,,output/PromptFL_fedavg_vit_b16_batchSize32/PanelC_users30_localE3/partition=noniid-labeldir-fine_alpha=0.25_IF=0.01_localE=3_seed=2026/round_metrics.csv,,{},277e7b4ddecef688b52d36cc2028b054b42806c966a159bf573cfd0f3915be57,bfc53ae28b83b7cfacdfa9e9da3a87dec54b6fda1e1d595b1187a845857d6135,Dbfc53ae2,output/PromptFL_fedavg_vit_b16_batchSize32/PanelC_users30_localE3/partition=noniid-labeldir-fine_alpha=0.25_IF=0.01_localE=3_seed=2026,推荐核对入口
R083a82579,PromptFL_fedavg_vit_b16_batchSize32,output/PromptFL_fedavg_vit_b16_batchSize32/PanelC_users30_localE3/partition=noniid-labeldir-fine_alpha=0.25_IF=0.01_localE=3_seed=42,,PromptFL,PromptFL,Cifar100_LT,noniid-labeldir-fine,42,,,,,,,,已记录到第100轮或以后,1,100,21,21,,,,,,,,,,,,64.6,39.3,41.2,56,1.9000000000000057,,100,30,dccc4466cfc50d3fc557d32a0d1bb8a7adc9e81ac6b171e47446dfaadfa985ef,,,5.400000095367432,199.0,549.0,,21,63,0,[],0.0,逐类核对通过,,,,,,,output/PromptFL_fedavg_vit_b16_batchSize32/PanelC_users30_localE3/partition=noniid-labeldir-fine_alpha=0.25_IF=0.01_localE=3_seed=42/round_metrics.csv,,{},13b1719a5a02b47e7cbf4807ccdefe01ca1691687d1cbd61f3b4405b3f4345c3,81eae109cbc7c2981c900878e3b1b749dec352c59e009d1368d001762fd28dd8,D81eae109,output/PromptFL_fedavg_vit_b16_batchSize32/PanelC_users30_localE3/partition=noniid-labeldir-fine_alpha=0.25_IF=0.01_localE=3_seed=42,推荐核对入口
R0e811700a,PromptFL_fedavg_vit_b16_batchSize32,output/PromptFL_fedavg_vit_b16_batchSize32/PanelC_users30_localE3/partition=noniid-labeldir-fine_alpha=0.5_IF=0.01_localE=3_seed=1,,PromptFL,PromptFL,Cifar100_LT,noniid-labeldir-fine,1,,,,,,,,已记录到第100轮或以后,1,100,21,21,,,,,,,,,,,,64.55,37.25,39.6,56,2.3500000000000014,,100,30,dccc4466cfc50d3fc557d32a0d1bb8a7adc9e81ac6b171e47446dfaadfa985ef,,,5.650000095367432,267.0,506.0,,21,63,0,[],0.0,逐类核对通过,,,,,,,output/PromptFL_fedavg_vit_b16_batchSize32/PanelC_users30_localE3/partition=noniid-labeldir-fine_alpha=0.5_IF=0.01_localE=3_seed=1/round_metrics.csv,,{},f60ed5d7310f23fbebb7cdf9f61199788c049a2a22ba5047b26851f24c8de7f2,d3dc83f9e549b59566b62487ef2269c5c4bf93f77779135f996c3d1914162423,Dd3dc83f9,output/PromptFL_fedavg_vit_b16_batchSize32/PanelC_users30_localE3/partition=noniid-labeldir-fine_alpha=0.5_IF=0.01_localE=3_seed=1,推荐核对入口
R6111d9ed5,PromptFL_fedavg_vit_b16_batchSize32,output/PromptFL_fedavg_vit_b16_batchSize32/PanelC_users30_localE3/partition=noniid-labeldir-fine_alpha=0.5_IF=0.01_localE=3_seed=2026,,PromptFL,PromptFL,Cifar100_LT,noniid-labeldir-fine,2026,,,,,,,,已记录到第100轮或以后,1,100,21,21,,,,,,,,,,,,64.04,36.85,39.75,91,2.8999999999999986,,100,30,dccc4466cfc50d3fc557d32a0d1bb8a7adc9e81ac6b171e47446dfaadfa985ef,,,5.699999809265137,251.0,563.0,,21,63,0,[],0.0,逐类核对通过,,,,,,,output/PromptFL_fedavg_vit_b16_batchSize32/PanelC_users30_localE3/partition=noniid-labeldir-fine_alpha=0.5_IF=0.01_localE=3_seed=2026/round_metrics.csv,,{},bd424eefb3e6c4852d22cf164f01476160f0d19f642bd19ab8d8156a76ae91db,803df476d99266fd736a0d5892d89ae8b456fd8f1a7c7a693b0ea69ccf52cc19,D803df476,output/PromptFL_fedavg_vit_b16_batchSize32/PanelC_users30_localE3/partition=noniid-labeldir-fine_alpha=0.5_IF=0.01_localE=3_seed=2026,推荐核对入口
Rb60819bc8,PromptFL_fedavg_vit_b16_batchSize32,output/PromptFL_fedavg_vit_b16_batchSize32/PanelC_users30_localE3/partition=noniid-labeldir-fine_alpha=0.5_IF=0.01_localE=3_seed=42,,PromptFL,PromptFL,Cifar100_LT,noniid-labeldir-fine,42,,,,,,,,已记录到第100轮或以后,1,100,21,21,,,,,,,,,,,,65.1,40.15,43.1,76,2.950000000000003,,100,30,dccc4466cfc50d3fc557d32a0d1bb8a7adc9e81ac6b171e47446dfaadfa985ef,,,6.050000190734863,229.0,500.0,,21,63,0,[],0.0,逐类核对通过,,,,,,,output/PromptFL_fedavg_vit_b16_batchSize32/PanelC_users30_localE3/partition=noniid-labeldir-fine_alpha=0.5_IF=0.01_localE=3_seed=42/round_metrics.csv,,{},f8d248ea147a254c5bade548342644aa0f4ce9e847675ccb81705766232e2f11,308fde450d9911dfec9fa8f2a68d78f85b01d474da27a74c210d8a4904e60624,D308fde45,output/PromptFL_fedavg_vit_b16_batchSize32/PanelC_users30_localE3/partition=noniid-labeldir-fine_alpha=0.5_IF=0.01_localE=3_seed=42,推荐核对入口
R3d6f4fc27,PromptFL_fedavg_vit_b16_batchSize32,output/PromptFL_fedavg_vit_b16_batchSize32/PanelC_users30_localE3/partition=noniid-labeldir-fine_alpha=0.75_IF=0.01_localE=3_seed=1,,,PromptFL,Cifar100_LT,noniid-labeldir-fine,1,,,,,,,,只有日志或配置，未发现精度结果,,,0,0,,,,,,,,,,,,,,,,,,100,30,dccc4466cfc50d3fc557d32a0d1bb8a7adc9e81ac6b171e47446dfaadfa985ef,,,6.099999904632568,278.0,484.0,,0,0,0,[],,缺少可交叉核对的分组或逐类文件,,,,,,,per_class CSV,,{},,,,output/PromptFL_fedavg_vit_b16_batchSize32/PanelC_users30_localE3/partition=noniid-labeldir-fine_alpha=0.75_IF=0.01_localE=3_seed=1,独立目录记录
Rbf0219364,PromptFL_fedavg_vit_b16_batchSize32,output/PromptFL_fedavg_vit_b16_batchSize32/PanelC_users30_localE3/partition=noniid-labeldir-fine_alpha=0.75_IF=0.01_localE=3_seed=2026,,PromptFL,PromptFL,Cifar100_LT,noniid-labeldir-fine,2026,,,,,,,,已记录到第100轮或以后,1,100,21,21,,,,,,,,,,,,64.37,36.7,39.95,41,3.25,,100,30,dccc4466cfc50d3fc557d32a0d1bb8a7adc9e81ac6b171e47446dfaadfa985ef,,,5.900000095367432,270.0,527.0,,21,63,0,[],0.0,逐类核对通过,,,,,,,output/PromptFL_fedavg_vit_b16_batchSize32/PanelC_users30_localE3/partition=noniid-labeldir-fine_alpha=0.75_IF=0.01_localE=3_seed=2026/round_metrics.csv,,{},b592e094e0e21fb4fbe7f8cd52ba0599ce6ceed3adb5092a3d06a32c11850d2e,1fd1f078ea6255e58835fb2d8c046287bcd8a488502e7f81a1216e94e5186e07,D1fd1f078,output/PromptFL_fedavg_vit_b16_batchSize32/PanelC_users30_localE3/partition=noniid-labeldir-fine_alpha=0.75_IF=0.01_localE=3_seed=2026,推荐核对入口
R34294fa5c,PromptFL_fedavg_vit_b16_batchSize32,output/PromptFL_fedavg_vit_b16_batchSize32/PanelC_users30_localE3/partition=noniid-labeldir-fine_alpha=0.75_IF=0.01_localE=3_seed=42,,PromptFL,PromptFL,Cifar100_LT,noniid-labeldir-fine,42,,,,,,,,已记录到第100轮或以后,1,100,21,21,,,,,,,,,,,,63.26,36.4,40.3,66,3.8999999999999986,,100,30,dccc4466cfc50d3fc557d32a0d1bb8a7adc9e81ac6b171e47446dfaadfa985ef,,,6.199999809265137,269.0,496.0,,21,63,0,[],0.0,逐类核对通过,,,,,,,output/PromptFL_fedavg_vit_b16_batchSize32/PanelC_users30_localE3/partition=noniid-labeldir-fine_alpha=0.75_IF=0.01_localE=3_seed=42/round_metrics.csv,,{},7a6c3309b2123a48cf1a46d8c5129762babe858d80b79e6228ee33ce18954bdb,d21b99620b2368b1caf2937c01d09882e9bd7bd812edaa5448f5d9daa8213a39,Dd21b9962,output/PromptFL_fedavg_vit_b16_batchSize32/PanelC_users30_localE3/partition=noniid-labeldir-fine_alpha=0.75_IF=0.01_localE=3_seed=42,推荐核对入口
R732afc73c,PromptFL_fedavg_vit_b16_batchSize32,output/PromptFL_fedavg_vit_b16_batchSize32/PanelC_users30_localE3/partition=noniid-labeldir-fine_alpha=1.0_IF=0.01_localE=3_seed=1,,,PromptFL,Cifar100_LT,noniid-labeldir-fine,1,,,,,,,,只有日志或配置，未发现精度结果,,,0,0,,,,,,,,,,,,,,,,,,100,30,dccc4466cfc50d3fc557d32a0d1bb8a7adc9e81ac6b171e47446dfaadfa985ef,,,6.0,187.0,509.0,,0,0,0,[],,缺少可交叉核对的分组或逐类文件,,,,,,,per_class CSV,,{},,,,output/PromptFL_fedavg_vit_b16_batchSize32/PanelC_users30_localE3/partition=noniid-labeldir-fine_alpha=1.0_IF=0.01_localE=3_seed=1,独立目录记录
R2fece5747,PromptFL_fedavg_vit_b16_batchSize32,output/PromptFL_fedavg_vit_b16_batchSize32/PanelC_users30_localE3/partition=noniid-labeldir-fine_alpha=1.0_IF=0.01_localE=3_seed=2026,,PromptFL,PromptFL,Cifar100_LT,noniid-labeldir-fine,2026,,,,,,,,已记录到第100轮或以后,1,100,21,21,,,,,,,,,,,,64.68,38.1,40.45,46,2.3500000000000014,,100,30,dccc4466cfc50d3fc557d32a0d1bb8a7adc9e81ac6b171e47446dfaadfa985ef,,,6.099999904632568,272.0,456.0,,21,63,0,[],0.0,逐类核对通过,,,,,,,output/PromptFL_fedavg_vit_b16_batchSize32/PanelC_users30_localE3/partition=noniid-labeldir-fine_alpha=1.0_IF=0.01_localE=3_seed=2026/round_metrics.csv,,{},3ae1e8057cc9f6042523262aa5b933de45742c638c1674ddabb99fb43bfe967c,2b39c23765c08d602df3fd8e5b51e5ba1564c5450bd0292f02959ee9b74b01a1,D2b39c237,output/PromptFL_fedavg_vit_b16_batchSize32/PanelC_users30_localE3/partition=noniid-labeldir-fine_alpha=1.0_IF=0.01_localE=3_seed=2026,推荐核对入口
R72d919e2c,PromptFL_fedavg_vit_b16_batchSize32,output/PromptFL_fedavg_vit_b16_batchSize32/PanelC_users30_localE3/partition=noniid-labeldir-fine_alpha=1.0_IF=0.01_localE=3_seed=42,,PromptFL,PromptFL,Cifar100_LT,noniid-labeldir-fine,42,,,,,,,,已记录到第100轮或以后,1,100,21,21,,,,,,,,,,,,63.87,37.15,38.9,71,1.75,,100,30,dccc4466cfc50d3fc557d32a0d1bb8a7adc9e81ac6b171e47446dfaadfa985ef,,,6.349999904632568,216.0,480.0,,21,63,0,[],0.0,逐类核对通过,,,,,,,output/PromptFL_fedavg_vit_b16_batchSize32/PanelC_users30_localE3/partition=noniid-labeldir-fine_alpha=1.0_IF=0.01_localE=3_seed=42/round_metrics.csv,,{},df0b951a025b283fb32a8b58523866d1b2ecc1e3faf6b60bbeb8e8965922425d,06b7b46e55c6dda73c517c701b991fd455c84fd1cac812c33e13b6209f650d85,D06b7b46e,output/PromptFL_fedavg_vit_b16_batchSize32/PanelC_users30_localE3/partition=noniid-labeldir-fine_alpha=1.0_IF=0.01_localE=3_seed=42,推荐核对入口
R2bb38682d,rank4_fedavg_analysis,output/rank4_fedavg_analysis/output/cifar100_LT/v2_rank_sweep/seed42/rank4_fedavg,固定A，只训练B，rank=4,ClipLora,ClipLora,Cifar100_LT,client-longtail,42,4,fp32,4/FP32,冻结A，只更新B；每轮3 epoch,无,普通 CE,按样本量聚合,已记录到第100轮或以后,0,100,101,101,,81,100,67.681,77.3575,64.42416666666666,67.775,67.6575,73.16857142857143,64.13571428571429,65.41499999999999,67.72,67.5,68.05,86,0.5499999999999972,66.35,100,30,dccc4466cfc50d3fc557d32a0d1bb8a7adc9e81ac6b171e47446dfaadfa985ef,03c0a7a963d31a520441bfe39cdfd888a6a84b6e67968a41f4b6ad1af4512f9b,898ab6b4d75ba8f31be40f5219696d98204c1506656c265cc1b3b68eff508a81,3.6500000953674316,39.0,638.0,,101,303,0,[],0.0,逐类核对通过,,,,,,alpha=1，实际缩放=1/√rank；改变rank也改变缩放与初始子空间,output/rank4_fedavg_analysis/output/cifar100_LT/v2_rank_sweep/seed42/rank4_fedavg/round_metrics.csv,,{},2235280877adb521a4b9588860139074fcdcb758f1c795d88ea110fa48102173,eb516e303c975ad99acbc936614d1e36c9be71165677a77bc968c74bc67b5fc1,,output/rank4_fedavg_analysis/output/cifar100_LT/v2_rank_sweep/seed42/rank4_fedavg,独立目录记录
R8e7bd9987,rank8_fedavg_analysis,output/rank8_fedavg_analysis/output/cifar100_LT/v2_rank_sweep/seed42/rank8_fedavg,固定A，只训练B，rank=8,ClipLora,ClipLora,Cifar100_LT,client-longtail,42,8,fp32,8/FP32,冻结A，只更新B；每轮3 epoch,无,普通 CE,按样本量聚合,已记录到第100轮或以后,0,100,101,101,,81,100,67.3695,75.245,64.68333333333334,67.5525,67.32374999999999,71.55857142857143,64.4857142857143,65.84666666666666,67.51,67.6,67.85,51,0.25,66.35,100,30,dccc4466cfc50d3fc557d32a0d1bb8a7adc9e81ac6b171e47446dfaadfa985ef,03c0a7a963d31a520441bfe39cdfd888a6a84b6e67968a41f4b6ad1af4512f9b,898ab6b4d75ba8f31be40f5219696d98204c1506656c265cc1b3b68eff508a81,3.6500000953674316,39.0,638.0,,101,303,0,[],0.0,逐类核对通过,,,,,,alpha=1，实际缩放=1/√rank；改变rank也改变缩放与初始子空间,output/rank8_fedavg_analysis/output/cifar100_LT/v2_rank_sweep/seed42/rank8_fedavg/round_metrics.csv,,{},ac4fdf34d159c06cf462d0c31f6f637ec82f0d5e20a5050ca9c52c4e1be6abd4,32304b85c62014244c7b9a647d04523275bfccaa361d18b4d98bfd60a340b255,,output/rank8_fedavg_analysis/output/cifar100_LT/v2_rank_sweep/seed42/rank8_fedavg,独立目录记录
Ra7187b8d5,selective_sync_v1_training_check,output/selective_sync_v1_training_check/L1,固定A、保留私有B，接收时保护1个受损类别,ClipLora,ClipLora,Cifar100_LT,client-longtail,42,2,amp,2/AMP,冻结A，只更新客户端私有B,无独立A更新,普通 CE,私有B持续保留；Top-1类别投影/回溯接收保护,已记录到第100轮或以后,0,100,101,101,,81,100,67.624,,,67.1925,67.731875,,,,67.62,66.95,67.9,73,0.9500000000000028,66.35,,,,,,,,,,2,2,0,[],0.0,逐类核对通过,,,,,,,output/selective_sync_v1_training_check/L1/round_metrics.csv,,{},f93ec04eee7b3d16400f869fdec81b20fb01366c2229515b293652115fccfc1e,70b30a64eda2abd868c1d5216cf44c7b3113ab6eba39149d8cbbb952679d53b9,,output/selective_sync_v1_training_check/L1,独立目录记录
R5edcf578e,selective_sync_v1_training_check,output/selective_sync_v1_training_check/L10,固定A、保留私有B，接收时保护10个受损类别,ClipLora,ClipLora,Cifar100_LT,client-longtail,42,2,amp,2/AMP,冻结A，只更新客户端私有B,无独立A更新,普通 CE,私有B持续保留；Top-10类别投影/回溯接收保护,已记录到第100轮或以后,0,100,101,101,,81,100,68.185,,,67.1875,68.434375,,,,68.26,66.9,67.6,32,0.6999999999999886,66.35,,,,,,,,,,2,2,0,[],0.0,逐类核对通过,,,,,,,output/selective_sync_v1_training_check/L10/round_metrics.csv,,{},1cf0a73805f81582234d57ccd08540cc07f054400effaf8409a5c5fe0e107734,c3a13ee67d1e9eb89cce86d1ece8aac8a8f387932cd597a2785e756b3d14b2cf,,output/selective_sync_v1_training_check/L10,独立目录记录
R46e1e8991,selective_sync_v1_training_check,output/selective_sync_v1_training_check/L3,固定A、保留私有B，接收时保护3个受损类别,ClipLora,ClipLora,Cifar100_LT,client-longtail,42,2,amp,2/AMP,冻结A，只更新客户端私有B,无独立A更新,普通 CE,私有B持续保留；Top-3类别投影/回溯接收保护,已记录到第100轮或以后,0,100,101,101,,81,100,68.108,,,67.08500000000001,68.36375000000001,,,,68.11,66.9,67.75,50,0.8499999999999943,66.35,,,,,,,,,,2,2,0,[],0.0,逐类核对通过,,,,,,,output/selective_sync_v1_training_check/L3/round_metrics.csv,,{},28a6e705ac80d69055da2230acbcf3d26862465378bffd20293ce9a939b36a81,fe435761289b9597b5958c56deb402c7dc5a4eece9a457c8281c0be381142985,,output/selective_sync_v1_training_check/L3,独立目录记录
R23c111241,selective_sync_v1_training_check,output/selective_sync_v1_training_check/L5,固定A、保留私有B，接收时保护5个受损类别,ClipLora,ClipLora,Cifar100_LT,client-longtail,42,2,amp,2/AMP,冻结A，只更新客户端私有B,无独立A更新,普通 CE,私有B持续保留；Top-5类别投影/回溯接收保护,已记录到第100轮或以后,0,100,101,101,,81,100,68.14349999999999,,,67.0275,68.4225,,,,68.13,66.7,67.6,30,0.8999999999999915,66.35,,,,,,,,,,2,2,0,[],0.0,逐类核对通过,,,,,,,output/selective_sync_v1_training_check/L5/round_metrics.csv,,{},ad18fcceae61e7de511f9961ba380a411a5d8882f9acd3e2b2029bfbbbdd1982,746c4fda4e686bb3f854e9804bb15d1202b056b6c58e884c01ad29d5ad38e749,,output/selective_sync_v1_training_check/L5,独立目录记录
R42b48f11a,sfra_b_aggregation_analysis,output/sfra_b_aggregation_analysis/sfra_b_aggregation/seed42/client-longtail/full-cp/lambda10_mu1_protocol42_b_lr0.3_probe0.1_reg0.001_bagg_uniform8_fast,,sfra_full-cp_bagg_uniform8_b_transfer,ClipLora,CIFAR100-LT,client-longtail,42,,,,,,,,完成标记与曲线一致,0,100,101,101,,81,100,70.655,76.02250000000001,68.73333333333333,71.0525,70.55562499999999,73.07285714285715,68.62714285714286,70.2,70.77,70.75,71.65,56,0.9000000000000057,66.35,100,30,dccc4466cfc50d3fc557d32a0d1bb8a7adc9e81ac6b171e47446dfaadfa985ef,03c0a7a963d31a520441bfe39cdfd888a6a84b6e67968a41f4b6ad1af4512f9b,898ab6b4d75ba8f31be40f5219696d98204c1506656c265cc1b3b68eff508a81,3.6500000953674316,39.0,638.0,cb41d01f365c4cd96b52ea1a45c068f639d61de207e38b1a1b023b909812265c,101,303,0,[],0.0,逐类核对通过,105600,31680,137280,270,65312.274973461,,output/sfra_b_aggregation_analysis/sfra_b_aggregation/seed42/client-longtail/full-cp/lambda10_mu1_protocol42_b_lr0.3_probe0.1_reg0.001_bagg_uniform8_fast/round_metrics.csv,output/sfra_b_aggregation_analysis/sfra_b_aggregation/seed42/client-longtail/full-cp/lambda10_mu1_protocol42_b_lr0.3_probe0.1_reg0.001_bagg_uniform8_fast/completion.json,"{""b_transfer_config.schema_version"": ""donor_b_v1"", ""b_transfer_config.warmup"": 20, ""b_transfer_config.interval"": 10, ""b_transfer_config.probe_step"": 0.1, ""b_transfer_config.learning_rate"": 0.3, ""b_transfer_config.regularization"": 0.001, ""b_transfer_config.optimizer"": ""Adam"", ""b_transfer_config.adam_eps"": 1e-08, ""b_transfer_config.weight_decay"": 0.0, ""b_transfer_config.steps"": 2, ""b_transfer_config.initialization"": ""zero_each_event"", ""b_transfer_config.rank"": ""read_from_each_B_tensor"", ""b_transfer_config.probe_per_tail_class"": 8, ""b_transfer_config.probe_views"": 1, ""b_transfer_config.donor_threshold"": 0.0, ""b_transfer_config.donor_rule"": ""source_missing_class_and_positive_LA_forward_gain"", ""b_transfer_config.calibration_tail_cap"": 16, ""b_transfer_config.calibration_non_tail_cap"": 16, ""b_transfer_config.tail_only_cap"": 32, ""b_transfer_config.calibration_objective"": ""equal mean of tail and non-tail LA means; existing groups only"", ""b_transfer_config.calibration_sampling"": ""class-cyclic tail coverage over two steps; no repeats within a step"", ""b_transfer_config.calibration_transform"": ""deterministic evaluation transform; autograd enabled"", ""b_transfer_config.calibration_probe_overlap"": ""allowed training-side proxy"", ""b_transfer_config.aggregation"": ""uniform_whole_B_at_transfer_rounds"", ""b_transfer_config.privacy"": ""sequential FL simulation; class presence and donor identities visible"", ""control_config.schema_version"": ""la_control_v1"", ""control_config.method"": ""s"", ""control_config.seed"": 42, ""control_config.protocol_seed"": 42, ""control_config.topology"": ""client-longtail"", ""control_config.dirichlet_beta"": 0.5, ""control_config.la_tau"": 1.0, ""control_config.a_lr_mult"": 1.0, ""control_config.extra_a_lr"": 0.001, ""control_config.extra_b_lr"": 0.001, ""control_config.normal_trainable_factor"": ""B"", ""control_config.normal_a_lr"": null, ""control_config.normal_a_weight_decay"": null, ""control_config.normal_b_lr"": 0.001, ""control_config.normal_b_weight_decay"": 0.0005, ""control_config.extra_weight_decay"": 0.0, ""control_config.aggregation"": ""sample_weighted_factor_fedavg"", ""control_config.control_enabled"": false, ""control_config.extra_trainable_factor"": ""A"", ""control_config.lookahead_rounds"": 2, ""control_config.min_gain"": 0.0001, ""control_config.tail_tolerance"": 0.002, ""control_config.history_tolerance"": 0.002, ""control_config.patience"": 2, ""control_config.anchor_scope"": ""root_and_committed_decision_endpoints_only"", ""control_config.feedback"": ""training-side functional feedback: unscaled cosine margin, fixed views, all training samples"", ""control_config.offline_probe"": ""offline mechanism probe; never used for decisions"", ""control_config.rng_protocol"": ""v2: functional and official evaluations are observational; legacy CE results are historical only"", ""control_config.privacy"": ""simulated class sum/count uploads; class presence visible; no secure aggregation or DP"", ""control_config.primary_endpoint"": ""last20_committed_logical_rounds"", ""control_config.checkpoint_encoding"": ""full base state plus exact changed tensors"", ""control_config.steps_per_epoch"": 352, ""control_config.normal_steps_expected"": 105600, ""control_config.extra_steps_expected"": 31680, ""execution_config.version"": 1, ""execution_config.text_cache"": true, ""execution_config.witness_image_cache"": true, ""execution_config.frozen_visual_prefix_cache"": ""cpu_original_dtype"", ""execution_config.lora_only_restore"": true, ""execution_config.low_rank_forward"": true, ""execution_config.feedback_forward_batch_size"": 32, ""execution_config.feedback_batching"": ""within_client; individual source gradients retained"", ""execution_config.zero_gradient_skip"": ""exactly zero functional coefficient only"", ""sfra_config.schema_version"": ""sfra_cp_v1"", ""sfra_config.variant"": ""full-cp"", ""sfra_config.retention_weight"": 10.0, ""sfra_config.correction_steps"": 3, ""sfra_config.correction_step_size"": 0.1, ""sfra_config.witness_per_local_class"": 8, ""sfra_config.witness_views"": 2, ""sfra_config.positive_response_threshold"": 1e-06, ""sfra_config.current_gain_fraction"": 0.5, ""sfra_config.history_window"": 5, ""sfra_config.history_improvement"": 0.001, ""sfra_config.sigma_floor"": 0.001, ""sfra_config.radius"": ""unweighted_client_proposal_RMS"", ""sfra_config.source_coordinates"": ""untruncated_reduced_QR"", ""sfra_config.seed"": 42, ""sfra_config.protocol_seed"": 42, ""sfra_config.partition"": ""client-longtail"", ""sfra_config.witness_batch_size"": 8, ""sfra_config.feedback"": ""training-side mean unscaled all-class cosine margin; deterministic view + flip"", ""sfra_config.normalization"": ""one global active-token normalization; no further client weighting"", ""sfra_config.privacy"": ""sequential FL simulation with local diagnostics; no DP or secure aggregation"", ""sfra_config.precision"": ""fp32"", ""sfra_config.commit_rule"": ""fixed_third_step"", ""sfra_config.classification_weight"": 1.0, ""sfra_config.classification_objective"": ""global sample-weighted LA on all witness tokens and both views"", ""sfra_config.classification_reference"": ""same-round ordinary A proposal with fixed post-B model"", ""sfra_config.classification_penalty"": ""0.5 * positive((C-C0)/scale)^2 after global loss aggregation"", ""sfra_config.classification_scale"": ""max(0.001, R * norm(global LA gradient at ordinary A))"", ""sfra_config.classification_scale_floor"": 0.001, ""sfra_config.classification_gradient_upload"": ""separate from functional gradient""}",a6059d881572c1d98a63f785444a0e10f93788cf000d09c1b3554bd320a884bf,df83aa91f14f8dc269463ecb084ae5abad7b6d95935cdd231cc48ae660e879fc,,output/sfra_b_aggregation_analysis/sfra_b_aggregation/seed42/client-longtail/full-cp/lambda10_mu1_protocol42_b_lr0.3_probe0.1_reg0.001_bagg_uniform8_fast,独立目录记录
Rc84498c4f,sfra_b_aggregation_analysis,output/sfra_b_aggregation_analysis/sfra_b_aggregation/seed42/client-longtail/full-cp/lambda10_mu1_protocol42_bagg_uniform8_fast,,sfra_full-cp_bagg_uniform8,ClipLora,CIFAR100-LT,client-longtail,42,,,,,,,,完成标记与曲线一致,0,100,101,101,,81,100,70.625,76.035,68.68666666666667,71.03,70.52374999999999,73.07285714285715,68.57428571428571,70.16166666666666,70.75,70.75,71.65,57,0.9000000000000057,66.35,100,30,dccc4466cfc50d3fc557d32a0d1bb8a7adc9e81ac6b171e47446dfaadfa985ef,03c0a7a963d31a520441bfe39cdfd888a6a84b6e67968a41f4b6ad1af4512f9b,898ab6b4d75ba8f31be40f5219696d98204c1506656c265cc1b3b68eff508a81,3.6500000953674316,39.0,638.0,cb41d01f365c4cd96b52ea1a45c068f639d61de207e38b1a1b023b909812265c,101,303,0,[],0.0,逐类核对通过,105600,31680,137280,270,66891.70905297803,,output/sfra_b_aggregation_analysis/sfra_b_aggregation/seed42/client-longtail/full-cp/lambda10_mu1_protocol42_bagg_uniform8_fast/round_metrics.csv,output/sfra_b_aggregation_analysis/sfra_b_aggregation/seed42/client-longtail/full-cp/lambda10_mu1_protocol42_bagg_uniform8_fast/completion.json,"{""control_config.schema_version"": ""la_control_v1"", ""control_config.method"": ""s"", ""control_config.seed"": 42, ""control_config.protocol_seed"": 42, ""control_config.topology"": ""client-longtail"", ""control_config.dirichlet_beta"": 0.5, ""control_config.la_tau"": 1.0, ""control_config.a_lr_mult"": 1.0, ""control_config.extra_a_lr"": 0.001, ""control_config.extra_b_lr"": 0.001, ""control_config.normal_trainable_factor"": ""B"", ""control_config.normal_a_lr"": null, ""control_config.normal_a_weight_decay"": null, ""control_config.normal_b_lr"": 0.001, ""control_config.normal_b_weight_decay"": 0.0005, ""control_config.extra_weight_decay"": 0.0, ""control_config.aggregation"": ""sample_weighted_factor_fedavg"", ""control_config.control_enabled"": false, ""control_config.extra_trainable_factor"": ""A"", ""control_config.lookahead_rounds"": 2, ""control_config.min_gain"": 0.0001, ""control_config.tail_tolerance"": 0.002, ""control_config.history_tolerance"": 0.002, ""control_config.patience"": 2, ""control_config.anchor_scope"": ""root_and_committed_decision_endpoints_only"", ""control_config.feedback"": ""training-side functional feedback: unscaled cosine margin, fixed views, all training samples"", ""control_config.offline_probe"": ""offline mechanism probe; never used for decisions"", ""control_config.rng_protocol"": ""v2: functional and official evaluations are observational; legacy CE results are historical only"", ""control_config.privacy"": ""simulated class sum/count uploads; class presence visible; no secure aggregation or DP"", ""control_config.primary_endpoint"": ""last20_committed_logical_rounds"", ""control_config.checkpoint_encoding"": ""full base state plus exact changed tensors"", ""control_config.steps_per_epoch"": 352, ""control_config.normal_steps_expected"": 105600, ""control_config.extra_steps_expected"": 31680, ""execution_config.version"": 1, ""execution_config.text_cache"": true, ""execution_config.witness_image_cache"": true, ""execution_config.frozen_visual_prefix_cache"": ""cpu_original_dtype"", ""execution_config.lora_only_restore"": true, ""execution_config.low_rank_forward"": true, ""execution_config.feedback_forward_batch_size"": 32, ""execution_config.feedback_batching"": ""within_client; individual source gradients retained"", ""execution_config.zero_gradient_skip"": ""exactly zero functional coefficient only"", ""sfra_config.schema_version"": ""sfra_cp_v1"", ""sfra_config.variant"": ""full-cp"", ""sfra_config.retention_weight"": 10.0, ""sfra_config.correction_steps"": 3, ""sfra_config.correction_step_size"": 0.1, ""sfra_config.witness_per_local_class"": 8, ""sfra_config.witness_views"": 2, ""sfra_config.positive_response_threshold"": 1e-06, ""sfra_config.current_gain_fraction"": 0.5, ""sfra_config.history_window"": 5, ""sfra_config.history_improvement"": 0.001, ""sfra_config.sigma_floor"": 0.001, ""sfra_config.radius"": ""unweighted_client_proposal_RMS"", ""sfra_config.source_coordinates"": ""untruncated_reduced_QR"", ""sfra_config.seed"": 42, ""sfra_config.protocol_seed"": 42, ""sfra_config.partition"": ""client-longtail"", ""sfra_config.witness_batch_size"": 8, ""sfra_config.feedback"": ""training-side mean unscaled all-class cosine margin; deterministic view + flip"", ""sfra_config.normalization"": ""one global active-token normalization; no further client weighting"", ""sfra_config.privacy"": ""sequential FL simulation with local diagnostics; no DP or secure aggregation"", ""sfra_config.precision"": ""fp32"", ""sfra_config.commit_rule"": ""fixed_third_step"", ""sfra_config.classification_weight"": 1.0, ""sfra_config.classification_objective"": ""global sample-weighted LA on all witness tokens and both views"", ""sfra_config.classification_reference"": ""same-round ordinary A proposal with fixed post-B model"", ""sfra_config.classification_penalty"": ""0.5 * positive((C-C0)/scale)^2 after global loss aggregation"", ""sfra_config.classification_scale"": ""max(0.001, R * norm(global LA gradient at ordinary A))"", ""sfra_config.classification_scale_floor"": 0.001, ""sfra_config.classification_gradient_upload"": ""separate from functional gradient""}",251e26a65331ce72257eb058807970fb983aca238bfc4f0645f05e4d57c867ed,86c2e8e07fd9cd4b2bbaa7bce7cf2032d3e619b1bec8d8ee78c8b0cb0ee235c6,,output/sfra_b_aggregation_analysis/sfra_b_aggregation/seed42/client-longtail/full-cp/lambda10_mu1_protocol42_bagg_uniform8_fast,独立目录记录
R852d06edf,sfra_b_shared_transfer_analysis,output/sfra_b_shared_transfer_analysis/sfra_b_shared_transfer/seed42/client-longtail/full-cp/lambda10_mu1_protocol42_bshared_b_lr0.3_probe0.1_reg0.001_fast_v2_f64_c4,,sfra_full-cp_b_shared_transfer,ClipLora,CIFAR100-LT,client-longtail,42,,,,,,,,完成标记与曲线一致,0,100,101,101,,81,100,70.7025,76.16,68.755,71.0875,70.60625,73.15142857142857,68.46142857142857,70.46000000000001,70.82,70.8,71.8,54,1.0,66.35,100,30,dccc4466cfc50d3fc557d32a0d1bb8a7adc9e81ac6b171e47446dfaadfa985ef,03c0a7a963d31a520441bfe39cdfd888a6a84b6e67968a41f4b6ad1af4512f9b,898ab6b4d75ba8f31be40f5219696d98204c1506656c265cc1b3b68eff508a81,3.6500000953674316,39.0,638.0,cb41d01f365c4cd96b52ea1a45c068f639d61de207e38b1a1b023b909812265c,101,303,0,[],0.0,逐类核对通过,105600,31680,137280,270,59045.21756734594,,output/sfra_b_shared_transfer_analysis/sfra_b_shared_transfer/seed42/client-longtail/full-cp/lambda10_mu1_protocol42_bshared_b_lr0.3_probe0.1_reg0.001_fast_v2_f64_c4/round_metrics.csv,output/sfra_b_shared_transfer_analysis/sfra_b_shared_transfer/seed42/client-longtail/full-cp/lambda10_mu1_protocol42_bshared_b_lr0.3_probe0.1_reg0.001_fast_v2_f64_c4/completion.json,"{""b_transfer_config.schema_version"": ""donor_b_shared_v1"", ""b_transfer_config.warmup"": 20, ""b_transfer_config.interval"": 10, ""b_transfer_config.probe_step"": 0.1, ""b_transfer_config.learning_rate"": 0.3, ""b_transfer_config.regularization"": 0.001, ""b_transfer_config.optimizer"": ""Adam"", ""b_transfer_config.adam_eps"": 1e-08, ""b_transfer_config.weight_decay"": 0.0, ""b_transfer_config.steps"": 2, ""b_transfer_config.initialization"": ""zero_each_event"", ""b_transfer_config.rank"": ""read_from_each_B_tensor"", ""b_transfer_config.probe_per_tail_class"": 8, ""b_transfer_config.probe_views"": 1, ""b_transfer_config.donor_threshold"": 0.0, ""b_transfer_config.donor_rule"": ""source_missing_class_and_positive_LA_gain_at_ordinary_shared_B"", ""b_transfer_config.calibration_tail_cap"": 16, ""b_transfer_config.calibration_non_tail_cap"": 16, ""b_transfer_config.tail_only_cap"": 32, ""b_transfer_config.calibration_objective"": ""equal recipient mean of original local group-balanced LA, plus one C penalty"", ""b_transfer_config.calibration_sampling"": ""class-cyclic tail coverage over two steps; no repeats within a step"", ""b_transfer_config.calibration_transform"": ""deterministic evaluation transform; autograd enabled"", ""b_transfer_config.calibration_probe_overlap"": ""allowed training-side proxy"", ""b_transfer_config.aggregation"": ""ordinary_sample_weighted_B_then_one_shared_residual_without_recipient_weights"", ""b_transfer_config.privacy"": ""sequential FL simulation; class presence and donor identities visible"", ""b_transfer_config.mode"": ""shared"", ""b_transfer_config.donor_pool"": ""union of positive donors across original recipients; fixed during calibration"", ""b_transfer_config.c_scope"": ""one full rank-by-rank matrix per donor and module, shared across recipients"", ""b_transfer_config.feedback_clients"": ""original tail-present recipients only; no extra non-tail clients"", ""b_transfer_config.calibration_anchor"": ""actual ordinary post-FedAvg B with round-start A"", ""b_transfer_config.calibration_update"": ""two synchronous global Adam steps; all client gradients before each step"", ""b_transfer_config.diagnostic_anchor"": ""ordinary_shared_B versus transferred_shared_B; not local before/after"", ""b_transfer_config.communication"": ""modeled dense FP32 donor/C/gradient messages; two feedback synchronizations"", ""b_transfer_config.commit_rule"": ""fixed_second_C_step; no evaluation-based selection"", ""control_config.schema_version"": ""la_control_v1"", ""control_config.method"": ""s"", ""control_config.seed"": 42, ""control_config.protocol_seed"": 42, ""control_config.topology"": ""client-longtail"", ""control_config.dirichlet_beta"": 0.5, ""control_config.la_tau"": 1.0, ""control_config.a_lr_mult"": 1.0, ""control_config.extra_a_lr"": 0.001, ""control_config.extra_b_lr"": 0.001, ""control_config.normal_trainable_factor"": ""B"", ""control_config.normal_a_lr"": null, ""control_config.normal_a_weight_decay"": null, ""control_config.normal_b_lr"": 0.001, ""control_config.normal_b_weight_decay"": 0.0005, ""control_config.extra_weight_decay"": 0.0, ""control_config.aggregation"": ""sample_weighted_factor_fedavg"", ""control_config.control_enabled"": false, ""control_config.extra_trainable_factor"": ""A"", ""control_config.lookahead_rounds"": 2, ""control_config.min_gain"": 0.0001, ""control_config.tail_tolerance"": 0.002, ""control_config.history_tolerance"": 0.002, ""control_config.patience"": 2, ""control_config.anchor_scope"": ""root_and_committed_decision_endpoints_only"", ""control_config.feedback"": ""training-side functional feedback: unscaled cosine margin, fixed views, all training samples"", ""control_config.offline_probe"": ""offline mechanism probe; never used for decisions"", ""control_config.rng_protocol"": ""v2: functional and official evaluations are observational; legacy CE results are historical only"", ""control_config.privacy"": ""simulated class sum/count uploads; class presence visible; no secure aggregation or DP"", ""control_config.primary_endpoint"": ""last20_committed_logical_rounds"", ""control_config.checkpoint_encoding"": ""full base state plus exact changed tensors"", ""control_config.steps_per_epoch"": 352, ""control_config.normal_steps_expected"": 105600, ""control_config.extra_steps_expected"": 31680, ""execution_config.version"": 2, ""execution_config.text_cache"": true, ""execution_config.witness_image_cache"": true, ""execution_config.frozen_visual_prefix_cache"": ""bounded_cuda_with_cpu_fallback_original_dtype"", ""execution_config.lora_only_restore"": true, ""execution_config.low_rank_forward"": true, ""execution_config.feedback_forward_batch_size"": 64, ""execution_config.feedback_batching"": ""within_client; individual source gradients retained"", ""execution_config.zero_gradient_skip"": ""disabled_to_avoid_host_synchronization"", ""execution_config.device_cache_gib"": 4.0, ""execution_config.device_cache_reserve_gib"": 4.0, ""execution_config.token_reduction"": ""batched_matrix_sum_then_divide"", ""execution_config.source_finite_checks"": ""at_evaluation_boundary_before_return"", ""sfra_config.schema_version"": ""sfra_cp_v1"", ""sfra_config.variant"": ""full-cp"", ""sfra_config.retention_weight"": 10.0, ""sfra_config.correction_steps"": 3, ""sfra_config.correction_step_size"": 0.1, ""sfra_config.witness_per_local_class"": 8, ""sfra_config.witness_views"": 2, ""sfra_config.positive_response_threshold"": 1e-06, ""sfra_config.current_gain_fraction"": 0.5, ""sfra_config.history_window"": 5, ""sfra_config.history_improvement"": 0.001, ""sfra_config.sigma_floor"": 0.001, ""sfra_config.radius"": ""unweighted_client_proposal_RMS"", ""sfra_config.source_coordinates"": ""untruncated_reduced_QR"", ""sfra_config.seed"": 42, ""sfra_config.protocol_seed"": 42, ""sfra_config.partition"": ""client-longtail"", ""sfra_config.witness_batch_size"": 8, ""sfra_config.feedback"": ""training-side mean unscaled all-class cosine margin; deterministic view + flip"", ""sfra_config.normalization"": ""one global active-token normalization; no further client weighting"", ""sfra_config.privacy"": ""sequential FL simulation with local diagnostics; no DP or secure aggregation"", ""sfra_config.precision"": ""fp32"", ""sfra_config.commit_rule"": ""fixed_third_step"", ""sfra_config.classification_weight"": 1.0, ""sfra_config.classification_objective"": ""global sample-weighted LA on all witness tokens and both views"", ""sfra_config.classification_reference"": ""same-round ordinary A proposal with fixed post-B model"", ""sfra_config.classification_penalty"": ""0.5 * positive((C-C0)/scale)^2 after global loss aggregation"", ""sfra_config.classification_scale"": ""max(0.001, R * norm(global LA gradient at ordinary A))"", ""sfra_config.classification_scale_floor"": 0.001, ""sfra_config.classification_gradient_upload"": ""separate from functional gradient""}",41074051852cdab47dfc0984fa7404a06010df805170e8f4de628b72defc0368,eb7fdf46e422efa84f64ab4abda7a845bf5b0a5e37f000fa249e280cff9978f9,,output/sfra_b_shared_transfer_analysis/sfra_b_shared_transfer/seed42/client-longtail/full-cp/lambda10_mu1_protocol42_bshared_b_lr0.3_probe0.1_reg0.001_fast_v2_f64_c4,独立目录记录
R637027cbc,sfra_b_transfer_run2_analysis,output/sfra_b_transfer_run2_analysis/sfra_b_transfer_run2/seed42/client-longtail/full-cp/lambda10_mu1_protocol42_b_lr0.03_probe0.1_reg0.001,,sfra_full-cp_b_transfer,ClipLora,CIFAR100-LT,client-longtail,42,,,,,,,,完成标记与曲线一致,0,100,101,101,,81,100,70.63550000000001,76.0875,68.71583333333334,70.9425,70.55875,73.12285714285714,68.60714285714286,70.1,70.79,70.65,71.65,57,1.0,66.35,100,30,dccc4466cfc50d3fc557d32a0d1bb8a7adc9e81ac6b171e47446dfaadfa985ef,03c0a7a963d31a520441bfe39cdfd888a6a84b6e67968a41f4b6ad1af4512f9b,898ab6b4d75ba8f31be40f5219696d98204c1506656c265cc1b3b68eff508a81,3.6500000953674316,39.0,638.0,cb41d01f365c4cd96b52ea1a45c068f639d61de207e38b1a1b023b909812265c,101,303,0,[],0.0,逐类核对通过,105600,31680,137280,270,79817.16060943302,,output/sfra_b_transfer_run2_analysis/sfra_b_transfer_run2/seed42/client-longtail/full-cp/lambda10_mu1_protocol42_b_lr0.03_probe0.1_reg0.001/round_metrics.csv,output/sfra_b_transfer_run2_analysis/sfra_b_transfer_run2/seed42/client-longtail/full-cp/lambda10_mu1_protocol42_b_lr0.03_probe0.1_reg0.001/completion.json,"{""b_transfer_config.schema_version"": ""donor_b_v1"", ""b_transfer_config.warmup"": 20, ""b_transfer_config.interval"": 10, ""b_transfer_config.probe_step"": 0.1, ""b_transfer_config.learning_rate"": 0.03, ""b_transfer_config.regularization"": 0.001, ""b_transfer_config.optimizer"": ""Adam"", ""b_transfer_config.adam_eps"": 1e-08, ""b_transfer_config.weight_decay"": 0.0, ""b_transfer_config.steps"": 2, ""b_transfer_config.initialization"": ""zero_each_event"", ""b_transfer_config.rank"": ""read_from_each_B_tensor"", ""b_transfer_config.probe_per_tail_class"": 8, ""b_transfer_config.probe_views"": 1, ""b_transfer_config.donor_threshold"": 0.0, ""b_transfer_config.donor_rule"": ""source_missing_class_and_positive_LA_forward_gain"", ""b_transfer_config.calibration_tail_cap"": 16, ""b_transfer_config.calibration_non_tail_cap"": 16, ""b_transfer_config.tail_only_cap"": 32, ""b_transfer_config.calibration_objective"": ""equal mean of tail and non-tail LA means; existing groups only"", ""b_transfer_config.calibration_sampling"": ""class-cyclic tail coverage over two steps; no repeats within a step"", ""b_transfer_config.calibration_transform"": ""deterministic evaluation transform; autograd enabled"", ""b_transfer_config.calibration_probe_overlap"": ""allowed training-side proxy"", ""b_transfer_config.aggregation"": ""unchanged_sample_weighted_B_FedAvg"", ""b_transfer_config.privacy"": ""sequential FL simulation; class presence and donor identities visible"", ""control_config.schema_version"": ""la_control_v1"", ""control_config.method"": ""s"", ""control_config.seed"": 42, ""control_config.protocol_seed"": 42, ""control_config.topology"": ""client-longtail"", ""control_config.dirichlet_beta"": 0.5, ""control_config.la_tau"": 1.0, ""control_config.a_lr_mult"": 1.0, ""control_config.extra_a_lr"": 0.001, ""control_config.extra_b_lr"": 0.001, ""control_config.normal_trainable_factor"": ""B"", ""control_config.normal_a_lr"": null, ""control_config.normal_a_weight_decay"": null, ""control_config.normal_b_lr"": 0.001, ""control_config.normal_b_weight_decay"": 0.0005, ""control_config.extra_weight_decay"": 0.0, ""control_config.aggregation"": ""sample_weighted_factor_fedavg"", ""control_config.control_enabled"": false, ""control_config.extra_trainable_factor"": ""A"", ""control_config.lookahead_rounds"": 2, ""control_config.min_gain"": 0.0001, ""control_config.tail_tolerance"": 0.002, ""control_config.history_tolerance"": 0.002, ""control_config.patience"": 2, ""control_config.anchor_scope"": ""root_and_committed_decision_endpoints_only"", ""control_config.feedback"": ""training-side functional feedback: unscaled cosine margin, fixed views, all training samples"", ""control_config.offline_probe"": ""offline mechanism probe; never used for decisions"", ""control_config.rng_protocol"": ""v2: functional and official evaluations are observational; legacy CE results are historical only"", ""control_config.privacy"": ""simulated class sum/count uploads; class presence visible; no secure aggregation or DP"", ""control_config.primary_endpoint"": ""last20_committed_logical_rounds"", ""control_config.checkpoint_encoding"": ""full base state plus exact changed tensors"", ""control_config.steps_per_epoch"": 352, ""control_config.normal_steps_expected"": 105600, ""control_config.extra_steps_expected"": 31680, ""sfra_config.schema_version"": ""sfra_cp_v1"", ""sfra_config.variant"": ""full-cp"", ""sfra_config.retention_weight"": 10.0, ""sfra_config.correction_steps"": 3, ""sfra_config.correction_step_size"": 0.1, ""sfra_config.witness_per_local_class"": 8, ""sfra_config.witness_views"": 2, ""sfra_config.positive_response_threshold"": 1e-06, ""sfra_config.current_gain_fraction"": 0.5, ""sfra_config.history_window"": 5, ""sfra_config.history_improvement"": 0.001, ""sfra_config.sigma_floor"": 0.001, ""sfra_config.radius"": ""unweighted_client_proposal_RMS"", ""sfra_config.source_coordinates"": ""untruncated_reduced_QR"", ""sfra_config.seed"": 42, ""sfra_config.protocol_seed"": 42, ""sfra_config.partition"": ""client-longtail"", ""sfra_config.witness_batch_size"": 8, ""sfra_config.feedback"": ""training-side mean unscaled all-class cosine margin; deterministic view + flip"", ""sfra_config.normalization"": ""one global active-token normalization; no further client weighting"", ""sfra_config.privacy"": ""sequential FL simulation with local diagnostics; no DP or secure aggregation"", ""sfra_config.precision"": ""fp32"", ""sfra_config.commit_rule"": ""fixed_third_step"", ""sfra_config.classification_weight"": 1.0, ""sfra_config.classification_objective"": ""global sample-weighted LA on all witness tokens and both views"", ""sfra_config.classification_reference"": ""same-round ordinary A proposal with fixed post-B model"", ""sfra_config.classification_penalty"": ""0.5 * positive((C-C0)/scale)^2 after global loss aggregation"", ""sfra_config.classification_scale"": ""max(0.001, R * norm(global LA gradient at ordinary A))"", ""sfra_config.classification_scale_floor"": 0.001, ""sfra_config.classification_gradient_upload"": ""separate from functional gradient""}",73ad677c0d696ed9bf58b53885cab19295cba437eee25e9b824b74f42bee105a,984307281428fbbd4c42889476836983ab682859442bbbf1a8c65a006019d647,,output/sfra_b_transfer_run2_analysis/sfra_b_transfer_run2/seed42/client-longtail/full-cp/lambda10_mu1_protocol42_b_lr0.03_probe0.1_reg0.001,独立目录记录
R1a414fa13,sfra_b_transfer_run2_analysis,output/sfra_b_transfer_run2_analysis/sfra_b_transfer_run2/seed42/client-longtail/full-cp/lambda10_mu1_protocol42_b_lr0.1_probe0.1_reg0.001,,sfra_full-cp_b_transfer,ClipLora,CIFAR100-LT,client-longtail,42,,,,,,,,完成标记与曲线一致,0,100,101,101,,81,100,70.64450000000001,76.09,68.72833333333332,70.9475,70.56875,73.12714285714286,68.61714285714285,70.11333333333333,70.81,70.65,71.65,57,1.0,66.35,100,30,dccc4466cfc50d3fc557d32a0d1bb8a7adc9e81ac6b171e47446dfaadfa985ef,03c0a7a963d31a520441bfe39cdfd888a6a84b6e67968a41f4b6ad1af4512f9b,898ab6b4d75ba8f31be40f5219696d98204c1506656c265cc1b3b68eff508a81,3.6500000953674316,39.0,638.0,cb41d01f365c4cd96b52ea1a45c068f639d61de207e38b1a1b023b909812265c,101,303,0,[],0.0,逐类核对通过,105600,31680,137280,270,79945.56236294803,,output/sfra_b_transfer_run2_analysis/sfra_b_transfer_run2/seed42/client-longtail/full-cp/lambda10_mu1_protocol42_b_lr0.1_probe0.1_reg0.001/round_metrics.csv,output/sfra_b_transfer_run2_analysis/sfra_b_transfer_run2/seed42/client-longtail/full-cp/lambda10_mu1_protocol42_b_lr0.1_probe0.1_reg0.001/completion.json,"{""b_transfer_config.schema_version"": ""donor_b_v1"", ""b_transfer_config.warmup"": 20, ""b_transfer_config.interval"": 10, ""b_transfer_config.probe_step"": 0.1, ""b_transfer_config.learning_rate"": 0.1, ""b_transfer_config.regularization"": 0.001, ""b_transfer_config.optimizer"": ""Adam"", ""b_transfer_config.adam_eps"": 1e-08, ""b_transfer_config.weight_decay"": 0.0, ""b_transfer_config.steps"": 2, ""b_transfer_config.initialization"": ""zero_each_event"", ""b_transfer_config.rank"": ""read_from_each_B_tensor"", ""b_transfer_config.probe_per_tail_class"": 8, ""b_transfer_config.probe_views"": 1, ""b_transfer_config.donor_threshold"": 0.0, ""b_transfer_config.donor_rule"": ""source_missing_class_and_positive_LA_forward_gain"", ""b_transfer_config.calibration_tail_cap"": 16, ""b_transfer_config.calibration_non_tail_cap"": 16, ""b_transfer_config.tail_only_cap"": 32, ""b_transfer_config.calibration_objective"": ""equal mean of tail and non-tail LA means; existing groups only"", ""b_transfer_config.calibration_sampling"": ""class-cyclic tail coverage over two steps; no repeats within a step"", ""b_transfer_config.calibration_transform"": ""deterministic evaluation transform; autograd enabled"", ""b_transfer_config.calibration_probe_overlap"": ""allowed training-side proxy"", ""b_transfer_config.aggregation"": ""unchanged_sample_weighted_B_FedAvg"", ""b_transfer_config.privacy"": ""sequential FL simulation; class presence and donor identities visible"", ""control_config.schema_version"": ""la_control_v1"", ""control_config.method"": ""s"", ""control_config.seed"": 42, ""control_config.protocol_seed"": 42, ""control_config.topology"": ""client-longtail"", ""control_config.dirichlet_beta"": 0.5, ""control_config.la_tau"": 1.0, ""control_config.a_lr_mult"": 1.0, ""control_config.extra_a_lr"": 0.001, ""control_config.extra_b_lr"": 0.001, ""control_config.normal_trainable_factor"": ""B"", ""control_config.normal_a_lr"": null, ""control_config.normal_a_weight_decay"": null, ""control_config.normal_b_lr"": 0.001, ""control_config.normal_b_weight_decay"": 0.0005, ""control_config.extra_weight_decay"": 0.0, ""control_config.aggregation"": ""sample_weighted_factor_fedavg"", ""control_config.control_enabled"": false, ""control_config.extra_trainable_factor"": ""A"", ""control_config.lookahead_rounds"": 2, ""control_config.min_gain"": 0.0001, ""control_config.tail_tolerance"": 0.002, ""control_config.history_tolerance"": 0.002, ""control_config.patience"": 2, ""control_config.anchor_scope"": ""root_and_committed_decision_endpoints_only"", ""control_config.feedback"": ""training-side functional feedback: unscaled cosine margin, fixed views, all training samples"", ""control_config.offline_probe"": ""offline mechanism probe; never used for decisions"", ""control_config.rng_protocol"": ""v2: functional and official evaluations are observational; legacy CE results are historical only"", ""control_config.privacy"": ""simulated class sum/count uploads; class presence visible; no secure aggregation or DP"", ""control_config.primary_endpoint"": ""last20_committed_logical_rounds"", ""control_config.checkpoint_encoding"": ""full base state plus exact changed tensors"", ""control_config.steps_per_epoch"": 352, ""control_config.normal_steps_expected"": 105600, ""control_config.extra_steps_expected"": 31680, ""sfra_config.schema_version"": ""sfra_cp_v1"", ""sfra_config.variant"": ""full-cp"", ""sfra_config.retention_weight"": 10.0, ""sfra_config.correction_steps"": 3, ""sfra_config.correction_step_size"": 0.1, ""sfra_config.witness_per_local_class"": 8, ""sfra_config.witness_views"": 2, ""sfra_config.positive_response_threshold"": 1e-06, ""sfra_config.current_gain_fraction"": 0.5, ""sfra_config.history_window"": 5, ""sfra_config.history_improvement"": 0.001, ""sfra_config.sigma_floor"": 0.001, ""sfra_config.radius"": ""unweighted_client_proposal_RMS"", ""sfra_config.source_coordinates"": ""untruncated_reduced_QR"", ""sfra_config.seed"": 42, ""sfra_config.protocol_seed"": 42, ""sfra_config.partition"": ""client-longtail"", ""sfra_config.witness_batch_size"": 8, ""sfra_config.feedback"": ""training-side mean unscaled all-class cosine margin; deterministic view + flip"", ""sfra_config.normalization"": ""one global active-token normalization; no further client weighting"", ""sfra_config.privacy"": ""sequential FL simulation with local diagnostics; no DP or secure aggregation"", ""sfra_config.precision"": ""fp32"", ""sfra_config.commit_rule"": ""fixed_third_step"", ""sfra_config.classification_weight"": 1.0, ""sfra_config.classification_objective"": ""global sample-weighted LA on all witness tokens and both views"", ""sfra_config.classification_reference"": ""same-round ordinary A proposal with fixed post-B model"", ""sfra_config.classification_penalty"": ""0.5 * positive((C-C0)/scale)^2 after global loss aggregation"", ""sfra_config.classification_scale"": ""max(0.001, R * norm(global LA gradient at ordinary A))"", ""sfra_config.classification_scale_floor"": 0.001, ""sfra_config.classification_gradient_upload"": ""separate from functional gradient""}",fe7807a7864fe5078e3e4d48aa2408f1c1b591031913992f9610218ce9b08559,14fffd37992367283cf887d91a7cae41c3587abc72bc3c0c0b584589a14e1a52,,output/sfra_b_transfer_run2_analysis/sfra_b_transfer_run2/seed42/client-longtail/full-cp/lambda10_mu1_protocol42_b_lr0.1_probe0.1_reg0.001,独立目录记录
R5e75471ac,sfra_b_transfer_run2_analysis,output/sfra_b_transfer_run2_analysis/sfra_b_transfer_run2/seed42/client-longtail/full-cp/lambda10_mu1_protocol42_b_lr0.3_probe0.1_reg0.001,,sfra_full-cp_b_transfer,ClipLora,CIFAR100-LT,client-longtail,42,,,,,,,,完成标记与曲线一致,0,100,101,101,,81,100,70.6685,76.08500000000001,68.76,70.97749999999999,70.59125,73.12714285714286,68.66,70.14333333333333,70.82,70.65,71.6,56,0.9499999999999886,66.35,100,30,dccc4466cfc50d3fc557d32a0d1bb8a7adc9e81ac6b171e47446dfaadfa985ef,03c0a7a963d31a520441bfe39cdfd888a6a84b6e67968a41f4b6ad1af4512f9b,898ab6b4d75ba8f31be40f5219696d98204c1506656c265cc1b3b68eff508a81,3.6500000953674316,39.0,638.0,cb41d01f365c4cd96b52ea1a45c068f639d61de207e38b1a1b023b909812265c,101,303,0,[],0.0,逐类核对通过,105600,31680,137280,270,78881.44521803601,,output/sfra_b_transfer_run2_analysis/sfra_b_transfer_run2/seed42/client-longtail/full-cp/lambda10_mu1_protocol42_b_lr0.3_probe0.1_reg0.001/round_metrics.csv,output/sfra_b_transfer_run2_analysis/sfra_b_transfer_run2/seed42/client-longtail/full-cp/lambda10_mu1_protocol42_b_lr0.3_probe0.1_reg0.001/completion.json,"{""b_transfer_config.schema_version"": ""donor_b_v1"", ""b_transfer_config.warmup"": 20, ""b_transfer_config.interval"": 10, ""b_transfer_config.probe_step"": 0.1, ""b_transfer_config.learning_rate"": 0.3, ""b_transfer_config.regularization"": 0.001, ""b_transfer_config.optimizer"": ""Adam"", ""b_transfer_config.adam_eps"": 1e-08, ""b_transfer_config.weight_decay"": 0.0, ""b_transfer_config.steps"": 2, ""b_transfer_config.initialization"": ""zero_each_event"", ""b_transfer_config.rank"": ""read_from_each_B_tensor"", ""b_transfer_config.probe_per_tail_class"": 8, ""b_transfer_config.probe_views"": 1, ""b_transfer_config.donor_threshold"": 0.0, ""b_transfer_config.donor_rule"": ""source_missing_class_and_positive_LA_forward_gain"", ""b_transfer_config.calibration_tail_cap"": 16, ""b_transfer_config.calibration_non_tail_cap"": 16, ""b_transfer_config.tail_only_cap"": 32, ""b_transfer_config.calibration_objective"": ""equal mean of tail and non-tail LA means; existing groups only"", ""b_transfer_config.calibration_sampling"": ""class-cyclic tail coverage over two steps; no repeats within a step"", ""b_transfer_config.calibration_transform"": ""deterministic evaluation transform; autograd enabled"", ""b_transfer_config.calibration_probe_overlap"": ""allowed training-side proxy"", ""b_transfer_config.aggregation"": ""unchanged_sample_weighted_B_FedAvg"", ""b_transfer_config.privacy"": ""sequential FL simulation; class presence and donor identities visible"", ""control_config.schema_version"": ""la_control_v1"", ""control_config.method"": ""s"", ""control_config.seed"": 42, ""control_config.protocol_seed"": 42, ""control_config.topology"": ""client-longtail"", ""control_config.dirichlet_beta"": 0.5, ""control_config.la_tau"": 1.0, ""control_config.a_lr_mult"": 1.0, ""control_config.extra_a_lr"": 0.001, ""control_config.extra_b_lr"": 0.001, ""control_config.normal_trainable_factor"": ""B"", ""control_config.normal_a_lr"": null, ""control_config.normal_a_weight_decay"": null, ""control_config.normal_b_lr"": 0.001, ""control_config.normal_b_weight_decay"": 0.0005, ""control_config.extra_weight_decay"": 0.0, ""control_config.aggregation"": ""sample_weighted_factor_fedavg"", ""control_config.control_enabled"": false, ""control_config.extra_trainable_factor"": ""A"", ""control_config.lookahead_rounds"": 2, ""control_config.min_gain"": 0.0001, ""control_config.tail_tolerance"": 0.002, ""control_config.history_tolerance"": 0.002, ""control_config.patience"": 2, ""control_config.anchor_scope"": ""root_and_committed_decision_endpoints_only"", ""control_config.feedback"": ""training-side functional feedback: unscaled cosine margin, fixed views, all training samples"", ""control_config.offline_probe"": ""offline mechanism probe; never used for decisions"", ""control_config.rng_protocol"": ""v2: functional and official evaluations are observational; legacy CE results are historical only"", ""control_config.privacy"": ""simulated class sum/count uploads; class presence visible; no secure aggregation or DP"", ""control_config.primary_endpoint"": ""last20_committed_logical_rounds"", ""control_config.checkpoint_encoding"": ""full base state plus exact changed tensors"", ""control_config.steps_per_epoch"": 352, ""control_config.normal_steps_expected"": 105600, ""control_config.extra_steps_expected"": 31680, ""sfra_config.schema_version"": ""sfra_cp_v1"", ""sfra_config.variant"": ""full-cp"", ""sfra_config.retention_weight"": 10.0, ""sfra_config.correction_steps"": 3, ""sfra_config.correction_step_size"": 0.1, ""sfra_config.witness_per_local_class"": 8, ""sfra_config.witness_views"": 2, ""sfra_config.positive_response_threshold"": 1e-06, ""sfra_config.current_gain_fraction"": 0.5, ""sfra_config.history_window"": 5, ""sfra_config.history_improvement"": 0.001, ""sfra_config.sigma_floor"": 0.001, ""sfra_config.radius"": ""unweighted_client_proposal_RMS"", ""sfra_config.source_coordinates"": ""untruncated_reduced_QR"", ""sfra_config.seed"": 42, ""sfra_config.protocol_seed"": 42, ""sfra_config.partition"": ""client-longtail"", ""sfra_config.witness_batch_size"": 8, ""sfra_config.feedback"": ""training-side mean unscaled all-class cosine margin; deterministic view + flip"", ""sfra_config.normalization"": ""one global active-token normalization; no further client weighting"", ""sfra_config.privacy"": ""sequential FL simulation with local diagnostics; no DP or secure aggregation"", ""sfra_config.precision"": ""fp32"", ""sfra_config.commit_rule"": ""fixed_third_step"", ""sfra_config.classification_weight"": 1.0, ""sfra_config.classification_objective"": ""global sample-weighted LA on all witness tokens and both views"", ""sfra_config.classification_reference"": ""same-round ordinary A proposal with fixed post-B model"", ""sfra_config.classification_penalty"": ""0.5 * positive((C-C0)/scale)^2 after global loss aggregation"", ""sfra_config.classification_scale"": ""max(0.001, R * norm(global LA gradient at ordinary A))"", ""sfra_config.classification_scale_floor"": 0.001, ""sfra_config.classification_gradient_upload"": ""separate from functional gradient""}",ca9e896a2612cab0345f0e46a49aea326919d5f3da72927f419ed7f8a91359e1,d3bfb1e2725fbc7d409ebf4e45b1ccf9dcf12679559848e43497ab7d38647057,,output/sfra_b_transfer_run2_analysis/sfra_b_transfer_run2/seed42/client-longtail/full-cp/lambda10_mu1_protocol42_b_lr0.3_probe0.1_reg0.001,独立目录记录
Rb3ae9e611,sfra_cp_analysis,output/sfra_cp_analysis/sfra_cp/seed42/client-longtail/full-cp/lambda10_mu0.3_protocol42,,sfra_full-cp,ClipLora,CIFAR100-LT,client-longtail,42,,,,,,,,完成标记与曲线一致,0,100,101,101,,81,100,70.59,76.05,68.61833333333333,71.045,70.47625000000001,73.08285714285714,68.45714285714286,70.17,70.69,70.75,71.6,63,0.8499999999999943,66.35,100,30,dccc4466cfc50d3fc557d32a0d1bb8a7adc9e81ac6b171e47446dfaadfa985ef,03c0a7a963d31a520441bfe39cdfd888a6a84b6e67968a41f4b6ad1af4512f9b,898ab6b4d75ba8f31be40f5219696d98204c1506656c265cc1b3b68eff508a81,3.6500000953674316,39.0,638.0,cb41d01f365c4cd96b52ea1a45c068f639d61de207e38b1a1b023b909812265c,101,303,0,[],0.0,逐类核对通过,105600,31680,137280,270,43972.75556143373,,output/sfra_cp_analysis/sfra_cp/seed42/client-longtail/full-cp/lambda10_mu0.3_protocol42/round_metrics.csv,output/sfra_cp_analysis/sfra_cp/seed42/client-longtail/full-cp/lambda10_mu0.3_protocol42/completion.json,"{""control_config.schema_version"": ""la_control_v1"", ""control_config.method"": ""s"", ""control_config.seed"": 42, ""control_config.protocol_seed"": 42, ""control_config.topology"": ""client-longtail"", ""control_config.dirichlet_beta"": 0.5, ""control_config.la_tau"": 1.0, ""control_config.a_lr_mult"": 1.0, ""control_config.extra_a_lr"": 0.001, ""control_config.extra_b_lr"": 0.001, ""control_config.normal_trainable_factor"": ""B"", ""control_config.normal_a_lr"": null, ""control_config.normal_a_weight_decay"": null, ""control_config.normal_b_lr"": 0.001, ""control_config.normal_b_weight_decay"": 0.0005, ""control_config.extra_weight_decay"": 0.0, ""control_config.aggregation"": ""sample_weighted_factor_fedavg"", ""control_config.control_enabled"": false, ""control_config.extra_trainable_factor"": ""A"", ""control_config.lookahead_rounds"": 2, ""control_config.min_gain"": 0.0001, ""control_config.tail_tolerance"": 0.002, ""control_config.history_tolerance"": 0.002, ""control_config.patience"": 2, ""control_config.anchor_scope"": ""root_and_committed_decision_endpoints_only"", ""control_config.feedback"": ""training-side functional feedback: unscaled cosine margin, fixed views, all training samples"", ""control_config.offline_probe"": ""offline mechanism probe; never used for decisions"", ""control_config.rng_protocol"": ""v2: functional and official evaluations are observational; legacy CE results are historical only"", ""control_config.privacy"": ""simulated class sum/count uploads; class presence visible; no secure aggregation or DP"", ""control_config.primary_endpoint"": ""last20_committed_logical_rounds"", ""control_config.checkpoint_encoding"": ""full base state plus exact changed tensors"", ""control_config.steps_per_epoch"": 352, ""control_config.normal_steps_expected"": 105600, ""control_config.extra_steps_expected"": 31680, ""sfra_config.schema_version"": ""sfra_cp_v1"", ""sfra_config.variant"": ""full-cp"", ""sfra_config.retention_weight"": 10.0, ""sfra_config.correction_steps"": 3, ""sfra_config.correction_step_size"": 0.1, ""sfra_config.witness_per_local_class"": 8, ""sfra_config.witness_views"": 2, ""sfra_config.positive_response_threshold"": 1e-06, ""sfra_config.current_gain_fraction"": 0.5, ""sfra_config.history_window"": 5, ""sfra_config.history_improvement"": 0.001, ""sfra_config.sigma_floor"": 0.001, ""sfra_config.radius"": ""unweighted_client_proposal_RMS"", ""sfra_config.source_coordinates"": ""untruncated_reduced_QR"", ""sfra_config.seed"": 42, ""sfra_config.protocol_seed"": 42, ""sfra_config.partition"": ""client-longtail"", ""sfra_config.witness_batch_size"": 8, ""sfra_config.feedback"": ""training-side mean unscaled all-class cosine margin; deterministic view + flip"", ""sfra_config.normalization"": ""one global active-token normalization; no further client weighting"", ""sfra_config.privacy"": ""sequential FL simulation with local diagnostics; no DP or secure aggregation"", ""sfra_config.precision"": ""fp32"", ""sfra_config.commit_rule"": ""fixed_third_step"", ""sfra_config.classification_weight"": 0.3, ""sfra_config.classification_objective"": ""global sample-weighted LA on all witness tokens and both views"", ""sfra_config.classification_reference"": ""same-round ordinary A proposal with fixed post-B model"", ""sfra_config.classification_penalty"": ""0.5 * positive((C-C0)/scale)^2 after global loss aggregation"", ""sfra_config.classification_scale"": ""max(0.001, R * norm(global LA gradient at ordinary A))"", ""sfra_config.classification_scale_floor"": 0.001, ""sfra_config.classification_gradient_upload"": ""separate from functional gradient""}",73cdc62d37f937a525d26e4dbbdb4b901b6368124e2844f3e99ae070c975fbd8,1b0b25a8770a1966ab8d77b9223f7c6b04c8f15d1c58bcdc21124045704c1dee,,output/sfra_cp_analysis/sfra_cp/seed42/client-longtail/full-cp/lambda10_mu0.3_protocol42,独立目录记录
R29b405139,sfra_cp_analysis,output/sfra_cp_analysis/sfra_cp/seed42/client-longtail/full-cp/lambda10_mu1_protocol42,,sfra_full-cp,ClipLora,CIFAR100-LT,client-longtail,42,,,,,,,,完成标记与曲线一致,0,100,101,101,,81,100,70.63300000000001,76.10499999999999,68.70833333333334,70.935,70.5575,73.13142857142857,68.60142857142857,70.08833333333334,70.79,70.65,71.65,57,1.0,66.35,100,30,dccc4466cfc50d3fc557d32a0d1bb8a7adc9e81ac6b171e47446dfaadfa985ef,03c0a7a963d31a520441bfe39cdfd888a6a84b6e67968a41f4b6ad1af4512f9b,898ab6b4d75ba8f31be40f5219696d98204c1506656c265cc1b3b68eff508a81,3.6500000953674316,39.0,638.0,cb41d01f365c4cd96b52ea1a45c068f639d61de207e38b1a1b023b909812265c,101,303,0,[],0.0,逐类核对通过,105600,31680,137280,270,45828.72466865089,,output/sfra_cp_analysis/sfra_cp/seed42/client-longtail/full-cp/lambda10_mu1_protocol42/round_metrics.csv,output/sfra_cp_analysis/sfra_cp/seed42/client-longtail/full-cp/lambda10_mu1_protocol42/completion.json,"{""control_config.schema_version"": ""la_control_v1"", ""control_config.method"": ""s"", ""control_config.seed"": 42, ""control_config.protocol_seed"": 42, ""control_config.topology"": ""client-longtail"", ""control_config.dirichlet_beta"": 0.5, ""control_config.la_tau"": 1.0, ""control_config.a_lr_mult"": 1.0, ""control_config.extra_a_lr"": 0.001, ""control_config.extra_b_lr"": 0.001, ""control_config.normal_trainable_factor"": ""B"", ""control_config.normal_a_lr"": null, ""control_config.normal_a_weight_decay"": null, ""control_config.normal_b_lr"": 0.001, ""control_config.normal_b_weight_decay"": 0.0005, ""control_config.extra_weight_decay"": 0.0, ""control_config.aggregation"": ""sample_weighted_factor_fedavg"", ""control_config.control_enabled"": false, ""control_config.extra_trainable_factor"": ""A"", ""control_config.lookahead_rounds"": 2, ""control_config.min_gain"": 0.0001, ""control_config.tail_tolerance"": 0.002, ""control_config.history_tolerance"": 0.002, ""control_config.patience"": 2, ""control_config.anchor_scope"": ""root_and_committed_decision_endpoints_only"", ""control_config.feedback"": ""training-side functional feedback: unscaled cosine margin, fixed views, all training samples"", ""control_config.offline_probe"": ""offline mechanism probe; never used for decisions"", ""control_config.rng_protocol"": ""v2: functional and official evaluations are observational; legacy CE results are historical only"", ""control_config.privacy"": ""simulated class sum/count uploads; class presence visible; no secure aggregation or DP"", ""control_config.primary_endpoint"": ""last20_committed_logical_rounds"", ""control_config.checkpoint_encoding"": ""full base state plus exact changed tensors"", ""control_config.steps_per_epoch"": 352, ""control_config.normal_steps_expected"": 105600, ""control_config.extra_steps_expected"": 31680, ""sfra_config.schema_version"": ""sfra_cp_v1"", ""sfra_config.variant"": ""full-cp"", ""sfra_config.retention_weight"": 10.0, ""sfra_config.correction_steps"": 3, ""sfra_config.correction_step_size"": 0.1, ""sfra_config.witness_per_local_class"": 8, ""sfra_config.witness_views"": 2, ""sfra_config.positive_response_threshold"": 1e-06, ""sfra_config.current_gain_fraction"": 0.5, ""sfra_config.history_window"": 5, ""sfra_config.history_improvement"": 0.001, ""sfra_config.sigma_floor"": 0.001, ""sfra_config.radius"": ""unweighted_client_proposal_RMS"", ""sfra_config.source_coordinates"": ""untruncated_reduced_QR"", ""sfra_config.seed"": 42, ""sfra_config.protocol_seed"": 42, ""sfra_config.partition"": ""client-longtail"", ""sfra_config.witness_batch_size"": 8, ""sfra_config.feedback"": ""training-side mean unscaled all-class cosine margin; deterministic view + flip"", ""sfra_config.normalization"": ""one global active-token normalization; no further client weighting"", ""sfra_config.privacy"": ""sequential FL simulation with local diagnostics; no DP or secure aggregation"", ""sfra_config.precision"": ""fp32"", ""sfra_config.commit_rule"": ""fixed_third_step"", ""sfra_config.classification_weight"": 1.0, ""sfra_config.classification_objective"": ""global sample-weighted LA on all witness tokens and both views"", ""sfra_config.classification_reference"": ""same-round ordinary A proposal with fixed post-B model"", ""sfra_config.classification_penalty"": ""0.5 * positive((C-C0)/scale)^2 after global loss aggregation"", ""sfra_config.classification_scale"": ""max(0.001, R * norm(global LA gradient at ordinary A))"", ""sfra_config.classification_scale_floor"": 0.001, ""sfra_config.classification_gradient_upload"": ""separate from functional gradient""}",4359b6e2573f93ef4066d821ada2a3af7d3657d728b65db957737cd48655cf40,ee33587158b140ba75cd30a8fb68fe4c01105351af01fa6907bfb210f1d1360a,,output/sfra_cp_analysis/sfra_cp/seed42/client-longtail/full-cp/lambda10_mu1_protocol42,独立目录记录
Ra116c9874,sfra_cp_analysis,output/sfra_cp_analysis/sfra_cp/seed42/client-longtail/full-cp/lambda10_mu3_protocol42,,sfra_full-cp,ClipLora,CIFAR100-LT,client-longtail,42,,,,,,,,完成标记与曲线一致,0,100,101,101,,81,100,70.72200000000001,76.215,68.975,70.47,70.785,73.28999999999999,69.01,69.72333333333333,70.8,69.95,71.6,52,1.6499999999999915,66.35,100,30,dccc4466cfc50d3fc557d32a0d1bb8a7adc9e81ac6b171e47446dfaadfa985ef,03c0a7a963d31a520441bfe39cdfd888a6a84b6e67968a41f4b6ad1af4512f9b,898ab6b4d75ba8f31be40f5219696d98204c1506656c265cc1b3b68eff508a81,3.6500000953674316,39.0,638.0,cb41d01f365c4cd96b52ea1a45c068f639d61de207e38b1a1b023b909812265c,101,303,0,[],0.0,逐类核对通过,105600,31680,137280,270,44557.005457252264,,output/sfra_cp_analysis/sfra_cp/seed42/client-longtail/full-cp/lambda10_mu3_protocol42/round_metrics.csv,output/sfra_cp_analysis/sfra_cp/seed42/client-longtail/full-cp/lambda10_mu3_protocol42/completion.json,"{""control_config.schema_version"": ""la_control_v1"", ""control_config.method"": ""s"", ""control_config.seed"": 42, ""control_config.protocol_seed"": 42, ""control_config.topology"": ""client-longtail"", ""control_config.dirichlet_beta"": 0.5, ""control_config.la_tau"": 1.0, ""control_config.a_lr_mult"": 1.0, ""control_config.extra_a_lr"": 0.001, ""control_config.extra_b_lr"": 0.001, ""control_config.normal_trainable_factor"": ""B"", ""control_config.normal_a_lr"": null, ""control_config.normal_a_weight_decay"": null, ""control_config.normal_b_lr"": 0.001, ""control_config.normal_b_weight_decay"": 0.0005, ""control_config.extra_weight_decay"": 0.0, ""control_config.aggregation"": ""sample_weighted_factor_fedavg"", ""control_config.control_enabled"": false, ""control_config.extra_trainable_factor"": ""A"", ""control_config.lookahead_rounds"": 2, ""control_config.min_gain"": 0.0001, ""control_config.tail_tolerance"": 0.002, ""control_config.history_tolerance"": 0.002, ""control_config.patience"": 2, ""control_config.anchor_scope"": ""root_and_committed_decision_endpoints_only"", ""control_config.feedback"": ""training-side functional feedback: unscaled cosine margin, fixed views, all training samples"", ""control_config.offline_probe"": ""offline mechanism probe; never used for decisions"", ""control_config.rng_protocol"": ""v2: functional and official evaluations are observational; legacy CE results are historical only"", ""control_config.privacy"": ""simulated class sum/count uploads; class presence visible; no secure aggregation or DP"", ""control_config.primary_endpoint"": ""last20_committed_logical_rounds"", ""control_config.checkpoint_encoding"": ""full base state plus exact changed tensors"", ""control_config.steps_per_epoch"": 352, ""control_config.normal_steps_expected"": 105600, ""control_config.extra_steps_expected"": 31680, ""sfra_config.schema_version"": ""sfra_cp_v1"", ""sfra_config.variant"": ""full-cp"", ""sfra_config.retention_weight"": 10.0, ""sfra_config.correction_steps"": 3, ""sfra_config.correction_step_size"": 0.1, ""sfra_config.witness_per_local_class"": 8, ""sfra_config.witness_views"": 2, ""sfra_config.positive_response_threshold"": 1e-06, ""sfra_config.current_gain_fraction"": 0.5, ""sfra_config.history_window"": 5, ""sfra_config.history_improvement"": 0.001, ""sfra_config.sigma_floor"": 0.001, ""sfra_config.radius"": ""unweighted_client_proposal_RMS"", ""sfra_config.source_coordinates"": ""untruncated_reduced_QR"", ""sfra_config.seed"": 42, ""sfra_config.protocol_seed"": 42, ""sfra_config.partition"": ""client-longtail"", ""sfra_config.witness_batch_size"": 8, ""sfra_config.feedback"": ""training-side mean unscaled all-class cosine margin; deterministic view + flip"", ""sfra_config.normalization"": ""one global active-token normalization; no further client weighting"", ""sfra_config.privacy"": ""sequential FL simulation with local diagnostics; no DP or secure aggregation"", ""sfra_config.precision"": ""fp32"", ""sfra_config.commit_rule"": ""fixed_third_step"", ""sfra_config.classification_weight"": 3.0, ""sfra_config.classification_objective"": ""global sample-weighted LA on all witness tokens and both views"", ""sfra_config.classification_reference"": ""same-round ordinary A proposal with fixed post-B model"", ""sfra_config.classification_penalty"": ""0.5 * positive((C-C0)/scale)^2 after global loss aggregation"", ""sfra_config.classification_scale"": ""max(0.001, R * norm(global LA gradient at ordinary A))"", ""sfra_config.classification_scale_floor"": 0.001, ""sfra_config.classification_gradient_upload"": ""separate from functional gradient""}",0ac81cf8fd332412f8162d1cb05f34c91142fe1abf98062105a614544140b271,397992048d86c74aa241632efe835a516574170140ef96c015a745686734c975,,output/sfra_cp_analysis/sfra_cp/seed42/client-longtail/full-cp/lambda10_mu3_protocol42,独立目录记录
R2026b9a85,sfra_cp_analysis_new,output/sfra_cp_analysis_new/sfra_cp/seed42/client-longtail/flat-cp/lambda10_mu1_protocol42_fast,,sfra_flat-cp,ClipLora,CIFAR100-LT,client-longtail,42,,,,,,,,完成标记与曲线一致,0,100,101,101,,81,100,70.7125,76.175,69.11083333333333,70.05499999999999,70.876875,73.2357142857143,69.31,69.405,70.84,69.55,71.65,52,2.1000000000000085,66.35,100,30,dccc4466cfc50d3fc557d32a0d1bb8a7adc9e81ac6b171e47446dfaadfa985ef,03c0a7a963d31a520441bfe39cdfd888a6a84b6e67968a41f4b6ad1af4512f9b,898ab6b4d75ba8f31be40f5219696d98204c1506656c265cc1b3b68eff508a81,3.6500000953674316,39.0,638.0,cb41d01f365c4cd96b52ea1a45c068f639d61de207e38b1a1b023b909812265c,101,303,0,[],0.0,逐类核对通过,105600,31680,137280,270,65564.12020528101,,output/sfra_cp_analysis_new/sfra_cp/seed42/client-longtail/flat-cp/lambda10_mu1_protocol42_fast/round_metrics.csv,output/sfra_cp_analysis_new/sfra_cp/seed42/client-longtail/flat-cp/lambda10_mu1_protocol42_fast/completion.json,"{""control_config.schema_version"": ""la_control_v1"", ""control_config.method"": ""s"", ""control_config.seed"": 42, ""control_config.protocol_seed"": 42, ""control_config.topology"": ""client-longtail"", ""control_config.dirichlet_beta"": 0.5, ""control_config.la_tau"": 1.0, ""control_config.a_lr_mult"": 1.0, ""control_config.extra_a_lr"": 0.001, ""control_config.extra_b_lr"": 0.001, ""control_config.normal_trainable_factor"": ""B"", ""control_config.normal_a_lr"": null, ""control_config.normal_a_weight_decay"": null, ""control_config.normal_b_lr"": 0.001, ""control_config.normal_b_weight_decay"": 0.0005, ""control_config.extra_weight_decay"": 0.0, ""control_config.aggregation"": ""sample_weighted_factor_fedavg"", ""control_config.control_enabled"": false, ""control_config.extra_trainable_factor"": ""A"", ""control_config.lookahead_rounds"": 2, ""control_config.min_gain"": 0.0001, ""control_config.tail_tolerance"": 0.002, ""control_config.history_tolerance"": 0.002, ""control_config.patience"": 2, ""control_config.anchor_scope"": ""root_and_committed_decision_endpoints_only"", ""control_config.feedback"": ""training-side functional feedback: unscaled cosine margin, fixed views, all training samples"", ""control_config.offline_probe"": ""offline mechanism probe; never used for decisions"", ""control_config.rng_protocol"": ""v2: functional and official evaluations are observational; legacy CE results are historical only"", ""control_config.privacy"": ""simulated class sum/count uploads; class presence visible; no secure aggregation or DP"", ""control_config.primary_endpoint"": ""last20_committed_logical_rounds"", ""control_config.checkpoint_encoding"": ""full base state plus exact changed tensors"", ""control_config.steps_per_epoch"": 352, ""control_config.normal_steps_expected"": 105600, ""control_config.extra_steps_expected"": 31680, ""execution_config.version"": 1, ""execution_config.text_cache"": true, ""execution_config.witness_image_cache"": true, ""execution_config.frozen_visual_prefix_cache"": ""cpu_original_dtype"", ""execution_config.lora_only_restore"": true, ""execution_config.low_rank_forward"": true, ""execution_config.feedback_forward_batch_size"": 32, ""execution_config.feedback_batching"": ""within_client; individual source gradients retained"", ""execution_config.zero_gradient_skip"": ""exactly zero functional coefficient only"", ""sfra_config.schema_version"": ""sfra_cp_v1"", ""sfra_config.variant"": ""flat-cp"", ""sfra_config.retention_weight"": 10.0, ""sfra_config.correction_steps"": 3, ""sfra_config.correction_step_size"": 0.1, ""sfra_config.witness_per_local_class"": 8, ""sfra_config.witness_views"": 2, ""sfra_config.positive_response_threshold"": 1e-06, ""sfra_config.current_gain_fraction"": 0.5, ""sfra_config.history_window"": 5, ""sfra_config.history_improvement"": 0.001, ""sfra_config.sigma_floor"": 0.001, ""sfra_config.radius"": ""unweighted_client_proposal_RMS"", ""sfra_config.source_coordinates"": ""untruncated_reduced_QR"", ""sfra_config.seed"": 42, ""sfra_config.protocol_seed"": 42, ""sfra_config.partition"": ""client-longtail"", ""sfra_config.witness_batch_size"": 8, ""sfra_config.feedback"": ""training-side mean unscaled all-class cosine margin; deterministic view + flip"", ""sfra_config.normalization"": ""one global active-token normalization; no further client weighting"", ""sfra_config.privacy"": ""sequential FL simulation with local diagnostics; no DP or secure aggregation"", ""sfra_config.precision"": ""fp32"", ""sfra_config.commit_rule"": ""fixed_third_step"", ""sfra_config.classification_weight"": 1.0, ""sfra_config.classification_objective"": ""global sample-weighted LA on all witness tokens and both views"", ""sfra_config.classification_reference"": ""same-round ordinary A proposal with fixed post-B model"", ""sfra_config.classification_penalty"": ""0.5 * positive((C-C0)/scale)^2 after global loss aggregation"", ""sfra_config.classification_scale"": ""max(0.001, R * norm(global LA gradient at ordinary A))"", ""sfra_config.classification_scale_floor"": 0.001, ""sfra_config.classification_gradient_upload"": ""separate from functional gradient""}",b863403e5695610b5a40c862cfbc3371260625113af78c18e14b9be6298d3a2e,ff53c0b26b24dc0fee3101572a07c4f653647bdda21bec3e398790201356aa63,,output/sfra_cp_analysis_new/sfra_cp/seed42/client-longtail/flat-cp/lambda10_mu1_protocol42_fast,独立目录记录
R5f5e239d9,sfra_v1_analysis,output/sfra_v1_analysis/sfra_v1/seed42/client-longtail/current/lambda10_protocol42,,sfra_current,ClipLora,CIFAR100-LT,client-longtail,42,,,,,,,,完成标记与曲线一致,0,100,101,101,,81,100,70.861,76.75,69.53083333333333,68.9625,71.33562500000001,73.84857142857143,69.94285714285715,68.44666666666667,71.0,68.55,71.8,48,3.25,66.35,100,30,dccc4466cfc50d3fc557d32a0d1bb8a7adc9e81ac6b171e47446dfaadfa985ef,03c0a7a963d31a520441bfe39cdfd888a6a84b6e67968a41f4b6ad1af4512f9b,898ab6b4d75ba8f31be40f5219696d98204c1506656c265cc1b3b68eff508a81,3.6500000953674316,39.0,638.0,cb41d01f365c4cd96b52ea1a45c068f639d61de207e38b1a1b023b909812265c,101,303,0,[],0.0,逐类核对通过,105600,31680,137280,270,38978.10904953629,,output/sfra_v1_analysis/sfra_v1/seed42/client-longtail/current/lambda10_protocol42/round_metrics.csv,output/sfra_v1_analysis/sfra_v1/seed42/client-longtail/current/lambda10_protocol42/completion.json,"{""control_config.schema_version"": ""la_control_v1"", ""control_config.method"": ""s"", ""control_config.seed"": 42, ""control_config.protocol_seed"": 42, ""control_config.topology"": ""client-longtail"", ""control_config.dirichlet_beta"": 0.5, ""control_config.la_tau"": 1.0, ""control_config.a_lr_mult"": 1.0, ""control_config.extra_a_lr"": 0.001, ""control_config.extra_b_lr"": 0.001, ""control_config.normal_trainable_factor"": ""B"", ""control_config.normal_a_lr"": null, ""control_config.normal_a_weight_decay"": null, ""control_config.normal_b_lr"": 0.001, ""control_config.normal_b_weight_decay"": 0.0005, ""control_config.extra_weight_decay"": 0.0, ""control_config.aggregation"": ""sample_weighted_factor_fedavg"", ""control_config.control_enabled"": false, ""control_config.extra_trainable_factor"": ""A"", ""control_config.lookahead_rounds"": 2, ""control_config.min_gain"": 0.0001, ""control_config.tail_tolerance"": 0.002, ""control_config.history_tolerance"": 0.002, ""control_config.patience"": 2, ""control_config.anchor_scope"": ""root_and_committed_decision_endpoints_only"", ""control_config.feedback"": ""training-side functional feedback: unscaled cosine margin, fixed views, all training samples"", ""control_config.offline_probe"": ""offline mechanism probe; never used for decisions"", ""control_config.rng_protocol"": ""v2: functional and official evaluations are observational; legacy CE results are historical only"", ""control_config.privacy"": ""simulated class sum/count uploads; class presence visible; no secure aggregation or DP"", ""control_config.primary_endpoint"": ""last20_committed_logical_rounds"", ""control_config.checkpoint_encoding"": ""full base state plus exact changed tensors"", ""control_config.steps_per_epoch"": 352, ""control_config.normal_steps_expected"": 105600, ""control_config.extra_steps_expected"": 31680, ""sfra_config.schema_version"": ""sfra_v1"", ""sfra_config.variant"": ""current"", ""sfra_config.retention_weight"": 10.0, ""sfra_config.correction_steps"": 3, ""sfra_config.correction_step_size"": 0.1, ""sfra_config.witness_per_local_class"": 8, ""sfra_config.witness_views"": 2, ""sfra_config.positive_response_threshold"": 1e-06, ""sfra_config.current_gain_fraction"": 0.5, ""sfra_config.history_window"": 5, ""sfra_config.history_improvement"": 0.001, ""sfra_config.sigma_floor"": 0.001, ""sfra_config.radius"": ""unweighted_client_proposal_RMS"", ""sfra_config.source_coordinates"": ""untruncated_reduced_QR"", ""sfra_config.seed"": 42, ""sfra_config.protocol_seed"": 42, ""sfra_config.partition"": ""client-longtail"", ""sfra_config.witness_batch_size"": 8, ""sfra_config.feedback"": ""training-side mean unscaled all-class cosine margin; deterministic view + flip"", ""sfra_config.normalization"": ""one global active-token normalization; no further client weighting"", ""sfra_config.privacy"": ""sequential FL simulation with local diagnostics; no DP or secure aggregation"", ""sfra_config.precision"": ""fp32"", ""sfra_config.commit_rule"": ""fixed_third_step""}",19e46c5ea2e30075de11cdf9d2169040d3bcc616325a359cda2e4ee21688c69a,814aa3fcfaf8b81c930a504815e58381e2d730cdd38cc69b9e00dbbd99ea1054,,output/sfra_v1_analysis/sfra_v1/seed42/client-longtail/current/lambda10_protocol42,独立目录记录
R8b135d778,sfra_v1_analysis,output/sfra_v1_analysis/sfra_v1/seed42/client-longtail/flat/lambda10_protocol42,,sfra_flat,ClipLora,CIFAR100-LT,client-longtail,42,,,,,,,,完成标记与曲线一致,0,100,101,101,,81,100,70.7005,76.1575,69.06,70.16499999999999,70.834375,73.20285714285714,69.22142857142856,69.50666666666667,70.8,69.65,71.6,50,1.9499999999999886,66.35,100,30,dccc4466cfc50d3fc557d32a0d1bb8a7adc9e81ac6b171e47446dfaadfa985ef,03c0a7a963d31a520441bfe39cdfd888a6a84b6e67968a41f4b6ad1af4512f9b,898ab6b4d75ba8f31be40f5219696d98204c1506656c265cc1b3b68eff508a81,3.6500000953674316,39.0,638.0,cb41d01f365c4cd96b52ea1a45c068f639d61de207e38b1a1b023b909812265c,101,303,0,[],0.0,逐类核对通过,105600,31680,137280,270,39442.28370715678,,output/sfra_v1_analysis/sfra_v1/seed42/client-longtail/flat/lambda10_protocol42/round_metrics.csv,output/sfra_v1_analysis/sfra_v1/seed42/client-longtail/flat/lambda10_protocol42/completion.json,"{""control_config.schema_version"": ""la_control_v1"", ""control_config.method"": ""s"", ""control_config.seed"": 42, ""control_config.protocol_seed"": 42, ""control_config.topology"": ""client-longtail"", ""control_config.dirichlet_beta"": 0.5, ""control_config.la_tau"": 1.0, ""control_config.a_lr_mult"": 1.0, ""control_config.extra_a_lr"": 0.001, ""control_config.extra_b_lr"": 0.001, ""control_config.normal_trainable_factor"": ""B"", ""control_config.normal_a_lr"": null, ""control_config.normal_a_weight_decay"": null, ""control_config.normal_b_lr"": 0.001, ""control_config.normal_b_weight_decay"": 0.0005, ""control_config.extra_weight_decay"": 0.0, ""control_config.aggregation"": ""sample_weighted_factor_fedavg"", ""control_config.control_enabled"": false, ""control_config.extra_trainable_factor"": ""A"", ""control_config.lookahead_rounds"": 2, ""control_config.min_gain"": 0.0001, ""control_config.tail_tolerance"": 0.002, ""control_config.history_tolerance"": 0.002, ""control_config.patience"": 2, ""control_config.anchor_scope"": ""root_and_committed_decision_endpoints_only"", ""control_config.feedback"": ""training-side functional feedback: unscaled cosine margin, fixed views, all training samples"", ""control_config.offline_probe"": ""offline mechanism probe; never used for decisions"", ""control_config.rng_protocol"": ""v2: functional and official evaluations are observational; legacy CE results are historical only"", ""control_config.privacy"": ""simulated class sum/count uploads; class presence visible; no secure aggregation or DP"", ""control_config.primary_endpoint"": ""last20_committed_logical_rounds"", ""control_config.checkpoint_encoding"": ""full base state plus exact changed tensors"", ""control_config.steps_per_epoch"": 352, ""control_config.normal_steps_expected"": 105600, ""control_config.extra_steps_expected"": 31680, ""sfra_config.schema_version"": ""sfra_v1"", ""sfra_config.variant"": ""flat"", ""sfra_config.retention_weight"": 10.0, ""sfra_config.correction_steps"": 3, ""sfra_config.correction_step_size"": 0.1, ""sfra_config.witness_per_local_class"": 8, ""sfra_config.witness_views"": 2, ""sfra_config.positive_response_threshold"": 1e-06, ""sfra_config.current_gain_fraction"": 0.5, ""sfra_config.history_window"": 5, ""sfra_config.history_improvement"": 0.001, ""sfra_config.sigma_floor"": 0.001, ""sfra_config.radius"": ""unweighted_client_proposal_RMS"", ""sfra_config.source_coordinates"": ""untruncated_reduced_QR"", ""sfra_config.seed"": 42, ""sfra_config.protocol_seed"": 42, ""sfra_config.partition"": ""client-longtail"", ""sfra_config.witness_batch_size"": 8, ""sfra_config.feedback"": ""training-side mean unscaled all-class cosine margin; deterministic view + flip"", ""sfra_config.normalization"": ""one global active-token normalization; no further client weighting"", ""sfra_config.privacy"": ""sequential FL simulation with local diagnostics; no DP or secure aggregation"", ""sfra_config.precision"": ""fp32"", ""sfra_config.commit_rule"": ""fixed_third_step""}",4d38cc2cc9246acb4a1cb2bb4f7169b909bf54dc0da0eb526fce26be75614098,31eaa9fc16d2fc77dd1f4ea7faa59452e393236c157e567bd1c15dceb4c240c3,,output/sfra_v1_analysis/sfra_v1/seed42/client-longtail/flat/lambda10_protocol42,独立目录记录
R23269e0bb,sfra_v1_analysis,output/sfra_v1_analysis/sfra_v1/seed42/client-longtail/full/lambda10_protocol42,,sfra_full,ClipLora,CIFAR100-LT,client-longtail,42,,,,,,,,完成标记与曲线一致,0,100,101,101,,81,100,70.565,76.025,68.57583333333334,71.0725,70.438125,73.05571428571429,68.39,70.19666666666667,70.67,70.85,71.55,64,0.7000000000000028,66.35,100,30,dccc4466cfc50d3fc557d32a0d1bb8a7adc9e81ac6b171e47446dfaadfa985ef,03c0a7a963d31a520441bfe39cdfd888a6a84b6e67968a41f4b6ad1af4512f9b,898ab6b4d75ba8f31be40f5219696d98204c1506656c265cc1b3b68eff508a81,3.6500000953674316,39.0,638.0,cb41d01f365c4cd96b52ea1a45c068f639d61de207e38b1a1b023b909812265c,101,303,0,[],0.0,逐类核对通过,105600,31680,137280,270,40384.106674432755,,output/sfra_v1_analysis/sfra_v1/seed42/client-longtail/full/lambda10_protocol42/round_metrics.csv,output/sfra_v1_analysis/sfra_v1/seed42/client-longtail/full/lambda10_protocol42/completion.json,"{""control_config.schema_version"": ""la_control_v1"", ""control_config.method"": ""s"", ""control_config.seed"": 42, ""control_config.protocol_seed"": 42, ""control_config.topology"": ""client-longtail"", ""control_config.dirichlet_beta"": 0.5, ""control_config.la_tau"": 1.0, ""control_config.a_lr_mult"": 1.0, ""control_config.extra_a_lr"": 0.001, ""control_config.extra_b_lr"": 0.001, ""control_config.normal_trainable_factor"": ""B"", ""control_config.normal_a_lr"": null, ""control_config.normal_a_weight_decay"": null, ""control_config.normal_b_lr"": 0.001, ""control_config.normal_b_weight_decay"": 0.0005, ""control_config.extra_weight_decay"": 0.0, ""control_config.aggregation"": ""sample_weighted_factor_fedavg"", ""control_config.control_enabled"": false, ""control_config.extra_trainable_factor"": ""A"", ""control_config.lookahead_rounds"": 2, ""control_config.min_gain"": 0.0001, ""control_config.tail_tolerance"": 0.002, ""control_config.history_tolerance"": 0.002, ""control_config.patience"": 2, ""control_config.anchor_scope"": ""root_and_committed_decision_endpoints_only"", ""control_config.feedback"": ""training-side functional feedback: unscaled cosine margin, fixed views, all training samples"", ""control_config.offline_probe"": ""offline mechanism probe; never used for decisions"", ""control_config.rng_protocol"": ""v2: functional and official evaluations are observational; legacy CE results are historical only"", ""control_config.privacy"": ""simulated class sum/count uploads; class presence visible; no secure aggregation or DP"", ""control_config.primary_endpoint"": ""last20_committed_logical_rounds"", ""control_config.checkpoint_encoding"": ""full base state plus exact changed tensors"", ""control_config.steps_per_epoch"": 352, ""control_config.normal_steps_expected"": 105600, ""control_config.extra_steps_expected"": 31680, ""sfra_config.schema_version"": ""sfra_v1"", ""sfra_config.variant"": ""full"", ""sfra_config.retention_weight"": 10.0, ""sfra_config.correction_steps"": 3, ""sfra_config.correction_step_size"": 0.1, ""sfra_config.witness_per_local_class"": 8, ""sfra_config.witness_views"": 2, ""sfra_config.positive_response_threshold"": 1e-06, ""sfra_config.current_gain_fraction"": 0.5, ""sfra_config.history_window"": 5, ""sfra_config.history_improvement"": 0.001, ""sfra_config.sigma_floor"": 0.001, ""sfra_config.radius"": ""unweighted_client_proposal_RMS"", ""sfra_config.source_coordinates"": ""untruncated_reduced_QR"", ""sfra_config.seed"": 42, ""sfra_config.protocol_seed"": 42, ""sfra_config.partition"": ""client-longtail"", ""sfra_config.witness_batch_size"": 8, ""sfra_config.feedback"": ""training-side mean unscaled all-class cosine margin; deterministic view + flip"", ""sfra_config.normalization"": ""one global active-token normalization; no further client weighting"", ""sfra_config.privacy"": ""sequential FL simulation with local diagnostics; no DP or secure aggregation"", ""sfra_config.precision"": ""fp32"", ""sfra_config.commit_rule"": ""fixed_third_step""}",f17a478d35ace479738d31e3dbbd24c3d555af6e4b5d30504e9267fb53e23620,0e5df1443dc736997582dabc44afcaf4f5a6dc975600f6ae5d5e4877287769cd,,output/sfra_v1_analysis/sfra_v1/seed42/client-longtail/full/lambda10_protocol42,独立目录记录
Rc28294125,sfra_v1_analysis,output/sfra_v1_analysis/sfra_v1/seed42/client-longtail/full/lambda1_protocol42,,sfra_full,ClipLora,CIFAR100-LT,client-longtail,42,,,,,,,,完成标记与曲线一致,0,100,101,101,,81,100,70.88300000000001,76.75,69.57833333333333,68.92999999999999,71.37125,73.85714285714286,69.97999999999999,68.46666666666667,71.05,68.6,71.8,48,3.200000000000003,66.35,100,30,dccc4466cfc50d3fc557d32a0d1bb8a7adc9e81ac6b171e47446dfaadfa985ef,03c0a7a963d31a520441bfe39cdfd888a6a84b6e67968a41f4b6ad1af4512f9b,898ab6b4d75ba8f31be40f5219696d98204c1506656c265cc1b3b68eff508a81,3.6500000953674316,39.0,638.0,cb41d01f365c4cd96b52ea1a45c068f639d61de207e38b1a1b023b909812265c,101,303,0,[],0.0,逐类核对通过,105600,31680,137280,270,41105.56061995588,,output/sfra_v1_analysis/sfra_v1/seed42/client-longtail/full/lambda1_protocol42/round_metrics.csv,output/sfra_v1_analysis/sfra_v1/seed42/client-longtail/full/lambda1_protocol42/completion.json,"{""control_config.schema_version"": ""la_control_v1"", ""control_config.method"": ""s"", ""control_config.seed"": 42, ""control_config.protocol_seed"": 42, ""control_config.topology"": ""client-longtail"", ""control_config.dirichlet_beta"": 0.5, ""control_config.la_tau"": 1.0, ""control_config.a_lr_mult"": 1.0, ""control_config.extra_a_lr"": 0.001, ""control_config.extra_b_lr"": 0.001, ""control_config.normal_trainable_factor"": ""B"", ""control_config.normal_a_lr"": null, ""control_config.normal_a_weight_decay"": null, ""control_config.normal_b_lr"": 0.001, ""control_config.normal_b_weight_decay"": 0.0005, ""control_config.extra_weight_decay"": 0.0, ""control_config.aggregation"": ""sample_weighted_factor_fedavg"", ""control_config.control_enabled"": false, ""control_config.extra_trainable_factor"": ""A"", ""control_config.lookahead_rounds"": 2, ""control_config.min_gain"": 0.0001, ""control_config.tail_tolerance"": 0.002, ""control_config.history_tolerance"": 0.002, ""control_config.patience"": 2, ""control_config.anchor_scope"": ""root_and_committed_decision_endpoints_only"", ""control_config.feedback"": ""training-side functional feedback: unscaled cosine margin, fixed views, all training samples"", ""control_config.offline_probe"": ""offline mechanism probe; never used for decisions"", ""control_config.rng_protocol"": ""v2: functional and official evaluations are observational; legacy CE results are historical only"", ""control_config.privacy"": ""simulated class sum/count uploads; class presence visible; no secure aggregation or DP"", ""control_config.primary_endpoint"": ""last20_committed_logical_rounds"", ""control_config.checkpoint_encoding"": ""full base state plus exact changed tensors"", ""control_config.steps_per_epoch"": 352, ""control_config.normal_steps_expected"": 105600, ""control_config.extra_steps_expected"": 31680, ""sfra_config.schema_version"": ""sfra_v1"", ""sfra_config.variant"": ""full"", ""sfra_config.retention_weight"": 1.0, ""sfra_config.correction_steps"": 3, ""sfra_config.correction_step_size"": 0.1, ""sfra_config.witness_per_local_class"": 8, ""sfra_config.witness_views"": 2, ""sfra_config.positive_response_threshold"": 1e-06, ""sfra_config.current_gain_fraction"": 0.5, ""sfra_config.history_window"": 5, ""sfra_config.history_improvement"": 0.001, ""sfra_config.sigma_floor"": 0.001, ""sfra_config.radius"": ""unweighted_client_proposal_RMS"", ""sfra_config.source_coordinates"": ""untruncated_reduced_QR"", ""sfra_config.seed"": 42, ""sfra_config.protocol_seed"": 42, ""sfra_config.partition"": ""client-longtail"", ""sfra_config.witness_batch_size"": 8, ""sfra_config.feedback"": ""training-side mean unscaled all-class cosine margin; deterministic view + flip"", ""sfra_config.normalization"": ""one global active-token normalization; no further client weighting"", ""sfra_config.privacy"": ""sequential FL simulation with local diagnostics; no DP or secure aggregation"", ""sfra_config.precision"": ""fp32"", ""sfra_config.commit_rule"": ""fixed_third_step""}",df004e938db2287ffc62b452f812f57d56064918c2a95422d0a7b8a111874fff,7a2deb1170b753be50618c296ec4ec44935d3ff4d71a511315ced78c6b8cf3c6,,output/sfra_v1_analysis/sfra_v1/seed42/client-longtail/full/lambda1_protocol42,独立目录记录
Rff2ff9082,sfra_v1_analysis,output/sfra_v1_analysis/sfra_v1/seed42/client-longtail/full/lambda3_protocol42,,sfra_full,ClipLora,CIFAR100-LT,client-longtail,42,,,,,,,,完成标记与曲线一致,0,100,101,101,,81,100,70.7975,76.5025,69.37,69.375,71.153125,73.57285714285715,69.69428571428571,68.84666666666666,70.9,68.95,71.75,49,2.799999999999997,66.35,100,30,dccc4466cfc50d3fc557d32a0d1bb8a7adc9e81ac6b171e47446dfaadfa985ef,03c0a7a963d31a520441bfe39cdfd888a6a84b6e67968a41f4b6ad1af4512f9b,898ab6b4d75ba8f31be40f5219696d98204c1506656c265cc1b3b68eff508a81,3.6500000953674316,39.0,638.0,cb41d01f365c4cd96b52ea1a45c068f639d61de207e38b1a1b023b909812265c,101,303,0,[],0.0,逐类核对通过,105600,31680,137280,270,40499.157231094316,,output/sfra_v1_analysis/sfra_v1/seed42/client-longtail/full/lambda3_protocol42/round_metrics.csv,output/sfra_v1_analysis/sfra_v1/seed42/client-longtail/full/lambda3_protocol42/completion.json,"{""control_config.schema_version"": ""la_control_v1"", ""control_config.method"": ""s"", ""control_config.seed"": 42, ""control_config.protocol_seed"": 42, ""control_config.topology"": ""client-longtail"", ""control_config.dirichlet_beta"": 0.5, ""control_config.la_tau"": 1.0, ""control_config.a_lr_mult"": 1.0, ""control_config.extra_a_lr"": 0.001, ""control_config.extra_b_lr"": 0.001, ""control_config.normal_trainable_factor"": ""B"", ""control_config.normal_a_lr"": null, ""control_config.normal_a_weight_decay"": null, ""control_config.normal_b_lr"": 0.001, ""control_config.normal_b_weight_decay"": 0.0005, ""control_config.extra_weight_decay"": 0.0, ""control_config.aggregation"": ""sample_weighted_factor_fedavg"", ""control_config.control_enabled"": false, ""control_config.extra_trainable_factor"": ""A"", ""control_config.lookahead_rounds"": 2, ""control_config.min_gain"": 0.0001, ""control_config.tail_tolerance"": 0.002, ""control_config.history_tolerance"": 0.002, ""control_config.patience"": 2, ""control_config.anchor_scope"": ""root_and_committed_decision_endpoints_only"", ""control_config.feedback"": ""training-side functional feedback: unscaled cosine margin, fixed views, all training samples"", ""control_config.offline_probe"": ""offline mechanism probe; never used for decisions"", ""control_config.rng_protocol"": ""v2: functional and official evaluations are observational; legacy CE results are historical only"", ""control_config.privacy"": ""simulated class sum/count uploads; class presence visible; no secure aggregation or DP"", ""control_config.primary_endpoint"": ""last20_committed_logical_rounds"", ""control_config.checkpoint_encoding"": ""full base state plus exact changed tensors"", ""control_config.steps_per_epoch"": 352, ""control_config.normal_steps_expected"": 105600, ""control_config.extra_steps_expected"": 31680, ""sfra_config.schema_version"": ""sfra_v1"", ""sfra_config.variant"": ""full"", ""sfra_config.retention_weight"": 3.0, ""sfra_config.correction_steps"": 3, ""sfra_config.correction_step_size"": 0.1, ""sfra_config.witness_per_local_class"": 8, ""sfra_config.witness_views"": 2, ""sfra_config.positive_response_threshold"": 1e-06, ""sfra_config.current_gain_fraction"": 0.5, ""sfra_config.history_window"": 5, ""sfra_config.history_improvement"": 0.001, ""sfra_config.sigma_floor"": 0.001, ""sfra_config.radius"": ""unweighted_client_proposal_RMS"", ""sfra_config.source_coordinates"": ""untruncated_reduced_QR"", ""sfra_config.seed"": 42, ""sfra_config.protocol_seed"": 42, ""sfra_config.partition"": ""client-longtail"", ""sfra_config.witness_batch_size"": 8, ""sfra_config.feedback"": ""training-side mean unscaled all-class cosine margin; deterministic view + flip"", ""sfra_config.normalization"": ""one global active-token normalization; no further client weighting"", ""sfra_config.privacy"": ""sequential FL simulation with local diagnostics; no DP or secure aggregation"", ""sfra_config.precision"": ""fp32"", ""sfra_config.commit_rule"": ""fixed_third_step""}",88dae3b07335abb9f2412cfe6f4b358d1ecd21c15c3d8751377e3d18f167d368,8ae572cce0b3e168ef69e807135f25c69af607bd32c1dc7ad477af0b3dfd2d2e,,output/sfra_v1_analysis/sfra_v1/seed42/client-longtail/full/lambda3_protocol42,独立目录记录
R509ebd0c0,stage3_two_round_seed42,output/stage3_two_round_seed42/combined,,ClipLora,ClipLora,Cifar100_LT,client-longtail-controlled,42,2,fp32,,,,,fedavg,短运行或本地结果不完整,0,2,3,3,,,,,,,,,,,,65.16,66.45,66.45,2,0.0,66.35,100,30,dccc4466cfc50d3fc557d32a0d1bb8a7adc9e81ac6b171e47446dfaadfa985ef,,898ab6b4d75ba8f31be40f5219696d98204c1506656c265cc1b3b68eff508a81,2.049999952316284,57.0,575.0,,3,9,0,[],0.0,逐类核对通过,,,,,,,output/stage3_two_round_seed42/combined/round_metrics.csv,,{},a39137760cfc1251c6cb169262c5b640c181a40409a59296be126bb9191a9941,,,output/stage3_two_round_seed42/combined,独立目录记录
Rc687c356e,stage3_two_round_seed42,output/stage3_two_round_seed42/fedavg,,ClipLora,ClipLora,Cifar100_LT,client-longtail-controlled,42,2,fp32,,,,,fedavg,短运行或本地结果不完整,0,2,3,3,,,,,,,,,,,,65.16,66.4,66.4,1,0.0,66.35,100,30,dccc4466cfc50d3fc557d32a0d1bb8a7adc9e81ac6b171e47446dfaadfa985ef,,898ab6b4d75ba8f31be40f5219696d98204c1506656c265cc1b3b68eff508a81,2.049999952316284,57.0,575.0,,3,9,0,[],0.0,逐类核对通过,,,,,,,output/stage3_two_round_seed42/fedavg/round_metrics.csv,,{},d843e2eb827acac866d4e48d58c7918e1300966da01f047159f5a6cd4592f43a,,,output/stage3_two_round_seed42/fedavg,独立目录记录
Rdb20dc643,stage3_two_round_seed42,output/stage3_two_round_seed42/random_proposal,,ClipLora,ClipLora,Cifar100_LT,client-longtail-controlled,42,2,fp32,,,,,fedavg,短运行或本地结果不完整,0,2,3,3,,,,,,,,,,,,65.17,66.45,66.45,2,0.0,66.35,100,30,dccc4466cfc50d3fc557d32a0d1bb8a7adc9e81ac6b171e47446dfaadfa985ef,,898ab6b4d75ba8f31be40f5219696d98204c1506656c265cc1b3b68eff508a81,2.049999952316284,57.0,575.0,,3,9,0,[],0.0,逐类核对通过,,,,,,,output/stage3_two_round_seed42/random_proposal/round_metrics.csv,,{},502cb0ccc62f39fcec03b0010334e9e72b0dfb0b1cfeecc0a9d3597bcf08c9dc,,,output/stage3_two_round_seed42/random_proposal,独立目录记录
R522ccee8e,test,output/test,,,CAPT,Cifar10_LT,,,,,,,,,,只有日志或配置，未发现精度结果,,,0,0,,,,,,,,,,,,,,,,,,,,,,,,,,,0,0,0,[],,缺少可交叉核对的分组或逐类文件,,,,,,,per_class CSV,,{},,,,output/test,独立目录记录
Rf78d40e7a,v2_capt_analysis,output/v2_capt_analysis/output/cifar100_LT/v2_matched/seed42/capt,CAPT提示学习与客户端协作对照,CAPT,CAPT,Cifar100_LT,client-longtail,42,,,不适用,更新提示及CAPT原有可训练组件,无A/B更新,CAPT原生目标,cluster协作；每轮全局聚合,已记录到第100轮或以后,1,100,100,100,,81,100,69.9845,81.815,67.76333333333334,64.8175,71.27625,77.58142857142857,67.0142857142857,64.58666666666667,70.09,65.35,71.0,11,5.650000000000006,,100,30,dccc4466cfc50d3fc557d32a0d1bb8a7adc9e81ac6b171e47446dfaadfa985ef,03c0a7a963d31a520441bfe39cdfd888a6a84b6e67968a41f4b6ad1af4512f9b,898ab6b4d75ba8f31be40f5219696d98204c1506656c265cc1b3b68eff508a81,3.6500000953674316,39.0,638.0,,100,300,0,[],0.0,逐类核对通过,,,,,,预算对齐配置；模型结构与LoRA不同,output/v2_capt_analysis/output/cifar100_LT/v2_matched/seed42/capt/round_metrics.csv,,{},9ec10ceec04db2444d53b645bdde3975ebef7771662e9f97ed4afb4ffaa18746,eb904b11bc9544dae4c0c9294a124ab900107d0c1f852ffc47d891ab23f075e0,,output/v2_capt_analysis/output/cifar100_LT/v2_matched/seed42/capt,独立目录记录
Rd5f58bb72,v2_capt_analysis,output/v2_capt_analysis/output/cifar100_LT/v2_matched/seed42/fedavg,固定A，只训练B，样本量聚合,ClipLora,ClipLora,Cifar100_LT,client-longtail,42,2,fp32,2/FP32,冻结A，只更新B；每轮3 epoch,无,普通 CE,B按样本量q聚合,已记录到第100轮或以后,0,100,101,101,,81,100,67.57849999999999,77.1,64.56416666666667,67.1,67.698125,72.81428571428572,64.24142857142857,65.36333333333333,67.64,66.8,67.65,53,0.8500000000000085,66.35,100,30,dccc4466cfc50d3fc557d32a0d1bb8a7adc9e81ac6b171e47446dfaadfa985ef,03c0a7a963d31a520441bfe39cdfd888a6a84b6e67968a41f4b6ad1af4512f9b,898ab6b4d75ba8f31be40f5219696d98204c1506656c265cc1b3b68eff508a81,3.6500000953674316,39.0,638.0,,101,303,0,[],0.0,逐类核对通过,,,,,,p由类别先验平衡求解；客户端训练仍为CE，未加训练logit校正,output/v2_capt_analysis/output/cifar100_LT/v2_matched/seed42/fedavg/round_metrics.csv,,{},61a9b03c46e50fc92d28ac2a23e50ed7b54feb147872f46180c2b1de490a1c86,4defc517980ce04fa4ee06ca42101e85f059e5d5b1324617b6dc732eb54ac31a,,output/v2_capt_analysis/output/cifar100_LT/v2_matched/seed42/fedavg,独立目录记录
Rec028d79a,v2_capt_analysis,output/v2_capt_analysis/output/cifar100_LT/v2_matched/seed42/progressive,固定A，只训练B，逐步调整客户端权重,ClipLora,ClipLora,Cifar100_LT,client-longtail,42,2,fp32,2/FP32,冻结A，只更新B；每轮3 epoch,无,普通 CE,"B权重=(1−β)q+βp；β=clip((轮次−5)/15,0,1)",已记录到第100轮或以后,0,100,101,202,,81,100,67.5895,74.85249999999999,65.1975,67.5025,67.61125,71.75857142857143,64.80571428571429,65.97333333333333,67.66,67.45,67.7,52,0.25,66.35,100,30,dccc4466cfc50d3fc557d32a0d1bb8a7adc9e81ac6b171e47446dfaadfa985ef,03c0a7a963d31a520441bfe39cdfd888a6a84b6e67968a41f4b6ad1af4512f9b,898ab6b4d75ba8f31be40f5219696d98204c1506656c265cc1b3b68eff508a81,3.6500000953674316,39.0,638.0,,101,303,0,[],0.0,逐类核对通过,,,,,,p由类别先验平衡求解；客户端训练仍为CE，未加训练logit校正,output/v2_capt_analysis/output/cifar100_LT/v2_matched/seed42/progressive/round_metrics.csv,,{},3dcbf5672a6ac9324fa8a1b66728ebd8d3092a9dd36e93f4aec1f078d515c6d9,215195a3fcab56ebe63bb535a79addbcaf856c273143c05fb16bb1f46f8e033d,,output/v2_capt_analysis/output/cifar100_LT/v2_matched/seed42/progressive,独立目录记录
Rf4a56b43b,v2_capt_analysis,output/v2_capt_analysis/output/cifar100_LT/v2_matched/seed42/static,固定A，只训练B，静态调整客户端权重,ClipLora,ClipLora,Cifar100_LT,client-longtail,42,2,fp32,2/FP32,冻结A，只更新B；每轮3 epoch,无,普通 CE,B权重=0.12q+0.88p,已记录到第100轮或以后,0,100,101,101,,81,100,67.584,74.83,65.19583333333334,67.5025,67.604375,71.74571428571429,64.79857142857142,65.97833333333332,67.63,67.45,67.7,74,0.25,66.35,100,30,dccc4466cfc50d3fc557d32a0d1bb8a7adc9e81ac6b171e47446dfaadfa985ef,03c0a7a963d31a520441bfe39cdfd888a6a84b6e67968a41f4b6ad1af4512f9b,898ab6b4d75ba8f31be40f5219696d98204c1506656c265cc1b3b68eff508a81,3.6500000953674316,39.0,638.0,,101,303,0,[],0.0,逐类核对通过,,,,,,p由类别先验平衡求解；客户端训练仍为CE，未加训练logit校正,output/v2_capt_analysis/output/cifar100_LT/v2_matched/seed42/static/round_metrics.csv,,{},33ea6e2729418550f783c1e84f62bd9e890463fbe94404736e386dd60150a54c,cdba868c35d48ccbf380b3167ebfcec9db93e1d060b4b826d7f281d6248fa66d,,output/v2_capt_analysis/output/cifar100_LT/v2_matched/seed42/static,独立目录记录
