round,client_id,class_id,group,samples,before_la,after_la,la_gain,positive_gain,harm,accuracy_change_pp
30,0,0,non_tail,1,0.004494565073400736,0.004546661861240864,-5.2096787840127945e-05,0.0,5.2096787840127945e-05,0.0
30,0,2,non_tail,5,0.2694593846797943,0.2673823446035385,0.0020770400762558094,0.0020770400762558094,0.0,0.0
30,0,4,non_tail,1,0.793377697467804,0.8081419467926025,-0.014764249324798584,0.0,0.014764249324798584,0.0
30,0,5,non_tail,1,0.10583219677209854,0.10960669815540314,-0.003774501383304596,0.0,0.003774501383304596,0.0
30,0,8,non_tail,1,0.0003965306677855551,0.0003871168300975114,9.413837688043714e-06,9.413837688043714e-06,0.0,0.0
30,0,15,non_tail,1,0.0008235162240453064,0.0008002892718650401,2.322695218026638e-05,2.322695218026638e-05,0.0,0.0
30,0,37,non_tail,1,0.00880974717438221,0.008740618824958801,6.912834942340851e-05,6.912834942340851e-05,0.0,0.0
30,0,55,non_tail,1,0.759436845779419,0.7759038805961609,-0.016467034816741943,0.0,0.016467034816741943,0.0
30,0,60,non_tail,1,1.690930962562561,1.6933648586273193,-0.0024338960647583008,0.0,0.0024338960647583008,0.0
30,0,66,non_tail,1,0.016093706712126732,0.015917262062430382,0.0001764446496963501,0.0001764446496963501,0.0,0.0
30,0,69,non_tail,1,1.323277235031128,1.2891845703125,0.03409266471862793,0.03409266471862793,0.0,0.0
30,0,74,non_tail,1,4.179756164550781,4.157471179962158,0.022284984588623047,0.022284984588623047,0.0,0.0
30,0,81,tail,1,6.2186665534973145,6.209414482116699,0.009252071380615234,0.009252071380615234,0.0,0.0
30,0,83,tail,1,0.7701370716094971,0.7736076712608337,-0.00347059965133667,0.0,0.00347059965133667,0.0
30,1,0,non_tail,3,0.003296754031907767,0.0033130586380138993,-1.630460610613227e-05,0.0,1.630460610613227e-05,0.0
30,1,1,non_tail,1,0.06545904278755188,0.06537864357233047,8.039921522140503e-05,8.039921522140503e-05,0.0,0.0
30,1,7,non_tail,6,0.8043684760729471,0.7953033447265625,0.009065131346384647,0.009065131346384647,0.0,0.0
30,1,24,non_tail,1,1.0511201620101929,1.045546531677246,0.005573630332946777,0.005573630332946777,0.0,0.0
30,1,28,non_tail,1,0.0056584421545267105,0.005487142130732536,0.0001713000237941742,0.0001713000237941742,0.0,0.0
30,1,30,non_tail,1,0.21945777535438538,0.22456637024879456,-0.00510859489440918,0.0,0.00510859489440918,0.0
30,1,46,non_tail,1,1.808260202407837,1.7940499782562256,0.014210224151611328,0.014210224151611328,0.0,0.0
30,1,53,non_tail,2,0.5735693126916885,0.5630507469177246,0.010518565773963928,0.010518565773963928,0.0,0.0
30,1,86,tail,1,3.5414299964904785,3.5107688903808594,0.03066110610961914,0.03066110610961914,0.0,0.0
30,2,0,non_tail,1,0.0008607972995378077,0.0008718741592019796,-1.1076859664171934e-05,0.0,1.1076859664171934e-05,0.0
30,2,3,non_tail,2,1.1193716526031494,1.1330373287200928,-0.01366567611694336,0.0,0.01366567611694336,0.0
30,2,5,non_tail,4,0.11656341215712018,0.11852959569660015,-0.001966183539479971,0.0,0.001966183539479971,0.0
30,2,6,non_tail,2,0.007191890385001898,0.0072809928096830845,-8.910242468118668e-05,0.0,8.910242468118668e-05,0.0
30,2,10,non_tail,2,2.034240633249283,2.0257013738155365,0.008539259433746338,0.008539259433746338,0.0,0.0
30,2,16,non_tail,1,2.6169300079345703,2.6355364322662354,-0.01860642433166504,0.0,0.01860642433166504,0.0
30,2,22,non_tail,2,0.8428381085395813,0.8409309387207031,0.0019071698188781738,0.0019071698188781738,0.0,0.0
30,2,42,non_tail,1,4.023369789123535,4.054470539093018,-0.031100749969482422,0.0,0.031100749969482422,0.0
30,2,77,non_tail,1,5.462706089019775,5.467347621917725,-0.004641532897949219,0.0,0.004641532897949219,0.0
30,2,82,tail,1,0.06663308292627335,0.06215225160121918,0.004480831325054169,0.004480831325054169,0.0,0.0
30,2,91,tail,1,0.49763578176498413,0.4990532100200653,-0.0014174282550811768,0.0,0.0014174282550811768,0.0
30,2,95,tail,1,3.90177583694458,3.867335081100464,0.03444075584411621,0.03444075584411621,0.0,0.0
30,3,2,non_tail,1,2.167591094970703,2.1729941368103027,-0.005403041839599609,0.0,0.005403041839599609,0.0
30,3,3,non_tail,1,0.04359102249145508,0.044040799140930176,-0.00044977664947509766,0.0,0.00044977664947509766,0.0
30,3,6,non_tail,4,0.2693571550771594,0.2654774577822536,0.0038796972949057817,0.0038796972949057817,0.0,0.0
30,3,12,non_tail,3,0.8558400869369507,0.8456267416477203,0.010213345289230347,0.010213345289230347,0.0,0.0
30,3,14,non_tail,1,0.005559696350246668,0.005396323278546333,0.00016337307170033455,0.00016337307170033455,0.0,0.0
30,3,20,non_tail,1,0.00033182359766215086,0.000325388420606032,6.435177056118846e-06,6.435177056118846e-06,0.0,0.0
30,3,31,non_tail,1,0.010235320776700974,0.009972628206014633,0.00026269257068634033,0.00026269257068634033,0.0,0.0
30,3,36,non_tail,1,0.06103495508432388,0.0605895034968853,0.0004454515874385834,0.0004454515874385834,0.0,0.0
30,3,45,non_tail,1,0.6994077563285828,0.6770367622375488,0.022370994091033936,0.022370994091033936,0.0,0.0
30,3,77,non_tail,1,3.4162778854370117,3.3849287033081055,0.03134918212890625,0.03134918212890625,0.0,0.0
30,3,79,non_tail,1,7.912341117858887,7.916160583496094,-0.0038194656372070312,0.0,0.0038194656372070312,0.0
30,3,90,tail,1,0.14684681594371796,0.14396953582763672,0.002877280116081238,0.002877280116081238,0.0,0.0
30,3,94,tail,1,0.0066444179974496365,0.006580824498087168,6.359349936246872e-05,6.359349936246872e-05,0.0,0.0
30,4,1,non_tail,2,0.03469700459390879,0.03470495715737343,-7.952563464641571e-06,0.0,7.952563464641571e-06,0.0
30,4,2,non_tail,1,1.0031580924987793,0.9926232099533081,0.010534882545471191,0.010534882545471191,0.0,0.0
30,4,3,non_tail,1,3.753031015396118,3.8007736206054688,-0.047742605209350586,0.0,0.047742605209350586,0.0
30,4,4,non_tail,2,0.3391512781381607,0.3468584269285202,-0.007707148790359497,0.0,0.007707148790359497,0.0
30,4,5,non_tail,1,0.0031297055538743734,0.0030295210890471935,0.00010018446482717991,0.00010018446482717991,0.0,0.0
30,4,9,non_tail,1,0.06661245226860046,0.062036409974098206,0.004576042294502258,0.004576042294502258,0.0,0.0
30,4,11,non_tail,2,0.1831834279000759,0.18568066880106926,-0.002497240900993347,0.0,0.002497240900993347,0.0
30,4,17,non_tail,1,0.018044831231236458,0.017691312357783318,0.00035351887345314026,0.00035351887345314026,0.0,0.0
30,4,20,non_tail,2,0.0008290722616948187,0.000808176351711154,2.089590998366475e-05,2.089590998366475e-05,0.0,0.0
30,4,24,non_tail,1,0.20269696414470673,0.2009018212556839,0.0017951428890228271,0.0017951428890228271,0.0,0.0
30,4,46,non_tail,1,1.2317734956741333,1.2205699682235718,0.011203527450561523,0.011203527450561523,0.0,0.0
30,4,65,non_tail,1,4.987414360046387,4.96155309677124,0.025861263275146484,0.025861263275146484,0.0,0.0
30,4,92,tail,1,4.715941429138184,4.735635757446289,-0.01969432830810547,0.0,0.01969432830810547,0.0
30,4,97,tail,1,3.877566337585449,3.8863918781280518,-0.008825540542602539,0.0,0.008825540542602539,0.0
30,6,1,non_tail,1,0.0592428594827652,0.059475064277648926,-0.00023220479488372803,0.0,0.00023220479488372803,0.0
30,6,2,non_tail,2,0.4144642949104309,0.4122178256511688,0.002246469259262085,0.002246469259262085,0.0,0.0
30,6,7,non_tail,3,0.45356010645627975,0.4606374402840932,-0.007077333827813448,0.0,0.007077333827813448,0.0
30,6,12,non_tail,3,0.12075468525290489,0.11765846485892932,0.003096220393975571,0.003096220393975571,0.0,0.0
30,6,18,non_tail,1,0.09397297352552414,0.08867570012807846,0.005297273397445679,0.005297273397445679,0.0,0.0
30,6,23,non_tail,2,0.35089520644396544,0.34014622028917074,0.010748986154794693,0.010748986154794693,0.0,0.0
30,6,32,non_tail,1,1.13288152217865,1.1406919956207275,-0.007810473442077637,0.0,0.007810473442077637,0.0
30,6,38,non_tail,1,2.2175447940826416,2.2249186038970947,-0.007373809814453125,0.0,0.007373809814453125,0.0
30,6,54,non_tail,1,0.096160888671875,0.09719420969486237,-0.0010333210229873657,0.0,0.0010333210229873657,0.0
30,6,70,non_tail,1,0.020916011184453964,0.020209940150380135,0.0007060710340738297,0.0007060710340738297,0.0,0.0
30,6,84,tail,1,3.7555737495422363,3.722476005554199,0.03309774398803711,0.03309774398803711,0.0,0.0
30,8,4,non_tail,1,0.06050467491149902,0.06275779008865356,-0.002253115177154541,0.0,0.002253115177154541,0.0
30,8,5,non_tail,1,0.0009614374139346182,0.000922849983908236,3.858743002638221e-05,3.858743002638221e-05,0.0,0.0
30,8,6,non_tail,2,0.018910464830696583,0.018786741886287928,0.00012372294440865517,0.00012372294440865517,0.0,0.0
30,8,7,non_tail,1,0.00448020501062274,0.004513434134423733,-3.3229123800992966e-05,0.0,3.3229123800992966e-05,0.0
30,8,15,non_tail,1,0.008566063828766346,0.008333079516887665,0.00023298431187868118,0.00023298431187868118,0.0,0.0
30,8,17,non_tail,1,0.11412888020277023,0.1084560751914978,0.00567280501127243,0.00567280501127243,0.0,0.0
30,8,21,non_tail,1,0.0018127213697880507,0.0018077236600220203,4.997709766030312e-06,4.997709766030312e-06,0.0,0.0
30,8,26,non_tail,3,2.979481061299642,2.9830239613850913,-0.0035429000854492188,0.0,0.0035429000854492188,0.0
30,8,38,non_tail,1,0.0003480305604171008,0.00034314466756768525,4.885892849415541e-06,4.885892849415541e-06,0.0,0.0
30,8,46,non_tail,1,0.39688605070114136,0.39527517557144165,0.001610875129699707,0.001610875129699707,0.0,0.0
30,8,57,non_tail,1,0.11467134207487106,0.11169781535863876,0.0029735267162323,0.0029735267162323,0.0,0.0
30,8,58,non_tail,1,0.7788518071174622,0.7832998037338257,-0.004447996616363525,0.0,0.004447996616363525,0.0
30,8,62,non_tail,1,3.480299711227417,3.460601568222046,0.019698143005371094,0.019698143005371094,0.0,0.0
30,8,83,tail,1,2.0579142570495605,2.0199689865112305,0.03794527053833008,0.03794527053833008,0.0,0.0
30,9,1,non_tail,1,0.067430280148983,0.06781165301799774,-0.00038137286901474,0.0,0.00038137286901474,0.0
30,9,2,non_tail,1,0.046082448214292526,0.04482189565896988,0.001260552555322647,0.001260552555322647,0.0,0.0
30,9,4,non_tail,2,1.6044518947601318,1.601503312587738,0.002948582172393799,0.002948582172393799,0.0,0.0
30,9,6,non_tail,1,0.0030824074055999517,0.0030730189755558968,9.388430044054985e-06,9.388430044054985e-06,0.0,0.0
30,9,7,non_tail,1,0.06913913786411285,0.07033442705869675,-0.0011952891945838928,0.0,0.0011952891945838928,0.0
30,9,13,non_tail,1,0.014508935622870922,0.013847471214830875,0.0006614644080400467,0.0006614644080400467,0.0,0.0
30,9,14,non_tail,4,0.43128313426859677,0.4205521366093308,0.010730997659265995,0.010730997659265995,0.0,0.0
30,9,17,non_tail,1,0.004761547315865755,0.004643016029149294,0.00011853128671646118,0.00011853128671646118,0.0,0.0
30,9,35,non_tail,1,0.06340615451335907,0.06383950263261795,-0.0004333481192588806,0.0,0.0004333481192588806,0.0
30,9,52,non_tail,1,1.2802482843399048,1.281854510307312,-0.0016062259674072266,0.0,0.0016062259674072266,0.0
30,9,67,non_tail,1,0.9462443590164185,0.9338110089302063,0.012433350086212158,0.012433350086212158,0.0,0.0
30,9,79,non_tail,1,2.6985621452331543,2.7072365283966064,-0.008674383163452148,0.0,0.008674383163452148,0.0
30,9,86,tail,1,0.41081637144088745,0.3995056748390198,0.011310696601867676,0.011310696601867676,0.0,0.0
30,9,89,tail,1,5.676560401916504,5.657192230224609,0.01936817169189453,0.01936817169189453,0.0,0.0
30,12,0,non_tail,1,0.0003003622987307608,0.0002989322238136083,1.430074917152524e-06,1.430074917152524e-06,0.0,0.0
30,12,1,non_tail,2,1.2062895447015762,1.220804512500763,-0.014514967799186707,0.0,0.014514967799186707,0.0
30,12,3,non_tail,1,0.023000480607151985,0.022694390267133713,0.0003060903400182724,0.0003060903400182724,0.0,0.0
30,12,10,non_tail,1,0.002353043295443058,0.002312606666237116,4.0436629205942154e-05,4.0436629205942154e-05,0.0,0.0
30,12,12,non_tail,1,0.050476133823394775,0.0487850084900856,0.0016911253333091736,0.0016911253333091736,0.0,0.0
30,12,13,non_tail,2,0.1773975109681487,0.17427299730479717,0.003124513663351536,0.003124513663351536,0.0,0.0
30,12,17,non_tail,1,0.0051956865936517715,0.005114566534757614,8.112005889415741e-05,8.112005889415741e-05,0.0,0.0
30,12,26,non_tail,1,0.04170196130871773,0.04239610955119133,-0.0006941482424736023,0.0,0.0006941482424736023,0.0
30,12,27,non_tail,2,1.5276243388652802,1.5087067186832428,0.018917620182037354,0.018917620182037354,0.0,0.0
30,12,28,non_tail,1,0.08908035606145859,0.08681217581033707,0.002268180251121521,0.002268180251121521,0.0,0.0
30,12,38,non_tail,1,0.24414734542369843,0.24521370232105255,-0.001066356897354126,0.0,0.001066356897354126,0.0
30,12,41,non_tail,1,0.029528914019465446,0.028404904529452324,0.0011240094900131226,0.0011240094900131226,0.0,0.0
30,12,59,non_tail,1,1.1749939918518066,1.1684999465942383,0.006494045257568359,0.006494045257568359,0.0,0.0
30,12,85,tail,1,0.8446512222290039,0.8456146717071533,-0.0009634494781494141,0.0,0.0009634494781494141,0.0
30,12,90,tail,1,3.63177227973938,3.618605852127075,0.013166427612304688,0.013166427612304688,0.0,0.0
30,13,4,non_tail,3,0.25284700592358905,0.2572166671355565,-0.004369661211967468,0.0,0.004369661211967468,0.0
30,13,6,non_tail,1,0.008659549988806248,0.008169567212462425,0.0004899827763438225,0.0004899827763438225,0.0,0.0
30,13,8,non_tail,2,0.006547280587255955,0.006287671625614166,0.0002596089616417885,0.0002596089616417885,0.0,0.0
30,13,11,non_tail,1,0.11702574044466019,0.11384711414575577,0.003178626298904419,0.003178626298904419,0.0,0.0
30,13,25,non_tail,2,0.04673126433044672,0.04602388013154268,0.0007073841989040375,0.0007073841989040375,0.0,0.0
30,13,26,non_tail,3,0.3337141548593839,0.3412603748341401,-0.007546219974756241,0.0,0.007546219974756241,0.0
30,13,28,non_tail,1,2.7876555919647217,2.786039113998413,0.0016164779663085938,0.0016164779663085938,0.0,0.0
30,13,40,non_tail,1,0.11418429017066956,0.11254852265119553,0.0016357675194740295,0.0016357675194740295,0.0,0.0
30,13,58,non_tail,1,0.17530861496925354,0.17051361501216888,0.004794999957084656,0.004794999957084656,0.0,0.0
30,13,68,non_tail,1,0.26006248593330383,0.25304627418518066,0.007016211748123169,0.007016211748123169,0.0,0.0
30,13,87,tail,1,0.12813229858875275,0.12359517812728882,0.004537120461463928,0.004537120461463928,0.0,0.0
30,14,1,non_tail,1,0.023612143471837044,0.023331863805651665,0.00028027966618537903,0.00028027966618537903,0.0,0.0
30,14,4,non_tail,1,0.3426198959350586,0.33844929933547974,0.004170596599578857,0.004170596599578857,0.0,0.0
30,14,11,non_tail,1,0.02156815119087696,0.02142184227705002,0.00014630891382694244,0.00014630891382694244,0.0,0.0
30,14,14,non_tail,2,0.43865010887384415,0.42747633857652545,0.011173770297318697,0.011173770297318697,0.0,0.0
30,14,17,non_tail,1,1.410768747329712,1.371857762336731,0.03891098499298096,0.03891098499298096,0.0,0.0
30,14,21,non_tail,2,0.0031504782382398844,0.0032779271714389324,-0.00012744893319904804,0.0,0.00012744893319904804,0.0
30,14,28,non_tail,2,0.38359272480010986,0.37792690098285675,0.005665823817253113,0.005665823817253113,0.0,0.0
30,14,32,non_tail,1,0.0016520674107596278,0.0016243371646851301,2.77302460744977e-05,2.77302460744977e-05,0.0,0.0
30,14,43,non_tail,1,0.4673561453819275,0.4482623040676117,0.019093841314315796,0.019093841314315796,0.0,0.0
30,14,46,non_tail,1,1.0939958095550537,1.0794873237609863,0.014508485794067383,0.014508485794067383,0.0,0.0
30,14,55,non_tail,1,2.6295597553253174,2.6363518238067627,-0.0067920684814453125,0.0,0.0067920684814453125,0.0
30,14,56,non_tail,1,0.3966044783592224,0.3849351406097412,0.011669337749481201,0.011669337749481201,0.0,0.0
30,14,75,non_tail,1,3.984797954559326,3.9702348709106445,0.01456308364868164,0.01456308364868164,0.0,0.0
30,14,85,tail,1,2.977206230163574,2.98292875289917,-0.005722522735595703,0.0,0.005722522735595703,0.0
30,14,96,tail,1,1.669555425643921,1.6624336242675781,0.0071218013763427734,0.0071218013763427734,0.0,0.0
30,15,0,non_tail,5,0.08403317928314209,0.08511608093976974,-0.0010829016566276523,0.0,0.0010829016566276523,0.0
30,15,2,non_tail,1,0.03332297503948212,0.031830426305532455,0.0014925487339496613,0.0014925487339496613,0.0,0.0
30,15,3,non_tail,3,0.04540582746267319,0.04513226573665937,0.00027356172601381706,0.00027356172601381706,0.0,0.0
30,15,9,non_tail,1,0.1568087786436081,0.15390343964099884,0.002905339002609253,0.002905339002609253,0.0,0.0
30,15,13,non_tail,1,1.154909610748291,1.1377017498016357,0.017207860946655273,0.017207860946655273,0.0,0.0
30,15,16,non_tail,1,4.3441033363342285,4.381869316101074,-0.0377659797668457,0.0,0.0377659797668457,0.0
30,15,19,non_tail,1,0.003122813068330288,0.0030796739738434553,4.313909448683262e-05,4.313909448683262e-05,0.0,0.0
30,15,53,non_tail,1,0.04721224680542946,0.045630741864442825,0.0015815049409866333,0.0015815049409866333,0.0,0.0
30,15,57,non_tail,1,0.40805891156196594,0.40404266119003296,0.004016250371932983,0.004016250371932983,0.0,0.0
30,15,66,non_tail,1,3.1830196380615234,3.200079917907715,-0.017060279846191406,0.0,0.017060279846191406,0.0
30,15,84,tail,1,4.755489349365234,4.755546569824219,-5.7220458984375e-05,0.0,5.7220458984375e-05,0.0
30,15,88,tail,1,0.214853897690773,0.21229061484336853,0.00256328284740448,0.00256328284740448,0.0,0.0
30,16,0,non_tail,1,0.02170674130320549,0.022129040211439133,-0.0004222989082336426,0.0,0.0004222989082336426,0.0
30,16,1,non_tail,1,0.01067015714943409,0.010650696232914925,1.946091651916504e-05,1.946091651916504e-05,0.0,0.0
30,16,2,non_tail,1,0.07450500130653381,0.07197532802820206,0.0025296732783317566,0.0025296732783317566,0.0,0.0
30,16,4,non_tail,2,0.7929463908076286,0.7862472757697105,0.006699115037918091,0.006699115037918091,0.0,0.0
30,16,10,non_tail,3,1.259368896484375,1.2601107756296794,-0.000741879145304436,0.0,0.000741879145304436,0.0
30,16,11,non_tail,2,0.3834283798933029,0.38233722001314163,0.0010911598801612854,0.0010911598801612854,0.0,0.0
30,16,29,non_tail,1,0.0011688789818435907,0.0011339908232912421,3.4888158552348614e-05,3.4888158552348614e-05,0.0,0.0
30,16,30,non_tail,1,6.0682053565979,6.104445457458496,-0.0362401008605957,0.0,0.0362401008605957,0.0
30,16,36,non_tail,1,0.21547125279903412,0.21307362616062164,0.0023976266384124756,0.0023976266384124756,0.0,0.0
30,16,41,non_tail,1,0.017703726887702942,0.018014976754784584,-0.00031124986708164215,0.0,0.00031124986708164215,0.0
30,16,59,non_tail,1,4.826150894165039,4.824594974517822,0.0015559196472167969,0.0015559196472167969,0.0,0.0
30,16,74,non_tail,1,0.713121235370636,0.7033647894859314,0.00975644588470459,0.00975644588470459,0.0,0.0
30,16,93,tail,1,2.9432854652404785,2.868077278137207,0.07520818710327148,0.07520818710327148,0.0,0.0
30,17,1,non_tail,1,0.004773411434143782,0.004755971021950245,1.744041219353676e-05,1.744041219353676e-05,0.0,0.0
30,17,3,non_tail,1,3.0374648571014404,3.0360424518585205,0.0014224052429199219,0.0014224052429199219,0.0,0.0
30,17,4,non_tail,2,1.506583109498024,1.5199710726737976,-0.01338796317577362,0.0,0.01338796317577362,0.0
30,17,5,non_tail,1,1.892989993095398,1.925572156906128,-0.03258216381072998,0.0,0.03258216381072998,0.0
30,17,6,non_tail,1,0.002297026105225086,0.002230538986623287,6.648711860179901e-05,6.648711860179901e-05,0.0,0.0
30,17,13,non_tail,2,0.4070598781108856,0.40855327248573303,-0.0014933943748474121,0.0,0.0014933943748474121,0.0
30,17,18,non_tail,2,1.3434667587280273,1.3192012310028076,0.024265527725219727,0.024265527725219727,0.0,0.0
30,17,23,non_tail,1,0.026903830468654633,0.02583100087940693,0.0010728295892477036,0.0010728295892477036,0.0,0.0
30,17,26,non_tail,1,1.5773359537124634,1.585304856300354,-0.007968902587890625,0.0,0.007968902587890625,0.0
30,17,30,non_tail,1,0.05296541005373001,0.05404951423406601,-0.0010841041803359985,0.0,0.0010841041803359985,0.0
30,17,31,non_tail,1,1.7990323305130005,1.7631847858428955,0.03584754467010498,0.03584754467010498,0.0,0.0
30,17,33,non_tail,1,5.891379356384277,5.891565799713135,-0.00018644332885742188,0.0,0.00018644332885742188,0.0
30,17,40,non_tail,1,0.014843967743217945,0.014407182112336159,0.00043678563088178635,0.00043678563088178635,0.0,0.0
30,17,80,tail,1,5.3683600425720215,5.352583885192871,0.01577615737915039,0.01577615737915039,0.0,0.0
30,20,0,non_tail,1,0.019042301923036575,0.019006861373782158,3.544054925441742e-05,3.544054925441742e-05,0.0,0.0
30,20,1,non_tail,1,0.024986092001199722,0.025501374155282974,-0.000515282154083252,0.0,0.000515282154083252,0.0
30,20,3,non_tail,3,0.16812056303024292,0.17051716148853302,-0.0023965984582901,0.0,0.0023965984582901,0.0
30,20,5,non_tail,1,0.007674022112041712,0.007786635309457779,-0.00011261319741606712,0.0,0.00011261319741606712,0.0
30,20,9,non_tail,1,3.93869948387146,3.93867564201355,2.384185791015625e-05,2.384185791015625e-05,0.0,0.0
30,20,11,non_tail,2,0.5997334718704224,0.6083704233169556,-0.008636951446533203,0.0,0.008636951446533203,0.0
30,20,15,non_tail,1,0.19765788316726685,0.19241715967655182,0.005240723490715027,0.005240723490715027,0.0,0.0
30,20,16,non_tail,2,1.5084680682048202,1.521710941568017,-0.01324287336319685,0.0,0.01324287336319685,0.0
30,20,21,non_tail,1,0.3101743459701538,0.31867730617523193,-0.008502960205078125,0.0,0.008502960205078125,0.0
30,20,32,non_tail,1,1.2968482971191406,1.3031691312789917,-0.006320834159851074,0.0,0.006320834159851074,0.0
30,20,33,non_tail,1,0.06278935819864273,0.060866378247737885,0.0019229799509048462,0.0019229799509048462,0.0,0.0
30,20,34,non_tail,1,0.1527715027332306,0.1565268635749817,-0.0037553608417510986,0.0,0.0037553608417510986,0.0
30,20,81,tail,1,0.3912217319011688,0.39095839858055115,0.0002633333206176758,0.0002633333206176758,0.0,0.0
30,20,82,tail,1,2.283674716949463,2.2475950717926025,0.03607964515686035,0.03607964515686035,0.0,0.0
30,20,87,tail,1,0.11423873901367188,0.11133025586605072,0.002908483147621155,0.002908483147621155,0.0,0.0
30,21,0,non_tail,1,0.03675229102373123,0.037357673048973083,-0.0006053820252418518,0.0,0.0006053820252418518,0.0
30,21,7,non_tail,1,0.33235427737236023,0.33340564370155334,-0.0010513663291931152,0.0,0.0010513663291931152,0.0
30,21,10,non_tail,1,0.3484702408313751,0.34116941690444946,0.007300823926925659,0.007300823926925659,0.0,0.0
30,21,14,non_tail,4,0.8111860007047653,0.7778553515672684,0.03333064913749695,0.03333064913749695,0.0,0.0
30,21,17,non_tail,3,0.02742050091425578,0.026824094355106354,0.0005964065591494254,0.0005964065591494254,0.0,0.0
30,21,19,non_tail,1,1.301806926727295,1.3308976888656616,-0.0290907621383667,0.0,0.0290907621383667,0.0
30,21,23,non_tail,2,0.12618325650691986,0.12139169871807098,0.004791557788848877,0.004791557788848877,0.0,0.0
30,21,26,non_tail,1,0.18724551796913147,0.1820792704820633,0.005166247487068176,0.005166247487068176,0.0,0.0
30,21,29,non_tail,1,0.44872111082077026,0.4554155468940735,-0.006694436073303223,0.0,0.006694436073303223,0.0
30,21,33,non_tail,1,5.916441917419434,5.906929969787598,0.009511947631835938,0.009511947631835938,0.0,0.0
30,21,82,tail,1,3.1250367164611816,3.093355178833008,0.03168153762817383,0.03168153762817383,0.0,0.0
30,24,2,non_tail,1,0.3344377279281616,0.3256756067276001,0.008762121200561523,0.008762121200561523,0.0,0.0
30,24,6,non_tail,3,0.29963095486164093,0.3022915522257487,-0.0026605973641077862,0.0,0.0026605973641077862,0.0
30,24,7,non_tail,2,0.21399817615747452,0.2109842523932457,0.003013923764228821,0.003013923764228821,0.0,0.0
30,24,14,non_tail,2,1.342294603586197,1.3350651897490025,0.007229413837194443,0.007229413837194443,0.0,0.0
30,24,15,non_tail,1,0.009634898044168949,0.009420703165233135,0.0002141948789358139,0.0002141948789358139,0.0,0.0
30,24,17,non_tail,1,0.0032362965866923332,0.003169633913785219,6.666267290711403e-05,6.666267290711403e-05,0.0,0.0
30,24,18,non_tail,1,0.12599322199821472,0.12499219924211502,0.001001022756099701,0.001001022756099701,0.0,0.0
30,24,23,non_tail,1,0.11938170343637466,0.11459746211767197,0.004784241318702698,0.004784241318702698,0.0,0.0
30,24,25,non_tail,1,0.5591779947280884,0.5583966970443726,0.0007812976837158203,0.0007812976837158203,0.0,0.0
30,24,30,non_tail,1,1.6622130870819092,1.6911343336105347,-0.02892124652862549,0.0,0.02892124652862549,0.0
30,24,42,non_tail,1,0.007953166030347347,0.007550511043518782,0.0004026549868285656,0.0004026549868285656,0.0,0.0
30,24,43,non_tail,1,2.4595391750335693,2.3879690170288086,0.07157015800476074,0.07157015800476074,0.0,0.0
30,24,98,tail,1,1.5471090078353882,1.5396652221679688,0.007443785667419434,0.007443785667419434,0.0,0.0
30,25,3,non_tail,1,0.0197281576693058,0.01945882849395275,0.00026932917535305023,0.00026932917535305023,0.0,0.0
30,25,5,non_tail,2,0.02405391726642847,0.0240390133112669,1.4903955161571503e-05,1.4903955161571503e-05,0.0,0.0
30,25,6,non_tail,1,0.004068313166499138,0.003949461970478296,0.0001188511960208416,0.0001188511960208416,0.0,0.0
30,25,14,non_tail,1,0.012540297582745552,0.012135010212659836,0.00040528737008571625,0.00040528737008571625,0.0,0.0
30,25,15,non_tail,5,0.2543231353163719,0.25099740028381345,0.0033257350325584523,0.0033257350325584523,0.0,0.0
30,25,16,non_tail,1,0.00380850862711668,0.0037794129457324743,2.9095681384205818e-05,2.9095681384205818e-05,0.0,0.0
30,25,21,non_tail,3,0.1061817966401577,0.10858553151289622,-0.002403734872738525,0.0,0.002403734872738525,0.0
30,25,41,non_tail,1,2.39837646484375,2.38017201423645,0.018204450607299805,0.018204450607299805,0.0,0.0
30,25,45,non_tail,1,5.122864723205566,5.104198932647705,0.018665790557861328,0.018665790557861328,0.0,0.0
30,25,80,tail,1,1.1459307670593262,1.1133896112442017,0.03254115581512451,0.03254115581512451,0.0,0.0
30,25,89,tail,1,2.218662738800049,2.1762924194335938,0.04237031936645508,0.04237031936645508,0.0,0.0
30,25,99,tail,1,0.3630329370498657,0.3537106513977051,0.009322285652160645,0.009322285652160645,0.0,0.0
30,26,0,non_tail,6,0.05020402744412422,0.050171468096474804,3.255934764941765e-05,3.255934764941765e-05,0.0,0.0
30,26,1,non_tail,1,0.044418882578611374,0.04494635760784149,-0.0005274750292301178,0.0,0.0005274750292301178,0.0
30,26,8,non_tail,1,0.007550984621047974,0.0072801304049789906,0.0002708542160689831,0.0002708542160689831,0.0,0.0
30,26,13,non_tail,2,0.007282420294359326,0.007110875798389316,0.00017154449597001076,0.00017154449597001076,0.0,0.0
30,26,15,non_tail,1,1.4069418907165527,1.3609299659729004,0.046011924743652344,0.046011924743652344,0.0,0.0
30,26,16,non_tail,1,0.003887359518557787,0.0038564850110560656,3.087450750172138e-05,3.087450750172138e-05,0.0,0.0
30,26,20,non_tail,1,0.001116844010539353,0.0010881462367251515,2.8697773814201355e-05,2.8697773814201355e-05,0.0,0.0
30,26,29,non_tail,1,1.2490185499191284,1.2499289512634277,-0.0009104013442993164,0.0,0.0009104013442993164,0.0
30,26,37,non_tail,1,1.4378347396850586,1.4306676387786865,0.00716710090637207,0.00716710090637207,0.0,0.0
30,26,58,non_tail,1,0.002003211760893464,0.0019985719118267298,4.639849066734314e-06,4.639849066734314e-06,0.0,0.0
30,26,80,tail,1,0.09362804144620895,0.09192358702421188,0.0017044544219970703,0.0017044544219970703,0.0,0.0
30,26,88,tail,1,7.668749809265137,7.569986820220947,0.09876298904418945,0.09876298904418945,0.0,0.0
30,26,91,tail,1,2.0855331420898438,2.0505707263946533,0.03496241569519043,0.03496241569519043,0.0,0.0
30,27,0,non_tail,1,0.0017548889154568315,0.0017702399054542184,-1.5350989997386932e-05,0.0,1.5350989997386932e-05,0.0
30,27,2,non_tail,1,1.0201588869094849,1.0030672550201416,0.01709163188934326,0.01709163188934326,0.0,0.0
30,27,6,non_tail,1,0.1190209835767746,0.1173369362950325,0.001684047281742096,0.001684047281742096,0.0,0.0
30,27,7,non_tail,1,4.189709186553955,4.205087661743164,-0.015378475189208984,0.0,0.015378475189208984,0.0
30,27,81,tail,5,2.6412481307983398,2.6343915939331053,0.006856536865234464,0.006856536865234464,0.0,0.0
30,27,82,tail,4,0.44416504725813866,0.44168615713715553,0.0024788901209831238,0.0024788901209831238,0.0,0.0
30,27,83,tail,6,1.600488503774007,1.6010948816935222,-0.000606377919515122,0.0,0.000606377919515122,0.0
30,27,84,tail,1,1.0752002000808716,1.0636351108551025,0.011565089225769043,0.011565089225769043,0.0,0.0
30,27,86,tail,6,2.102846145629883,2.0787928899129233,0.024053255716959487,0.024053255716959487,0.0,0.0
30,27,87,tail,2,0.04084416851401329,0.04010268673300743,0.0007414817810058594,0.0007414817810058594,0.0,0.0
30,27,88,tail,5,1.5330577850341798,1.4921504974365234,0.04090728759765638,0.04090728759765638,0.0,0.0
30,27,93,tail,4,6.129369258880615,6.116529703140259,0.012839555740356445,0.012839555740356445,0.0,0.0
30,27,94,tail,5,2.002606964111328,2.015401077270508,-0.012794113159179776,0.0,0.012794113159179776,0.0
30,27,95,tail,1,5.000975608825684,5.015656471252441,-0.014680862426757812,0.0,0.014680862426757812,0.0
30,27,98,tail,3,3.601590315500895,3.5887455145517984,0.01284480094909668,0.01284480094909668,0.0,0.0
30,28,3,non_tail,1,0.05989507585763931,0.05885472148656845,0.0010403543710708618,0.0010403543710708618,0.0,0.0
30,28,5,non_tail,1,0.006105225533246994,0.006292412057518959,-0.00018718652427196503,0.0,0.00018718652427196503,0.0
30,28,82,tail,4,0.6403020024299622,0.6337986588478088,0.00650334358215332,0.00650334358215332,0.0,0.0
30,28,83,tail,2,2.9795336723327637,2.976600408554077,0.0029332637786865234,0.0029332637786865234,0.0,0.0
30,28,84,tail,6,4.715086778004964,4.700687726338704,0.014399051666259766,0.014399051666259766,0.0,0.0
30,28,85,tail,2,4.45001220703125,4.446846961975098,0.0031652450561523438,0.0031652450561523438,0.0,0.0
30,28,86,tail,1,0.006293360143899918,0.006178682669997215,0.00011467747390270233,0.00011467747390270233,0.0,0.0
30,28,87,tail,1,4.371264457702637,4.341561794281006,0.02970266342163086,0.02970266342163086,0.0,0.0
30,28,89,tail,4,3.3414857387542725,3.3282904624938965,0.013195276260375977,0.013195276260375977,0.0,0.0
30,28,90,tail,1,0.06961504369974136,0.06762649863958359,0.001988545060157776,0.001988545060157776,0.0,0.0
30,28,91,tail,3,3.4999802907307944,3.490319569905599,0.009660720825195312,0.009660720825195312,0.0,0.0
30,28,92,tail,3,2.414390722910563,2.4031736056009927,0.011217117309570312,0.011217117309570312,0.0,0.0
30,28,93,tail,1,7.511924743652344,7.464663505554199,0.04726123809814453,0.04726123809814453,0.0,0.0
30,28,96,tail,3,2.589271068572998,2.5673019091288247,0.021969159444173325,0.021969159444173325,0.0,0.0
30,28,97,tail,1,3.9524037837982178,3.938354015350342,0.014049768447875977,0.014049768447875977,0.0,0.0
30,28,98,tail,1,3.600069522857666,3.585752487182617,0.014317035675048828,0.014317035675048828,0.0,0.0
30,28,99,tail,4,2.7509355545043945,2.716397285461426,0.03453826904296875,0.03453826904296875,0.0,0.0
30,29,1,non_tail,1,0.058662280440330505,0.059398118406534195,-0.0007358379662036896,0.0,0.0007358379662036896,0.0
30,29,4,non_tail,1,2.2240006923675537,2.247256278991699,-0.023255586624145508,0.0,0.023255586624145508,0.0
30,29,8,non_tail,1,2.490086078643799,2.5149738788604736,-0.024887800216674805,0.0,0.024887800216674805,0.0
30,29,9,non_tail,1,0.022966694086790085,0.022491833195090294,0.00047486089169979095,0.00047486089169979095,0.0,0.0
30,29,10,non_tail,1,0.2866939306259155,0.2893962562084198,-0.0027023255825042725,0.0,0.0027023255825042725,0.0
30,29,80,tail,8,3.0324578285217285,3.0207064151763916,0.011751413345336914,0.011751413345336914,0.0,0.0
30,29,81,tail,4,2.6744649410247803,2.6645030975341797,0.009961843490600586,0.009961843490600586,0.0,0.0
30,29,84,tail,1,8.925164222717285,8.969749450683594,-0.044585227966308594,0.0,0.044585227966308594,0.0
30,29,85,tail,5,0.08591618537902831,0.0839072585105896,0.002008926868438718,0.002008926868438718,0.0,0.0
30,29,87,tail,3,4.1959733963012695,4.187187830607097,0.008785565694172881,0.008785565694172881,0.0,0.0
30,29,88,tail,1,2.256232738494873,2.2279510498046875,0.028281688690185547,0.028281688690185547,0.0,0.0
30,29,89,tail,1,1.214768409729004,1.213384747505188,0.001383662223815918,0.001383662223815918,0.0,0.0
30,29,90,tail,4,0.34135936200618744,0.337266206741333,0.004093155264854431,0.004093155264854431,0.0,0.0
30,29,91,tail,2,1.5890333652496338,1.5766326189041138,0.01240074634552002,0.01240074634552002,0.0,0.0
30,29,92,tail,2,2.289236068725586,2.2898080348968506,-0.0005719661712646484,0.0,0.0005719661712646484,0.0
30,29,95,tail,4,1.3810914158821106,1.3678992092609406,0.013192206621170044,0.013192206621170044,0.0,0.0
30,29,96,tail,1,0.07995415478944778,0.07624247670173645,0.0037116780877113342,0.0037116780877113342,0.0,0.0
30,29,97,tail,3,4.123486200968425,4.159376780192058,-0.03589057922363281,0.0,0.03589057922363281,0.0
40,0,0,non_tail,1,0.004131116904318333,0.004078286234289408,5.283067002892494e-05,5.283067002892494e-05,0.0,0.0
40,0,2,non_tail,5,0.28148647397756577,0.28077331483364104,0.0007131591439247242,0.0007131591439247242,0.0,0.0
40,0,4,non_tail,1,0.892891526222229,0.9120438098907471,-0.019152283668518066,0.0,0.019152283668518066,0.0
40,0,5,non_tail,1,0.10726087540388107,0.1073593869805336,-9.851157665252686e-05,0.0,9.851157665252686e-05,0.0
40,0,8,non_tail,1,0.00031001531169749796,0.00030179237364791334,8.222938049584627e-06,8.222938049584627e-06,0.0,0.0
40,0,15,non_tail,1,0.000783613184466958,0.0007520469953306019,3.1566189136356115e-05,3.1566189136356115e-05,0.0,0.0
40,0,37,non_tail,1,0.007449230644851923,0.007321905344724655,0.00012732530012726784,0.00012732530012726784,0.0,0.0
40,0,55,non_tail,1,0.6786628365516663,0.6881895661354065,-0.009526729583740234,0.0,0.009526729583740234,0.0
40,0,60,non_tail,1,1.4680508375167847,1.449372410774231,0.01867842674255371,0.01867842674255371,0.0,0.0
40,0,66,non_tail,1,0.015545384027063847,0.014837977476418018,0.0007074065506458282,0.0007074065506458282,0.0,0.0
40,0,69,non_tail,1,1.4186609983444214,1.3978357315063477,0.02082526683807373,0.02082526683807373,0.0,0.0
40,0,74,non_tail,1,4.255049228668213,4.25832986831665,-0.0032806396484375,0.0,0.0032806396484375,0.0
40,0,81,tail,1,6.178657054901123,6.164381980895996,0.014275074005126953,0.014275074005126953,0.0,0.0
40,0,83,tail,1,0.8824810981750488,0.8795782327651978,0.0029028654098510742,0.0029028654098510742,0.0,0.0
40,1,0,non_tail,3,0.0030995648121461272,0.0030487772019114345,5.078761023469269e-05,5.078761023469269e-05,0.0,0.0
40,1,1,non_tail,1,0.05190898850560188,0.05064431577920914,0.001264672726392746,0.001264672726392746,0.0,0.0
40,1,7,non_tail,6,0.7406724691390991,0.7269863883654276,0.013686080773671505,0.013686080773671505,0.0,0.0
40,1,24,non_tail,1,1.0394916534423828,1.0440967082977295,-0.00460505485534668,0.0,0.00460505485534668,0.0
40,1,28,non_tail,1,0.004878285340964794,0.004697715397924185,0.00018056994304060936,0.00018056994304060936,0.0,0.0
40,1,30,non_tail,1,0.24813292920589447,0.2469833493232727,0.0011495798826217651,0.0011495798826217651,0.0,0.0
40,1,46,non_tail,1,1.5651925802230835,1.5551278591156006,0.01006472110748291,0.01006472110748291,0.0,0.0
40,1,53,non_tail,2,0.4750799238681793,0.46835488080978394,0.006725043058395386,0.006725043058395386,0.0,0.0
40,1,86,tail,1,3.429654121398926,3.397235631942749,0.03241848945617676,0.03241848945617676,0.0,0.0
40,2,0,non_tail,1,0.0007634824141860008,0.000753357307985425,1.0125106200575829e-05,1.0125106200575829e-05,0.0,0.0
40,2,3,non_tail,2,1.0940905809402466,1.083484172821045,0.01060640811920166,0.01060640811920166,0.0,0.0
40,2,5,non_tail,4,0.11858674959512427,0.12114158237818629,-0.002554832783062011,0.0,0.002554832783062011,0.0
40,2,6,non_tail,2,0.007453594356775284,0.007351877633482218,0.00010171672329306602,0.00010171672329306602,0.0,0.0
40,2,10,non_tail,2,1.9021845757961273,1.9134988188743591,-0.011314243078231812,0.0,0.011314243078231812,0.0
40,2,16,non_tail,1,2.667349100112915,2.6767914295196533,-0.009442329406738281,0.0,0.009442329406738281,0.0
40,2,22,non_tail,2,0.9825730323791504,0.9733367562294006,0.009236276149749756,0.009236276149749756,0.0,0.0
40,2,42,non_tail,1,4.03952169418335,4.084161281585693,-0.04463958740234375,0.0,0.04463958740234375,0.0
40,2,77,non_tail,1,5.555446147918701,5.572635173797607,-0.01718902587890625,0.0,0.01718902587890625,0.0
40,2,82,tail,1,0.04444453865289688,0.04232377931475639,0.0021207593381404877,0.0021207593381404877,0.0,0.0
40,2,91,tail,1,0.4680508077144623,0.46084660291671753,0.007204204797744751,0.007204204797744751,0.0,0.0
40,2,95,tail,1,3.967662811279297,3.9586284160614014,0.009034395217895508,0.009034395217895508,0.0,0.0
40,3,2,non_tail,1,2.191481113433838,2.195694923400879,-0.004213809967041016,0.0,0.004213809967041016,0.0
40,3,3,non_tail,1,0.04244215786457062,0.03923454508185387,0.003207612782716751,0.003207612782716751,0.0,0.0
40,3,6,non_tail,4,0.22204052051529288,0.218491728650406,0.00354879186488688,0.00354879186488688,0.0,0.0
40,3,12,non_tail,3,0.6898997525374094,0.6929043531417847,-0.0030046006043752405,0.0,0.0030046006043752405,0.0
40,3,14,non_tail,1,0.0043453797698020935,0.004205906298011541,0.00013947347179055214,0.00013947347179055214,0.0,0.0
40,3,20,non_tail,1,0.00034850722295232117,0.0003411188081372529,7.388414815068245e-06,7.388414815068245e-06,0.0,0.0
40,3,31,non_tail,1,0.008738846518099308,0.00861357618123293,0.00012527033686637878,0.00012527033686637878,0.0,0.0
40,3,36,non_tail,1,0.07228633016347885,0.07032875716686249,0.0019575729966163635,0.0019575729966163635,0.0,0.0
40,3,45,non_tail,1,0.5257858633995056,0.5062443017959595,0.019541561603546143,0.019541561603546143,0.0,0.0
40,3,77,non_tail,1,3.4918923377990723,3.499814033508301,-0.007921695709228516,0.0,0.007921695709228516,0.0
40,3,79,non_tail,1,7.853989601135254,7.870830059051514,-0.016840457916259766,0.0,0.016840457916259766,0.0
40,3,90,tail,1,0.12344388663768768,0.12193021923303604,0.0015136674046516418,0.0015136674046516418,0.0,0.0
40,3,94,tail,1,0.005312847904860973,0.005217269994318485,9.55779105424881e-05,9.55779105424881e-05,0.0,0.0
40,4,1,non_tail,2,0.030388677958399057,0.029797621071338654,0.0005910568870604038,0.0005910568870604038,0.0,0.0
40,4,2,non_tail,1,0.9743230938911438,0.9753599762916565,-0.0010368824005126953,0.0,0.0010368824005126953,0.0
40,4,3,non_tail,1,3.7921640872955322,3.7779552936553955,0.014208793640136719,0.014208793640136719,0.0,0.0
40,4,4,non_tail,2,0.3747277706861496,0.3796590715646744,-0.00493130087852478,0.0,0.00493130087852478,0.0
40,4,5,non_tail,1,0.0024252308066934347,0.0023808723781257868,4.4358428567647934e-05,4.4358428567647934e-05,0.0,0.0
40,4,9,non_tail,1,0.04633070528507233,0.04374188184738159,0.002588823437690735,0.002588823437690735,0.0,0.0
40,4,11,non_tail,2,0.17424211278557777,0.1743835024535656,-0.00014138966798782349,0.0,0.00014138966798782349,0.0
40,4,17,non_tail,1,0.017408430576324463,0.01688298210501671,0.0005254484713077545,0.0005254484713077545,0.0,0.0
40,4,20,non_tail,2,0.0008736076852073893,0.000854854893987067,1.875279122032225e-05,1.875279122032225e-05,0.0,0.0
40,4,24,non_tail,1,0.18441957235336304,0.18600186705589294,-0.0015822947025299072,0.0,0.0015822947025299072,0.0
40,4,46,non_tail,1,0.9699084758758545,0.9623112678527832,0.007597208023071289,0.007597208023071289,0.0,0.0
40,4,65,non_tail,1,5.044025897979736,5.0260772705078125,0.017948627471923828,0.017948627471923828,0.0,0.0
40,4,92,tail,1,4.8933186531066895,4.892388820648193,0.0009298324584960938,0.0009298324584960938,0.0,0.0
40,4,97,tail,1,4.036029815673828,4.00028133392334,0.03574848175048828,0.03574848175048828,0.0,0.0
40,6,1,non_tail,1,0.04765607789158821,0.04821888729929924,-0.000562809407711029,0.0,0.000562809407711029,0.0
40,6,2,non_tail,2,0.43191444873809814,0.4334303140640259,-0.0015158653259277344,0.0,0.0015158653259277344,0.0
40,6,7,non_tail,3,0.4857574428121249,0.4815063377221425,0.004251105089982388,0.004251105089982388,0.0,0.0
40,6,12,non_tail,3,0.07834108360111713,0.07860015146434307,-0.0002590678632259369,0.0,0.0002590678632259369,0.0
40,6,18,non_tail,1,0.07934143394231796,0.07572849094867706,0.0036129429936408997,0.0036129429936408997,0.0,0.0
40,6,23,non_tail,2,0.3233822798356414,0.31898495089262724,0.004397328943014145,0.004397328943014145,0.0,0.0
40,6,32,non_tail,1,1.1816017627716064,1.2128459215164185,-0.03124415874481201,0.0,0.03124415874481201,0.0
40,6,38,non_tail,1,2.0507984161376953,2.0370211601257324,0.01377725601196289,0.01377725601196289,0.0,0.0
40,6,54,non_tail,1,0.12180832773447037,0.12092701345682144,0.0008813142776489258,0.0008813142776489258,0.0,0.0
40,6,70,non_tail,1,0.017148317769169807,0.016470305621623993,0.0006780121475458145,0.0006780121475458145,0.0,0.0
40,6,84,tail,1,3.5874743461608887,3.5863218307495117,0.0011525154113769531,0.0011525154113769531,0.0,0.0
40,8,4,non_tail,1,0.07676403224468231,0.07575998455286026,0.001004047691822052,0.001004047691822052,0.0,0.0
40,8,5,non_tail,1,0.0009243983076885343,0.0008834273321554065,4.0970975533127785e-05,4.0970975533127785e-05,0.0,0.0
40,8,6,non_tail,2,0.017216957174241543,0.01688241818919778,0.0003345389850437641,0.0003345389850437641,0.0,0.0
40,8,7,non_tail,1,0.003999450244009495,0.0039285640232264996,7.088622078299522e-05,7.088622078299522e-05,0.0,0.0
40,8,15,non_tail,1,0.011071558110415936,0.01004981528967619,0.001021742820739746,0.001021742820739746,0.0,0.0
40,8,17,non_tail,1,0.09090755134820938,0.08851434290409088,0.0023932084441184998,0.0023932084441184998,0.0,0.0
40,8,21,non_tail,1,0.0016463547945022583,0.0015937496209517121,5.260517355054617e-05,5.260517355054617e-05,0.0,0.0
40,8,26,non_tail,3,2.8686278661092124,2.883906682332357,-0.015278816223144531,0.0,0.015278816223144531,0.0
40,8,38,non_tail,1,0.0003054867556784302,0.0002967870968859643,8.699658792465925e-06,8.699658792465925e-06,0.0,0.0
40,8,46,non_tail,1,0.3346409201622009,0.332545667886734,0.002095252275466919,0.002095252275466919,0.0,0.0
40,8,57,non_tail,1,0.131098210811615,0.12973451614379883,0.0013636946678161621,0.0013636946678161621,0.0,0.0
40,8,58,non_tail,1,0.8988251686096191,0.9113625884056091,-0.01253741979598999,0.0,0.01253741979598999,0.0
40,8,62,non_tail,1,3.5313339233398438,3.522150993347168,0.009182929992675781,0.009182929992675781,0.0,0.0
40,8,83,tail,1,2.0099780559539795,1.9854509830474854,0.02452707290649414,0.02452707290649414,0.0,0.0
40,9,1,non_tail,1,0.060303911566734314,0.060558535158634186,-0.0002546235918998718,0.0,0.0002546235918998718,0.0
40,9,2,non_tail,1,0.04366406053304672,0.043162621557712555,0.0005014389753341675,0.0005014389753341675,0.0,0.0
40,9,4,non_tail,2,1.5886657238006592,1.5981417298316956,-0.009476006031036377,0.0,0.009476006031036377,0.0
40,9,6,non_tail,1,0.003052458632737398,0.003002185607329011,5.0273025408387184e-05,5.0273025408387184e-05,0.0,0.0
40,9,7,non_tail,1,0.08033595234155655,0.08013352006673813,0.0002024322748184204,0.0002024322748184204,0.0,0.0
40,9,13,non_tail,1,0.009597943164408207,0.009358939714729786,0.00023900344967842102,0.00023900344967842102,0.0,0.0
40,9,14,non_tail,4,0.342885073274374,0.33478660858236253,0.008098464692011476,0.008098464692011476,0.0,0.0
40,9,17,non_tail,1,0.003962167073041201,0.003903508884832263,5.8658188208937645e-05,5.8658188208937645e-05,0.0,0.0
40,9,35,non_tail,1,0.05353495478630066,0.053802378475666046,-0.00026742368936538696,0.0,0.00026742368936538696,0.0
40,9,52,non_tail,1,1.3967125415802002,1.3955172300338745,0.0011953115463256836,0.0011953115463256836,0.0,0.0
40,9,67,non_tail,1,0.7991681098937988,0.7989643812179565,0.00020372867584228516,0.00020372867584228516,0.0,0.0
40,9,79,non_tail,1,2.7446327209472656,2.749288558959961,-0.0046558380126953125,0.0,0.0046558380126953125,0.0
40,9,86,tail,1,0.45579302310943604,0.43932604789733887,0.016466975212097168,0.016466975212097168,0.0,0.0
40,9,89,tail,1,5.835240364074707,5.787437438964844,0.04780292510986328,0.04780292510986328,0.0,0.0
40,12,0,non_tail,1,0.00027092601521871984,0.0002650863316375762,5.839683581143618e-06,5.839683581143618e-06,0.0,0.0
40,12,1,non_tail,2,1.0640183836221695,1.083731934428215,-0.019713550806045532,0.0,0.019713550806045532,0.0
40,12,3,non_tail,1,0.01912183128297329,0.018115075305104256,0.0010067559778690338,0.0010067559778690338,0.0,0.0
40,12,10,non_tail,1,0.001798085169866681,0.0018096276326104999,-1.154246274381876e-05,0.0,1.154246274381876e-05,0.0
40,12,12,non_tail,1,0.03245529532432556,0.03252442181110382,-6.912648677825928e-05,0.0,6.912648677825928e-05,0.0
40,12,13,non_tail,2,0.13512210454791784,0.13237554859369993,0.0027465559542179108,0.0027465559542179108,0.0,0.0
40,12,17,non_tail,1,0.005060364492237568,0.004945782944560051,0.00011458154767751694,0.00011458154767751694,0.0,0.0
40,12,26,non_tail,1,0.04456505551934242,0.04562367871403694,-0.001058623194694519,0.0,0.001058623194694519,0.0
40,12,27,non_tail,2,1.374692752957344,1.3991519063711166,-0.024459153413772583,0.0,0.024459153413772583,0.0
40,12,28,non_tail,1,0.06552502512931824,0.06353917717933655,0.0019858479499816895,0.0019858479499816895,0.0,0.0
40,12,38,non_tail,1,0.25896501541137695,0.2520289123058319,0.006936103105545044,0.006936103105545044,0.0,0.0
40,12,41,non_tail,1,0.029836157336831093,0.029630644246935844,0.0002055130898952484,0.0002055130898952484,0.0,0.0
40,12,59,non_tail,1,1.1324386596679688,1.1316461563110352,0.0007925033569335938,0.0007925033569335938,0.0,0.0
40,12,85,tail,1,0.8976266384124756,0.8787762522697449,0.018850386142730713,0.018850386142730713,0.0,0.0
40,12,90,tail,1,3.561316967010498,3.5432558059692383,0.018061161041259766,0.018061161041259766,0.0,0.0
40,13,4,non_tail,3,0.27437197665373486,0.2718754361073176,0.0024965405464172363,0.0024965405464172363,0.0,0.0
40,13,6,non_tail,1,0.00601529236882925,0.005625251214951277,0.00039004115387797356,0.00039004115387797356,0.0,0.0
40,13,8,non_tail,2,0.004466721322387457,0.004226396791636944,0.00024032453075051308,0.00024032453075051308,0.0,0.0
40,13,11,non_tail,1,0.0666683241724968,0.06519806385040283,0.0014702603220939636,0.0014702603220939636,0.0,0.0
40,13,25,non_tail,2,0.03564620390534401,0.034644042141735554,0.0010021617636084557,0.0010021617636084557,0.0,0.0
40,13,26,non_tail,3,0.38691898062825203,0.39671417822440463,-0.009795197596152605,0.0,0.009795197596152605,0.0
40,13,28,non_tail,1,2.529357433319092,2.5306806564331055,-0.0013232231140136719,0.0,0.0013232231140136719,0.0
40,13,40,non_tail,1,0.11061619222164154,0.10903497785329819,0.0015812143683433533,0.0015812143683433533,0.0,0.0
40,13,58,non_tail,1,0.13586458563804626,0.1313551813364029,0.004509404301643372,0.004509404301643372,0.0,0.0
40,13,68,non_tail,1,0.19013585150241852,0.18773293495178223,0.0024029165506362915,0.0024029165506362915,0.0,0.0
40,13,87,tail,1,0.09171903133392334,0.08862617611885071,0.003092855215072632,0.003092855215072632,0.0,0.0
40,14,1,non_tail,1,0.018814202398061752,0.01830529421567917,0.0005089081823825836,0.0005089081823825836,0.0,0.0
40,14,4,non_tail,1,0.3517773747444153,0.34414979815483093,0.007627576589584351,0.007627576589584351,0.0,0.0
40,14,11,non_tail,1,0.015737032517790794,0.015620616264641285,0.00011641625314950943,0.00011641625314950943,0.0,0.0
40,14,14,non_tail,2,0.3608904187567532,0.35033137863501906,0.010559040121734142,0.010559040121734142,0.0,0.0
40,14,17,non_tail,1,1.3741263151168823,1.352386713027954,0.021739602088928223,0.021739602088928223,0.0,0.0
40,14,21,non_tail,2,0.0032330553513020277,0.0031879099551588297,4.514539614319801e-05,4.514539614319801e-05,0.0,0.0
40,14,28,non_tail,2,0.3754400908946991,0.3657131642103195,0.009726926684379578,0.009726926684379578,0.0,0.0
40,14,32,non_tail,1,0.0017279945313930511,0.0017141900025308132,1.380452886223793e-05,1.380452886223793e-05,0.0,0.0
40,14,43,non_tail,1,0.27285537123680115,0.25534766912460327,0.017507702112197876,0.017507702112197876,0.0,0.0
40,14,46,non_tail,1,0.8187562227249146,0.8151167631149292,0.0036394596099853516,0.0036394596099853516,0.0,0.0
40,14,55,non_tail,1,2.4721710681915283,2.4810454845428467,-0.00887441635131836,0.0,0.00887441635131836,0.0
40,14,56,non_tail,1,0.35098326206207275,0.34700480103492737,0.003978461027145386,0.003978461027145386,0.0,0.0
40,14,75,non_tail,1,3.841156005859375,3.807997703552246,0.033158302307128906,0.033158302307128906,0.0,0.0
40,14,85,tail,1,3.348435640335083,3.354077100753784,-0.005641460418701172,0.0,0.005641460418701172,0.0
40,14,96,tail,1,1.619884729385376,1.6147263050079346,0.005158424377441406,0.005158424377441406,0.0,0.0
40,15,0,non_tail,5,0.10487294793128968,0.10305821001529694,0.0018147379159927368,0.0018147379159927368,0.0,0.0
40,15,2,non_tail,1,0.03045996092259884,0.029690243303775787,0.0007697176188230515,0.0007697176188230515,0.0,0.0
40,15,3,non_tail,3,0.03937468801935514,0.037957405050595604,0.0014172829687595367,0.0014172829687595367,0.0,0.0
40,15,9,non_tail,1,0.13663697242736816,0.13561855256557465,0.001018419861793518,0.001018419861793518,0.0,0.0
40,15,13,non_tail,1,0.9548808336257935,0.9393117427825928,0.015569090843200684,0.015569090843200684,0.0,0.0
40,15,16,non_tail,1,4.308229446411133,4.329739570617676,-0.02151012420654297,0.0,0.02151012420654297,0.0
40,15,19,non_tail,1,0.002842554822564125,0.0027951241936534643,4.7430628910660744e-05,4.7430628910660744e-05,0.0,0.0
40,15,53,non_tail,1,0.03448731452226639,0.03359632194042206,0.0008909925818443298,0.0008909925818443298,0.0,0.0
40,15,57,non_tail,1,0.46560993790626526,0.46029460430145264,0.005315333604812622,0.005315333604812622,0.0,0.0
40,15,66,non_tail,1,3.114438772201538,3.1104815006256104,0.003957271575927734,0.003957271575927734,0.0,0.0
40,15,84,tail,1,4.7052483558654785,4.7026262283325195,0.0026221275329589844,0.0026221275329589844,0.0,0.0
40,15,88,tail,1,0.1781788468360901,0.1761970818042755,0.001981765031814575,0.001981765031814575,0.0,0.0
40,16,0,non_tail,1,0.019865132868289948,0.019530493766069412,0.0003346391022205353,0.0003346391022205353,0.0,0.0
40,16,1,non_tail,1,0.008745463564991951,0.008621258661150932,0.00012420490384101868,0.00012420490384101868,0.0,0.0
40,16,2,non_tail,1,0.07179072499275208,0.07045520097017288,0.0013355240225791931,0.0013355240225791931,0.0,0.0
40,16,4,non_tail,2,0.7705719843506813,0.7596316263079643,0.01094035804271698,0.01094035804271698,0.0,0.0
40,16,10,non_tail,3,1.0757808685302734,1.0890146891276042,-0.013233820597330803,0.0,0.013233820597330803,0.0
40,16,11,non_tail,2,0.31052466481924057,0.30978406220674515,0.0007406026124954224,0.0007406026124954224,0.0,0.0
40,16,29,non_tail,1,0.0009901388548314571,0.0009744186536408961,1.5720201190561056e-05,1.5720201190561056e-05,0.0,0.0
40,16,30,non_tail,1,6.016497611999512,6.046350955963135,-0.029853343963623047,0.0,0.029853343963623047,0.0
40,16,36,non_tail,1,0.21318893134593964,0.20747773349285126,0.005711197853088379,0.005711197853088379,0.0,0.0
40,16,41,non_tail,1,0.021537235006690025,0.02204776555299759,-0.0005105305463075638,0.0,0.0005105305463075638,0.0
40,16,59,non_tail,1,5.123661041259766,5.124509811401367,-0.0008487701416015625,0.0,0.0008487701416015625,0.0
40,16,74,non_tail,1,0.7318444848060608,0.7319863438606262,-0.0001418590545654297,0.0,0.0001418590545654297,0.0
40,16,93,tail,1,2.7164530754089355,2.659649133682251,0.05680394172668457,0.05680394172668457,0.0,0.0
40,17,1,non_tail,1,0.004282708279788494,0.004230597522109747,5.211075767874718e-05,5.211075767874718e-05,0.0,0.0
40,17,3,non_tail,1,2.9795608520507812,2.945021152496338,0.03453969955444336,0.03453969955444336,0.0,0.0
40,17,4,non_tail,2,1.598141610622406,1.6727146804332733,-0.07457306981086731,0.0,0.07457306981086731,0.0
40,17,5,non_tail,1,1.640599250793457,1.6637194156646729,-0.02312016487121582,0.0,0.02312016487121582,0.0
40,17,6,non_tail,1,0.0017995130037888885,0.001752984942868352,4.652806092053652e-05,4.652806092053652e-05,0.0,0.0
40,17,13,non_tail,2,0.3716847002506256,0.3718584179878235,-0.00017371773719787598,0.0,0.00017371773719787598,0.0
40,17,18,non_tail,2,1.149050235748291,1.1444445848464966,0.004605650901794434,0.004605650901794434,0.0,0.0
40,17,23,non_tail,1,0.024126971140503883,0.023600151762366295,0.0005268193781375885,0.0005268193781375885,0.0,0.0
40,17,26,non_tail,1,1.5215661525726318,1.546260952949524,-0.02469480037689209,0.0,0.02469480037689209,0.0
40,17,30,non_tail,1,0.06098426133394241,0.0623321458697319,-0.0013478845357894897,0.0,0.0013478845357894897,0.0
40,17,31,non_tail,1,1.8196882009506226,1.826268196105957,-0.006579995155334473,0.0,0.006579995155334473,0.0
40,17,33,non_tail,1,5.608502388000488,5.580484867095947,0.028017520904541016,0.028017520904541016,0.0,0.0
40,17,40,non_tail,1,0.014251712709665298,0.014128658920526505,0.00012305378913879395,0.00012305378913879395,0.0,0.0
40,17,80,tail,1,5.356925964355469,5.326465606689453,0.030460357666015625,0.030460357666015625,0.0,0.0
40,20,0,non_tail,1,0.0163114033639431,0.016068601980805397,0.00024280138313770294,0.00024280138313770294,0.0,0.0
40,20,1,non_tail,1,0.021901177242398262,0.02139757201075554,0.0005036052316427231,0.0005036052316427231,0.0,0.0
40,20,3,non_tail,3,0.1639919877052307,0.15299005806446075,0.011001929640769958,0.011001929640769958,0.0,0.0
40,20,5,non_tail,1,0.007386279758065939,0.007306402549147606,7.987720891833305e-05,7.987720891833305e-05,0.0,0.0
40,20,9,non_tail,1,4.159461498260498,4.143413066864014,0.016048431396484375,0.016048431396484375,0.0,0.0
40,20,11,non_tail,2,0.5688062906265259,0.5709997415542603,-0.002193450927734375,0.0,0.002193450927734375,0.0
40,20,15,non_tail,1,0.17695142328739166,0.17034493386745453,0.006606489419937134,0.006606489419937134,0.0,0.0
40,20,16,non_tail,2,1.544661171734333,1.5532148098573089,-0.008553638122975826,0.0,0.008553638122975826,0.0
40,20,21,non_tail,1,0.3110519051551819,0.31289398670196533,-0.0018420815467834473,0.0,0.0018420815467834473,0.0
40,20,32,non_tail,1,1.1344085931777954,1.1682212352752686,-0.033812642097473145,0.0,0.033812642097473145,0.0
40,20,33,non_tail,1,0.05192868039011955,0.04923234507441521,0.0026963353157043457,0.0026963353157043457,0.0,0.0
40,20,34,non_tail,1,0.20090094208717346,0.19919507205486298,0.0017058700323104858,0.0017058700323104858,0.0,0.0
40,20,81,tail,1,0.42380473017692566,0.4166446030139923,0.00716012716293335,0.00716012716293335,0.0,0.0
40,20,82,tail,1,2.308012008666992,2.274014472961426,0.033997535705566406,0.033997535705566406,0.0,0.0
40,20,87,tail,1,0.0802963525056839,0.0771041214466095,0.003192231059074402,0.003192231059074402,0.0,0.0
40,21,0,non_tail,1,0.03642681986093521,0.035888735204935074,0.0005380846560001373,0.0005380846560001373,0.0,0.0
40,21,7,non_tail,1,0.30559995770454407,0.3012219965457916,0.004377961158752441,0.004377961158752441,0.0,0.0
40,21,10,non_tail,1,0.2721455991268158,0.2734203338623047,-0.0012747347354888916,0.0,0.0012747347354888916,0.0
40,21,14,non_tail,4,0.6971124717965722,0.6607650280930102,0.03634744370356202,0.03634744370356202,0.0,0.0
40,21,17,non_tail,3,0.024710386991500854,0.024109452962875366,0.0006009340286254883,0.0006009340286254883,0.0,0.0
40,21,19,non_tail,1,1.4129678010940552,1.4290183782577515,-0.01605057716369629,0.0,0.01605057716369629,0.0
40,21,23,non_tail,2,0.10696427524089813,0.10588674247264862,0.0010775327682495117,0.0010775327682495117,0.0,0.0
40,21,26,non_tail,1,0.14646828174591064,0.14680008590221405,-0.00033180415630340576,0.0,0.00033180415630340576,0.0
40,21,29,non_tail,1,0.49873781204223633,0.5265629887580872,-0.02782517671585083,0.0,0.02782517671585083,0.0
40,21,33,non_tail,1,5.8947434425354,5.865722179412842,0.029021263122558594,0.029021263122558594,0.0,0.0
40,21,82,tail,1,3.05507755279541,3.030303478240967,0.02477407455444336,0.02477407455444336,0.0,0.0
40,24,2,non_tail,1,0.34243759512901306,0.33990278840065,0.002534806728363037,0.002534806728363037,0.0,0.0
40,24,6,non_tail,3,0.2789922257264455,0.2736090247829755,0.005383200943470001,0.005383200943470001,0.0,0.0
40,24,7,non_tail,2,0.2091885805130005,0.2009280100464821,0.008260570466518402,0.008260570466518402,0.0,0.0
40,24,14,non_tail,2,1.223496537655592,1.2096901386976242,0.013806398957967758,0.013806398957967758,0.0,0.0
40,24,15,non_tail,1,0.010883495211601257,0.010426809079945087,0.0004566861316561699,0.0004566861316561699,0.0,0.0
40,24,17,non_tail,1,0.0029658162966370583,0.0028843963518738747,8.14199447631836e-05,8.14199447631836e-05,0.0,0.0
40,24,18,non_tail,1,0.11815214902162552,0.11447935551404953,0.0036727935075759888,0.0036727935075759888,0.0,0.0
40,24,23,non_tail,1,0.10399685800075531,0.10177133977413177,0.002225518226623535,0.002225518226623535,0.0,0.0
40,24,25,non_tail,1,0.5624127984046936,0.561041533946991,0.0013712644577026367,0.0013712644577026367,0.0,0.0
40,24,30,non_tail,1,1.7286936044692993,1.8024892807006836,-0.07379567623138428,0.0,0.07379567623138428,0.0
40,24,42,non_tail,1,0.00468573160469532,0.00444970466196537,0.00023602694272994995,0.00023602694272994995,0.0,0.0
40,24,43,non_tail,1,1.995053768157959,1.9511133432388306,0.04394042491912842,0.04394042491912842,0.0,0.0
40,24,98,tail,1,1.3537720441818237,1.3469932079315186,0.006778836250305176,0.006778836250305176,0.0,0.0
40,25,3,non_tail,1,0.01624889113008976,0.01546979509294033,0.0007790960371494293,0.0007790960371494293,0.0,0.0
40,25,5,non_tail,2,0.020978005602955818,0.020543623715639114,0.0004343818873167038,0.0004343818873167038,0.0,0.0
40,25,6,non_tail,1,0.0032279787119477987,0.003161553293466568,6.642541848123074e-05,6.642541848123074e-05,0.0,0.0
40,25,14,non_tail,1,0.010747997090220451,0.010323695838451385,0.00042430125176906586,0.00042430125176906586,0.0,0.0
40,25,15,non_tail,5,0.2594121754169464,0.2516755186021328,0.007736656814813614,0.007736656814813614,0.0,0.0
40,25,16,non_tail,1,0.0032617244869470596,0.0032266718335449696,3.505265340209007e-05,3.505265340209007e-05,0.0,0.0
40,25,21,non_tail,3,0.11541852137694757,0.11300951397667329,0.0024090074002742767,0.0024090074002742767,0.0,0.0
40,25,41,non_tail,1,2.5550670623779297,2.52707839012146,0.027988672256469727,0.027988672256469727,0.0,0.0
40,25,45,non_tail,1,5.010152816772461,4.987138748168945,0.023014068603515625,0.023014068603515625,0.0,0.0
40,25,80,tail,1,1.0742532014846802,1.052883505821228,0.02136969566345215,0.02136969566345215,0.0,0.0
40,25,89,tail,1,2.115560531616211,2.0691781044006348,0.04638242721557617,0.04638242721557617,0.0,0.0
40,25,99,tail,1,0.36095479130744934,0.3565901815891266,0.004364609718322754,0.004364609718322754,0.0,0.0
40,26,0,non_tail,6,0.05464237447207173,0.05405157990753651,0.0005907945645352228,0.0005907945645352228,0.0,0.0
40,26,1,non_tail,1,0.04132205247879028,0.04090503603219986,0.0004170164465904236,0.0004170164465904236,0.0,0.0
40,26,8,non_tail,1,0.005339290481060743,0.005192840471863747,0.0001464500091969967,0.0001464500091969967,0.0,0.0
40,26,13,non_tail,2,0.0051958507392555475,0.005073165521025658,0.00012268521822988987,0.00012268521822988987,0.0,0.0
40,26,15,non_tail,1,1.3853874206542969,1.3644555807113647,0.02093183994293213,0.02093183994293213,0.0,0.0
40,26,16,non_tail,1,0.003235227195546031,0.00320825376547873,2.6973430067300797e-05,2.6973430067300797e-05,0.0,0.0
40,26,20,non_tail,1,0.0011625682236626744,0.0011332763824611902,2.9291841201484203e-05,2.9291841201484203e-05,0.0,0.0
40,26,29,non_tail,1,1.2577900886535645,1.2977105379104614,-0.03992044925689697,0.0,0.03992044925689697,0.0
40,26,37,non_tail,1,1.350760579109192,1.353312373161316,-0.0025517940521240234,0.0,0.0025517940521240234,0.0
40,26,58,non_tail,1,0.0021735632326453924,0.0021394239738583565,3.413925878703594e-05,3.413925878703594e-05,0.0,0.0
40,26,80,tail,1,0.0930924043059349,0.09127670526504517,0.00181569904088974,0.00181569904088974,0.0,0.0
40,26,88,tail,1,6.880733013153076,6.786834239959717,0.09389877319335938,0.09389877319335938,0.0,0.0
40,26,91,tail,1,1.835955262184143,1.802517294883728,0.03343796730041504,0.03343796730041504,0.0,0.0
40,27,0,non_tail,1,0.0015745873097330332,0.0015591143164783716,1.547299325466156e-05,1.547299325466156e-05,0.0,0.0
40,27,2,non_tail,1,1.0322656631469727,1.0266315937042236,0.0056340694427490234,0.0056340694427490234,0.0,0.0
40,27,6,non_tail,1,0.10603582113981247,0.10524500906467438,0.000790812075138092,0.000790812075138092,0.0,0.0
40,27,7,non_tail,1,4.296550273895264,4.314518928527832,-0.01796865463256836,0.0,0.01796865463256836,0.0
40,27,81,tail,5,2.686244583129883,2.677573394775391,0.008671188354492099,0.008671188354492099,0.0,0.0
40,27,82,tail,4,0.4876989908516407,0.48447669111192226,0.003222299739718437,0.003222299739718437,0.0,0.0
40,27,83,tail,6,1.6674370765686035,1.6624905268351238,0.004946549733479744,0.004946549733479744,0.0,0.0
40,27,84,tail,1,0.8579347133636475,0.8507030010223389,0.007231712341308594,0.007231712341308594,0.0,0.0
40,27,86,tail,6,2.1258020401000977,2.0996170043945312,0.026185035705566406,0.026185035705566406,0.0,0.0
40,27,87,tail,2,0.034048888832330704,0.033120136708021164,0.0009287521243095398,0.0009287521243095398,0.0,0.0
40,27,88,tail,5,1.187604808807373,1.1400572776794433,0.04754753112792964,0.04754753112792964,0.0,0.0
40,27,93,tail,4,6.060803532600403,6.065858602523804,-0.005055069923400879,0.0,0.005055069923400879,0.0
40,27,94,tail,5,2.016518783569336,2.0130205154418945,0.003498268127441584,0.003498268127441584,0.0,0.0
40,27,95,tail,1,5.017443656921387,5.043001651763916,-0.025557994842529297,0.0,0.025557994842529297,0.0
40,27,98,tail,3,3.4856582482655845,3.4773546059926352,0.008303642272949219,0.008303642272949219,0.0,0.0
40,28,3,non_tail,1,0.04863433912396431,0.04485096037387848,0.0037833787500858307,0.0037833787500858307,0.0,0.0
40,28,5,non_tail,1,0.0052992114797234535,0.005270870868116617,2.834061160683632e-05,2.834061160683632e-05,0.0,0.0
40,28,82,tail,4,0.687745988368988,0.6760483980178833,0.011697590351104736,0.011697590351104736,0.0,0.0
40,28,83,tail,2,3.0799927711486816,3.0925729274749756,-0.012580156326293945,0.0,0.012580156326293945,0.0
40,28,84,tail,6,4.5843885739644366,4.581723213195801,0.0026653607686357716,0.0026653607686357716,0.0,0.0
40,28,85,tail,2,4.404516220092773,4.392339706420898,0.012176513671875,0.012176513671875,0.0,0.0
40,28,86,tail,1,0.006135082803666592,0.005973107647150755,0.00016197515651583672,0.00016197515651583672,0.0,0.0
40,28,87,tail,1,4.316348075866699,4.318253993988037,-0.0019059181213378906,0.0,0.0019059181213378906,0.0
40,28,89,tail,4,3.488990306854248,3.454233407974243,0.03475689888000488,0.03475689888000488,0.0,0.0
40,28,90,tail,1,0.05496038869023323,0.05394221842288971,0.0010181702673435211,0.0010181702673435211,0.0,0.0
40,28,91,tail,3,3.360976537068685,3.339480400085449,0.021496136983235825,0.021496136983235825,0.0,0.0
40,28,92,tail,3,2.437441031138102,2.4201269149780273,0.017314116160074722,0.017314116160074722,0.0,0.0
40,28,93,tail,1,7.3045783042907715,7.273537635803223,0.031040668487548828,0.031040668487548828,0.0,0.0
40,28,96,tail,3,2.6188575426737466,2.591682275136312,0.0271752675374346,0.0271752675374346,0.0,0.0
40,28,97,tail,1,4.087882041931152,4.025400161743164,0.06248188018798828,0.06248188018798828,0.0,0.0
40,28,98,tail,1,3.3895297050476074,3.3768067359924316,0.012722969055175781,0.012722969055175781,0.0,0.0
40,28,99,tail,4,2.8209152221679688,2.803940773010254,0.016974449157714844,0.016974449157714844,0.0,0.0
40,29,1,non_tail,1,0.060975849628448486,0.060817692428827286,0.00015815719962120056,0.00015815719962120056,0.0,0.0
40,29,4,non_tail,1,2.160282611846924,2.190948247909546,-0.03066563606262207,0.0,0.03066563606262207,0.0
40,29,8,non_tail,1,2.5326969623565674,2.5423786640167236,-0.00968170166015625,0.0,0.00968170166015625,0.0
40,29,9,non_tail,1,0.021610267460346222,0.021195102483034134,0.000415164977312088,0.000415164977312088,0.0,0.0
40,29,10,non_tail,1,0.28267377614974976,0.28640589118003845,-0.0037321150302886963,0.0,0.0037321150302886963,0.0
40,29,80,tail,8,3.163238763809204,3.1529011726379395,0.010337591171264648,0.010337591171264648,0.0,0.0
40,29,81,tail,4,2.6509664058685303,2.6399312019348145,0.01103520393371582,0.01103520393371582,0.0,0.0
40,29,84,tail,1,9.126338958740234,9.151656150817871,-0.02531719207763672,0.0,0.02531719207763672,0.0
40,29,85,tail,5,0.07464540600776673,0.07376787662506104,0.0008775293827056885,0.0008775293827056885,0.0,0.0
40,29,87,tail,3,4.190275510152181,4.1849565505981445,0.005318959554036162,0.005318959554036162,0.0,0.0
40,29,88,tail,1,1.8728508949279785,1.8490502834320068,0.02380061149597168,0.02380061149597168,0.0,0.0
40,29,89,tail,1,1.3844221830368042,1.3661977052688599,0.018224477767944336,0.018224477767944336,0.0,0.0
40,29,90,tail,4,0.31842823699116707,0.31245480105280876,0.005973435938358307,0.005973435938358307,0.0,0.0
40,29,91,tail,2,1.5623793601989746,1.5468883514404297,0.015491008758544922,0.015491008758544922,0.0,0.0
40,29,92,tail,2,2.426276683807373,2.4136006832122803,0.012676000595092773,0.012676000595092773,0.0,0.0
40,29,95,tail,4,1.3692249655723572,1.3583346903324127,0.010890275239944458,0.010890275239944458,0.0,0.0
40,29,96,tail,1,0.06753825396299362,0.06564012914896011,0.0018981248140335083,0.0018981248140335083,0.0,0.0
40,29,97,tail,3,4.26146666208903,4.279545783996582,-0.018079121907551787,0.0,0.018079121907551787,0.0
50,0,0,non_tail,1,0.003650312777608633,0.00360398949123919,4.632328636944294e-05,4.632328636944294e-05,0.0,0.0
50,0,2,non_tail,5,0.2819471821188927,0.2774954468011856,0.004451735317707095,0.004451735317707095,0.0,0.0
50,0,4,non_tail,1,0.9404270052909851,0.9371650815010071,0.0032619237899780273,0.0032619237899780273,0.0,0.0
50,0,5,non_tail,1,0.11168213933706284,0.11035222560167313,0.0013299137353897095,0.0013299137353897095,0.0,0.0
50,0,8,non_tail,1,0.00025960413040593266,0.00025102324434556067,8.580886060371995e-06,8.580886060371995e-06,0.0,0.0
50,0,15,non_tail,1,0.0007546676206402481,0.000734178873244673,2.0488747395575047e-05,2.0488747395575047e-05,0.0,0.0
50,0,37,non_tail,1,0.006837660446763039,0.006647615227848291,0.00019004521891474724,0.00019004521891474724,0.0,0.0
50,0,55,non_tail,1,0.6117745041847229,0.6261969208717346,-0.014422416687011719,0.0,0.014422416687011719,0.0
50,0,60,non_tail,1,1.2812646627426147,1.2684097290039062,0.012854933738708496,0.012854933738708496,0.0,0.0
50,0,66,non_tail,1,0.01501649059355259,0.014635113999247551,0.00038137659430503845,0.00038137659430503845,0.0,0.0
50,0,69,non_tail,1,1.4454576969146729,1.4359347820281982,0.00952291488647461,0.00952291488647461,0.0,0.0
50,0,74,non_tail,1,4.302452087402344,4.322702407836914,-0.020250320434570312,0.0,0.020250320434570312,0.0
50,0,81,tail,1,6.136225700378418,6.1118855476379395,0.024340152740478516,0.024340152740478516,0.0,0.0
50,0,83,tail,1,0.9127238392829895,0.9036335349082947,0.009090304374694824,0.009090304374694824,0.0,0.0
50,1,0,non_tail,3,0.0028921922106140605,0.0028475219248017916,4.4670285812268944e-05,4.4670285812268944e-05,0.0,0.0
50,1,1,non_tail,1,0.04327975586056709,0.042257729917764664,0.0010220259428024292,0.0010220259428024292,0.0,0.0
50,1,7,non_tail,6,0.7090904315312704,0.7066884636878967,0.0024019678433736535,0.0024019678433736535,0.0,0.0
50,1,24,non_tail,1,1.0209276676177979,1.0192315578460693,0.0016961097717285156,0.0016961097717285156,0.0,0.0
50,1,28,non_tail,1,0.00455627404153347,0.004379562567919493,0.00017671147361397743,0.00017671147361397743,0.0,0.0
50,1,30,non_tail,1,0.24203133583068848,0.2402271181344986,0.0018042176961898804,0.0018042176961898804,0.0,0.0
50,1,46,non_tail,1,1.3976556062698364,1.4017808437347412,-0.004125237464904785,0.0,0.004125237464904785,0.0
50,1,53,non_tail,2,0.4187471270561218,0.4172590523958206,0.0014880746603012085,0.0014880746603012085,0.0,0.0
50,1,86,tail,1,3.383431911468506,3.342017889022827,0.04141402244567871,0.04141402244567871,0.0,0.0
50,2,0,non_tail,1,0.0006984416977502406,0.0006871246150694788,1.1317082680761814e-05,1.1317082680761814e-05,0.0,0.0
50,2,3,non_tail,2,1.0555399656295776,1.0583791732788086,-0.002839207649230957,0.0,0.002839207649230957,0.0
50,2,5,non_tail,4,0.12288820091634989,0.12473633556510322,-0.0018481346487533301,0.0,0.0018481346487533301,0.0
50,2,6,non_tail,2,0.0076923733577132225,0.0076059140264987946,8.645933121442795e-05,8.645933121442795e-05,0.0,0.0
50,2,10,non_tail,2,1.7987697124481201,1.7967755198478699,0.001994192600250244,0.001994192600250244,0.0,0.0
50,2,16,non_tail,1,2.6493518352508545,2.662034511566162,-0.012682676315307617,0.0,0.012682676315307617,0.0
50,2,22,non_tail,2,1.075628399848938,1.0626814365386963,0.0129469633102417,0.0129469633102417,0.0,0.0
50,2,42,non_tail,1,3.9788646697998047,4.02497673034668,-0.046112060546875,0.0,0.046112060546875,0.0
50,2,77,non_tail,1,5.673030853271484,5.69350528717041,-0.02047443389892578,0.0,0.02047443389892578,0.0
50,2,82,tail,1,0.03324110805988312,0.03228864073753357,0.0009524673223495483,0.0009524673223495483,0.0,0.0
50,2,91,tail,1,0.4571828246116638,0.4455947279930115,0.011588096618652344,0.011588096618652344,0.0,0.0
50,2,95,tail,1,4.125373840332031,4.123135089874268,0.002238750457763672,0.002238750457763672,0.0,0.0
50,3,2,non_tail,1,2.2150371074676514,2.225757122039795,-0.010720014572143555,0.0,0.010720014572143555,0.0
50,3,3,non_tail,1,0.04495205730199814,0.04514259472489357,-0.00019053742289543152,0.0,0.00019053742289543152,0.0
50,3,6,non_tail,4,0.19732830417342484,0.19622593652457,0.0011023676488548517,0.0011023676488548517,0.0,0.0
50,3,12,non_tail,3,0.6246699194113413,0.628698875506719,-0.004028956095377678,0.0,0.004028956095377678,0.0
50,3,14,non_tail,1,0.003669197903946042,0.003572868648916483,9.632925502955914e-05,9.632925502955914e-05,0.0,0.0
50,3,20,non_tail,1,0.00034874555421993136,0.00033909291960299015,9.652634616941214e-06,9.652634616941214e-06,0.0,0.0
50,3,31,non_tail,1,0.00813208520412445,0.008035593666136265,9.649153798818588e-05,9.649153798818588e-05,0.0,0.0
50,3,36,non_tail,1,0.0795765072107315,0.07833138108253479,0.0012451261281967163,0.0012451261281967163,0.0,0.0
50,3,45,non_tail,1,0.4247720539569855,0.4128913879394531,0.011880666017532349,0.011880666017532349,0.0,0.0
50,3,77,non_tail,1,3.652773380279541,3.6620755195617676,-0.009302139282226562,0.0,0.009302139282226562,0.0
50,3,79,non_tail,1,7.879185676574707,7.879542350769043,-0.0003566741943359375,0.0,0.0003566741943359375,0.0
50,3,90,tail,1,0.11172787845134735,0.10838569700717926,0.003342181444168091,0.003342181444168091,0.0,0.0
50,3,94,tail,1,0.004491123370826244,0.004394042305648327,9.708106517791748e-05,9.708106517791748e-05,0.0,0.0
50,4,1,non_tail,2,0.027195438276976347,0.02631677407771349,0.0008786641992628574,0.0008786641992628574,0.0,0.0
50,4,2,non_tail,1,0.955706000328064,0.9506971836090088,0.005008816719055176,0.005008816719055176,0.0,0.0
50,4,3,non_tail,1,3.7807347774505615,3.7761306762695312,0.0046041011810302734,0.0046041011810302734,0.0,0.0
50,4,4,non_tail,2,0.381975993514061,0.37715548276901245,0.004820510745048523,0.004820510745048523,0.0,0.0
50,4,5,non_tail,1,0.00216535571962595,0.0021100416779518127,5.5314041674137115e-05,5.5314041674137115e-05,0.0,0.0
50,4,9,non_tail,1,0.03286200761795044,0.03107956051826477,0.001782447099685669,0.001782447099685669,0.0,0.0
50,4,11,non_tail,2,0.17548811063170433,0.17811841145157814,-0.00263030081987381,0.0,0.00263030081987381,0.0
50,4,17,non_tail,1,0.01680046133697033,0.01631797105073929,0.00048249028623104095,0.00048249028623104095,0.0,0.0
50,4,20,non_tail,2,0.0008592674566898495,0.0008371805015485734,2.208695514127612e-05,2.208695514127612e-05,0.0,0.0
50,4,24,non_tail,1,0.1690618395805359,0.16830725967884064,0.0007545799016952515,0.0007545799016952515,0.0,0.0
50,4,46,non_tail,1,0.818121075630188,0.8225123286247253,-0.0043912529945373535,0.0,0.0043912529945373535,0.0
50,4,65,non_tail,1,5.093140125274658,5.089999198913574,0.0031409263610839844,0.0031409263610839844,0.0,0.0
50,4,92,tail,1,5.0344672203063965,5.0098652839660645,0.02460193634033203,0.02460193634033203,0.0,0.0
50,4,97,tail,1,4.170100212097168,4.139811992645264,0.030288219451904297,0.030288219451904297,0.0,0.0
50,6,1,non_tail,1,0.04243370145559311,0.041936103254556656,0.0004975982010364532,0.0004975982010364532,0.0,0.0
50,6,2,non_tail,2,0.4362761378288269,0.4354395866394043,0.0008365511894226074,0.0008365511894226074,0.0,0.0
50,6,7,non_tail,3,0.5078436930974325,0.5097992196679115,-0.001955526570479038,0.0,0.001955526570479038,0.0
50,6,12,non_tail,3,0.06339953560382128,0.06339655350893736,2.982094883918762e-06,2.982094883918762e-06,0.0,0.0
50,6,18,non_tail,1,0.07667328417301178,0.07492151856422424,0.0017517656087875366,0.0017517656087875366,0.0,0.0
50,6,23,non_tail,2,0.30836292123422027,0.30518847377970815,0.0031744474545121193,0.0031744474545121193,0.0,0.0
50,6,32,non_tail,1,1.2434380054473877,1.2760305404663086,-0.0325925350189209,0.0,0.0325925350189209,0.0
50,6,38,non_tail,1,1.8264886140823364,1.840555191040039,-0.014066576957702637,0.0,0.014066576957702637,0.0
50,6,54,non_tail,1,0.1333634853363037,0.13235509395599365,0.0010083913803100586,0.0010083913803100586,0.0,0.0
50,6,70,non_tail,1,0.014675643295049667,0.01418495737016201,0.0004906859248876572,0.0004906859248876572,0.0,0.0
50,6,84,tail,1,3.500380039215088,3.4886271953582764,0.011752843856811523,0.011752843856811523,0.0,0.0
50,8,4,non_tail,1,0.0842069759964943,0.08156397938728333,0.002642996609210968,0.002642996609210968,0.0,0.0
50,8,5,non_tail,1,0.0009055804111994803,0.0008423355757258832,6.324483547359705e-05,6.324483547359705e-05,0.0,0.0
50,8,6,non_tail,2,0.015654985094442964,0.015542972600087523,0.00011201249435544014,0.00011201249435544014,0.0,0.0
50,8,7,non_tail,1,0.0036239444743841887,0.003635822329670191,-1.1877855286002159e-05,0.0,1.1877855286002159e-05,0.0
50,8,15,non_tail,1,0.012586208991706371,0.011625401675701141,0.00096080731600523,0.00096080731600523,0.0,0.0
50,8,17,non_tail,1,0.07954975962638855,0.07745423913002014,0.002095520496368408,0.002095520496368408,0.0,0.0
50,8,21,non_tail,1,0.0014835315523669124,0.0014605579199269414,2.297363243997097e-05,2.297363243997097e-05,0.0,0.0
50,8,26,non_tail,3,2.79106076558431,2.81319268544515,-0.022131919860839844,0.0,0.022131919860839844,0.0
50,8,38,non_tail,1,0.0002797450579237193,0.0002746204845607281,5.124573362991214e-06,5.124573362991214e-06,0.0,0.0
50,8,46,non_tail,1,0.29826807975769043,0.2999914884567261,-0.0017234086990356445,0.0,0.0017234086990356445,0.0
50,8,57,non_tail,1,0.14262454211711884,0.14289532601833344,-0.0002707839012145996,0.0,0.0002707839012145996,0.0
50,8,58,non_tail,1,0.986201286315918,1.001551866531372,-0.015350580215454102,0.0,0.015350580215454102,0.0
50,8,62,non_tail,1,3.4992058277130127,3.511051893234253,-0.011846065521240234,0.0,0.011846065521240234,0.0
50,8,83,tail,1,1.9676872491836548,1.9418376684188843,0.025849580764770508,0.025849580764770508,0.0,0.0
50,9,1,non_tail,1,0.05780191719532013,0.0573185533285141,0.0004833638668060303,0.0004833638668060303,0.0,0.0
50,9,2,non_tail,1,0.04186968505382538,0.0409005731344223,0.0009691119194030762,0.0009691119194030762,0.0,0.0
50,9,4,non_tail,2,1.5300104320049286,1.520933747291565,0.009076684713363647,0.009076684713363647,0.0,0.0
50,9,6,non_tail,1,0.00303356209769845,0.003000640543177724,3.2921554520726204e-05,3.2921554520726204e-05,0.0,0.0
50,9,7,non_tail,1,0.08993809670209885,0.09090450406074524,-0.0009664073586463928,0.0,0.0009664073586463928,0.0
50,9,13,non_tail,1,0.007345809601247311,0.0072308978997170925,0.00011491170153021812,0.00011491170153021812,0.0,0.0
50,9,14,non_tail,4,0.3099691108800471,0.30159347620792687,0.008375634672120214,0.008375634672120214,0.0,0.0
50,9,17,non_tail,1,0.0033887361641973257,0.0033320642542093992,5.667190998792648e-05,5.667190998792648e-05,0.0,0.0
50,9,35,non_tail,1,0.05013038218021393,0.051254596561193466,-0.001124214380979538,0.0,0.001124214380979538,0.0
50,9,52,non_tail,1,1.4409090280532837,1.445082426071167,-0.004173398017883301,0.0,0.004173398017883301,0.0
50,9,67,non_tail,1,0.709362268447876,0.7087604999542236,0.0006017684936523438,0.0006017684936523438,0.0,0.0
50,9,79,non_tail,1,2.84348201751709,2.8438680171966553,-0.0003859996795654297,0.0,0.0003859996795654297,0.0
50,9,86,tail,1,0.47929954528808594,0.4611903727054596,0.018109172582626343,0.018109172582626343,0.0,0.0
50,9,89,tail,1,5.912395477294922,5.8799333572387695,0.032462120056152344,0.032462120056152344,0.0,0.0
50,12,0,non_tail,1,0.00024816294899210334,0.00024399164249189198,4.171306500211358e-06,4.171306500211358e-06,0.0,0.0
50,12,1,non_tail,2,0.9625578746199608,0.9687776416540146,-0.0062197670340538025,0.0,0.0062197670340538025,0.0
50,12,3,non_tail,1,0.017883719876408577,0.017882313579320908,1.4062970876693726e-06,1.4062970876693726e-06,0.0,0.0
50,12,10,non_tail,1,0.0015595904551446438,0.0015325717395171523,2.7018715627491474e-05,2.7018715627491474e-05,0.0,0.0
50,12,12,non_tail,1,0.02618316374719143,0.02619558945298195,-1.2425705790519714e-05,0.0,1.2425705790519714e-05,0.0
50,12,13,non_tail,2,0.11285998113453388,0.10999933863058686,0.0028606425039470196,0.0028606425039470196,0.0,0.0
50,12,17,non_tail,1,0.004930125083774328,0.0048415097407996655,8.861534297466278e-05,8.861534297466278e-05,0.0,0.0
50,12,26,non_tail,1,0.045841533690690994,0.046885158866643906,-0.0010436251759529114,0.0,0.0010436251759529114,0.0
50,12,27,non_tail,2,1.3237755298614502,1.3450403660535812,-0.021264836192131042,0.0,0.021264836192131042,0.0
50,12,28,non_tail,1,0.0511246882379055,0.049528829753398895,0.001595858484506607,0.001595858484506607,0.0,0.0
50,12,38,non_tail,1,0.24789924919605255,0.24812622368335724,-0.0002269744873046875,0.0,0.0002269744873046875,0.0
50,12,41,non_tail,1,0.029713965952396393,0.028953632339835167,0.0007603336125612259,0.0007603336125612259,0.0,0.0
50,12,59,non_tail,1,1.1364221572875977,1.14218270778656,-0.005760550498962402,0.0,0.005760550498962402,0.0
50,12,85,tail,1,0.8999358415603638,0.8724857568740845,0.027450084686279297,0.027450084686279297,0.0,0.0
50,12,90,tail,1,3.50007963180542,3.4797253608703613,0.020354270935058594,0.020354270935058594,0.0,0.0
50,13,4,non_tail,3,0.27194686730702716,0.2667643179496129,0.005182549357414246,0.005182549357414246,0.0,0.0
50,13,6,non_tail,1,0.005084678530693054,0.004797614179551601,0.0002870643511414528,0.0002870643511414528,0.0,0.0
50,13,8,non_tail,2,0.003219395410269499,0.0030399293173104525,0.00017946609295904636,0.00017946609295904636,0.0,0.0
50,13,11,non_tail,1,0.045479822903871536,0.04574758931994438,-0.00026776641607284546,0.0,0.00026776641607284546,0.0
50,13,25,non_tail,2,0.02944621816277504,0.02870251890271902,0.0007436992600560188,0.0007436992600560188,0.0,0.0
50,13,26,non_tail,3,0.42935942485928535,0.43804607292016345,-0.0086866480608781,0.0,0.0086866480608781,0.0
50,13,28,non_tail,1,2.322514772415161,2.3166472911834717,0.005867481231689453,0.005867481231689453,0.0,0.0
50,13,40,non_tail,1,0.10853415727615356,0.10803212225437164,0.0005020350217819214,0.0005020350217819214,0.0,0.0
50,13,58,non_tail,1,0.11189384758472443,0.1073344349861145,0.004559412598609924,0.004559412598609924,0.0,0.0
50,13,68,non_tail,1,0.15710946917533875,0.15536697208881378,0.0017424970865249634,0.0017424970865249634,0.0,0.0
50,13,87,tail,1,0.07265377044677734,0.07029353827238083,0.002360232174396515,0.002360232174396515,0.0,0.0
50,14,1,non_tail,1,0.01584087871015072,0.015365439467132092,0.00047543924301862717,0.00047543924301862717,0.0,0.0
50,14,4,non_tail,1,0.33592984080314636,0.3231518268585205,0.012778013944625854,0.012778013944625854,0.0,0.0
50,14,11,non_tail,1,0.013565263710916042,0.013769754208624363,-0.00020449049770832062,0.0,0.00020449049770832062,0.0
50,14,14,non_tail,2,0.327993456274271,0.31782262306660414,0.010170833207666874,0.010170833207666874,0.0,0.0
50,14,17,non_tail,1,1.3727312088012695,1.333190679550171,0.03954052925109863,0.03954052925109863,0.0,0.0
50,14,21,non_tail,2,0.003186700167134404,0.0032667433843016624,-8.004321716725826e-05,0.0,8.004321716725826e-05,0.0
50,14,28,non_tail,2,0.3768424391746521,0.3706359565258026,0.006206482648849487,0.006206482648849487,0.0,0.0
50,14,32,non_tail,1,0.0018368767341598868,0.0018466339679434896,-9.757233783602715e-06,0.0,9.757233783602715e-06,0.0
50,14,43,non_tail,1,0.19921021163463593,0.18972839415073395,0.009481817483901978,0.009481817483901978,0.0,0.0
50,14,46,non_tail,1,0.6545127034187317,0.6769090890884399,-0.022396385669708252,0.0,0.022396385669708252,0.0
50,14,55,non_tail,1,2.3696885108947754,2.39416766166687,-0.024479150772094727,0.0,0.024479150772094727,0.0
50,14,56,non_tail,1,0.3431640863418579,0.3435404598712921,-0.0003763735294342041,0.0,0.0003763735294342041,0.0
50,14,75,non_tail,1,3.6857290267944336,3.6869826316833496,-0.0012536048889160156,0.0,0.0012536048889160156,0.0
50,14,85,tail,1,3.6188676357269287,3.614804744720459,0.0040628910064697266,0.0040628910064697266,0.0,0.0
50,14,96,tail,1,1.618042230606079,1.6047208309173584,0.013321399688720703,0.013321399688720703,0.0,0.0
50,15,0,non_tail,5,0.11258001178503037,0.10999453961849212,0.002585472166538247,0.002585472166538247,0.0,0.0
50,15,2,non_tail,1,0.028054332360625267,0.026853930205106735,0.0012004021555185318,0.0012004021555185318,0.0,0.0
50,15,3,non_tail,3,0.035639954109986625,0.035383060574531555,0.00025689353545507027,0.00025689353545507027,0.0,0.0
50,15,9,non_tail,1,0.12255852669477463,0.1210048645734787,0.001553662121295929,0.001553662121295929,0.0,0.0
50,15,13,non_tail,1,0.8194619417190552,0.7994757890701294,0.01998615264892578,0.01998615264892578,0.0,0.0
50,15,16,non_tail,1,4.257858753204346,4.305473327636719,-0.04761457443237305,0.0,0.04761457443237305,0.0
50,15,19,non_tail,1,0.0027042983565479517,0.0026513920165598392,5.290633998811245e-05,5.290633998811245e-05,0.0,0.0
50,15,53,non_tail,1,0.02856595069169998,0.02842124179005623,0.00014470890164375305,0.00014470890164375305,0.0,0.0
50,15,57,non_tail,1,0.4949665069580078,0.4903891086578369,0.0045773983001708984,0.0045773983001708984,0.0,0.0
50,15,66,non_tail,1,3.043984889984131,3.0564627647399902,-0.012477874755859375,0.0,0.012477874755859375,0.0
50,15,84,tail,1,4.683788299560547,4.673769950866699,0.010018348693847656,0.010018348693847656,0.0,0.0
50,15,88,tail,1,0.15826226770877838,0.15620969235897064,0.0020525753498077393,0.0020525753498077393,0.0,0.0
50,16,0,non_tail,1,0.01802797242999077,0.01791088655591011,0.00011708587408065796,0.00011708587408065796,0.0,0.0
50,16,1,non_tail,1,0.007759192958474159,0.007579734083265066,0.0001794588752090931,0.0001794588752090931,0.0,0.0
50,16,2,non_tail,1,0.0679410845041275,0.06553496420383453,0.0024061203002929688,0.0024061203002929688,0.0,0.0
50,16,4,non_tail,2,0.723953939974308,0.7137156538665295,0.01023828610777855,0.01023828610777855,0.0,0.0
50,16,10,non_tail,3,0.95681365331014,0.9564631779988607,0.0003504753112792969,0.0003504753112792969,0.0,0.0
50,16,11,non_tail,2,0.28402798250317574,0.2895417995750904,-0.005513817071914673,0.0,0.005513817071914673,0.0
50,16,29,non_tail,1,0.0009239218779839575,0.0009051040397025645,1.881783828139305e-05,1.881783828139305e-05,0.0,0.0
50,16,30,non_tail,1,5.846701145172119,5.870842456817627,-0.024141311645507812,0.0,0.024141311645507812,0.0
50,16,36,non_tail,1,0.20942936837673187,0.20813393592834473,0.001295432448387146,0.001295432448387146,0.0,0.0
50,16,41,non_tail,1,0.028328310698270798,0.02927946113049984,-0.000951150432229042,0.0,0.000951150432229042,0.0
50,16,59,non_tail,1,5.318683624267578,5.319296836853027,-0.0006132125854492188,0.0,0.0006132125854492188,0.0
50,16,74,non_tail,1,0.7677322626113892,0.7816252112388611,-0.013892948627471924,0.0,0.013892948627471924,0.0
50,16,93,tail,1,2.5649466514587402,2.50923490524292,0.05571174621582031,0.05571174621582031,0.0,0.0
50,17,1,non_tail,1,0.003909921273589134,0.003834872040897608,7.504923269152641e-05,7.504923269152641e-05,0.0,0.0
50,17,3,non_tail,1,3.0317130088806152,3.042423963546753,-0.010710954666137695,0.0,0.010710954666137695,0.0
50,17,4,non_tail,2,1.59867662191391,1.6165182292461395,-0.017841607332229614,0.0,0.017841607332229614,0.0
50,17,5,non_tail,1,1.486363172531128,1.494014024734497,-0.007650852203369141,0.0,0.007650852203369141,0.0
50,17,6,non_tail,1,0.0015292390016838908,0.0014990055933594704,3.0233408324420452e-05,3.0233408324420452e-05,0.0,0.0
50,17,13,non_tail,2,0.3521324098110199,0.3559705913066864,-0.003838181495666504,0.0,0.003838181495666504,0.0
50,17,18,non_tail,2,1.0743343830108643,1.0688937902450562,0.0054405927658081055,0.0054405927658081055,0.0,0.0
50,17,23,non_tail,1,0.022505471482872963,0.02229856140911579,0.00020691007375717163,0.00020691007375717163,0.0,0.0
50,17,26,non_tail,1,1.4542479515075684,1.4719980955123901,-0.017750144004821777,0.0,0.017750144004821777,0.0
50,17,30,non_tail,1,0.06606648862361908,0.06582207977771759,0.00024440884590148926,0.00024440884590148926,0.0,0.0
50,17,31,non_tail,1,1.8533931970596313,1.8422478437423706,0.011145353317260742,0.011145353317260742,0.0,0.0
50,17,33,non_tail,1,5.340203762054443,5.3261213302612305,0.01408243179321289,0.01408243179321289,0.0,0.0
50,17,40,non_tail,1,0.013886150903999805,0.014004296623170376,-0.00011814571917057037,0.0,0.00011814571917057037,0.0
50,17,80,tail,1,5.344443321228027,5.313965797424316,0.030477523803710938,0.030477523803710938,0.0,0.0
50,20,0,non_tail,1,0.014434090815484524,0.014282737858593464,0.00015135295689105988,0.00015135295689105988,0.0,0.0
50,20,1,non_tail,1,0.019475197419524193,0.018523797392845154,0.000951400026679039,0.000951400026679039,0.0,0.0
50,20,3,non_tail,3,0.17314904928207397,0.17240848143895468,0.0007405678431192941,0.0007405678431192941,0.0,0.0
50,20,5,non_tail,1,0.007340957876294851,0.0071324254386126995,0.0002085324376821518,0.0002085324376821518,0.0,0.0
50,20,9,non_tail,1,4.259408950805664,4.220582008361816,0.038826942443847656,0.038826942443847656,0.0,0.0
50,20,11,non_tail,2,0.5579657554626465,0.5733073949813843,-0.015341639518737793,0.0,0.015341639518737793,0.0
50,20,15,non_tail,1,0.15240389108657837,0.14630620181560516,0.006097689270973206,0.006097689270973206,0.0,0.0
50,20,16,non_tail,2,1.550321334041655,1.5646167090162635,-0.014295374974608421,0.0,0.014295374974608421,0.0
50,20,21,non_tail,1,0.29114001989364624,0.29226699471473694,-0.0011269748210906982,0.0,0.0011269748210906982,0.0
50,20,32,non_tail,1,1.009824275970459,1.0407274961471558,-0.030903220176696777,0.0,0.030903220176696777,0.0
50,20,33,non_tail,1,0.04207887127995491,0.040467239916324615,0.0016116313636302948,0.0016116313636302948,0.0,0.0
50,20,34,non_tail,1,0.24493390321731567,0.24581101536750793,-0.0008771121501922607,0.0,0.0008771121501922607,0.0
50,20,81,tail,1,0.4516904354095459,0.4434857964515686,0.008204638957977295,0.008204638957977295,0.0,0.0
50,20,82,tail,1,2.2976067066192627,2.2903242111206055,0.0072824954986572266,0.0072824954986572266,0.0,0.0
50,20,87,tail,1,0.06019638478755951,0.05819833651185036,0.0019980482757091522,0.0019980482757091522,0.0,0.0
50,21,0,non_tail,1,0.03477565199136734,0.03459314629435539,0.00018250569701194763,0.00018250569701194763,0.0,0.0
50,21,7,non_tail,1,0.27814820408821106,0.27813494205474854,1.3262033462524414e-05,1.3262033462524414e-05,0.0,0.0
50,21,10,non_tail,1,0.24088335037231445,0.23871205747127533,0.0021712929010391235,0.0021712929010391235,0.0,0.0
50,21,14,non_tail,4,0.6543462523259223,0.6246194522827864,0.02972680004313588,0.02972680004313588,0.0,0.0
50,21,17,non_tail,3,0.023028376201788586,0.022441128889719646,0.0005872473120689392,0.0005872473120689392,0.0,0.0
50,21,19,non_tail,1,1.5248589515686035,1.5450159311294556,-0.02015697956085205,0.0,0.02015697956085205,0.0
50,21,23,non_tail,2,0.10001234710216522,0.09962418675422668,0.0003881603479385376,0.0003881603479385376,0.0,0.0
50,21,26,non_tail,1,0.12904092669487,0.13144278526306152,-0.0024018585681915283,0.0,0.0024018585681915283,0.0
50,21,29,non_tail,1,0.5406248569488525,0.5628310441970825,-0.02220618724822998,0.0,0.02220618724822998,0.0
50,21,33,non_tail,1,5.834712982177734,5.801990509033203,0.03272247314453125,0.03272247314453125,0.0,0.0
50,21,82,tail,1,3.038010358810425,3.00343918800354,0.034571170806884766,0.034571170806884766,0.0,0.0
50,24,2,non_tail,1,0.3431765139102936,0.3351355791091919,0.008040934801101685,0.008040934801101685,0.0,0.0
50,24,6,non_tail,3,0.2677263667186101,0.2619453618923823,0.005781004826227787,0.005781004826227787,0.0,0.0
50,24,7,non_tail,2,0.20841098576784134,0.2028123214840889,0.005598664283752441,0.005598664283752441,0.0,0.0
50,24,14,non_tail,2,1.144358977675438,1.1321008540689945,0.012258123606443405,0.012258123606443405,0.0,0.0
50,24,15,non_tail,1,0.011143944226205349,0.010646332055330276,0.0004976121708750725,0.0004976121708750725,0.0,0.0
50,24,17,non_tail,1,0.002772418549284339,0.0027051304932683706,6.728805601596832e-05,6.728805601596832e-05,0.0,0.0
50,24,18,non_tail,1,0.11789534986019135,0.112965889275074,0.00492946058511734,0.00492946058511734,0.0,0.0
50,24,23,non_tail,1,0.09535300731658936,0.09490437060594559,0.0004486367106437683,0.0004486367106437683,0.0,0.0
50,24,25,non_tail,1,0.563153862953186,0.5604862570762634,0.0026676058769226074,0.0026676058769226074,0.0,0.0
50,24,30,non_tail,1,1.6699448823928833,1.7043044567108154,-0.03435957431793213,0.0,0.03435957431793213,0.0
50,24,42,non_tail,1,0.0031948259565979242,0.0031293490901589394,6.547686643898487e-05,6.547686643898487e-05,0.0,0.0
50,24,43,non_tail,1,1.734795093536377,1.6868128776550293,0.047982215881347656,0.047982215881347656,0.0,0.0
50,24,98,tail,1,1.2411614656448364,1.2501543760299683,-0.008992910385131836,0.0,0.008992910385131836,0.0
50,25,3,non_tail,1,0.014253593049943447,0.014023927971720695,0.00022966507822275162,0.00022966507822275162,0.0,0.0
50,25,5,non_tail,2,0.020771794952452183,0.019965820014476776,0.0008059749379754066,0.0008059749379754066,0.0,0.0
50,25,6,non_tail,1,0.0027870405465364456,0.0027312852907925844,5.57552557438612e-05,5.57552557438612e-05,0.0,0.0
50,25,14,non_tail,1,0.00998254306614399,0.009622973389923573,0.000359569676220417,0.000359569676220417,0.0,0.0
50,25,15,non_tail,5,0.2507556647062302,0.2448486328125,0.00590703189373018,0.00590703189373018,0.0,0.0
50,25,16,non_tail,1,0.002869062591344118,0.002835422521457076,3.3640069887042046e-05,3.3640069887042046e-05,0.0,0.0
50,25,21,non_tail,3,0.11400144454091787,0.11353356515367825,0.00046787938723961975,0.00046787938723961975,0.0,0.0
50,25,41,non_tail,1,2.6071653366088867,2.589993715286255,0.017171621322631836,0.017171621322631836,0.0,0.0
50,25,45,non_tail,1,4.967024803161621,4.951529502868652,0.01549530029296875,0.01549530029296875,0.0,0.0
50,25,80,tail,1,1.0316441059112549,1.0051822662353516,0.02646183967590332,0.02646183967590332,0.0,0.0
50,25,89,tail,1,2.034440040588379,1.9900702238082886,0.04436981678009033,0.04436981678009033,0.0,0.0
50,25,99,tail,1,0.39287686347961426,0.3889807462692261,0.0038961172103881836,0.0038961172103881836,0.0,0.0
50,26,0,non_tail,6,0.0548125603236258,0.05435051970804731,0.0004620406155784948,0.0004620406155784948,0.0,0.0
50,26,1,non_tail,1,0.03909962624311447,0.03837462142109871,0.0007250048220157623,0.0007250048220157623,0.0,0.0
50,26,8,non_tail,1,0.004175397567451,0.004041124600917101,0.0001342729665338993,0.0001342729665338993,0.0,0.0
50,26,13,non_tail,2,0.004190350300632417,0.004098875098861754,9.147520177066326e-05,9.147520177066326e-05,0.0,0.0
50,26,15,non_tail,1,1.3533858060836792,1.328243613243103,0.025142192840576172,0.025142192840576172,0.0,0.0
50,26,16,non_tail,1,0.0027960750740021467,0.002777649089694023,1.842598430812359e-05,1.842598430812359e-05,0.0,0.0
50,26,20,non_tail,1,0.0011251792311668396,0.0010919567430391908,3.322248812764883e-05,3.322248812764883e-05,0.0,0.0
50,26,29,non_tail,1,1.320120096206665,1.3419960737228394,-0.021875977516174316,0.0,0.021875977516174316,0.0
50,26,37,non_tail,1,1.313429594039917,1.316556453704834,-0.003126859664916992,0.0,0.003126859664916992,0.0
50,26,58,non_tail,1,0.0022883438505232334,0.0022429090458899736,4.543480463325977e-05,4.543480463325977e-05,0.0,0.0
50,26,80,tail,1,0.09571488946676254,0.09367743879556656,0.002037450671195984,0.002037450671195984,0.0,0.0
50,26,88,tail,1,6.413309097290039,6.322073459625244,0.09123563766479492,0.09123563766479492,0.0,0.0
50,26,91,tail,1,1.6564266681671143,1.6329495906829834,0.02347707748413086,0.02347707748413086,0.0,0.0
50,27,0,non_tail,1,0.0014494876377284527,0.0014421073719859123,7.3802657425403595e-06,7.3802657425403595e-06,0.0,0.0
50,27,2,non_tail,1,1.02760910987854,1.0141819715499878,0.013427138328552246,0.013427138328552246,0.0,0.0
50,27,6,non_tail,1,0.09916903078556061,0.09785338491201401,0.0013156458735466003,0.0013156458735466003,0.0,0.0
50,27,7,non_tail,1,4.364632606506348,4.391551971435547,-0.02691936492919922,0.0,0.02691936492919922,0.0
50,27,81,tail,5,2.7283184051513674,2.717768096923828,0.010550308227539329,0.010550308227539329,0.0,0.0
50,27,82,tail,4,0.49380600824952126,0.4953746199607849,-0.0015686117112636566,0.0,0.0015686117112636566,0.0
50,27,83,tail,6,1.7091700236002605,1.6985166867574055,0.010653336842854966,0.010653336842854966,0.0,0.0
50,27,84,tail,1,0.7578102350234985,0.7450658082962036,0.012744426727294922,0.012744426727294922,0.0,0.0
50,27,86,tail,6,2.12054713567098,2.0898154576619468,0.030731678009033203,0.030731678009033203,0.0,0.0
50,27,87,tail,2,0.029844919219613075,0.029069239273667336,0.0007756799459457397,0.0007756799459457397,0.0,0.0
50,27,88,tail,5,1.0210786819458009,0.9871296882629395,0.03394899368286142,0.03394899368286142,0.0,0.0
50,27,93,tail,4,6.025956392288208,6.034288644790649,-0.008332252502441406,0.0,0.008332252502441406,0.0
50,27,94,tail,5,2.036894989013672,2.031757926940918,0.005137062072753995,0.005137062072753995,0.0,0.0
50,27,95,tail,1,5.029090881347656,5.053772926330566,-0.024682044982910156,0.0,0.024682044982910156,0.0
50,27,98,tail,3,3.434340794881185,3.433987617492676,0.0003531773885092626,0.0003531773885092626,0.0,0.0
50,28,3,non_tail,1,0.04455673322081566,0.043641578406095505,0.0009151548147201538,0.0009151548147201538,0.0,0.0
50,28,5,non_tail,1,0.005131645128130913,0.005024069920182228,0.00010757520794868469,0.00010757520794868469,0.0,0.0
50,28,82,tail,4,0.6768158674240112,0.6685647368431091,0.0082511305809021,0.0082511305809021,0.0,0.0
50,28,83,tail,2,3.204859972000122,3.209588050842285,-0.004728078842163086,0.0,0.004728078842163086,0.0
50,28,84,tail,6,4.513967037200928,4.514126459757487,-0.00015942255655954085,0.0,0.00015942255655954085,0.0
50,28,85,tail,2,4.372082710266113,4.3513407707214355,0.020741939544677734,0.020741939544677734,0.0,0.0
50,28,86,tail,1,0.006037213373929262,0.005944548640400171,9.266473352909088e-05,9.266473352909088e-05,0.0,0.0
50,28,87,tail,1,4.336067199707031,4.3145952224731445,0.02147197723388672,0.02147197723388672,0.0,0.0
50,28,89,tail,4,3.584547996520996,3.5447773933410645,0.03977060317993164,0.03977060317993164,0.0,0.0
50,28,90,tail,1,0.04825069382786751,0.04660586267709732,0.0016448311507701874,0.0016448311507701874,0.0,0.0
50,28,91,tail,3,3.2663968404134116,3.2466405232747397,0.019756317138671875,0.019756317138671875,0.0,0.0
50,28,92,tail,3,2.440344492594401,2.425637722015381,0.014706770579020034,0.014706770579020034,0.0,0.0
50,28,93,tail,1,7.160197734832764,7.143892288208008,0.01630544662475586,0.01630544662475586,0.0,0.0
50,28,96,tail,3,2.5872767766316733,2.5545711517333984,0.03270562489827489,0.03270562489827489,0.0,0.0
50,28,97,tail,1,4.219454288482666,4.184875011444092,0.03457927703857422,0.03457927703857422,0.0,0.0
50,28,98,tail,1,3.2563066482543945,3.2626590728759766,-0.006352424621582031,0.0,0.006352424621582031,0.0
50,28,99,tail,4,2.9633240699768066,2.9521384239196777,0.011185646057128906,0.011185646057128906,0.0,0.0
50,29,1,non_tail,1,0.06401786208152771,0.0628509372472763,0.0011669248342514038,0.0011669248342514038,0.0,0.0
50,29,4,non_tail,1,1.950979232788086,1.970617651939392,-0.019638419151306152,0.0,0.019638419151306152,0.0
50,29,8,non_tail,1,2.466686248779297,2.464447259902954,0.0022389888763427734,0.0022389888763427734,0.0,0.0
50,29,9,non_tail,1,0.020715195685625076,0.02005910873413086,0.0006560869514942169,0.0006560869514942169,0.0,0.0
50,29,10,non_tail,1,0.28170764446258545,0.2818811237812042,-0.00017347931861877441,0.0,0.00017347931861877441,0.0
50,29,80,tail,8,3.2753772735595703,3.258168935775757,0.017208337783813477,0.017208337783813477,0.0,0.0
50,29,81,tail,4,2.6519088745117188,2.6410722732543945,0.010836601257324219,0.010836601257324219,0.0,0.0
50,29,84,tail,1,9.17995834350586,9.173612594604492,0.0063457489013671875,0.0063457489013671875,0.0,0.0
50,29,85,tail,5,0.06913167536258698,0.06823892295360565,0.0008927524089813316,0.0008927524089813316,0.0,0.0
50,29,87,tail,3,4.179460525512695,4.170681635538737,0.008778889973958037,0.008778889973958037,0.0,0.0
50,29,88,tail,1,1.6638845205307007,1.6399741172790527,0.02391040325164795,0.02391040325164795,0.0,0.0
50,29,89,tail,1,1.5374681949615479,1.4995373487472534,0.037930846214294434,0.037930846214294434,0.0,0.0
50,29,90,tail,4,0.30101001635193825,0.29152748361229897,0.009482532739639282,0.009482532739639282,0.0,0.0
50,29,91,tail,2,1.5688409805297852,1.5569528341293335,0.01188814640045166,0.01188814640045166,0.0,0.0
50,29,92,tail,2,2.4784085750579834,2.4670464992523193,0.011362075805664062,0.011362075805664062,0.0,0.0
50,29,95,tail,4,1.3868898749351501,1.3828418254852295,0.004048049449920654,0.004048049449920654,0.0,0.0
50,29,96,tail,1,0.062438324093818665,0.06084652245044708,0.001591801643371582,0.001591801643371582,0.0,0.0
50,29,97,tail,3,4.316344579060872,4.334001541137695,-0.017656962076823213,0.0,0.017656962076823213,0.0
60,0,0,non_tail,1,0.003262556390836835,0.003219066886231303,4.348950460553169e-05,4.348950460553169e-05,0.0,0.0
60,0,2,non_tail,5,0.2749461345374584,0.2740605860948563,0.0008855484426021354,0.0008855484426021354,0.0,0.0
60,0,4,non_tail,1,0.9605491161346436,0.9590321779251099,0.0015169382095336914,0.0015169382095336914,0.0,0.0
60,0,5,non_tail,1,0.1112137883901596,0.11054788529872894,0.0006659030914306641,0.0006659030914306641,0.0,0.0
60,0,8,non_tail,1,0.00022718709078617394,0.00022230061586014926,4.886474926024675e-06,4.886474926024675e-06,0.0,0.0
60,0,15,non_tail,1,0.0007314390386454761,0.0007049936102703214,2.6445428375154734e-05,2.6445428375154734e-05,0.0,0.0
60,0,37,non_tail,1,0.006495671812444925,0.006391440983861685,0.00010423082858324051,0.00010423082858324051,0.0,0.0
60,0,55,non_tail,1,0.5791494846343994,0.5940269827842712,-0.014877498149871826,0.0,0.014877498149871826,0.0
60,0,60,non_tail,1,1.1669650077819824,1.1399822235107422,0.026982784271240234,0.026982784271240234,0.0,0.0
60,0,66,non_tail,1,0.01517465990036726,0.014873330481350422,0.0003013294190168381,0.0003013294190168381,0.0,0.0
60,0,69,non_tail,1,1.4049813747406006,1.3744440078735352,0.03053736686706543,0.03053736686706543,0.0,0.0
60,0,74,non_tail,1,4.312406063079834,4.325185298919678,-0.01277923583984375,0.0,0.01277923583984375,0.0
60,0,81,tail,1,6.101613998413086,6.080663204193115,0.020950794219970703,0.020950794219970703,0.0,0.0
60,0,83,tail,1,0.9022817015647888,0.8893880844116211,0.012893617153167725,0.012893617153167725,0.0,0.0
60,1,0,non_tail,3,0.0027455211093183607,0.0027089497501341007,3.6571359184260025e-05,3.6571359184260025e-05,0.0,0.0
60,1,1,non_tail,1,0.0383262075483799,0.03693819418549538,0.0013880133628845215,0.0013880133628845215,0.0,0.0
60,1,7,non_tail,6,0.6963703036308289,0.6921277840932211,0.004242519537607792,0.004242519537607792,0.0,0.0
60,1,24,non_tail,1,0.9908915162086487,0.9906713962554932,0.00022011995315551758,0.00022011995315551758,0.0,0.0
60,1,28,non_tail,1,0.00441967835649848,0.004337902180850506,8.177617564797401e-05,8.177617564797401e-05,0.0,0.0
60,1,30,non_tail,1,0.22363924980163574,0.21917977929115295,0.004459470510482788,0.004459470510482788,0.0,0.0
60,1,46,non_tail,1,1.2838172912597656,1.2870639562606812,-0.0032466650009155273,0.0,0.0032466650009155273,0.0
60,1,53,non_tail,2,0.3897590935230255,0.38823074847459793,0.0015283450484275818,0.0015283450484275818,0.0,0.0
60,1,86,tail,1,3.353926420211792,3.3124935626983643,0.041432857513427734,0.041432857513427734,0.0,0.0
60,2,0,non_tail,1,0.0006650857976637781,0.0006536492728628218,1.143652480095625e-05,1.143652480095625e-05,0.0,0.0
60,2,3,non_tail,2,1.016133427619934,1.016973853111267,-0.0008404254913330078,0.0,0.0008404254913330078,0.0
60,2,5,non_tail,4,0.12099156770273112,0.12156915594823658,-0.0005775882455054671,0.0,0.0005775882455054671,0.0
60,2,6,non_tail,2,0.008135441690683365,0.00804926734417677,8.617434650659561e-05,8.617434650659561e-05,0.0,0.0
60,2,10,non_tail,2,1.729466587305069,1.7106728553771973,0.018793731927871704,0.018793731927871704,0.0,0.0
60,2,16,non_tail,1,2.599148988723755,2.616828680038452,-0.017679691314697266,0.0,0.017679691314697266,0.0
60,2,22,non_tail,2,1.1223663091659546,1.1200573444366455,0.002308964729309082,0.002308964729309082,0.0,0.0
60,2,42,non_tail,1,3.897350549697876,3.9422690868377686,-0.04491853713989258,0.0,0.04491853713989258,0.0
60,2,77,non_tail,1,5.764838695526123,5.78012228012085,-0.015283584594726562,0.0,0.015283584594726562,0.0
60,2,82,tail,1,0.027348646894097328,0.027037156745791435,0.00031149014830589294,0.00031149014830589294,0.0,0.0
60,2,91,tail,1,0.46308910846710205,0.4550728499889374,0.008016258478164673,0.008016258478164673,0.0,0.0
60,2,95,tail,1,4.282861709594727,4.293252468109131,-0.010390758514404297,0.0,0.010390758514404297,0.0
60,3,2,non_tail,1,2.235999345779419,2.2438974380493164,-0.007898092269897461,0.0,0.007898092269897461,0.0
60,3,3,non_tail,1,0.04861605912446976,0.04789644479751587,0.0007196143269538879,0.0007196143269538879,0.0,0.0
60,3,6,non_tail,4,0.18172372947447002,0.1814900259487331,0.00023370352573692799,0.00023370352573692799,0.0,0.0
60,3,12,non_tail,3,0.6053575625022253,0.6148040145635605,-0.009446452061335209,0.0,0.009446452061335209,0.0
60,3,14,non_tail,1,0.003335509682074189,0.0032645761966705322,7.093348540365696e-05,7.093348540365696e-05,0.0,0.0
60,3,20,non_tail,1,0.0003355178632773459,0.0003274143091402948,8.103554137051105e-06,8.103554137051105e-06,0.0,0.0
60,3,31,non_tail,1,0.007874161936342716,0.007776226382702589,9.793555364012718e-05,9.793555364012718e-05,0.0,0.0
60,3,36,non_tail,1,0.082076296210289,0.07869583368301392,0.0033804625272750854,0.0033804625272750854,0.0,0.0
60,3,45,non_tail,1,0.3723691999912262,0.3626674711704254,0.009701728820800781,0.009701728820800781,0.0,0.0
60,3,77,non_tail,1,3.784968376159668,3.8110201358795166,-0.026051759719848633,0.0,0.026051759719848633,0.0
60,3,79,non_tail,1,7.945041656494141,7.954019546508789,-0.008977890014648438,0.0,0.008977890014648438,0.0
60,3,90,tail,1,0.10374908149242401,0.10266926139593124,0.0010798200964927673,0.0010798200964927673,0.0,0.0
60,3,94,tail,1,0.003931413404643536,0.003873109817504883,5.83035871386528e-05,5.83035871386528e-05,0.0,0.0
60,4,1,non_tail,2,0.024791859555989504,0.023942190688103437,0.0008496688678860664,0.0008496688678860664,0.0,0.0
60,4,2,non_tail,1,0.9336739778518677,0.939125657081604,-0.005451679229736328,0.0,0.005451679229736328,0.0
60,4,3,non_tail,1,3.758816719055176,3.7478690147399902,0.010947704315185547,0.010947704315185547,0.0,0.0
60,4,4,non_tail,2,0.3808128982782364,0.3773745149374008,0.0034383833408355713,0.0034383833408355713,0.0,0.0
60,4,5,non_tail,1,0.002015227684751153,0.001993931829929352,2.1295854821801186e-05,2.1295854821801186e-05,0.0,0.0
60,4,9,non_tail,1,0.024377478286623955,0.022781439125537872,0.0015960391610860825,0.0015960391610860825,0.0,0.0
60,4,11,non_tail,2,0.18308158963918686,0.1823260486125946,0.0007555410265922546,0.0007555410265922546,0.0,0.0
60,4,17,non_tail,1,0.01616608165204525,0.015696194022893906,0.0004698876291513443,0.0004698876291513443,0.0,0.0
60,4,20,non_tail,2,0.0007991435704752803,0.0007818180019967258,1.7325568478554487e-05,1.7325568478554487e-05,0.0,0.0
60,4,24,non_tail,1,0.15418477356433868,0.15442056953907013,-0.0002357959747314453,0.0,0.0002357959747314453,0.0
60,4,46,non_tail,1,0.7300592064857483,0.732040524482727,-0.0019813179969787598,0.0,0.0019813179969787598,0.0
60,4,65,non_tail,1,5.110557556152344,5.094227313995361,0.016330242156982422,0.016330242156982422,0.0,0.0
60,4,92,tail,1,5.162809371948242,5.152710437774658,0.010098934173583984,0.010098934173583984,0.0,0.0
60,4,97,tail,1,4.285497665405273,4.243279457092285,0.04221820831298828,0.04221820831298828,0.0,0.0
60,6,1,non_tail,1,0.039889171719551086,0.03966715186834335,0.00022201985120773315,0.00022201985120773315,0.0,0.0
60,6,2,non_tail,2,0.4255595803260803,0.4262838661670685,-0.0007242858409881592,0.0,0.0007242858409881592,0.0
60,6,7,non_tail,3,0.5332762698332468,0.5320190538962682,0.001257215936978584,0.001257215936978584,0.0,0.0
60,6,12,non_tail,3,0.05611158379664024,0.05675249050060908,-0.0006409067039688382,0.0,0.0006409067039688382,0.0
60,6,18,non_tail,1,0.0744289830327034,0.07278700917959213,0.001641973853111267,0.001641973853111267,0.0,0.0
60,6,23,non_tail,2,0.29368573194369674,0.29373489459976554,-4.916265606880188e-05,0.0,4.916265606880188e-05,0.0
60,6,32,non_tail,1,1.270749807357788,1.3018041849136353,-0.031054377555847168,0.0,0.031054377555847168,0.0
60,6,38,non_tail,1,1.6317174434661865,1.6411359310150146,-0.009418487548828125,0.0,0.009418487548828125,0.0
60,6,54,non_tail,1,0.13974720239639282,0.13764531910419464,0.002101883292198181,0.002101883292198181,0.0,0.0
60,6,70,non_tail,1,0.013129566796123981,0.01287869643419981,0.00025087036192417145,0.00025087036192417145,0.0,0.0
60,6,84,tail,1,3.4545040130615234,3.4424076080322266,0.012096405029296875,0.012096405029296875,0.0,0.0
60,8,4,non_tail,1,0.08653922379016876,0.08295059204101562,0.003588631749153137,0.003588631749153137,0.0,0.0
60,8,5,non_tail,1,0.000890097115188837,0.0008500776602886617,4.001945490017533e-05,4.001945490017533e-05,0.0,0.0
60,8,6,non_tail,2,0.014434989541769028,0.01447870279662311,-4.371325485408306e-05,0.0,4.371325485408306e-05,0.0
60,8,7,non_tail,1,0.0034407719504088163,0.0034288919996470213,1.1879950761795044e-05,1.1879950761795044e-05,0.0,0.0
60,8,15,non_tail,1,0.013520220294594765,0.012269731611013412,0.0012504886835813522,0.0012504886835813522,0.0,0.0
60,8,17,non_tail,1,0.07142163068056107,0.07050452381372452,0.0009171068668365479,0.0009171068668365479,0.0,0.0
60,8,21,non_tail,1,0.0013816345017403364,0.0013618728844448924,1.976161729544401e-05,1.976161729544401e-05,0.0,0.0
60,8,26,non_tail,3,2.7425924936930337,2.760692914326986,-0.01810042063395212,0.0,0.01810042063395212,0.0
60,8,38,non_tail,1,0.0002675890573300421,0.00026341783814132214,4.171219188719988e-06,4.171219188719988e-06,0.0,0.0
60,8,46,non_tail,1,0.27770349383354187,0.27752846479415894,0.00017502903938293457,0.00017502903938293457,0.0,0.0
60,8,57,non_tail,1,0.14889772236347198,0.14721862971782684,0.0016790926456451416,0.0016790926456451416,0.0,0.0
60,8,58,non_tail,1,1.0344371795654297,1.0515875816345215,-0.017150402069091797,0.0,0.017150402069091797,0.0
60,8,62,non_tail,1,3.4391822814941406,3.441480875015259,-0.002298593521118164,0.0,0.002298593521118164,0.0
60,8,83,tail,1,1.920372724533081,1.893154263496399,0.02721846103668213,0.02721846103668213,0.0,0.0
60,9,1,non_tail,1,0.05657374486327171,0.05595408007502556,0.0006196647882461548,0.0006196647882461548,0.0,0.0
60,9,2,non_tail,1,0.04036088287830353,0.04023332893848419,0.00012755393981933594,0.00012755393981933594,0.0,0.0
60,9,4,non_tail,2,1.4824705123901367,1.4799254834651947,0.0025450289249420166,0.0025450289249420166,0.0,0.0
60,9,6,non_tail,1,0.0030764653347432613,0.003065412864089012,1.1052470654249191e-05,1.1052470654249191e-05,0.0,0.0
60,9,7,non_tail,1,0.0986555740237236,0.09843715280294418,0.00021842122077941895,0.00021842122077941895,0.0,0.0
60,9,13,non_tail,1,0.006231165956705809,0.006161029916256666,7.013604044914246e-05,7.013604044914246e-05,0.0,0.0
60,9,14,non_tail,4,0.2964596131350845,0.29061194509267807,0.00584766804240644,0.00584766804240644,0.0,0.0
60,9,17,non_tail,1,0.0029733041301369667,0.0029437087941914797,2.9595335945487022e-05,2.9595335945487022e-05,0.0,0.0
60,9,35,non_tail,1,0.04938133433461189,0.0498049259185791,-0.00042359158396720886,0.0,0.00042359158396720886,0.0
60,9,52,non_tail,1,1.4510725736618042,1.442094087600708,0.008978486061096191,0.008978486061096191,0.0,0.0
60,9,67,non_tail,1,0.6545450091362,0.6599564552307129,-0.0054114460945129395,0.0,0.0054114460945129395,0.0
60,9,79,non_tail,1,2.9639973640441895,2.965816020965576,-0.0018186569213867188,0.0,0.0018186569213867188,0.0
60,9,86,tail,1,0.4679418206214905,0.44215765595436096,0.025784164667129517,0.025784164667129517,0.0,0.0
60,9,89,tail,1,5.939695835113525,5.883416175842285,0.056279659271240234,0.056279659271240234,0.0,0.0
60,12,0,non_tail,1,0.00023362292267847806,0.0002300474588992074,3.575463779270649e-06,3.575463779270649e-06,0.0,0.0
60,12,1,non_tail,2,0.88941241055727,0.8870563954114914,0.002356015145778656,0.002356015145778656,0.0,0.0
60,12,3,non_tail,1,0.017552165314555168,0.017286935821175575,0.0002652294933795929,0.0002652294933795929,0.0,0.0
60,12,10,non_tail,1,0.0014143711887300014,0.0013802058529108763,3.4165335819125175e-05,3.4165335819125175e-05,0.0,0.0
60,12,12,non_tail,1,0.023248357698321342,0.023611795157194138,-0.0003634374588727951,0.0,0.0003634374588727951,0.0
60,12,13,non_tail,2,0.10179024748504162,0.09919128194451332,0.0025989655405282974,0.0025989655405282974,0.0,0.0
60,12,17,non_tail,1,0.004784089047461748,0.004620352294296026,0.0001637367531657219,0.0001637367531657219,0.0,0.0
60,12,26,non_tail,1,0.04616384208202362,0.04699878767132759,-0.0008349455893039703,0.0,0.0008349455893039703,0.0
60,12,27,non_tail,2,1.311718910932541,1.3436595052480698,-0.03194059431552887,0.0,0.03194059431552887,0.0
60,12,28,non_tail,1,0.041909124702215195,0.04119221866130829,0.0007169060409069061,0.0007169060409069061,0.0,0.0
60,12,38,non_tail,1,0.2299848347902298,0.22531937062740326,0.004665464162826538,0.004665464162826538,0.0,0.0
60,12,41,non_tail,1,0.028444066643714905,0.027989305555820465,0.0004547610878944397,0.0004547610878944397,0.0,0.0
60,12,59,non_tail,1,1.1518404483795166,1.163992166519165,-0.012151718139648438,0.0,0.012151718139648438,0.0
60,12,85,tail,1,0.8826358318328857,0.8372466564178467,0.04538917541503906,0.04538917541503906,0.0,0.0
60,12,90,tail,1,3.443413734436035,3.4346704483032227,0.0087432861328125,0.0087432861328125,0.0,0.0
60,13,4,non_tail,3,0.2645834634701411,0.25824785729249317,0.0063356061776479455,0.0063356061776479455,0.0,0.0
60,13,6,non_tail,1,0.004730699583888054,0.004590093623846769,0.00014060596004128456,0.00014060596004128456,0.0,0.0
60,13,8,non_tail,2,0.002473691012710333,0.0023631006479263306,0.0001105903647840023,0.0001105903647840023,0.0,0.0
60,13,11,non_tail,1,0.035111214965581894,0.035272106528282166,-0.0001608915627002716,0.0,0.0001608915627002716,0.0
60,13,25,non_tail,2,0.02654672134667635,0.0260078189894557,0.0005389023572206497,0.0005389023572206497,0.0,0.0
60,13,26,non_tail,3,0.4599914588034153,0.4682451089223226,-0.008253650118907274,0.0,0.008253650118907274,0.0
60,13,28,non_tail,1,2.179476261138916,2.1697566509246826,0.009719610214233398,0.009719610214233398,0.0,0.0
60,13,40,non_tail,1,0.107371486723423,0.10670869797468185,0.0006627887487411499,0.0006627887487411499,0.0,0.0
60,13,58,non_tail,1,0.09476667642593384,0.09243649244308472,0.002330183982849121,0.002330183982849121,0.0,0.0
60,13,68,non_tail,1,0.13758745789527893,0.13748003542423248,0.00010742247104644775,0.00010742247104644775,0.0,0.0
60,13,87,tail,1,0.061222564429044724,0.059826694428920746,0.0013958700001239777,0.0013958700001239777,0.0,0.0
60,14,1,non_tail,1,0.014078469015657902,0.013605953194200993,0.0004725158214569092,0.0004725158214569092,0.0,0.0
60,14,4,non_tail,1,0.31923213601112366,0.3087962865829468,0.01043584942817688,0.01043584942817688,0.0,0.0
60,14,11,non_tail,1,0.012844214215874672,0.01291200052946806,-6.77863135933876e-05,0.0,6.77863135933876e-05,0.0
60,14,14,non_tail,2,0.3129661548882723,0.30207111593335867,0.010895038954913616,0.010895038954913616,0.0,0.0
60,14,17,non_tail,1,1.3612788915634155,1.3413492441177368,0.01992964744567871,0.01992964744567871,0.0,0.0
60,14,21,non_tail,2,0.003296160837635398,0.003295534523203969,6.263144314289093e-07,6.263144314289093e-07,0.0,0.0
60,14,28,non_tail,2,0.3829236775636673,0.3819958418607712,0.0009278357028961182,0.0009278357028961182,0.0,0.0
60,14,32,non_tail,1,0.001912789884954691,0.0019145745318382978,-1.7846468836069107e-06,0.0,1.7846468836069107e-06,0.0
60,14,43,non_tail,1,0.18215587735176086,0.17883221805095673,0.003323659300804138,0.003323659300804138,0.0,0.0
60,14,46,non_tail,1,0.5648776292800903,0.5717708468437195,-0.00689321756362915,0.0,0.00689321756362915,0.0
60,14,55,non_tail,1,2.3278627395629883,2.3515639305114746,-0.023701190948486328,0.0,0.023701190948486328,0.0
60,14,56,non_tail,1,0.34925246238708496,0.34689509868621826,0.0023573637008666992,0.0023573637008666992,0.0,0.0
60,14,75,non_tail,1,3.5697531700134277,3.5641427040100098,0.005610466003417969,0.005610466003417969,0.0,0.0
60,14,85,tail,1,3.7843680381774902,3.7754733562469482,0.008894681930541992,0.008894681930541992,0.0,0.0
60,14,96,tail,1,1.6347057819366455,1.6182775497436523,0.016428232192993164,0.016428232192993164,0.0,0.0
60,15,0,non_tail,5,0.11253483667969703,0.10854648798704147,0.003988348692655561,0.003988348692655561,0.0,0.0
60,15,2,non_tail,1,0.026439892128109932,0.026229847222566605,0.00021004490554332733,0.00021004490554332733,0.0,0.0
60,15,3,non_tail,3,0.0335912158091863,0.032992525647083916,0.000598690162102386,0.000598690162102386,0.0,0.0
60,15,9,non_tail,1,0.1125887855887413,0.11066987365484238,0.0019189119338989258,0.0019189119338989258,0.0,0.0
60,15,13,non_tail,1,0.7337378263473511,0.7179744243621826,0.015763401985168457,0.015763401985168457,0.0,0.0
60,15,16,non_tail,1,4.221447467803955,4.236420154571533,-0.014972686767578125,0.0,0.014972686767578125,0.0
60,15,19,non_tail,1,0.0026628058403730392,0.0025925380177795887,7.026782259345055e-05,7.026782259345055e-05,0.0,0.0
60,15,53,non_tail,1,0.026363495737314224,0.02633446827530861,2.9027462005615234e-05,2.9027462005615234e-05,0.0,0.0
60,15,57,non_tail,1,0.506971001625061,0.5010801553726196,0.005890846252441406,0.005890846252441406,0.0,0.0
60,15,66,non_tail,1,2.987809658050537,2.989358425140381,-0.00154876708984375,0.0,0.00154876708984375,-100.0
60,15,84,tail,1,4.685892105102539,4.678027629852295,0.00786447525024414,0.00786447525024414,0.0,0.0
60,15,88,tail,1,0.14835594594478607,0.14549951255321503,0.002856433391571045,0.002856433391571045,0.0,0.0
60,16,0,non_tail,1,0.01702374592423439,0.016781000420451164,0.000242745503783226,0.000242745503783226,0.0,0.0
60,16,1,non_tail,1,0.0072230868972837925,0.0070429397746920586,0.00018014712259173393,0.00018014712259173393,0.0,0.0
60,16,2,non_tail,1,0.06420793384313583,0.0637061819434166,0.0005017518997192383,0.0005017518997192383,0.0,0.0
60,16,4,non_tail,2,0.6803956776857376,0.6724932491779327,0.00790242850780487,0.00790242850780487,0.0,0.0
60,16,10,non_tail,3,0.8881636460622152,0.8739120960235596,0.014251550038655636,0.014251550038655636,0.0,0.0
60,16,11,non_tail,2,0.277292862534523,0.27782493084669113,-0.0005320683121681213,0.0,0.0005320683121681213,0.0
60,16,29,non_tail,1,0.000895933189895004,0.0008794969180598855,1.6436271835118532e-05,1.6436271835118532e-05,0.0,0.0
60,16,30,non_tail,1,5.671645164489746,5.689216613769531,-0.017571449279785156,0.0,0.017571449279785156,0.0
60,16,36,non_tail,1,0.20063985884189606,0.19332101941108704,0.007318839430809021,0.007318839430809021,0.0,0.0
60,16,41,non_tail,1,0.038388270884752274,0.038919396698474884,-0.0005311258137226105,0.0,0.0005311258137226105,0.0
60,16,59,non_tail,1,5.437597274780273,5.442847728729248,-0.005250453948974609,0.0,0.005250453948974609,0.0
60,16,74,non_tail,1,0.8004555702209473,0.8139387369155884,-0.013483166694641113,0.0,0.013483166694641113,0.0
60,16,93,tail,1,2.460306167602539,2.402353048324585,0.0579531192779541,0.0579531192779541,0.0,0.0
60,17,1,non_tail,1,0.003633328014984727,0.0035750067327171564,5.8321282267570496e-05,5.8321282267570496e-05,0.0,0.0
60,17,3,non_tail,1,3.0954978466033936,3.0981221199035645,-0.0026242733001708984,0.0,0.0026242733001708984,0.0
60,17,4,non_tail,2,1.542157232761383,1.560245007276535,-0.018087774515151978,0.0,0.018087774515151978,0.0
60,17,5,non_tail,1,1.3514069318771362,1.3595174551010132,-0.008110523223876953,0.0,0.008110523223876953,0.0
60,17,6,non_tail,1,0.0013659204123541713,0.0013616346986964345,4.285713657736778e-06,4.285713657736778e-06,0.0,0.0
60,17,13,non_tail,2,0.3463292121887207,0.34546375274658203,0.0008654594421386719,0.0008654594421386719,0.0,0.0
60,17,18,non_tail,2,1.0029253959655762,0.9989293217658997,0.003996074199676514,0.003996074199676514,0.0,0.0
60,17,23,non_tail,1,0.020776260644197464,0.020612670108675957,0.00016359053552150726,0.00016359053552150726,0.0,0.0
60,17,26,non_tail,1,1.4043290615081787,1.423089623451233,-0.0187605619430542,0.0,0.0187605619430542,0.0
60,17,30,non_tail,1,0.06785988807678223,0.06750906258821487,0.0003508254885673523,0.0003508254885673523,0.0,0.0
60,17,31,non_tail,1,1.8666880130767822,1.859844446182251,0.00684356689453125,0.00684356689453125,0.0,0.0
60,17,33,non_tail,1,5.162818908691406,5.147115230560303,0.015703678131103516,0.015703678131103516,0.0,0.0
60,17,40,non_tail,1,0.013967502862215042,0.014057428576052189,-8.992571383714676e-05,0.0,8.992571383714676e-05,0.0
60,17,80,tail,1,5.325352668762207,5.290091514587402,0.03526115417480469,0.03526115417480469,0.0,0.0
60,20,0,non_tail,1,0.013281564228236675,0.013131801970303059,0.00014976225793361664,0.00014976225793361664,0.0,0.0
60,20,1,non_tail,1,0.01788957417011261,0.016924357041716576,0.0009652171283960342,0.0009652171283960342,0.0,0.0
60,20,3,non_tail,3,0.186316579580307,0.18488814433415732,0.0014284352461496896,0.0014284352461496896,0.0,0.0
60,20,5,non_tail,1,0.007093247026205063,0.007032286375761032,6.096065044403076e-05,6.096065044403076e-05,0.0,0.0
60,20,9,non_tail,1,4.29534387588501,4.251769542694092,0.04357433319091797,0.04357433319091797,0.0,0.0
60,20,11,non_tail,2,0.5537359714508057,0.5555626749992371,-0.0018267035484313965,0.0,0.0018267035484313965,0.0
60,20,15,non_tail,1,0.13274067640304565,0.12922123074531555,0.0035194456577301025,0.0035194456577301025,0.0,0.0
60,20,16,non_tail,2,1.5424943938851357,1.5537622263655066,-0.011267832480370998,0.0,0.011267832480370998,0.0
60,20,21,non_tail,1,0.26831483840942383,0.2679143249988556,0.0004005134105682373,0.0004005134105682373,0.0,0.0
60,20,32,non_tail,1,0.8991501927375793,0.92305588722229,-0.023905694484710693,0.0,0.023905694484710693,0.0
60,20,33,non_tail,1,0.03542215749621391,0.03417239338159561,0.0012497641146183014,0.0012497641146183014,0.0,0.0
60,20,34,non_tail,1,0.2856970727443695,0.2834968864917755,0.002200186252593994,0.002200186252593994,0.0,0.0
60,20,81,tail,1,0.47322240471839905,0.4681150019168854,0.005107402801513672,0.005107402801513672,0.0,0.0
60,20,82,tail,1,2.275580406188965,2.2591423988342285,0.016438007354736328,0.016438007354736328,0.0,0.0
60,20,87,tail,1,0.04843799024820328,0.04683089628815651,0.0016070939600467682,0.0016070939600467682,0.0,0.0
60,21,0,non_tail,1,0.03343181684613228,0.0331147201359272,0.0003170967102050781,0.0003170967102050781,0.0,0.0
60,21,7,non_tail,1,0.2591184973716736,0.2578541934490204,0.0012643039226531982,0.0012643039226531982,0.0,0.0
60,21,10,non_tail,1,0.22852854430675507,0.2248104214668274,0.0037181228399276733,0.0037181228399276733,0.0,0.0
60,21,14,non_tail,4,0.63680713577196,0.6122930427081883,0.024514093063771725,0.024514093063771725,0.0,0.0
60,21,17,non_tail,3,0.02172142267227173,0.02115071068207423,0.0005707119901974984,0.0005707119901974984,0.0,0.0
60,21,19,non_tail,1,1.6358100175857544,1.6376360654830933,-0.0018260478973388672,0.0,0.0018260478973388672,0.0
60,21,23,non_tail,2,0.09577750414609909,0.09747602790594101,-0.001698523759841919,0.0,0.001698523759841919,0.0
60,21,26,non_tail,1,0.11938593536615372,0.1204565241932869,-0.0010705888271331787,0.0,0.0010705888271331787,0.0
60,21,29,non_tail,1,0.5474063754081726,0.571816623210907,-0.024410247802734375,0.0,0.024410247802734375,0.0
60,21,33,non_tail,1,5.769603729248047,5.742635726928711,0.026968002319335938,0.026968002319335938,0.0,0.0
60,21,82,tail,1,3.0356216430664062,3.014549493789673,0.0210721492767334,0.0210721492767334,0.0,0.0
60,24,2,non_tail,1,0.33952927589416504,0.3392077386379242,0.0003215372562408447,0.0003215372562408447,0.0,0.0
60,24,6,non_tail,3,0.2619699612259865,0.2591358373562495,0.002834123869736971,0.002834123869736971,0.0,0.0
60,24,7,non_tail,2,0.20870279520750046,0.20102110505104065,0.007681690156459808,0.007681690156459808,0.0,0.0
60,24,14,non_tail,2,1.092805601656437,1.0797879286110401,0.013017673045396805,0.013017673045396805,0.0,0.0
60,24,15,non_tail,1,0.010989616625010967,0.010541943833231926,0.0004476727917790413,0.0004476727917790413,0.0,0.0
60,24,17,non_tail,1,0.0026104918215423822,0.0025222653057426214,8.822651579976082e-05,8.822651579976082e-05,0.0,0.0
60,24,18,non_tail,1,0.11411813646554947,0.10863104462623596,0.005487091839313507,0.005487091839313507,0.0,0.0
60,24,23,non_tail,1,0.08850899338722229,0.08942446112632751,-0.0009154677391052246,0.0,0.0009154677391052246,0.0
60,24,25,non_tail,1,0.5655918717384338,0.5608807802200317,0.0047110915184021,0.0047110915184021,0.0,0.0
60,24,30,non_tail,1,1.559417486190796,1.5792123079299927,-0.019794821739196777,0.0,0.019794821739196777,0.0
60,24,42,non_tail,1,0.0025070447009056807,0.002466376405209303,4.0668295696377754e-05,4.0668295696377754e-05,0.0,0.0
60,24,43,non_tail,1,1.6766020059585571,1.6666545867919922,0.009947419166564941,0.009947419166564941,0.0,0.0
60,24,98,tail,1,1.1799062490463257,1.185335397720337,-0.0054291486740112305,0.0,0.0054291486740112305,0.0
60,25,3,non_tail,1,0.012967425398528576,0.012660250999033451,0.0003071743994951248,0.0003071743994951248,0.0,0.0
60,25,5,non_tail,2,0.020842745900154114,0.020657138898968697,0.00018560700118541718,0.00018560700118541718,0.0,0.0
60,25,6,non_tail,1,0.0024851649068295956,0.002461144234985113,2.4020671844482422e-05,2.4020671844482422e-05,0.0,0.0
60,25,14,non_tail,1,0.009702902287244797,0.009315832518041134,0.00038706976920366287,0.00038706976920366287,0.0,0.0
60,25,15,non_tail,5,0.23909650146961212,0.2327382482588291,0.00635825321078301,0.00635825321078301,0.0,0.0
60,25,16,non_tail,1,0.002611799631267786,0.0025918246246874332,1.9975006580352783e-05,1.9975006580352783e-05,0.0,0.0
60,25,21,non_tail,3,0.1116041090960304,0.10807605336109798,0.0035280557349324226,0.0035280557349324226,0.0,0.0
60,25,41,non_tail,1,2.573145627975464,2.545417308807373,0.02772831916809082,0.02772831916809082,0.0,0.0
60,25,45,non_tail,1,4.969501972198486,4.976313591003418,-0.006811618804931641,0.0,0.006811618804931641,0.0
60,25,80,tail,1,1.0336318016052246,1.0128905773162842,0.02074122428894043,0.02074122428894043,0.0,0.0
60,25,89,tail,1,1.9859235286712646,1.9537650346755981,0.032158493995666504,0.032158493995666504,0.0,0.0
60,25,99,tail,1,0.43091675639152527,0.4287292957305908,0.0021874606609344482,0.0021874606609344482,0.0,0.0
60,26,0,non_tail,6,0.0528852043983837,0.05207715773334106,0.0008080466650426388,0.0008080466650426388,0.0,0.0
60,26,1,non_tail,1,0.0374249666929245,0.03624910116195679,0.0011758655309677124,0.0011758655309677124,0.0,0.0
60,26,8,non_tail,1,0.003507891669869423,0.003462274558842182,4.561711102724075e-05,4.561711102724075e-05,0.0,0.0
60,26,13,non_tail,2,0.0036844584392383695,0.003621206502430141,6.325193680822849e-05,6.325193680822849e-05,0.0,0.0
60,26,15,non_tail,1,1.3036664724349976,1.2922890186309814,0.011377453804016113,0.011377453804016113,0.0,0.0
60,26,16,non_tail,1,0.0025190545711666346,0.0025009801611304283,1.8074410036206245e-05,1.8074410036206245e-05,0.0,0.0
60,26,20,non_tail,1,0.0010400369064882398,0.0010140759404748678,2.5960966013371944e-05,2.5960966013371944e-05,0.0,0.0
60,26,29,non_tail,1,1.3647780418395996,1.3959139585494995,-0.031135916709899902,0.0,0.031135916709899902,0.0
60,26,37,non_tail,1,1.2996487617492676,1.3075058460235596,-0.007857084274291992,0.0,0.007857084274291992,0.0
60,26,58,non_tail,1,0.00237171514891088,0.0023431722074747086,2.854294143617153e-05,2.854294143617153e-05,0.0,0.0
60,26,80,tail,1,0.10097455978393555,0.10077571868896484,0.00019884109497070312,0.00019884109497070312,0.0,0.0
60,26,88,tail,1,6.1749444007873535,6.10976505279541,0.06517934799194336,0.06517934799194336,0.0,0.0
60,26,91,tail,1,1.548364520072937,1.5316954851150513,0.016669034957885742,0.016669034957885742,0.0,0.0
60,27,0,non_tail,1,0.0013944911770522594,0.001374848885461688,1.9642291590571404e-05,1.9642291590571404e-05,0.0,0.0
60,27,2,non_tail,1,1.0066511631011963,1.0079960823059082,-0.001344919204711914,0.0,0.001344919204711914,0.0
60,27,6,non_tail,1,0.09317624568939209,0.09250430762767792,0.0006719380617141724,0.0006719380617141724,0.0,0.0
60,27,7,non_tail,1,4.408059120178223,4.425962924957275,-0.017903804779052734,0.0,0.017903804779052734,0.0
60,27,81,tail,5,2.7639396667480467,2.7565107345581055,0.007428932189941229,0.007428932189941229,0.0,0.0
60,27,82,tail,4,0.49660047702491283,0.49301134794950485,0.003589129075407982,0.003589129075407982,0.0,0.0
60,27,83,tail,6,1.7362146377563477,1.7275276184082031,0.008687019348144531,0.008687019348144531,0.0,0.0
60,27,84,tail,1,0.7190208435058594,0.7062548398971558,0.012766003608703613,0.012766003608703613,0.0,0.0
60,27,86,tail,6,2.0877968470255532,2.0630531311035156,0.024743715922037612,0.024743715922037612,0.0,0.0
60,27,87,tail,2,0.02703157626092434,0.02662137895822525,0.00041019730269908905,0.00041019730269908905,0.0,0.0
60,27,88,tail,5,0.9621856689453125,0.9374764442443848,0.024709224700927734,0.024709224700927734,0.0,0.0
60,27,93,tail,4,5.988969206809998,5.9952088594436646,-0.006239652633666992,0.0,0.006239652633666992,0.0
60,27,94,tail,5,2.056716537475586,2.04976863861084,0.006947898864746005,0.006947898864746005,0.0,0.0
60,27,95,tail,1,5.015416145324707,5.030468940734863,-0.01505279541015625,0.0,0.01505279541015625,0.0
60,27,98,tail,3,3.420782963434855,3.420037587483724,0.0007453759511308888,0.0007453759511308888,0.0,0.0
60,28,3,non_tail,1,0.043143440037965775,0.042004574090242386,0.0011388659477233887,0.0011388659477233887,0.0,0.0
60,28,5,non_tail,1,0.004961440805345774,0.004945308435708284,1.613236963748932e-05,1.613236963748932e-05,0.0,0.0
60,28,82,tail,4,0.6607733368873596,0.6479849815368652,0.012788355350494385,0.012788355350494385,0.0,0.0
60,28,83,tail,2,3.3132495880126953,3.322540521621704,-0.009290933609008789,0.0,0.009290933609008789,0.0
60,28,84,tail,6,4.492078940073649,4.491641044616699,0.00043789545695016585,0.00043789545695016585,0.0,0.0
60,28,85,tail,2,4.332794666290283,4.297979354858398,0.034815311431884766,0.034815311431884766,0.0,0.0
60,28,86,tail,1,0.005955924745649099,0.005773416254669428,0.00018250849097967148,0.00018250849097967148,0.0,0.0
60,28,87,tail,1,4.352786064147949,4.348525047302246,0.004261016845703125,0.004261016845703125,0.0,0.0
60,28,89,tail,4,3.6370742321014404,3.5946786403656006,0.042395591735839844,0.042395591735839844,0.0,0.0
60,28,90,tail,1,0.04400760307908058,0.043070822954177856,0.0009367801249027252,0.0009367801249027252,0.0,0.0
60,28,91,tail,3,3.222579002380371,3.2023096084594727,0.020269393920898438,0.020269393920898438,0.0,0.0
60,28,92,tail,3,2.4446159998575845,2.4297693570454917,0.014846642812092803,0.014846642812092803,0.0,0.0
60,28,93,tail,1,7.070890426635742,7.063514232635498,0.007376194000244141,0.007376194000244141,0.0,0.0
60,28,96,tail,3,2.5345033009847007,2.509680430094401,0.024822870890299775,0.024822870890299775,0.0,0.0
60,28,97,tail,1,4.344099044799805,4.321795463562012,0.02230358123779297,0.02230358123779297,0.0,0.0
60,28,98,tail,1,3.1856472492218018,3.1871399879455566,-0.0014927387237548828,0.0,0.0014927387237548828,0.0
60,28,99,tail,4,3.0896682739257812,3.088057518005371,0.0016107559204101562,0.0016107559204101562,0.0,0.0
60,29,1,non_tail,1,0.06588223576545715,0.06454271078109741,0.0013395249843597412,0.0013395249843597412,0.0,0.0
60,29,4,non_tail,1,1.751521110534668,1.7729463577270508,-0.021425247192382812,0.0,0.021425247192382812,0.0
60,29,8,non_tail,1,2.367807388305664,2.3621134757995605,0.005693912506103516,0.005693912506103516,0.0,0.0
60,29,9,non_tail,1,0.01947835274040699,0.018873512744903564,0.0006048399955034256,0.0006048399955034256,0.0,0.0
60,29,10,non_tail,1,0.2790463864803314,0.27627286314964294,0.0027735233306884766,0.0027735233306884766,0.0,0.0
60,29,80,tail,8,3.3567380905151367,3.3336775302886963,0.02306056022644043,0.02306056022644043,0.0,0.0
60,29,81,tail,4,2.6636154651641846,2.6545093059539795,0.009106159210205078,0.009106159210205078,0.0,0.0
60,29,84,tail,1,9.196968078613281,9.178863525390625,0.01810455322265625,0.01810455322265625,0.0,0.0
60,29,85,tail,5,0.06672986447811127,0.06558950543403626,0.001140359044075015,0.001140359044075015,0.0,0.0
60,29,87,tail,3,4.175685564676921,4.163927396138509,0.01175816853841205,0.01175816853841205,0.0,0.0
60,29,88,tail,1,1.5626449584960938,1.5349441766738892,0.02770078182220459,0.02770078182220459,0.0,0.0
60,29,89,tail,1,1.6481350660324097,1.6084132194519043,0.03972184658050537,0.03972184658050537,0.0,0.0
60,29,90,tail,4,0.2868054695427418,0.2807442173361778,0.00606125220656395,0.00606125220656395,0.0,0.0
60,29,91,tail,2,1.5957682132720947,1.581780195236206,0.013988018035888672,0.013988018035888672,0.0,0.0
60,29,92,tail,2,2.5090324878692627,2.486950635910034,0.022081851959228516,0.022081851959228516,0.0,0.0
60,29,95,tail,4,1.4096733927726746,1.4015439748764038,0.008129417896270752,0.008129417896270752,0.0,0.0
60,29,96,tail,1,0.060652222484350204,0.05943900719285011,0.0012132152915000916,0.0012132152915000916,0.0,0.0
60,29,97,tail,3,4.322675069173177,4.334434509277344,-0.011759440104166963,0.0,0.011759440104166963,0.0
70,0,0,non_tail,1,0.003018468152731657,0.0029755623545497656,4.290579818189144e-05,4.290579818189144e-05,0.0,0.0
70,0,2,non_tail,5,0.2663671687245369,0.2716179296374321,-0.005250760912895169,0.0,0.005250760912895169,0.0
70,0,4,non_tail,1,0.9825367331504822,0.9868768453598022,-0.004340112209320068,0.0,0.004340112209320068,0.0
70,0,5,non_tail,1,0.11138368397951126,0.10940251499414444,0.0019811689853668213,0.0019811689853668213,0.0,0.0
70,0,8,non_tail,1,0.00020787939138244838,0.00020585325546562672,2.0261359168216586e-06,2.0261359168216586e-06,0.0,0.0
70,0,15,non_tail,1,0.0007059465860947967,0.0006859333370812237,2.001324901357293e-05,2.001324901357293e-05,0.0,0.0
70,0,37,non_tail,1,0.006390493828803301,0.0063256993889808655,6.479443982243538e-05,6.479443982243538e-05,0.0,0.0
70,0,55,non_tail,1,0.5655191540718079,0.5774471163749695,-0.011927962303161621,0.0,0.011927962303161621,0.0
70,0,60,non_tail,1,1.0779216289520264,1.0476912260055542,0.030230402946472168,0.030230402946472168,0.0,0.0
70,0,66,non_tail,1,0.015484349802136421,0.014882256276905537,0.0006020935252308846,0.0006020935252308846,0.0,0.0
70,0,69,non_tail,1,1.3468754291534424,1.3517636060714722,-0.004888176918029785,0.0,0.004888176918029785,0.0
70,0,74,non_tail,1,4.327765464782715,4.366171360015869,-0.0384058952331543,0.0,0.0384058952331543,0.0
70,0,81,tail,1,6.082304954528809,6.063828468322754,0.018476486206054688,0.018476486206054688,0.0,0.0
70,0,83,tail,1,0.8887909054756165,0.899212658405304,-0.0104217529296875,0.0,0.0104217529296875,0.0
70,1,0,non_tail,3,0.0026481166520776847,0.0026407588447909802,7.3578072867044354e-06,7.3578072867044354e-06,0.0,0.0
70,1,1,non_tail,1,0.03471290320158005,0.032827746123075485,0.0018851570785045624,0.0018851570785045624,0.0,0.0
70,1,7,non_tail,6,0.6918814977010092,0.683341920375824,0.008539577325185177,0.008539577325185177,0.0,0.0
70,1,24,non_tail,1,0.9570353031158447,0.9591069221496582,-0.0020716190338134766,0.0,0.0020716190338134766,0.0
70,1,28,non_tail,1,0.004422645550221205,0.0043901256285607815,3.251992166042328e-05,3.251992166042328e-05,0.0,0.0
70,1,30,non_tail,1,0.2035807967185974,0.1949695497751236,0.008611246943473816,0.008611246943473816,0.0,0.0
70,1,46,non_tail,1,1.19082510471344,1.1906863451004028,0.00013875961303710938,0.00013875961303710938,0.0,0.0
70,1,53,non_tail,2,0.3712848499417305,0.3732782080769539,-0.0019933581352233887,0.0,0.0019933581352233887,0.0
70,1,86,tail,1,3.3350236415863037,3.2836408615112305,0.05138278007507324,0.05138278007507324,0.0,0.0
70,2,0,non_tail,1,0.0006524579366669059,0.0006441186997108161,8.339236956089735e-06,8.339236956089735e-06,0.0,0.0
70,2,3,non_tail,2,0.9826115369796753,0.9723206162452698,0.010290920734405518,0.010290920734405518,0.0,0.0
70,2,5,non_tail,4,0.11794151316280477,0.11805386806372553,-0.00011235490092076361,0.0,0.00011235490092076361,0.0
70,2,6,non_tail,2,0.008567468263208866,0.008358284831047058,0.00020918343216180801,0.00020918343216180801,0.0,0.0
70,2,10,non_tail,2,1.673580527305603,1.6666948795318604,0.006885647773742676,0.006885647773742676,0.0,0.0
70,2,16,non_tail,1,2.5452847480773926,2.551419258117676,-0.006134510040283203,0.0,0.006134510040283203,0.0
70,2,22,non_tail,2,1.13489830493927,1.147606611251831,-0.012708306312561035,0.0,0.012708306312561035,0.0
70,2,42,non_tail,1,3.822188377380371,3.86875057220459,-0.04656219482421875,0.0,0.04656219482421875,0.0
70,2,77,non_tail,1,5.827199935913086,5.838973522186279,-0.01177358627319336,0.0,0.01177358627319336,0.0
70,2,82,tail,1,0.023725654929876328,0.02413988672196865,-0.0004142317920923233,0.0,0.0004142317920923233,0.0
70,2,91,tail,1,0.4790388345718384,0.4625318646430969,0.016506969928741455,0.016506969928741455,0.0,0.0
70,2,95,tail,1,4.42436408996582,4.454983234405518,-0.030619144439697266,0.0,0.030619144439697266,0.0
70,3,2,non_tail,1,2.2563068866729736,2.2723331451416016,-0.01602625846862793,0.0,0.01602625846862793,0.0
70,3,3,non_tail,1,0.04890727624297142,0.04624033346772194,0.002666942775249481,0.002666942775249481,0.0,0.0
70,3,6,non_tail,4,0.17091700760647655,0.16867100400850177,0.0022460035979747772,0.0022460035979747772,0.0,0.0
70,3,12,non_tail,3,0.5870315482219061,0.5964069863160452,-0.009375438094139099,0.0,0.009375438094139099,0.0
70,3,14,non_tail,1,0.0031298245303332806,0.003148600459098816,-1.8775928765535355e-05,0.0,1.8775928765535355e-05,0.0
70,3,20,non_tail,1,0.0003178806509822607,0.0003159739135298878,1.9067374523729086e-06,1.9067374523729086e-06,0.0,0.0
70,3,31,non_tail,1,0.007685615215450525,0.007601029239594936,8.458597585558891e-05,8.458597585558891e-05,0.0,0.0
70,3,36,non_tail,1,0.08311614394187927,0.08022737503051758,0.0028887689113616943,0.0028887689113616943,0.0,0.0
70,3,45,non_tail,1,0.33545058965682983,0.33030861616134644,0.0051419734954833984,0.0051419734954833984,0.0,0.0
70,3,77,non_tail,1,3.894591808319092,3.9381179809570312,-0.04352617263793945,0.0,0.04352617263793945,0.0
70,3,79,non_tail,1,8.032632827758789,8.038639068603516,-0.0060062408447265625,0.0,0.0060062408447265625,0.0
70,3,90,tail,1,0.09989605844020844,0.09939376264810562,0.0005022957921028137,0.0005022957921028137,0.0,0.0
70,3,94,tail,1,0.0035276107955724,0.003480806713923812,4.680408164858818e-05,4.680408164858818e-05,0.0,0.0
70,4,1,non_tail,2,0.022717691492289305,0.021600184496492147,0.0011175069957971573,0.0011175069957971573,0.0,0.0
70,4,2,non_tail,1,0.9167695045471191,0.9301798939704895,-0.013410389423370361,0.0,0.013410389423370361,0.0
70,4,3,non_tail,1,3.758657932281494,3.724905014038086,0.0337529182434082,0.0337529182434082,0.0,0.0
70,4,4,non_tail,2,0.3812652826309204,0.3804219365119934,0.000843346118927002,0.000843346118927002,0.0,0.0
70,4,5,non_tail,1,0.0019401551689952612,0.0019262346904724836,1.3920478522777557e-05,1.3920478522777557e-05,0.0,0.0
70,4,9,non_tail,1,0.01848541386425495,0.017953038215637207,0.0005323756486177444,0.0005323756486177444,0.0,0.0
70,4,11,non_tail,2,0.19257131218910217,0.1865348480641842,0.006036464124917984,0.006036464124917984,0.0,0.0
70,4,17,non_tail,1,0.01548622827976942,0.015073091723024845,0.0004131365567445755,0.0004131365567445755,0.0,0.0
70,4,20,non_tail,2,0.0007232344360090792,0.0007205547881312668,2.6796478778123856e-06,2.6796478778123856e-06,0.0,0.0
70,4,24,non_tail,1,0.14089086651802063,0.14160920679569244,-0.000718340277671814,0.0,0.000718340277671814,0.0
70,4,46,non_tail,1,0.667198657989502,0.6631661653518677,0.004032492637634277,0.004032492637634277,0.0,0.0
70,4,65,non_tail,1,5.1089558601379395,5.099029541015625,0.009926319122314453,0.009926319122314453,0.0,0.0
70,4,92,tail,1,5.305412769317627,5.304473876953125,0.0009388923645019531,0.0009388923645019531,0.0,0.0
70,4,97,tail,1,4.394124984741211,4.310361862182617,0.08376312255859375,0.08376312255859375,0.0,0.0
70,6,1,non_tail,1,0.03858362138271332,0.038190361112356186,0.00039326027035713196,0.00039326027035713196,0.0,0.0
70,6,2,non_tail,2,0.4097178876399994,0.4112095236778259,-0.001491636037826538,0.0,0.001491636037826538,0.0
70,6,7,non_tail,3,0.5615390315651894,0.555696797867616,0.005842233697573307,0.005842233697573307,0.0,0.0
70,6,12,non_tail,3,0.05061486301322778,0.05082483682781458,-0.00020997381458679604,0.0,0.00020997381458679604,0.0
70,6,18,non_tail,1,0.07210566103458405,0.07127045094966888,0.0008352100849151611,0.0008352100849151611,0.0,0.0
70,6,23,non_tail,2,0.28316104924306273,0.2835884359665215,-0.00042738672345876694,0.0,0.00042738672345876694,0.0
70,6,32,non_tail,1,1.2941714525222778,1.3475453853607178,-0.05337393283843994,0.0,0.05337393283843994,0.0
70,6,38,non_tail,1,1.4423969984054565,1.4374158382415771,0.0049811601638793945,0.0049811601638793945,0.0,0.0
70,6,54,non_tail,1,0.14106252789497375,0.14163289964199066,-0.0005703717470169067,0.0,0.0005703717470169067,0.0
70,6,70,non_tail,1,0.012126060202717781,0.01216150913387537,-3.544893115758896e-05,0.0,3.544893115758896e-05,0.0
70,6,84,tail,1,3.419912576675415,3.4080119132995605,0.011900663375854492,0.011900663375854492,0.0,0.0
70,8,4,non_tail,1,0.08969476819038391,0.08668319880962372,0.003011569380760193,0.003011569380760193,0.0,0.0
70,8,5,non_tail,1,0.0008931938209570944,0.000873065204359591,2.0128616597503424e-05,2.0128616597503424e-05,0.0,0.0
70,8,6,non_tail,2,0.013352100970223546,0.013182718073949218,0.00016938289627432823,0.00016938289627432823,0.0,0.0
70,8,7,non_tail,1,0.003348816651850939,0.003267546882852912,8.126976899802685e-05,8.126976899802685e-05,0.0,0.0
70,8,15,non_tail,1,0.013764463365077972,0.012393838725984097,0.0013706246390938759,0.0013706246390938759,0.0,0.0
70,8,17,non_tail,1,0.06503387540578842,0.06510145217180252,-6.757676601409912e-05,0.0,6.757676601409912e-05,0.0
70,8,21,non_tail,1,0.001311514643020928,0.001292823115363717,1.8691527657210827e-05,1.8691527657210827e-05,0.0,0.0
70,8,26,non_tail,3,2.7015603383382163,2.7281494140625,-0.026589075724283706,0.0,0.026589075724283706,0.0
70,8,38,non_tail,1,0.0002618685248307884,0.0002562671434134245,5.601381417363882e-06,5.601381417363882e-06,0.0,0.0
70,8,46,non_tail,1,0.26289767026901245,0.25890228152275085,0.003995388746261597,0.003995388746261597,0.0,0.0
70,8,57,non_tail,1,0.15200431644916534,0.15210434794425964,-0.00010003149509429932,0.0,0.00010003149509429932,0.0
70,8,58,non_tail,1,1.0586843490600586,1.0822219848632812,-0.023537635803222656,0.0,0.023537635803222656,0.0
70,8,62,non_tail,1,3.347113609313965,3.366729974746704,-0.019616365432739258,0.0,0.019616365432739258,0.0
70,8,83,tail,1,1.8760558366775513,1.8804610967636108,-0.00440526008605957,0.0,0.00440526008605957,0.0
70,9,1,non_tail,1,0.05533165857195854,0.05455083027482033,0.0007808282971382141,0.0007808282971382141,0.0,0.0
70,9,2,non_tail,1,0.039189957082271576,0.04008582979440689,-0.0008958727121353149,0.0,0.0008958727121353149,0.0
70,9,4,non_tail,2,1.4494920074939728,1.4637176096439362,-0.014225602149963379,0.0,0.014225602149963379,0.0
70,9,6,non_tail,1,0.0031575129833072424,0.003108908887952566,4.860409535467625e-05,4.860409535467625e-05,0.0,0.0
70,9,7,non_tail,1,0.10741335153579712,0.10632815957069397,0.0010851919651031494,0.0010851919651031494,0.0,0.0
70,9,13,non_tail,1,0.005502909887582064,0.005471610929816961,3.1298957765102386e-05,3.1298957765102386e-05,0.0,0.0
70,9,14,non_tail,4,0.2900449512526393,0.28777211159467697,0.0022728396579623222,0.0022728396579623222,0.0,0.0
70,9,17,non_tail,1,0.002630704315379262,0.0026087083388119936,2.199597656726837e-05,2.199597656726837e-05,0.0,0.0
70,9,35,non_tail,1,0.04930031672120094,0.04897448047995567,0.0003258362412452698,0.0003258362412452698,0.0,0.0
70,9,52,non_tail,1,1.4369866847991943,1.4321295022964478,0.004857182502746582,0.004857182502746582,0.0,0.0
70,9,67,non_tail,1,0.6131272912025452,0.6275291442871094,-0.014401853084564209,0.0,0.014401853084564209,0.0
70,9,79,non_tail,1,3.0929770469665527,3.1008193492889404,-0.007842302322387695,0.0,0.007842302322387695,0.0
70,9,86,tail,1,0.44692397117614746,0.4194923937320709,0.027431577444076538,0.027431577444076538,0.0,0.0
70,9,89,tail,1,5.934099197387695,5.870926856994629,0.0631723403930664,0.0631723403930664,0.0,0.0
70,12,0,non_tail,1,0.00022456508304458112,0.0002227773511549458,1.7877318896353245e-06,1.7877318896353245e-06,0.0,0.0
70,12,1,non_tail,2,0.8286203071475029,0.8275903984904289,0.0010299086570739746,0.0010299086570739746,0.0,0.0
70,12,3,non_tail,1,0.017031129449605942,0.016573725268244743,0.0004574041813611984,0.0004574041813611984,0.0,0.0
70,12,10,non_tail,1,0.0013430631952360272,0.0013328249333426356,1.023826189339161e-05,1.023826189339161e-05,0.0,0.0
70,12,12,non_tail,1,0.020985353738069534,0.02126815915107727,-0.0002828054130077362,0.0,0.0002828054130077362,0.0
70,12,13,non_tail,2,0.09591805678792298,0.09387773065827787,0.002040326129645109,0.002040326129645109,0.0,0.0
70,12,17,non_tail,1,0.004545119125396013,0.004354518838226795,0.00019060028716921806,0.00019060028716921806,0.0,0.0
70,12,26,non_tail,1,0.04617670550942421,0.047114450484514236,-0.0009377449750900269,0.0,0.0009377449750900269,0.0
70,12,27,non_tail,2,1.2942139953374863,1.3340818732976913,-0.03986787796020508,0.0,0.03986787796020508,0.0
70,12,28,non_tail,1,0.035056889057159424,0.03524437174201012,-0.00018748268485069275,0.0,0.00018748268485069275,0.0
70,12,38,non_tail,1,0.208851620554924,0.20459499955177307,0.00425662100315094,0.00425662100315094,0.0,0.0
70,12,41,non_tail,1,0.0272314865142107,0.0271072369068861,0.00012424960732460022,0.00012424960732460022,0.0,0.0
70,12,59,non_tail,1,1.1769791841506958,1.1790730953216553,-0.0020939111709594727,0.0,0.0020939111709594727,0.0
70,12,85,tail,1,0.8563164472579956,0.808865487575531,0.0474509596824646,0.0474509596824646,0.0,0.0
70,12,90,tail,1,3.399149179458618,3.385345458984375,0.013803720474243164,0.013803720474243164,0.0,0.0
70,13,4,non_tail,3,0.2589978774388631,0.2541373570760091,0.004860520362854004,0.004860520362854004,0.0,0.0
70,13,6,non_tail,1,0.004522453062236309,0.004272262565791607,0.00025019049644470215,0.00025019049644470215,0.0,0.0
70,13,8,non_tail,2,0.0020591935608536005,0.0019999730866402388,5.922047421336174e-05,5.922047421336174e-05,0.0,0.0
70,13,11,non_tail,1,0.028804577887058258,0.02889769710600376,-9.311921894550323e-05,0.0,9.311921894550323e-05,0.0
70,13,25,non_tail,2,0.025403126142919064,0.025014023296535015,0.00038910284638404846,0.00038910284638404846,0.0,0.0
70,13,26,non_tail,3,0.4842986303071181,0.490876463552316,-0.006577833245197895,0.0,0.006577833245197895,0.0
70,13,28,non_tail,1,2.055784225463867,2.0634632110595703,-0.007678985595703125,0.0,0.007678985595703125,0.0
70,13,40,non_tail,1,0.10531829297542572,0.10471340268850327,0.0006048902869224548,0.0006048902869224548,0.0,0.0
70,13,58,non_tail,1,0.08367305994033813,0.08335362374782562,0.0003194361925125122,0.0003194361925125122,0.0,0.0
70,13,68,non_tail,1,0.1245575100183487,0.126507967710495,-0.0019504576921463013,0.0,0.0019504576921463013,0.0
70,13,87,tail,1,0.0542198084294796,0.05312967300415039,0.0010901354253292084,0.0010901354253292084,0.0,0.0
70,14,1,non_tail,1,0.01278595719486475,0.01231424231082201,0.00047171488404273987,0.00047171488404273987,0.0,0.0
70,14,4,non_tail,1,0.30819636583328247,0.30300381779670715,0.005192548036575317,0.005192548036575317,0.0,0.0
70,14,11,non_tail,1,0.012637297622859478,0.012480492703616619,0.0001568049192428589,0.0001568049192428589,0.0,0.0
70,14,14,non_tail,2,0.3036837759427726,0.29685335140675306,0.006830424536019564,0.006830424536019564,0.0,0.0
70,14,17,non_tail,1,1.3465313911437988,1.3426332473754883,0.003898143768310547,0.003898143768310547,0.0,0.0
70,14,21,non_tail,2,0.0034178122878074646,0.003361423732712865,5.6388555094599724e-05,5.6388555094599724e-05,0.0,0.0
70,14,28,non_tail,2,0.38627901673316956,0.3876042515039444,-0.0013252347707748413,0.0,0.0013252347707748413,0.0
70,14,32,non_tail,1,0.001961690140888095,0.0019758481066673994,-1.4157965779304504e-05,0.0,1.4157965779304504e-05,0.0
70,14,43,non_tail,1,0.17992033064365387,0.17070579528808594,0.009214535355567932,0.009214535355567932,0.0,0.0
70,14,46,non_tail,1,0.4948580861091614,0.4927142858505249,0.0021438002586364746,0.0021438002586364746,0.0,0.0
70,14,55,non_tail,1,2.320977210998535,2.3334522247314453,-0.012475013732910156,0.0,0.012475013732910156,0.0
70,14,56,non_tail,1,0.3556772768497467,0.34647461771965027,0.009202659130096436,0.009202659130096436,0.0,0.0
70,14,75,non_tail,1,3.476820468902588,3.4545154571533203,0.022305011749267578,0.022305011749267578,0.0,0.0
70,14,85,tail,1,3.908144950866699,3.890716791152954,0.017428159713745117,0.017428159713745117,0.0,0.0
70,14,96,tail,1,1.6684019565582275,1.6284589767456055,0.03994297981262207,0.03994297981262207,0.0,0.0
70,15,0,non_tail,5,0.11044182628393173,0.10682409405708312,0.003617732226848608,0.003617732226848608,0.0,0.0
70,15,2,non_tail,1,0.025651386007666588,0.026887236163020134,-0.0012358501553535461,0.0,0.0012358501553535461,0.0
70,15,3,non_tail,3,0.03138245021303495,0.030174627900123596,0.0012078223129113538,0.0012078223129113538,0.0,0.0
70,15,9,non_tail,1,0.10455472022294998,0.10389317572116852,0.0006615445017814636,0.0006615445017814636,0.0,0.0
70,15,13,non_tail,1,0.672701358795166,0.664203405380249,0.008497953414916992,0.008497953414916992,0.0,0.0
70,15,16,non_tail,1,4.203869342803955,4.158504009246826,0.045365333557128906,0.045365333557128906,0.0,0.0
70,15,19,non_tail,1,0.002629753202199936,0.0025939648039638996,3.57883982360363e-05,3.57883982360363e-05,0.0,0.0
70,15,53,non_tail,1,0.02530449815094471,0.02546081691980362,-0.0001563187688589096,0.0,0.0001563187688589096,0.0
70,15,57,non_tail,1,0.5118817090988159,0.5102960467338562,0.0015856623649597168,0.0015856623649597168,0.0,0.0
70,15,66,non_tail,1,2.9580085277557373,2.9586024284362793,-0.0005939006805419922,0.0,0.0005939006805419922,-100.0
70,15,84,tail,1,4.699052810668945,4.6827216148376465,0.016331195831298828,0.016331195831298828,0.0,0.0
70,15,88,tail,1,0.14436553418636322,0.14413334429264069,0.00023218989372253418,0.00023218989372253418,0.0,0.0
70,16,0,non_tail,1,0.01655508205294609,0.01615048013627529,0.00040460191667079926,0.00040460191667079926,0.0,0.0
70,16,1,non_tail,1,0.006840146612375975,0.006596219725906849,0.00024392688646912575,0.00024392688646912575,0.0,0.0
70,16,2,non_tail,1,0.06133849918842316,0.06317262351512909,-0.0018341243267059326,0.0,0.0018341243267059326,0.0
70,16,4,non_tail,2,0.651449803262949,0.6491006575524807,0.0023491457104682922,0.0023491457104682922,0.0,0.0
70,16,10,non_tail,3,0.8447056611378988,0.8334242502848307,0.011281410853068108,0.011281410853068108,0.0,0.0
70,16,11,non_tail,2,0.2752001937478781,0.2706546690315008,0.004545524716377258,0.004545524716377258,0.0,0.0
70,16,29,non_tail,1,0.0008743754005990922,0.0008669908274896443,7.384573109447956e-06,7.384573109447956e-06,0.0,0.0
70,16,30,non_tail,1,5.4938859939575195,5.471452236175537,0.022433757781982422,0.022433757781982422,0.0,0.0
70,16,36,non_tail,1,0.19391508400440216,0.18665824830532074,0.007256835699081421,0.007256835699081421,0.0,0.0
70,16,41,non_tail,1,0.05020691081881523,0.04966200888156891,0.0005449019372463226,0.0005449019372463226,0.0,0.0
70,16,59,non_tail,1,5.507020473480225,5.510566711425781,-0.0035462379455566406,0.0,0.0035462379455566406,0.0
70,16,74,non_tail,1,0.8338618278503418,0.8533145189285278,-0.019452691078186035,0.0,0.019452691078186035,0.0
70,16,93,tail,1,2.3865482807159424,2.3080925941467285,0.07845568656921387,0.07845568656921387,0.0,0.0
70,17,1,non_tail,1,0.00339633971452713,0.003321608528494835,7.473118603229523e-05,7.473118603229523e-05,0.0,0.0
70,17,3,non_tail,1,3.1237614154815674,3.091413736343384,0.032347679138183594,0.032347679138183594,0.0,0.0
70,17,4,non_tail,2,1.513099044561386,1.5800612568855286,-0.06696221232414246,0.0,0.06696221232414246,0.0
70,17,5,non_tail,1,1.255192756652832,1.2562886476516724,-0.001095890998840332,0.0,0.001095890998840332,0.0
70,17,6,non_tail,1,0.0012482955353334546,0.0012453190283849835,2.9765069484710693e-06,2.9765069484710693e-06,0.0,0.0
70,17,13,non_tail,2,0.3439904451370239,0.3386743664741516,0.0053160786628723145,0.0053160786628723145,0.0,0.0
70,17,18,non_tail,2,0.9281876087188721,0.9247263669967651,0.0034612417221069336,0.0034612417221069336,0.0,0.0
70,17,23,non_tail,1,0.019102418795228004,0.019202057272195816,-9.963847696781158e-05,0.0,9.963847696781158e-05,0.0
70,17,26,non_tail,1,1.370660662651062,1.4004086256027222,-0.029747962951660156,0.0,0.029747962951660156,0.0
70,17,30,non_tail,1,0.0677424743771553,0.06719958037137985,0.0005428940057754517,0.0005428940057754517,0.0,0.0
70,17,31,non_tail,1,1.8565363883972168,1.8781224489212036,-0.021586060523986816,0.0,0.021586060523986816,0.0
70,17,33,non_tail,1,5.030054092407227,4.999027252197266,0.031026840209960938,0.031026840209960938,0.0,0.0
70,17,40,non_tail,1,0.01361512579023838,0.013691090978682041,-7.596518844366074e-05,0.0,7.596518844366074e-05,0.0
70,17,80,tail,1,5.315234184265137,5.277157783508301,0.03807640075683594,0.03807640075683594,0.0,0.0
70,20,0,non_tail,1,0.012532645836472511,0.012536413036286831,-3.7671998143196106e-06,0.0,3.7671998143196106e-06,0.0
70,20,1,non_tail,1,0.016721799969673157,0.015543623827397823,0.0011781761422753334,0.0011781761422753334,0.0,0.0
70,20,3,non_tail,3,0.19093114137649536,0.180830587943395,0.010100553433100373,0.010100553433100373,0.0,0.0
70,20,5,non_tail,1,0.00700600678101182,0.006931308191269636,7.469858974218369e-05,7.469858974218369e-05,0.0,0.0
70,20,9,non_tail,1,4.310165882110596,4.26819372177124,0.04197216033935547,0.04197216033935547,0.0,0.0
70,20,11,non_tail,2,0.5466808080673218,0.5256638526916504,0.021016955375671387,0.021016955375671387,0.0,0.0
70,20,15,non_tail,1,0.11580166965723038,0.11290232092142105,0.002899348735809326,0.002899348735809326,0.0,0.0
70,20,16,non_tail,2,1.5275397207587957,1.5279282415285707,-0.0003885207697749138,0.0,0.0003885207697749138,0.0
70,20,21,non_tail,1,0.2457374632358551,0.24740035831928253,-0.0016628950834274292,0.0,0.0016628950834274292,0.0
70,20,32,non_tail,1,0.7975730299949646,0.8342586755752563,-0.03668564558029175,0.0,0.03668564558029175,0.0
70,20,33,non_tail,1,0.031097358092665672,0.030673859640955925,0.0004234984517097473,0.0004234984517097473,0.0,0.0
70,20,34,non_tail,1,0.31175997853279114,0.30370062589645386,0.00805935263633728,0.00805935263633728,0.0,0.0
70,20,81,tail,1,0.4919300973415375,0.48310238122940063,0.00882771611213684,0.00882771611213684,0.0,0.0
70,20,82,tail,1,2.2563719749450684,2.276747226715088,-0.02037525177001953,0.0,0.02037525177001953,0.0
70,20,87,tail,1,0.04125090315937996,0.04014778509736061,0.0011031180620193481,0.0011031180620193481,0.0,0.0
70,21,0,non_tail,1,0.03238559141755104,0.03205673396587372,0.0003288574516773224,0.0003288574516773224,0.0,0.0
70,21,7,non_tail,1,0.2432968020439148,0.23902148008346558,0.004275321960449219,0.004275321960449219,0.0,0.0
70,21,10,non_tail,1,0.2255421131849289,0.2247963398694992,0.0007457733154296875,0.0007457733154296875,0.0,0.0
70,21,14,non_tail,4,0.6301735788583755,0.6095593948848546,0.020614183973520994,0.020614183973520994,0.0,0.0
70,21,17,non_tail,3,0.020534075796604156,0.020014842351277668,0.0005192334453264884,0.0005192334453264884,0.0,0.0
70,21,19,non_tail,1,1.7577413320541382,1.7528200149536133,0.004921317100524902,0.004921317100524902,0.0,0.0
70,21,23,non_tail,2,0.09307128936052322,0.09467130899429321,-0.001600019633769989,0.0,0.001600019633769989,0.0
70,21,26,non_tail,1,0.11046218127012253,0.11250495165586472,-0.0020427703857421875,0.0,0.0020427703857421875,0.0
70,21,29,non_tail,1,0.5335577130317688,0.5606942176818848,-0.027136504650115967,0.0,0.027136504650115967,0.0
70,21,33,non_tail,1,5.727180004119873,5.703320026397705,0.02385997772216797,0.02385997772216797,0.0,0.0
70,21,82,tail,1,3.0431628227233887,3.043519973754883,-0.0003571510314941406,0.0,0.0003571510314941406,0.0
70,24,2,non_tail,1,0.3365148901939392,0.344302237033844,-0.007787346839904785,0.0,0.007787346839904785,0.0
70,24,6,non_tail,3,0.25859412054220837,0.24870401124159494,0.009890109300613431,0.009890109300613431,0.0,0.0
70,24,7,non_tail,2,0.20776601135730743,0.1970401406288147,0.010725870728492737,0.010725870728492737,0.0,0.0
70,24,14,non_tail,2,1.053385779261589,1.0453468039631844,0.008038975298404694,0.008038975298404694,0.0,0.0
70,24,15,non_tail,1,0.010511510074138641,0.010322161950170994,0.00018934812396764755,0.00018934812396764755,0.0,0.0
70,24,17,non_tail,1,0.0024405713193118572,0.0023417449556291103,9.882636368274689e-05,9.882636368274689e-05,0.0,0.0
70,24,18,non_tail,1,0.10942912846803665,0.10294591635465622,0.006483212113380432,0.006483212113380432,0.0,0.0
70,24,23,non_tail,1,0.08283812552690506,0.084618479013443,-0.0017803534865379333,0.0,0.0017803534865379333,0.0
70,24,25,non_tail,1,0.5711188316345215,0.5629591941833496,0.008159637451171875,0.008159637451171875,0.0,0.0
70,24,30,non_tail,1,1.4399244785308838,1.467707633972168,-0.02778315544128418,0.0,0.02778315544128418,0.0
70,24,42,non_tail,1,0.002061862498521805,0.0020158225670456886,4.603993147611618e-05,4.603993147611618e-05,0.0,0.0
70,24,43,non_tail,1,1.6937613487243652,1.6711363792419434,0.022624969482421875,0.022624969482421875,0.0,0.0
70,24,98,tail,1,1.1391959190368652,1.1401798725128174,-0.0009839534759521484,0.0,0.0009839534759521484,0.0
70,25,3,non_tail,1,0.011693034321069717,0.011244733817875385,0.0004483005031943321,0.0004483005031943321,0.0,0.0
70,25,5,non_tail,2,0.022152629680931568,0.021955205127596855,0.00019742455333471298,0.00019742455333471298,0.0,0.0
70,25,6,non_tail,1,0.002256944077089429,0.0022220939863473177,3.4850090742111206e-05,3.4850090742111206e-05,0.0,0.0
70,25,14,non_tail,1,0.009528868831694126,0.009282526560127735,0.000246342271566391,0.000246342271566391,0.0,0.0
70,25,15,non_tail,5,0.225361967086792,0.21872297525405884,0.006638991832733143,0.006638991832733143,0.0,0.0
70,25,16,non_tail,1,0.0024436633102595806,0.002449490362778306,-5.827052518725395e-06,0.0,5.827052518725395e-06,0.0
70,25,21,non_tail,3,0.10615317585567634,0.10133346728980541,0.0048197085658709254,0.0048197085658709254,0.0,0.0
70,25,41,non_tail,1,2.5073800086975098,2.475696086883545,0.031683921813964844,0.031683921813964844,0.0,0.0
70,25,45,non_tail,1,4.996025085449219,5.006938457489014,-0.010913372039794922,0.0,0.010913372039794922,0.0
70,25,80,tail,1,1.040755033493042,1.0344047546386719,0.006350278854370117,0.006350278854370117,0.0,0.0
70,25,89,tail,1,1.9684566259384155,1.9537533521652222,0.01470327377319336,0.01470327377319336,0.0,0.0
70,25,99,tail,1,0.4635343551635742,0.4664350748062134,-0.00290071964263916,0.0,0.00290071964263916,0.0
70,26,0,non_tail,6,0.05101809666181604,0.05055070008772115,0.00046739657409489155,0.00046739657409489155,0.0,0.0
70,26,1,non_tail,1,0.03573507443070412,0.03421271592378616,0.0015223585069179535,0.0015223585069179535,0.0,0.0
70,26,8,non_tail,1,0.0031540668569505215,0.0031677326187491417,-1.3665761798620224e-05,0.0,1.3665761798620224e-05,0.0
70,26,13,non_tail,2,0.003390582394786179,0.003333490341901779,5.709205288439989e-05,5.709205288439989e-05,0.0,0.0
70,26,15,non_tail,1,1.2385306358337402,1.2346745729446411,0.003856062889099121,0.003856062889099121,0.0,0.0
70,26,16,non_tail,1,0.002333657816052437,0.00233056559227407,3.0922237783670425e-06,3.0922237783670425e-06,0.0,0.0
70,26,20,non_tail,1,0.0009427393670193851,0.0009389282786287367,3.811088390648365e-06,3.811088390648365e-06,0.0,0.0
70,26,29,non_tail,1,1.366313099861145,1.3947021961212158,-0.0283890962600708,0.0,0.0283890962600708,0.0
70,26,37,non_tail,1,1.3008358478546143,1.3229299783706665,-0.022094130516052246,0.0,0.022094130516052246,0.0
70,26,58,non_tail,1,0.0024944401811808348,0.002499910071492195,-5.469890311360359e-06,0.0,5.469890311360359e-06,0.0
70,26,80,tail,1,0.10518534481525421,0.10579970479011536,-0.000614359974861145,0.0,0.000614359974861145,0.0
70,26,88,tail,1,6.004631519317627,5.9218831062316895,0.0827484130859375,0.0827484130859375,0.0,0.0
70,26,91,tail,1,1.4793016910552979,1.4716410636901855,0.007660627365112305,0.007660627365112305,0.0,0.0
70,27,0,non_tail,1,0.0013656823430210352,0.001370206126011908,-4.52378299087286e-06,0.0,4.52378299087286e-06,0.0
70,27,2,non_tail,1,0.9861642122268677,0.999322235584259,-0.013158023357391357,0.0,0.013158023357391357,0.0
70,27,6,non_tail,1,0.0885266661643982,0.08821893483400345,0.0003077313303947449,0.0003077313303947449,0.0,0.0
70,27,7,non_tail,1,4.423895359039307,4.430047035217285,-0.006151676177978516,0.0,0.006151676177978516,0.0
70,27,81,tail,5,2.797003173828125,2.7931949615478517,0.003808212280273171,0.003808212280273171,0.0,0.0
70,27,82,tail,4,0.494994530454278,0.49851945973932743,-0.0035249292850494385,0.0,0.0035249292850494385,0.0
70,27,83,tail,6,1.7579790751139324,1.7619109153747559,-0.003931840260823494,0.0,0.003931840260823494,0.0
70,27,84,tail,1,0.7140768766403198,0.6980401873588562,0.016036689281463623,0.016036689281463623,0.0,0.0
70,27,86,tail,6,2.0533183415730796,2.0379339853922525,0.015384356180827119,0.015384356180827119,0.0,0.0
70,27,87,tail,2,0.0251699760556221,0.024860605597496033,0.0003093704581260681,0.0003093704581260681,0.0,0.0
70,27,88,tail,5,0.9374912261962891,0.9006282806396484,0.036862945556640714,0.036862945556640714,0.0,0.0
70,27,93,tail,4,5.94731879234314,5.951825737953186,-0.004506945610046387,0.0,0.004506945610046387,0.0
70,27,94,tail,5,2.074053192138672,2.0596378326416014,0.014415359497070401,0.014415359497070401,0.0,0.0
70,27,95,tail,1,4.992291450500488,5.0075273513793945,-0.01523590087890625,0.0,0.01523590087890625,0.0
70,27,98,tail,3,3.4192086855570474,3.4225947856903076,-0.003386100133260239,0.0,0.003386100133260239,0.0
70,28,3,non_tail,1,0.04072181507945061,0.03917849436402321,0.0015433207154273987,0.0015433207154273987,0.0,0.0
70,28,5,non_tail,1,0.005052655003964901,0.004940326325595379,0.0001123286783695221,0.0001123286783695221,0.0,0.0
70,28,82,tail,4,0.6442669630050659,0.6464495062828064,-0.0021825432777404785,0.0,0.0021825432777404785,0.0
70,28,83,tail,2,3.406113624572754,3.4218640327453613,-0.015750408172607422,0.0,0.015750408172607422,0.0
70,28,84,tail,6,4.48070494333903,4.4733842213948565,0.007320721944173769,0.007320721944173769,0.0,0.0
70,28,85,tail,2,4.299221515655518,4.2721452713012695,0.027076244354248047,0.027076244354248047,0.0,0.0
70,28,86,tail,1,0.005923810414969921,0.005641965661197901,0.00028184475377202034,0.00028184475377202034,0.0,0.0
70,28,87,tail,1,4.39839506149292,4.383964538574219,0.014430522918701172,0.014430522918701172,0.0,0.0
70,28,89,tail,4,3.6795265674591064,3.6407620906829834,0.03876447677612305,0.03876447677612305,0.0,0.0
70,28,90,tail,1,0.04161105677485466,0.040901489555835724,0.0007095672190189362,0.0007095672190189362,0.0,0.0
70,28,91,tail,3,3.1980679829915366,3.1606833140055337,0.0373846689860029,0.0373846689860029,0.0,0.0
70,28,92,tail,3,2.4520455996195474,2.4592858950297036,-0.00724029541015625,0.0,0.00724029541015625,0.0
70,28,93,tail,1,7.024473190307617,7.006433486938477,0.018039703369140625,0.018039703369140625,0.0,0.0
70,28,96,tail,3,2.4898155530293784,2.4762697219848633,0.013545831044515122,0.013545831044515122,0.0,0.0
70,28,97,tail,1,4.436023235321045,4.36234712600708,0.07367610931396484,0.07367610931396484,0.0,0.0
70,28,98,tail,1,3.1341898441314697,3.1323022842407227,0.0018875598907470703,0.0018875598907470703,0.0,0.0
70,28,99,tail,4,3.190984010696411,3.199519157409668,-0.008535146713256836,0.0,0.008535146713256836,0.0
70,29,1,non_tail,1,0.06717272102832794,0.06628149747848511,0.0008912235498428345,0.0008912235498428345,0.0,0.0
70,29,4,non_tail,1,1.5795501470565796,1.5922043323516846,-0.01265418529510498,0.0,0.01265418529510498,0.0
70,29,8,non_tail,1,2.2751054763793945,2.2701773643493652,0.004928112030029297,0.004928112030029297,0.0,0.0
70,29,9,non_tail,1,0.01802036166191101,0.01775701344013214,0.00026334822177886963,0.00026334822177886963,0.0,0.0
70,29,10,non_tail,1,0.2805458903312683,0.2756974399089813,0.004848450422286987,0.004848450422286987,0.0,0.0
70,29,80,tail,8,3.4201011657714844,3.399719476699829,0.020381689071655273,0.020381689071655273,0.0,0.0
70,29,81,tail,4,2.6748363971710205,2.667111873626709,0.0077245235443115234,0.0077245235443115234,0.0,0.0
70,29,84,tail,1,9.20606517791748,9.179520606994629,0.026544570922851562,0.026544570922851562,0.0,0.0
70,29,85,tail,5,0.06541673690080643,0.06409690976142883,0.0013198271393776023,0.0013198271393776023,0.0,0.0
70,29,87,tail,3,4.1907650629679365,4.1758162180582685,0.014948844909667969,0.014948844909667969,0.0,0.0
70,29,88,tail,1,1.5059082508087158,1.4751214981079102,0.030786752700805664,0.030786752700805664,0.0,0.0
70,29,89,tail,1,1.7492964267730713,1.7132927179336548,0.036003708839416504,0.036003708839416504,0.0,0.0
70,29,90,tail,4,0.2808778304606676,0.2752117943018675,0.005666036158800125,0.005666036158800125,0.0,0.0
70,29,91,tail,2,1.6302363872528076,1.612001657485962,0.018234729766845703,0.018234729766845703,0.0,0.0
70,29,92,tail,2,2.522758722305298,2.5245399475097656,-0.0017812252044677734,0.0,0.0017812252044677734,0.0
70,29,95,tail,4,1.4295385479927063,1.4259211421012878,0.003617405891418457,0.003617405891418457,0.0,0.0
70,29,96,tail,1,0.060517244040966034,0.05960894748568535,0.0009082965552806854,0.0009082965552806854,0.0,0.0
70,29,97,tail,3,4.308730761210124,4.302807490030925,0.005923271179199219,0.005923271179199219,0.0,0.0
80,0,0,non_tail,1,0.002821514382958412,0.002766355639323592,5.5158743634819984e-05,5.5158743634819984e-05,0.0,0.0
80,0,2,non_tail,5,0.25802614986896516,0.2569218024611473,0.0011043474078178406,0.0011043474078178406,0.0,0.0
80,0,4,non_tail,1,0.9892078638076782,0.9787073135375977,0.010500550270080566,0.010500550270080566,0.0,0.0
80,0,5,non_tail,1,0.1079145148396492,0.10349619388580322,0.004418320953845978,0.004418320953845978,0.0,0.0
80,0,8,non_tail,1,0.0001938155182870105,0.00018857131362892687,5.244204658083618e-06,5.244204658083618e-06,0.0,0.0
80,0,15,non_tail,1,0.000687958556227386,0.0006700892699882388,1.7869286239147186e-05,1.7869286239147186e-05,0.0,0.0
80,0,37,non_tail,1,0.006356971804052591,0.006107121240347624,0.0002498505637049675,0.0002498505637049675,0.0,0.0
80,0,55,non_tail,1,0.552455484867096,0.5622612237930298,-0.009805738925933838,0.0,0.009805738925933838,0.0
80,0,60,non_tail,1,1.007711410522461,0.9788570404052734,0.0288543701171875,0.0288543701171875,0.0,0.0
80,0,66,non_tail,1,0.015527895651757717,0.015087299980223179,0.00044059567153453827,0.00044059567153453827,0.0,0.0
80,0,69,non_tail,1,1.3121814727783203,1.3011507987976074,0.01103067398071289,0.01103067398071289,0.0,0.0
80,0,74,non_tail,1,4.358726501464844,4.385231018066406,-0.0265045166015625,0.0,0.0265045166015625,0.0
80,0,81,tail,1,6.063164710998535,6.047497749328613,0.015666961669921875,0.015666961669921875,0.0,0.0
80,0,83,tail,1,0.8853883743286133,0.8728066682815552,0.012581706047058105,0.012581706047058105,0.0,0.0
80,1,0,non_tail,3,0.002556209801696241,0.002503068399770806,5.3141401925434813e-05,5.3141401925434813e-05,0.0,0.0
80,1,1,non_tail,1,0.03178943321108818,0.030071010813117027,0.0017184223979711533,0.0017184223979711533,0.0,0.0
80,1,7,non_tail,6,0.6892961064974467,0.6911830902099609,-0.0018869837125142785,0.0,0.0018869837125142785,0.0
80,1,24,non_tail,1,0.9277130365371704,0.9286115169525146,-0.0008984804153442383,0.0,0.0008984804153442383,0.0
80,1,28,non_tail,1,0.0044530280865728855,0.004302768036723137,0.0001502600498497486,0.0001502600498497486,0.0,0.0
80,1,30,non_tail,1,0.182357057929039,0.18053892254829407,0.001818135380744934,0.001818135380744934,0.0,0.0
80,1,46,non_tail,1,1.1134512424468994,1.1120259761810303,0.0014252662658691406,0.0014252662658691406,0.0,0.0
80,1,53,non_tail,2,0.36241811513900757,0.3622080609202385,0.00021005421876907349,0.00021005421876907349,0.0,0.0
80,1,86,tail,1,3.325610399246216,3.291497230529785,0.034113168716430664,0.034113168716430664,0.0,0.0
80,2,0,non_tail,1,0.0006404255982488394,0.0006199345225468278,2.0491075702011585e-05,2.0491075702011585e-05,0.0,0.0
80,2,3,non_tail,2,0.9509922862052917,0.9564365744590759,-0.00544428825378418,0.0,0.00544428825378418,0.0
80,2,5,non_tail,4,0.11446563043864444,0.11442977626575157,3.585417289286852e-05,3.585417289286852e-05,0.0,0.0
80,2,6,non_tail,2,0.009031238965690136,0.008812014013528824,0.0002192249521613121,0.0002192249521613121,0.0,0.0
80,2,10,non_tail,2,1.6322875618934631,1.625199556350708,0.007088005542755127,0.007088005542755127,0.0,0.0
80,2,16,non_tail,1,2.4794280529022217,2.4964094161987305,-0.01698136329650879,0.0,0.01698136329650879,0.0
80,2,22,non_tail,2,1.1453824043273926,1.1289238929748535,0.016458511352539062,0.016458511352539062,0.0,0.0
80,2,42,non_tail,1,3.741396188735962,3.7902331352233887,-0.04883694648742676,0.0,0.04883694648742676,0.0
80,2,77,non_tail,1,5.874109745025635,5.8923726081848145,-0.018262863159179688,0.0,0.018262863159179688,0.0
80,2,82,tail,1,0.02129698358476162,0.021228479221463203,6.850436329841614e-05,6.850436329841614e-05,0.0,0.0
80,2,91,tail,1,0.4867931306362152,0.469501793384552,0.017291337251663208,0.017291337251663208,0.0,0.0
80,2,95,tail,1,4.550212383270264,4.5540547370910645,-0.0038423538208007812,0.0,0.0038423538208007812,0.0
80,3,2,non_tail,1,2.284264087677002,2.2903549671173096,-0.006090879440307617,0.0,0.006090879440307617,0.0
80,3,3,non_tail,1,0.04884529486298561,0.04880896583199501,3.6329030990600586e-05,3.6329030990600586e-05,0.0,0.0
80,3,6,non_tail,4,0.16488684760406613,0.1652281703427434,-0.00034132273867726326,0.0,0.00034132273867726326,0.0
80,3,12,non_tail,3,0.5744047413269678,0.582011009256045,-0.0076062679290771484,0.0,0.0076062679290771484,0.0
80,3,14,non_tail,1,0.003068978199735284,0.0029913701582700014,7.760804146528244e-05,7.760804146528244e-05,0.0,0.0
80,3,20,non_tail,1,0.00030489088385365903,0.00029905137489549816,5.839508958160877e-06,5.839508958160877e-06,0.0,0.0
80,3,31,non_tail,1,0.007558911573141813,0.007503895089030266,5.501648411154747e-05,5.501648411154747e-05,0.0,0.0
80,3,36,non_tail,1,0.081629678606987,0.08038029074668884,0.0012493878602981567,0.0012493878602981567,0.0,0.0
80,3,45,non_tail,1,0.31081876158714294,0.3040532171726227,0.006765544414520264,0.006765544414520264,0.0,0.0
80,3,77,non_tail,1,3.997537136077881,4.035227298736572,-0.037690162658691406,0.0,0.037690162658691406,0.0
80,3,79,non_tail,1,8.124706268310547,8.12232780456543,0.0023784637451171875,0.0023784637451171875,0.0,0.0
80,3,90,tail,1,0.09676014631986618,0.09379477053880692,0.002965375781059265,0.002965375781059265,0.0,0.0
80,3,94,tail,1,0.003176169702783227,0.003070879727602005,0.00010528997518122196,0.00010528997518122196,0.0,0.0
80,4,1,non_tail,2,0.02079332061111927,0.019724888261407614,0.0010684323497116566,0.0010684323497116566,0.0,0.0
80,4,2,non_tail,1,0.9017714858055115,0.9080707430839539,-0.006299257278442383,0.0,0.006299257278442383,0.0
80,4,3,non_tail,1,3.750415802001953,3.7507236003875732,-0.0003077983856201172,0.0,0.0003077983856201172,0.0
80,4,4,non_tail,2,0.3736186623573303,0.36573031544685364,0.007888346910476685,0.007888346910476685,0.0,0.0
80,4,5,non_tail,1,0.0018720973748713732,0.0018176001030951738,5.449727177619934e-05,5.449727177619934e-05,0.0,0.0
80,4,9,non_tail,1,0.015101038850843906,0.014341965317726135,0.0007590735331177711,0.0007590735331177711,0.0,0.0
80,4,11,non_tail,2,0.20168387144804,0.199718676507473,0.0019651949405670166,0.0019651949405670166,0.0,0.0
80,4,17,non_tail,1,0.01466283854097128,0.014203879982233047,0.00045895855873823166,0.00045895855873823166,0.0,0.0
80,4,20,non_tail,2,0.0006611896096728742,0.0006483865290647373,1.2803080608136952e-05,1.2803080608136952e-05,0.0,0.0
80,4,24,non_tail,1,0.13016915321350098,0.13002146780490875,0.00014768540859222412,0.00014768540859222412,0.0,0.0
80,4,46,non_tail,1,0.6207232475280762,0.6209104657173157,-0.00018721818923950195,0.0,0.00018721818923950195,0.0
80,4,65,non_tail,1,5.119204521179199,5.118650436401367,0.0005540847778320312,0.0005540847778320312,0.0,0.0
80,4,92,tail,1,5.4454665184021,5.419891834259033,0.025574684143066406,0.025574684143066406,0.0,0.0
80,4,97,tail,1,4.483441352844238,4.432153701782227,0.05128765106201172,0.05128765106201172,0.0,0.0
80,6,1,non_tail,1,0.038282837718725204,0.03718459606170654,0.0010982416570186615,0.0010982416570186615,0.0,0.0
80,6,2,non_tail,2,0.38859814405441284,0.3929520845413208,-0.004353940486907959,0.0,0.004353940486907959,0.0
80,6,7,non_tail,3,0.5820735196272532,0.5817696452140808,0.00030387441317236696,0.00030387441317236696,0.0,0.0
80,6,12,non_tail,3,0.04607072193175554,0.04613858864953121,-6.786671777566505e-05,0.0,6.786671777566505e-05,0.0
80,6,18,non_tail,1,0.06948227435350418,0.06949049979448318,-8.225440979003906e-06,0.0,8.225440979003906e-06,0.0
80,6,23,non_tail,2,0.2728803055360913,0.27453766809776425,-0.001657362561672926,0.0,0.001657362561672926,0.0
80,6,32,non_tail,1,1.3330838680267334,1.3850075006484985,-0.05192363262176514,0.0,0.05192363262176514,0.0
80,6,38,non_tail,1,1.286275863647461,1.2876518964767456,-0.001376032829284668,0.0,0.001376032829284668,0.0
80,6,54,non_tail,1,0.13976648449897766,0.13622750341892242,0.003538981080055237,0.003538981080055237,0.0,0.0
80,6,70,non_tail,1,0.011459480971097946,0.011249566450715065,0.00020991452038288116,0.00020991452038288116,0.0,0.0
80,6,84,tail,1,3.4012928009033203,3.389307975769043,0.011984825134277344,0.011984825134277344,0.0,0.0
80,8,4,non_tail,1,0.09035161137580872,0.0876636728644371,0.0026879385113716125,0.0026879385113716125,0.0,0.0
80,8,5,non_tail,1,0.0008953376673161983,0.0008330450509674847,6.229261634871364e-05,6.229261634871364e-05,0.0,0.0
80,8,6,non_tail,2,0.012451509945094585,0.012459444347769022,-7.93440267443657e-06,0.0,7.93440267443657e-06,0.0
80,8,7,non_tail,1,0.003186864545568824,0.003177952254191041,8.912291377782822e-06,8.912291377782822e-06,0.0,0.0
80,8,15,non_tail,1,0.014032979495823383,0.013022142462432384,0.0010108370333909988,0.0010108370333909988,0.0,0.0
80,8,17,non_tail,1,0.060037098824977875,0.059136681258678436,0.0009004175662994385,0.0009004175662994385,0.0,0.0
80,8,21,non_tail,1,0.0012328175362199545,0.0012232924345880747,9.525101631879807e-06,9.525101631879807e-06,0.0,0.0
80,8,26,non_tail,3,2.6791165669759116,2.698767344156901,-0.019650777180989287,0.0,0.019650777180989287,0.0
80,8,38,non_tail,1,0.00025686301523819566,0.0002531684876885265,3.6945275496691465e-06,3.6945275496691465e-06,0.0,0.0
80,8,46,non_tail,1,0.2493957132101059,0.24929529428482056,0.00010041892528533936,0.00010041892528533936,0.0,0.0
80,8,57,non_tail,1,0.15448318421840668,0.1550692319869995,-0.0005860477685928345,0.0,0.0005860477685928345,0.0
80,8,58,non_tail,1,1.0675188302993774,1.0866156816482544,-0.019096851348876953,0.0,0.019096851348876953,0.0
80,8,62,non_tail,1,3.257394790649414,3.273477077484131,-0.016082286834716797,0.0,0.016082286834716797,0.0
80,8,83,tail,1,1.8497722148895264,1.8344234228134155,0.01534879207611084,0.01534879207611084,0.0,0.0
80,9,1,non_tail,1,0.054570358246564865,0.05327209457755089,0.001298263669013977,0.001298263669013977,0.0,0.0
80,9,2,non_tail,1,0.038578689098358154,0.038462720811367035,0.00011596828699111938,0.00011596828699111938,0.0,0.0
80,9,4,non_tail,2,1.4175596237182617,1.4075577557086945,0.01000186800956726,0.01000186800956726,0.0,0.0
80,9,6,non_tail,1,0.0032390295527875423,0.0031781899742782116,6.083957850933075e-05,6.083957850933075e-05,0.0,0.0
80,9,7,non_tail,1,0.11442119628190994,0.11467760801315308,-0.00025641173124313354,0.0,0.00025641173124313354,0.0
80,9,13,non_tail,1,0.005007938481867313,0.004990739282220602,1.719919964671135e-05,1.719919964671135e-05,0.0,0.0
80,9,14,non_tail,4,0.2903982459101826,0.2859857673756778,0.004412478534504771,0.004412478534504771,0.0,0.0
80,9,17,non_tail,1,0.0023456697817891836,0.002323905238881707,2.1764542907476425e-05,2.1764542907476425e-05,0.0,0.0
80,9,35,non_tail,1,0.04919205605983734,0.04948946088552475,-0.00029740482568740845,0.0,0.00029740482568740845,0.0
80,9,52,non_tail,1,1.4190248250961304,1.420341968536377,-0.001317143440246582,0.0,0.001317143440246582,0.0
80,9,67,non_tail,1,0.5841858983039856,0.5856589674949646,-0.001473069190979004,0.0,0.001473069190979004,0.0
80,9,79,non_tail,1,3.216583728790283,3.2026174068450928,0.01396632194519043,0.01396632194519043,0.0,0.0
80,9,86,tail,1,0.41485291719436646,0.39675939083099365,0.018093526363372803,0.018093526363372803,0.0,0.0
80,9,89,tail,1,5.922784805297852,5.868071556091309,0.05471324920654297,0.05471324920654297,0.0,0.0
80,12,0,non_tail,1,0.00021669900161214173,0.00021217002358753234,4.528978024609387e-06,4.528978024609387e-06,0.0,0.0
80,12,1,non_tail,2,0.7824984043836594,0.7648812085390091,0.01761719584465027,0.01761719584465027,0.0,0.0
80,12,3,non_tail,1,0.016810307279229164,0.016813471913337708,-3.164634108543396e-06,0.0,3.164634108543396e-06,0.0
80,12,10,non_tail,1,0.0012942517641931772,0.001260320539586246,3.393122460693121e-05,3.393122460693121e-05,0.0,0.0
80,12,12,non_tail,1,0.01922673173248768,0.019494136795401573,-0.00026740506291389465,0.0,0.00026740506291389465,0.0
80,12,13,non_tail,2,0.09353483421728015,0.09064917010255158,0.00288566411472857,0.00288566411472857,0.0,0.0
80,12,17,non_tail,1,0.004231072496622801,0.004050623159855604,0.00018044933676719666,0.00018044933676719666,0.0,0.0
80,12,26,non_tail,1,0.045597143471241,0.046147678047418594,-0.000550534576177597,0.0,0.000550534576177597,0.0
80,12,27,non_tail,2,1.277193397283554,1.2895542979240417,-0.012360900640487671,0.0,0.012360900640487671,0.0
80,12,28,non_tail,1,0.029952550306916237,0.0289156474173069,0.0010369028896093369,0.0010369028896093369,0.0,0.0
80,12,38,non_tail,1,0.19592764973640442,0.19593548774719238,-7.838010787963867e-06,0.0,7.838010787963867e-06,0.0
80,12,41,non_tail,1,0.026111161336302757,0.025544485077261925,0.0005666762590408325,0.0005666762590408325,0.0,0.0
80,12,59,non_tail,1,1.202113151550293,1.215381383895874,-0.013268232345581055,0.0,0.013268232345581055,0.0
80,12,85,tail,1,0.8248687982559204,0.7790012359619141,0.04586756229400635,0.04586756229400635,0.0,0.0
80,12,90,tail,1,3.3408868312835693,3.327808141708374,0.013078689575195312,0.013078689575195312,0.0,0.0
80,13,4,non_tail,3,0.2488307903210322,0.24360348780949911,0.005227302511533083,0.005227302511533083,0.0,33.333333333333336
80,13,6,non_tail,1,0.004416948650032282,0.004310008604079485,0.00010694004595279694,0.00010694004595279694,0.0,0.0
80,13,8,non_tail,2,0.001793087925761938,0.0016934461891651154,9.964173659682274e-05,9.964173659682274e-05,0.0,0.0
80,13,11,non_tail,1,0.02470305562019348,0.02488749288022518,-0.00018443726003170013,0.0,0.00018443726003170013,0.0
80,13,25,non_tail,2,0.02479039877653122,0.024199247360229492,0.0005911514163017273,0.0005911514163017273,0.0,0.0
80,13,26,non_tail,3,0.5001210470994314,0.5058498208721479,-0.005728773772716522,0.0,0.005728773772716522,0.0
80,13,28,non_tail,1,1.9411723613739014,1.9209671020507812,0.020205259323120117,0.020205259323120117,0.0,0.0
80,13,40,non_tail,1,0.10419881343841553,0.10392250865697861,0.00027630478143692017,0.00027630478143692017,0.0,0.0
80,13,58,non_tail,1,0.07540849596261978,0.07254800945520401,0.0028604865074157715,0.0028604865074157715,0.0,0.0
80,13,68,non_tail,1,0.11640890687704086,0.11515603214502335,0.001252874732017517,0.001252874732017517,0.0,0.0
80,13,87,tail,1,0.048730283975601196,0.04742475226521492,0.0013055317103862762,0.0013055317103862762,0.0,0.0
80,14,1,non_tail,1,0.011809437535703182,0.011321114376187325,0.0004883231595158577,0.0004883231595158577,0.0,0.0
80,14,4,non_tail,1,0.29617366194725037,0.28605222702026367,0.010121434926986694,0.010121434926986694,0.0,0.0
80,14,11,non_tail,1,0.012638827785849571,0.01260457281023264,3.4254975616931915e-05,3.4254975616931915e-05,0.0,0.0
80,14,14,non_tail,2,0.30037583550438285,0.29155209101736546,0.008823744487017393,0.008823744487017393,0.0,0.0
80,14,17,non_tail,1,1.3315508365631104,1.3016231060028076,0.029927730560302734,0.029927730560302734,0.0,0.0
80,14,21,non_tail,2,0.0035107764415442944,0.0036194799467921257,-0.00010870350524783134,0.0,0.00010870350524783134,0.0
80,14,28,non_tail,2,0.3892480731010437,0.3853391259908676,0.003908947110176086,0.003908947110176086,0.0,0.0
80,14,32,non_tail,1,0.001998690888285637,0.002023079665377736,-2.438877709209919e-05,0.0,2.438877709209919e-05,0.0
80,14,43,non_tail,1,0.176425039768219,0.1728629469871521,0.0035620927810668945,0.0035620927810668945,0.0,0.0
80,14,46,non_tail,1,0.4443345069885254,0.4556832015514374,-0.011348694562911987,0.0,0.011348694562911987,0.0
80,14,55,non_tail,1,2.3241844177246094,2.3440699577331543,-0.019885540008544922,0.0,0.019885540008544922,0.0
80,14,56,non_tail,1,0.3567039966583252,0.35513150691986084,0.0015724897384643555,0.0015724897384643555,0.0,0.0
80,14,75,non_tail,1,3.358219623565674,3.360778331756592,-0.0025587081909179688,0.0,0.0025587081909179688,0.0
80,14,85,tail,1,3.986020565032959,3.987403631210327,-0.001383066177368164,0.0,0.001383066177368164,0.0
80,14,96,tail,1,1.6888480186462402,1.6706082820892334,0.018239736557006836,0.018239736557006836,0.0,0.0
80,15,0,non_tail,5,0.1071135476231575,0.10287875831127166,0.004234789311885839,0.004234789311885839,0.0,0.0
80,15,2,non_tail,1,0.02591719478368759,0.02564290352165699,0.0002742912620306015,0.0002742912620306015,0.0,0.0
80,15,3,non_tail,3,0.0293892299135526,0.029013616343339283,0.00037561357021331787,0.00037561357021331787,0.0,0.0
80,15,9,non_tail,1,0.09995269030332565,0.09873495995998383,0.0012177303433418274,0.0012177303433418274,0.0,0.0
80,15,13,non_tail,1,0.6366184949874878,0.6208783388137817,0.015740156173706055,0.015740156173706055,0.0,0.0
80,15,16,non_tail,1,4.159967422485352,4.201094627380371,-0.04112720489501953,0.0,0.04112720489501953,0.0
80,15,19,non_tail,1,0.002596223959699273,0.002538912231102586,5.731172859668732e-05,5.731172859668732e-05,0.0,0.0
80,15,53,non_tail,1,0.024711081758141518,0.024881329387426376,-0.0001702476292848587,0.0,0.0001702476292848587,0.0
80,15,57,non_tail,1,0.5083668231964111,0.5063721537590027,0.0019946694374084473,0.0019946694374084473,0.0,0.0
80,15,66,non_tail,1,2.930835008621216,2.93088960647583,-5.459785461425781e-05,0.0,5.459785461425781e-05,0.0
80,15,84,tail,1,4.716967582702637,4.704023838043213,0.012943744659423828,0.012943744659423828,0.0,0.0
80,15,88,tail,1,0.14426472783088684,0.14205598831176758,0.0022087395191192627,0.0022087395191192627,0.0,0.0
80,16,0,non_tail,1,0.01613323763012886,0.015729522332549095,0.0004037152975797653,0.0004037152975797653,0.0,0.0
80,16,1,non_tail,1,0.006535347551107407,0.0062838830053806305,0.0002514645457267761,0.0002514645457267761,0.0,0.0
80,16,2,non_tail,1,0.05957929790019989,0.05911196023225784,0.0004673376679420471,0.0004673376679420471,0.0,0.0
80,16,4,non_tail,2,0.6242399588227272,0.6204487569630146,0.0037912018597126007,0.0037912018597126007,0.0,0.0
80,16,10,non_tail,3,0.8149741490681967,0.8062280019124349,0.008746147155761719,0.008746147155761719,0.0,0.0
80,16,11,non_tail,2,0.27696710266172886,0.2770169973373413,-4.9894675612449646e-05,0.0,4.9894675612449646e-05,0.0
80,16,29,non_tail,1,0.0008501967531628907,0.0008197046699933708,3.04920831695199e-05,3.04920831695199e-05,0.0,0.0
80,16,30,non_tail,1,5.325191497802734,5.3203277587890625,0.004863739013671875,0.004863739013671875,0.0,0.0
80,16,36,non_tail,1,0.1866501420736313,0.18425697088241577,0.002393171191215515,0.002393171191215515,0.0,0.0
80,16,41,non_tail,1,0.06242454797029495,0.06339876353740692,-0.000974215567111969,0.0,0.000974215567111969,0.0
80,16,59,non_tail,1,5.5625996589660645,5.569156646728516,-0.006556987762451172,0.0,0.006556987762451172,0.0
80,16,74,non_tail,1,0.8726845383644104,0.8933024406433105,-0.020617902278900146,0.0,0.020617902278900146,0.0
80,16,93,tail,1,2.3200080394744873,2.254269599914551,0.06573843955993652,0.06573843955993652,0.0,0.0
80,17,1,non_tail,1,0.0031751003116369247,0.0030928654596209526,8.223485201597214e-05,8.223485201597214e-05,0.0,0.0
80,17,3,non_tail,1,3.174574375152588,3.182145357131958,-0.007570981979370117,0.0,0.007570981979370117,0.0
80,17,4,non_tail,2,1.4869550168514252,1.5012800693511963,-0.014325052499771118,0.0,0.014325052499771118,0.0
80,17,5,non_tail,1,1.1485317945480347,1.1377694606781006,0.010762333869934082,0.010762333869934082,0.0,0.0
80,17,6,non_tail,1,0.0011703077470883727,0.0011612584348767996,9.049312211573124e-06,9.049312211573124e-06,0.0,0.0
80,17,13,non_tail,2,0.34002768993377686,0.3392011821269989,0.0008265078067779541,0.0008265078067779541,0.0,0.0
80,17,18,non_tail,2,0.8441379070281982,0.8450344800949097,-0.0008965730667114258,0.0,0.0008965730667114258,0.0
80,17,23,non_tail,1,0.017873765900731087,0.017868028953671455,5.736947059631348e-06,5.736947059631348e-06,0.0,0.0
80,17,26,non_tail,1,1.3548856973648071,1.3628987073898315,-0.008013010025024414,0.0,0.008013010025024414,0.0
80,17,30,non_tail,1,0.06680938601493835,0.0665360540151596,0.00027333199977874756,0.00027333199977874756,0.0,0.0
80,17,31,non_tail,1,1.8640294075012207,1.863715410232544,0.0003139972686767578,0.0003139972686767578,0.0,0.0
80,17,33,non_tail,1,4.909029483795166,4.884605407714844,0.024424076080322266,0.024424076080322266,0.0,0.0
80,17,40,non_tail,1,0.013523513451218605,0.013818901032209396,-0.0002953875809907913,0.0,0.0002953875809907913,0.0
80,17,80,tail,1,5.311577796936035,5.288089752197266,0.02348804473876953,0.02348804473876953,0.0,0.0
80,20,0,non_tail,1,0.011965994723141193,0.011722254566848278,0.00024374015629291534,0.00024374015629291534,0.0,0.0
80,20,1,non_tail,1,0.01562812738120556,0.014384856447577477,0.0012432709336280823,0.0012432709336280823,0.0,0.0
80,20,3,non_tail,3,0.19381351272265115,0.1947062611579895,-0.0008927484353383475,0.0,0.0008927484353383475,0.0
80,20,5,non_tail,1,0.006760936230421066,0.006510949693620205,0.00024998653680086136,0.00024998653680086136,0.0,0.0
80,20,9,non_tail,1,4.321577548980713,4.2830047607421875,0.03857278823852539,0.03857278823852539,0.0,0.0
80,20,11,non_tail,2,0.5286888480186462,0.5354936122894287,-0.006804764270782471,0.0,0.006804764270782471,0.0
80,20,15,non_tail,1,0.10247861593961716,0.10021919757127762,0.0022594183683395386,0.0022594183683395386,0.0,0.0
80,20,16,non_tail,2,1.5055849961936474,1.5160659700632095,-0.010480973869562149,0.0,0.010480973869562149,0.0
80,20,21,non_tail,1,0.22468121349811554,0.2260909229516983,-0.0014097094535827637,0.0,0.0014097094535827637,0.0
80,20,32,non_tail,1,0.7190493941307068,0.7402752637863159,-0.02122586965560913,0.0,0.02122586965560913,0.0
80,20,33,non_tail,1,0.028043784201145172,0.027109555900096893,0.0009342283010482788,0.0009342283010482788,0.0,0.0
80,20,34,non_tail,1,0.32494276762008667,0.3170751631259918,0.007867604494094849,0.007867604494094849,0.0,0.0
80,20,81,tail,1,0.49444782733917236,0.4888731837272644,0.005574643611907959,0.005574643611907959,0.0,0.0
80,20,82,tail,1,2.2599730491638184,2.269902467727661,-0.009929418563842773,0.0,0.009929418563842773,0.0
80,20,87,tail,1,0.035913459956645966,0.03473731130361557,0.0011761486530303955,0.0011761486530303955,0.0,0.0
80,21,0,non_tail,1,0.031238561496138573,0.030789576470851898,0.0004489850252866745,0.0004489850252866745,0.0,0.0
80,21,7,non_tail,1,0.22558188438415527,0.2243785560131073,0.0012033283710479736,0.0012033283710479736,0.0,0.0
80,21,10,non_tail,1,0.22767409682273865,0.2270343005657196,0.000639796257019043,0.000639796257019043,0.0,0.0
80,21,14,non_tail,4,0.6277835676446557,0.6175208101049066,0.010262757539749146,0.010262757539749146,0.0,0.0
80,21,17,non_tail,3,0.0193381371597449,0.01863149181008339,0.0007066453496615104,0.0007066453496615104,0.0,0.0
80,21,19,non_tail,1,1.8640390634536743,1.8664145469665527,-0.002375483512878418,0.0,0.002375483512878418,0.0
80,21,23,non_tail,2,0.09046662598848343,0.09265081584453583,-0.0021841898560523987,0.0,0.0021841898560523987,0.0
80,21,26,non_tail,1,0.10392294079065323,0.10621614009141922,-0.002293199300765991,0.0,0.002293199300765991,0.0
80,21,29,non_tail,1,0.5136580467224121,0.5273817777633667,-0.01372373104095459,0.0,0.01372373104095459,0.0
80,21,33,non_tail,1,5.6922221183776855,5.672492504119873,0.0197296142578125,0.0197296142578125,0.0,0.0
80,21,82,tail,1,3.069704294204712,3.050417900085449,0.019286394119262695,0.019286394119262695,0.0,0.0
80,24,2,non_tail,1,0.3356594741344452,0.3360612094402313,-0.0004017353057861328,0.0,0.0004017353057861328,0.0
80,24,6,non_tail,3,0.2557378113269806,0.2505298952261607,0.005207916100819887,0.005207916100819887,0.0,0.0
80,24,7,non_tail,2,0.20320086181163788,0.19913745671510696,0.004063405096530914,0.004063405096530914,0.0,0.0
80,24,14,non_tail,2,1.032544456422329,1.0256870947778225,0.0068573616445064545,0.0068573616445064545,0.0,0.0
80,24,15,non_tail,1,0.010128411464393139,0.009875724092125893,0.00025268737226724625,0.00025268737226724625,0.0,0.0
80,24,17,non_tail,1,0.0022358912974596024,0.0021418030373752117,9.408826008439064e-05,9.408826008439064e-05,0.0,0.0
80,24,18,non_tail,1,0.10195372253656387,0.0980803593993187,0.0038733631372451782,0.0038733631372451782,0.0,0.0
80,24,23,non_tail,1,0.07844545692205429,0.0803467333316803,-0.001901276409626007,0.0,0.001901276409626007,0.0
80,24,25,non_tail,1,0.5728391408920288,0.5668885707855225,0.005950570106506348,0.005950570106506348,0.0,0.0
80,24,30,non_tail,1,1.3387340307235718,1.3481721878051758,-0.009438157081604004,0.0,0.009438157081604004,0.0
80,24,42,non_tail,1,0.0017138330731540918,0.0017047885339707136,9.04453918337822e-06,9.04453918337822e-06,0.0,0.0
80,24,43,non_tail,1,1.7032526731491089,1.6803233623504639,0.02292931079864502,0.02292931079864502,0.0,0.0
80,24,98,tail,1,1.1089410781860352,1.1149227619171143,-0.0059816837310791016,0.0,0.0059816837310791016,0.0
80,25,3,non_tail,1,0.010728065855801105,0.010557985864579678,0.00017007999122142792,0.00017007999122142792,0.0,0.0
80,25,5,non_tail,2,0.022736570797860622,0.02153509482741356,0.0012014759704470634,0.0012014759704470634,0.0,0.0
80,25,6,non_tail,1,0.0020912461914122105,0.002058769576251507,3.247661516070366e-05,3.247661516070366e-05,0.0,0.0
80,25,14,non_tail,1,0.009546934626996517,0.009119642898440361,0.00042729172855615616,0.00042729172855615616,0.0,0.0
80,25,15,non_tail,5,0.21431137025356292,0.21271172538399696,0.0015996448695659582,0.0015996448695659582,0.0,0.0
80,25,16,non_tail,1,0.002318910090252757,0.0023048759903758764,1.4034099876880646e-05,1.4034099876880646e-05,0.0,0.0
80,25,21,non_tail,3,0.0989289761831363,0.09679334113995235,0.0021356350431839533,0.0021356350431839533,0.0,0.0
80,25,41,non_tail,1,2.426156997680664,2.3953261375427246,0.030830860137939453,0.030830860137939453,0.0,0.0
80,25,45,non_tail,1,5.019541263580322,5.041529178619385,-0.0219879150390625,0.0,0.0219879150390625,0.0
80,25,80,tail,1,1.0588479042053223,1.0351569652557373,0.02369093894958496,0.02369093894958496,0.0,0.0
80,25,89,tail,1,1.958289623260498,1.9240384101867676,0.03425121307373047,0.03425121307373047,0.0,0.0
80,25,99,tail,1,0.49925315380096436,0.49496158957481384,0.004291564226150513,0.004291564226150513,0.0,0.0
80,26,0,non_tail,6,0.04932933393865824,0.04854591586627066,0.0007834180723875761,0.0007834180723875761,0.0,0.0
80,26,1,non_tail,1,0.03421052545309067,0.03289130702614784,0.0013192184269428253,0.0013192184269428253,0.0,0.0
80,26,8,non_tail,1,0.002940261736512184,0.002895213197916746,4.5048538595438004e-05,4.5048538595438004e-05,0.0,0.0
80,26,13,non_tail,2,0.003185392008163035,0.0031184834660962224,6.690854206681252e-05,6.690854206681252e-05,0.0,0.0
80,26,15,non_tail,1,1.191340446472168,1.1823227405548096,0.009017705917358398,0.009017705917358398,0.0,0.0
80,26,16,non_tail,1,0.0021975908894091845,0.0021962826140224934,1.3082753866910934e-06,1.3082753866910934e-06,0.0,0.0
80,26,20,non_tail,1,0.0008691347320564091,0.0008516260422766209,1.7508689779788256e-05,1.7508689779788256e-05,0.0,0.0
80,26,29,non_tail,1,1.35300874710083,1.3557345867156982,-0.002725839614868164,0.0,0.002725839614868164,0.0
80,26,37,non_tail,1,1.3238909244537354,1.3281874656677246,-0.004296541213989258,0.0,0.004296541213989258,0.0
80,26,58,non_tail,1,0.0025833826512098312,0.0025348695926368237,4.8513058573007584e-05,4.8513058573007584e-05,0.0,0.0
80,26,80,tail,1,0.10856784135103226,0.10770998895168304,0.0008578523993492126,0.0008578523993492126,0.0,0.0
80,26,88,tail,1,5.878453731536865,5.807301044464111,0.0711526870727539,0.0711526870727539,0.0,0.0
80,26,91,tail,1,1.4367636442184448,1.4219825267791748,0.01478111743927002,0.01478111743927002,0.0,0.0
80,27,0,non_tail,1,0.0013612775364890695,0.0013321106089279056,2.9166927561163902e-05,2.9166927561163902e-05,0.0,0.0
80,27,2,non_tail,1,0.9660475254058838,0.9709928631782532,-0.004945337772369385,0.0,0.004945337772369385,0.0
80,27,6,non_tail,1,0.08509999513626099,0.08475539088249207,0.0003446042537689209,0.0003446042537689209,0.0,0.0
80,27,7,non_tail,1,4.422011852264404,4.449755668640137,-0.027743816375732422,0.0,0.027743816375732422,0.0
80,27,81,tail,5,2.821853446960449,2.81859130859375,0.0032621383666988635,0.0032621383666988635,0.0,0.0
80,27,82,tail,4,0.49021661281585693,0.4833714719861746,0.00684514082968235,0.00684514082968235,0.0,0.0
80,27,83,tail,6,1.7785606384277344,1.7667344411214192,0.011826197306315178,0.011826197306315178,0.0,0.0
80,27,84,tail,1,0.7190089821815491,0.700393557548523,0.018615424633026123,0.018615424633026123,0.0,0.0
80,27,86,tail,6,2.0255397160847983,1.9994901021321614,0.02604961395263694,0.02604961395263694,0.0,0.0
80,27,87,tail,2,0.0235806442797184,0.023034583777189255,0.0005460605025291443,0.0005460605025291443,0.0,0.0
80,27,88,tail,5,0.9132560729980469,0.8868278503417969,0.02642822265625,0.02642822265625,0.0,0.0
80,27,93,tail,4,5.914320349693298,5.92080557346344,-0.0064852237701416016,0.0,0.0064852237701416016,0.0
80,27,94,tail,5,2.0809255599975587,2.0607683181762697,0.020157241821288974,0.020157241821288974,0.0,0.0
80,27,95,tail,1,4.979117393493652,4.991813659667969,-0.012696266174316406,0.0,0.012696266174316406,0.0
80,27,98,tail,3,3.4351577758789062,3.4334472020467124,0.0017105738321938624,0.0017105738321938624,0.0,0.0
80,28,3,non_tail,1,0.039202794432640076,0.0388919934630394,0.0003108009696006775,0.0003108009696006775,0.0,0.0
80,28,5,non_tail,1,0.004910788964480162,0.004688816610723734,0.00022197235375642776,0.00022197235375642776,0.0,0.0
80,28,82,tail,4,0.6300274729728699,0.6159999966621399,0.01402747631072998,0.01402747631072998,0.0,0.0
80,28,83,tail,2,3.484286308288574,3.4872119426727295,-0.0029256343841552734,0.0,0.0029256343841552734,0.0
80,28,84,tail,6,4.482223828633626,4.4890562693278,-0.006832440694173769,0.0,0.006832440694173769,0.0
80,28,85,tail,2,4.287070274353027,4.263649940490723,0.023420333862304688,0.023420333862304688,0.0,0.0
80,28,86,tail,1,0.005810868460685015,0.005696847103536129,0.00011402135714888573,0.00011402135714888573,0.0,0.0
80,28,87,tail,1,4.434511661529541,4.436060428619385,-0.00154876708984375,0.0,0.00154876708984375,0.0
80,28,89,tail,4,3.7008070945739746,3.651360511779785,0.04944658279418945,0.04944658279418945,0.0,0.0
80,28,90,tail,1,0.03991803526878357,0.03843335434794426,0.0014846809208393097,0.0014846809208393097,0.0,0.0
80,28,91,tail,3,3.1692682902018228,3.141127586364746,0.028140703837076675,0.028140703837076675,0.0,0.0
80,28,92,tail,3,2.478128751118978,2.4614830017089844,0.016645749409993638,0.016645749409993638,0.0,0.0
80,28,93,tail,1,6.995108604431152,6.981034755706787,0.014073848724365234,0.014073848724365234,0.0,0.0
80,28,96,tail,3,2.4606833457946777,2.443150520324707,0.017532825469970703,0.017532825469970703,0.0,0.0
80,28,97,tail,1,4.488790988922119,4.459525108337402,0.029265880584716797,0.029265880584716797,0.0,0.0
80,28,98,tail,1,3.099977970123291,3.1045424938201904,-0.004564523696899414,0.0,0.004564523696899414,0.0
80,28,99,tail,4,3.2816238403320312,3.297741413116455,-0.016117572784423828,0.0,0.016117572784423828,0.0
80,29,1,non_tail,1,0.0683380737900734,0.06640119850635529,0.0019368752837181091,0.0019368752837181091,0.0,0.0
80,29,4,non_tail,1,1.4188172817230225,1.4225082397460938,-0.003690958023071289,0.0,0.003690958023071289,0.0
80,29,8,non_tail,1,2.1717569828033447,2.1264240741729736,0.045332908630371094,0.045332908630371094,0.0,0.0
80,29,9,non_tail,1,0.01688743568956852,0.016280440613627434,0.0006069950759410858,0.0006069950759410858,0.0,0.0
80,29,10,non_tail,1,0.2785416841506958,0.27653273940086365,0.0020089447498321533,0.0020089447498321533,0.0,0.0
80,29,80,tail,8,3.471505880355835,3.456850528717041,0.014655351638793945,0.014655351638793945,0.0,0.0
80,29,81,tail,4,2.6778922080993652,2.6684815883636475,0.009410619735717773,0.009410619735717773,0.0,0.0
80,29,84,tail,1,9.199511528015137,9.170699119567871,0.028812408447265625,0.028812408447265625,0.0,0.0
80,29,85,tail,5,0.06414686143398285,0.06331132352352142,0.0008355379104614258,0.0008355379104614258,0.0,0.0
80,29,87,tail,3,4.211121241251628,4.203876813252767,0.007244427998861269,0.007244427998861269,0.0,0.0
80,29,88,tail,1,1.473045825958252,1.4411203861236572,0.03192543983459473,0.03192543983459473,0.0,0.0
80,29,89,tail,1,1.8210780620574951,1.7655916213989258,0.055486440658569336,0.055486440658569336,0.0,0.0
80,29,90,tail,4,0.27545277774333954,0.2659216057509184,0.00953117199242115,0.00953117199242115,0.0,0.0
80,29,91,tail,2,1.662634253501892,1.6519304513931274,0.010703802108764648,0.010703802108764648,0.0,0.0
80,29,92,tail,2,2.5479536056518555,2.51979923248291,0.028154373168945312,0.028154373168945312,0.0,0.0
80,29,95,tail,4,1.4529658555984497,1.451923429965973,0.0010424256324768066,0.0010424256324768066,0.0,0.0
80,29,96,tail,1,0.06092245876789093,0.06058288365602493,0.0003395751118659973,0.0003395751118659973,0.0,0.0
80,29,97,tail,3,4.283056259155273,4.281278610229492,0.00177764892578125,0.00177764892578125,0.0,0.0
90,0,0,non_tail,1,0.002676716074347496,0.0026594768278300762,1.7239246517419815e-05,1.7239246517419815e-05,0.0,0.0
90,0,2,non_tail,5,0.24543887972831727,0.25040378570556643,-0.004964905977249162,0.0,0.004964905977249162,0.0
90,0,4,non_tail,1,0.9948878288269043,0.9932749271392822,0.0016129016876220703,0.0016129016876220703,0.0,0.0
90,0,5,non_tail,1,0.10409655421972275,0.1023925393819809,0.0017040148377418518,0.0017040148377418518,0.0,0.0
90,0,8,non_tail,1,0.00018249277491122484,0.0001811817055568099,1.3110693544149399e-06,1.3110693544149399e-06,0.0,0.0
90,0,15,non_tail,1,0.0006624649395234883,0.0006430465145967901,1.9418424926698208e-05,1.9418424926698208e-05,0.0,0.0
90,0,37,non_tail,1,0.006227611564099789,0.006207471713423729,2.0139850676059723e-05,2.0139850676059723e-05,0.0,0.0
90,0,55,non_tail,1,0.5506808161735535,0.5589849352836609,-0.008304119110107422,0.0,0.008304119110107422,0.0
90,0,60,non_tail,1,0.9577000141143799,0.9314994812011719,0.026200532913208008,0.026200532913208008,0.0,0.0
90,0,66,non_tail,1,0.015911748632788658,0.015353113412857056,0.0005586352199316025,0.0005586352199316025,0.0,0.0
90,0,69,non_tail,1,1.2619922161102295,1.259903907775879,0.002088308334350586,0.002088308334350586,0.0,0.0
90,0,74,non_tail,1,4.383596420288086,4.408612251281738,-0.025015830993652344,0.0,0.025015830993652344,0.0
90,0,81,tail,1,6.065216064453125,6.050715446472168,0.014500617980957031,0.014500617980957031,0.0,0.0
90,0,83,tail,1,0.8569839000701904,0.8626109957695007,-0.005627095699310303,0.0,0.005627095699310303,0.0
90,1,0,non_tail,3,0.0024671695524981865,0.002467251014119635,-8.146162144839764e-08,0.0,8.146162144839764e-08,0.0
90,1,1,non_tail,1,0.02981637232005596,0.028217755258083344,0.001598617061972618,0.001598617061972618,0.0,0.0
90,1,7,non_tail,6,0.6896284023920695,0.68467116355896,0.004957238833109501,0.004957238833109501,0.0,0.0
90,1,24,non_tail,1,0.8997623324394226,0.8962799310684204,0.0034824013710021973,0.0034824013710021973,0.0,0.0
90,1,28,non_tail,1,0.004427986219525337,0.004383123014122248,4.486320540308952e-05,4.486320540308952e-05,0.0,0.0
90,1,30,non_tail,1,0.16908802092075348,0.16234102845191956,0.006746992468833923,0.006746992468833923,0.0,0.0
90,1,46,non_tail,1,1.041083812713623,1.0406429767608643,0.00044083595275878906,0.00044083595275878906,0.0,0.0
90,1,53,non_tail,2,0.3519595190882683,0.35156668722629547,0.00039283186197280884,0.00039283186197280884,0.0,0.0
90,1,86,tail,1,3.328101634979248,3.2755637168884277,0.05253791809082031,0.05253791809082031,0.0,0.0
90,2,0,non_tail,1,0.0006299418746493757,0.0006242233794182539,5.7184952311217785e-06,5.7184952311217785e-06,0.0,0.0
90,2,3,non_tail,2,0.9313146471977234,0.9317588210105896,-0.00044417381286621094,0.0,0.00044417381286621094,0.0
90,2,5,non_tail,4,0.11198297189548612,0.11244649399304762,-0.0004635220975615084,0.0,0.0004635220975615084,0.0
90,2,6,non_tail,2,0.00944089237600565,0.009301233105361462,0.00013965927064418793,0.00013965927064418793,0.0,0.0
90,2,10,non_tail,2,1.591030776500702,1.5876079201698303,0.003422856330871582,0.003422856330871582,0.0,0.0
90,2,16,non_tail,1,2.418057680130005,2.423278570175171,-0.005220890045166016,0.0,0.005220890045166016,0.0
90,2,22,non_tail,2,1.1329848766326904,1.137039065361023,-0.0040541887283325195,0.0,0.0040541887283325195,0.0
90,2,42,non_tail,1,3.664565086364746,3.7071237564086914,-0.04255867004394531,0.0,0.04255867004394531,0.0
90,2,77,non_tail,1,5.9047064781188965,5.914560794830322,-0.009854316711425781,0.0,0.009854316711425781,0.0
90,2,82,tail,1,0.019177500158548355,0.019364243373274803,-0.00018674321472644806,0.0,0.00018674321472644806,0.0
90,2,91,tail,1,0.5030955076217651,0.48950058221817017,0.01359492540359497,0.01359492540359497,0.0,0.0
90,2,95,tail,1,4.628791809082031,4.647922039031982,-0.019130229949951172,0.0,0.019130229949951172,0.0
90,3,2,non_tail,1,2.306436777114868,2.3203113079071045,-0.013874530792236328,0.0,0.013874530792236328,0.0
90,3,3,non_tail,1,0.048146069049835205,0.04647273197770119,0.001673337072134018,0.001673337072134018,0.0,0.0
90,3,6,non_tail,4,0.15860307845287025,0.15858833491802216,1.4743534848093987e-05,1.4743534848093987e-05,0.0,0.0
90,3,12,non_tail,3,0.5620744178692499,0.5703757057587305,-0.00830128788948059,0.0,0.00830128788948059,0.0
90,3,14,non_tail,1,0.0029365771915763617,0.0029369338881224394,-3.5669654607772827e-07,0.0,3.5669654607772827e-07,0.0
90,3,20,non_tail,1,0.0002907091984525323,0.0002901133266277611,5.958718247711658e-07,5.958718247711658e-07,0.0,0.0
90,3,31,non_tail,1,0.00746721588075161,0.007308177649974823,0.0001590382307767868,0.0001590382307767868,0.0,0.0
90,3,36,non_tail,1,0.08016037195920944,0.0774841383099556,0.002676233649253845,0.002676233649253845,0.0,0.0
90,3,45,non_tail,1,0.29184266924858093,0.2861107885837555,0.0057318806648254395,0.0057318806648254395,0.0,0.0
90,3,77,non_tail,1,4.0910539627075195,4.128783226013184,-0.03772926330566406,0.0,0.03772926330566406,0.0
90,3,79,non_tail,1,8.207230567932129,8.21295166015625,-0.005721092224121094,0.0,0.005721092224121094,0.0
90,3,90,tail,1,0.09301897883415222,0.09252072125673294,0.000498257577419281,0.000498257577419281,0.0,0.0
90,3,94,tail,1,0.0028506380040198565,0.0028254371136426926,2.5200890377163887e-05,2.5200890377163887e-05,0.0,0.0
90,4,1,non_tail,2,0.019336987286806107,0.01847090944647789,0.0008660778403282166,0.0008660778403282166,0.0,0.0
90,4,2,non_tail,1,0.8865898847579956,0.9008499383926392,-0.014260053634643555,0.0,0.014260053634643555,0.0
90,4,3,non_tail,1,3.760003089904785,3.745958089828491,0.014045000076293945,0.014045000076293945,0.0,0.0
90,4,4,non_tail,2,0.3700835108757019,0.37070025503635406,-0.0006167441606521606,0.0,0.0006167441606521606,0.0
90,4,5,non_tail,1,0.0018004650482907891,0.0017841625958681107,1.630245242267847e-05,1.630245242267847e-05,0.0,0.0
90,4,9,non_tail,1,0.012455414980649948,0.01202641986310482,0.00042899511754512787,0.00042899511754512787,0.0,0.0
90,4,11,non_tail,2,0.21412182226777077,0.20750512927770615,0.006616692990064621,0.006616692990064621,0.0,0.0
90,4,17,non_tail,1,0.013995598070323467,0.013549975119531155,0.0004456229507923126,0.0004456229507923126,0.0,0.0
90,4,20,non_tail,2,0.0005996743493597023,0.0005969349222141318,2.7394271455705166e-06,2.7394271455705166e-06,0.0,0.0
90,4,24,non_tail,1,0.11997704207897186,0.11996520310640335,1.1838972568511963e-05,1.1838972568511963e-05,0.0,0.0
90,4,46,non_tail,1,0.5824778079986572,0.5792279839515686,0.003249824047088623,0.003249824047088623,0.0,0.0
90,4,65,non_tail,1,5.105374813079834,5.100139617919922,0.005235195159912109,0.005235195159912109,0.0,0.0
90,4,92,tail,1,5.5737762451171875,5.570302963256836,0.0034732818603515625,0.0034732818603515625,0.0,0.0
90,4,97,tail,1,4.586748123168945,4.509512901306152,0.07723522186279297,0.07723522186279297,0.0,0.0
90,6,1,non_tail,1,0.037929631769657135,0.037034809589385986,0.0008948221802711487,0.0008948221802711487,0.0,0.0
90,6,2,non_tail,2,0.37065747380256653,0.37478044629096985,-0.00412297248840332,0.0,0.00412297248840332,0.0
90,6,7,non_tail,3,0.6084069708983103,0.6071263949076334,0.0012805759906768799,0.0012805759906768799,0.0,0.0
90,6,12,non_tail,3,0.041740256982545056,0.04181847162544727,-7.821464290221763e-05,0.0,7.821464290221763e-05,0.0
90,6,18,non_tail,1,0.06614582240581512,0.06510458141565323,0.0010412409901618958,0.0010412409901618958,0.0,0.0
90,6,23,non_tail,2,0.26264070719480515,0.26245800824835896,0.00018269894644618034,0.00018269894644618034,0.0,0.0
90,6,32,non_tail,1,1.3448255062103271,1.3965445756912231,-0.051719069480895996,0.0,0.051719069480895996,0.0
90,6,38,non_tail,1,1.1601369380950928,1.1614147424697876,-0.0012778043746948242,0.0,0.0012778043746948242,0.0
90,6,54,non_tail,1,0.13857877254486084,0.13740669190883636,0.001172080636024475,0.001172080636024475,0.0,0.0
90,6,70,non_tail,1,0.01076639536768198,0.01080460473895073,-3.820937126874924e-05,0.0,3.820937126874924e-05,0.0
90,6,84,tail,1,3.392805337905884,3.376588821411133,0.016216516494750977,0.016216516494750977,0.0,0.0
90,8,4,non_tail,1,0.09291371703147888,0.09113796055316925,0.0017757564783096313,0.0017757564783096313,0.0,0.0
90,8,5,non_tail,1,0.0008735416340641677,0.0008453133050352335,2.822832902893424e-05,2.822832902893424e-05,0.0,0.0
90,8,6,non_tail,2,0.01158851757645607,0.01156786479987204,2.0652776584029198e-05,2.0652776584029198e-05,0.0,0.0
90,8,7,non_tail,1,0.003132676472887397,0.0030885871965438128,4.408927634358406e-05,4.408927634358406e-05,0.0,0.0
90,8,15,non_tail,1,0.014447367750108242,0.0134209543466568,0.0010264134034514427,0.0010264134034514427,0.0,0.0
90,8,17,non_tail,1,0.05532556772232056,0.05521536245942116,0.0001102052628993988,0.0001102052628993988,0.0,0.0
90,8,21,non_tail,1,0.0011835244949907064,0.0011603058082982898,2.3218686692416668e-05,2.3218686692416668e-05,0.0,0.0
90,8,26,non_tail,3,2.6537941296895347,2.6686579386393228,-0.014863808949788115,0.0,0.014863808949788115,0.0
90,8,38,non_tail,1,0.0002571013756096363,0.00025328766787424684,3.813707735389471e-06,3.813707735389471e-06,0.0,0.0
90,8,46,non_tail,1,0.24167144298553467,0.2386561930179596,0.0030152499675750732,0.0030152499675750732,0.0,0.0
90,8,57,non_tail,1,0.1551225185394287,0.15369482338428497,0.0014276951551437378,0.0014276951551437378,0.0,0.0
90,8,58,non_tail,1,1.0635790824890137,1.0903921127319336,-0.026813030242919922,0.0,0.026813030242919922,0.0
90,8,62,non_tail,1,3.1618332862854004,3.166257381439209,-0.004424095153808594,0.0,0.004424095153808594,0.0
90,8,83,tail,1,1.8142482042312622,1.8052458763122559,0.009002327919006348,0.009002327919006348,0.0,0.0
90,9,1,non_tail,1,0.05334770306944847,0.05209209397435188,0.0012556090950965881,0.0012556090950965881,0.0,0.0
90,9,2,non_tail,1,0.03743874654173851,0.03820022940635681,-0.0007614828646183014,0.0,0.0007614828646183014,0.0
90,9,4,non_tail,2,1.3975616693496704,1.4108041822910309,-0.013242512941360474,0.0,0.013242512941360474,0.0
90,9,6,non_tail,1,0.0033372920006513596,0.0033049744088202715,3.2317591831088066e-05,3.2317591831088066e-05,0.0,0.0
90,9,7,non_tail,1,0.12370547652244568,0.1228833943605423,0.0008220821619033813,0.0008220821619033813,0.0,0.0
90,9,13,non_tail,1,0.004598400089889765,0.004549628589302301,4.877150058746338e-05,4.877150058746338e-05,0.0,0.0
90,9,14,non_tail,4,0.28822554531507194,0.2871711081825197,0.0010544371325522661,0.0010544371325522661,0.0,0.0
90,9,17,non_tail,1,0.002116346498951316,0.002092197770252824,2.414872869849205e-05,2.414872869849205e-05,0.0,0.0
90,9,35,non_tail,1,0.04924686998128891,0.048824064433574677,0.0004228055477142334,0.0004228055477142334,0.0,0.0
90,9,52,non_tail,1,1.4049694538116455,1.3973820209503174,0.007587432861328125,0.007587432861328125,0.0,0.0
90,9,67,non_tail,1,0.5553953647613525,0.5660396814346313,-0.010644316673278809,0.0,0.010644316673278809,0.0
90,9,79,non_tail,1,3.3130722045898438,3.3205556869506836,-0.007483482360839844,0.0,0.007483482360839844,0.0
90,9,86,tail,1,0.3866523206233978,0.3630354404449463,0.023616880178451538,0.023616880178451538,0.0,0.0
90,9,89,tail,1,5.918692588806152,5.855104923248291,0.06358766555786133,0.06358766555786133,0.0,0.0
90,12,0,non_tail,1,0.00021038226259406656,0.00020954797219019383,8.342904038727283e-07,8.342904038727283e-07,0.0,0.0
90,12,1,non_tail,2,0.7376268655061722,0.7274466753005981,0.010180190205574036,0.010180190205574036,0.0,0.0
90,12,3,non_tail,1,0.016517208889126778,0.016147078946232796,0.00037012994289398193,0.00037012994289398193,0.0,0.0
90,12,10,non_tail,1,0.0012475810945034027,0.0012444854946807027,3.0955998227000237e-06,3.0955998227000237e-06,0.0,0.0
90,12,12,non_tail,1,0.017626307904720306,0.017862407490611076,-0.00023609958589076996,0.0,0.00023609958589076996,0.0
90,12,13,non_tail,2,0.0916578599717468,0.08906596899032593,0.0025918909814208746,0.0025918909814208746,0.0,0.0
90,12,17,non_tail,1,0.003987814299762249,0.0037952077109366655,0.00019260658882558346,0.00019260658882558346,0.0,0.0
90,12,26,non_tail,1,0.04519011080265045,0.045647598803043365,-0.0004574880003929138,0.0,0.0004574880003929138,0.0
90,12,27,non_tail,2,1.2545340359210968,1.2755753844976425,-0.021041348576545715,0.0,0.021041348576545715,0.0
90,12,28,non_tail,1,0.0250779390335083,0.025046316906809807,3.162212669849396e-05,3.162212669849396e-05,0.0,0.0
90,12,38,non_tail,1,0.18517932295799255,0.18299500644207,0.0021843165159225464,0.0021843165159225464,0.0,0.0
90,12,41,non_tail,1,0.025241034105420113,0.025081194937229156,0.00015983916819095612,0.00015983916819095612,0.0,0.0
90,12,59,non_tail,1,1.2285668849945068,1.2327697277069092,-0.004202842712402344,0.0,0.004202842712402344,0.0
90,12,85,tail,1,0.8016783595085144,0.7551955580711365,0.04648280143737793,0.04648280143737793,0.0,0.0
90,12,90,tail,1,3.281341552734375,3.273348569869995,0.007992982864379883,0.007992982864379883,0.0,0.0
90,13,4,non_tail,3,0.24407040576140085,0.2421444704135259,0.0019259353478749408,0.0019259353478749408,0.0,0.0
90,13,6,non_tail,1,0.0043154689483344555,0.004175278823822737,0.00014019012451171875,0.00014019012451171875,0.0,0.0
90,13,8,non_tail,2,0.0015825657173991203,0.0015414513181895018,4.111439920961857e-05,4.111439920961857e-05,0.0,0.0
90,13,11,non_tail,1,0.021529534831643105,0.021689943969249725,-0.0001604091376066208,0.0,0.0001604091376066208,0.0
90,13,25,non_tail,2,0.024349779821932316,0.024067286401987076,0.00028249341994524,0.00028249341994524,0.0,0.0
90,13,26,non_tail,3,0.5109742681185404,0.5175967191656431,-0.006622451047102684,0.0,0.006622451047102684,0.0
90,13,28,non_tail,1,1.8034337759017944,1.8083240985870361,-0.004890322685241699,0.0,0.004890322685241699,0.0
90,13,40,non_tail,1,0.10324012488126755,0.10268518328666687,0.0005549415946006775,0.0005549415946006775,0.0,0.0
90,13,58,non_tail,1,0.06750204414129257,0.06734480708837509,0.00015723705291748047,0.00015723705291748047,0.0,0.0
90,13,68,non_tail,1,0.10567014664411545,0.10661794245243073,-0.0009477958083152771,0.0,0.0009477958083152771,0.0
90,13,87,tail,1,0.044336091727018356,0.04344504699110985,0.0008910447359085083,0.0008910447359085083,0.0,0.0
90,14,1,non_tail,1,0.011070732958614826,0.010664495639503002,0.00040623731911182404,0.00040623731911182404,0.0,0.0
90,14,4,non_tail,1,0.28809884190559387,0.285045862197876,0.0030529797077178955,0.0030529797077178955,0.0,0.0
90,14,11,non_tail,1,0.012809966690838337,0.012645301409065723,0.00016466528177261353,0.00016466528177261353,0.0,0.0
90,14,14,non_tail,2,0.2937483103014529,0.2879114029929042,0.005836907308548689,0.005836907308548689,0.0,0.0
90,14,17,non_tail,1,1.3057971000671387,1.300694227218628,0.005102872848510742,0.005102872848510742,0.0,0.0
90,14,21,non_tail,2,0.0037121339701116085,0.00363357225432992,7.856171578168869e-05,7.856171578168869e-05,0.0,0.0
90,14,28,non_tail,2,0.38758818060159683,0.3865010216832161,0.0010871589183807373,0.0010871589183807373,0.0,0.0
90,14,32,non_tail,1,0.0020226037595421076,0.0020325970835983753,-9.993324056267738e-06,0.0,9.993324056267738e-06,0.0
90,14,43,non_tail,1,0.17723163962364197,0.1685205101966858,0.008711129426956177,0.008711129426956177,0.0,0.0
90,14,46,non_tail,1,0.4094037115573883,0.4076234698295593,0.0017802417278289795,0.0017802417278289795,0.0,0.0
90,14,55,non_tail,1,2.3462979793548584,2.356797695159912,-0.010499715805053711,0.0,0.010499715805053711,0.0
90,14,56,non_tail,1,0.36544474959373474,0.3554037809371948,0.010040968656539917,0.010040968656539917,0.0,0.0
90,14,75,non_tail,1,3.2767488956451416,3.2705423831939697,0.006206512451171875,0.006206512451171875,0.0,0.0
90,14,85,tail,1,4.068236351013184,4.054177284240723,0.014059066772460938,0.014059066772460938,0.0,0.0
90,14,96,tail,1,1.7511982917785645,1.7136081457138062,0.0375901460647583,0.0375901460647583,0.0,0.0
90,15,0,non_tail,5,0.10512784868478775,0.10189537480473518,0.003232473880052572,0.003232473880052572,0.0,0.0
90,15,2,non_tail,1,0.025599563494324684,0.026605898514389992,-0.0010063350200653076,0.0,0.0010063350200653076,0.0
90,15,3,non_tail,3,0.0280231311917305,0.027158630390961964,0.0008645008007685355,0.0008645008007685355,0.0,0.0
90,15,9,non_tail,1,0.09607447683811188,0.09589014947414398,0.0001843273639678955,0.0001843273639678955,0.0,0.0
90,15,13,non_tail,1,0.6014637351036072,0.5898299217224121,0.011633813381195068,0.011633813381195068,0.0,0.0
90,15,16,non_tail,1,4.180299758911133,4.14345121383667,0.03684854507446289,0.03684854507446289,0.0,0.0
90,15,19,non_tail,1,0.0025329669006168842,0.002481002826243639,5.196407437324524e-05,5.196407437324524e-05,0.0,0.0
90,15,53,non_tail,1,0.024239491671323776,0.024315351620316505,-7.585994899272919e-05,0.0,7.585994899272919e-05,0.0
90,15,57,non_tail,1,0.5054506063461304,0.5019427537918091,0.003507852554321289,0.003507852554321289,0.0,0.0
90,15,66,non_tail,1,2.9159793853759766,2.9204111099243164,-0.004431724548339844,0.0,0.004431724548339844,0.0
90,15,84,tail,1,4.738470077514648,4.726042747497559,0.012427330017089844,0.012427330017089844,0.0,0.0
90,15,88,tail,1,0.14551569521427155,0.14419764280319214,0.0013180524110794067,0.0013180524110794067,0.0,0.0
90,16,0,non_tail,1,0.015969237312674522,0.01568445935845375,0.0002847779542207718,0.0002847779542207718,0.0,0.0
90,16,1,non_tail,1,0.006307811941951513,0.0060748932883143425,0.0002329186536371708,0.0002329186536371708,0.0,0.0
90,16,2,non_tail,1,0.05682729557156563,0.05827886238694191,-0.0014515668153762817,0.0,0.0014515668153762817,0.0
90,16,4,non_tail,2,0.6121948324143887,0.6146046407520771,-0.002409808337688446,0.0,0.002409808337688446,0.0
90,16,10,non_tail,3,0.7976044019063314,0.7867007255554199,0.010903676350911495,0.010903676350911495,0.0,33.333333333333336
90,16,11,non_tail,2,0.282009344547987,0.2763559129089117,0.005653431639075279,0.005653431639075279,0.0,0.0
90,16,29,non_tail,1,0.000816012208815664,0.0008005275158211589,1.5484692994505167e-05,1.5484692994505167e-05,0.0,0.0
90,16,30,non_tail,1,5.22028112411499,5.207953453063965,0.01232767105102539,0.01232767105102539,0.0,0.0
90,16,36,non_tail,1,0.1818576604127884,0.1755983978509903,0.006259262561798096,0.006259262561798096,0.0,0.0
90,16,41,non_tail,1,0.07730738818645477,0.07642416656017303,0.0008832216262817383,0.0008832216262817383,0.0,0.0
90,16,59,non_tail,1,5.602510929107666,5.602260112762451,0.00025081634521484375,0.00025081634521484375,0.0,0.0
90,16,74,non_tail,1,0.9054805040359497,0.918789267539978,-0.01330876350402832,0.0,0.01330876350402832,0.0
90,16,93,tail,1,2.2958176136016846,2.2096402645111084,0.08617734909057617,0.08617734909057617,0.0,0.0
90,17,1,non_tail,1,0.0029929152224212885,0.002934794407337904,5.8120815083384514e-05,5.8120815083384514e-05,0.0,0.0
90,17,3,non_tail,1,3.2118120193481445,3.1966371536254883,0.01517486572265625,0.01517486572265625,0.0,0.0
90,17,4,non_tail,2,1.4515687823295593,1.494092434644699,-0.04252365231513977,0.0,0.04252365231513977,0.0
90,17,5,non_tail,1,1.059553623199463,1.0604870319366455,-0.0009334087371826172,0.0,0.0009334087371826172,0.0
90,17,6,non_tail,1,0.0010935047175735235,0.0011019593803212047,-8.454662747681141e-06,0.0,8.454662747681141e-06,0.0
90,17,13,non_tail,2,0.3407735526561737,0.33438628911972046,0.006387263536453247,0.006387263536453247,0.0,0.0
90,17,18,non_tail,2,0.7601795792579651,0.7581731081008911,0.0020064711570739746,0.0020064711570739746,0.0,0.0
90,17,23,non_tail,1,0.016488363966345787,0.01654699258506298,-5.8628618717193604e-05,0.0,5.8628618717193604e-05,0.0
90,17,26,non_tail,1,1.3423699140548706,1.354641318321228,-0.012271404266357422,0.0,0.012271404266357422,0.0
90,17,30,non_tail,1,0.0660160481929779,0.06557013094425201,0.0004459172487258911,0.0004459172487258911,0.0,0.0
90,17,31,non_tail,1,1.8559672832489014,1.8642315864562988,-0.008264303207397461,0.0,0.008264303207397461,0.0
90,17,33,non_tail,1,4.8206634521484375,4.8002095222473145,0.020453929901123047,0.020453929901123047,0.0,0.0
90,17,40,non_tail,1,0.013234156183898449,0.013238155283033848,-3.999099135398865e-06,0.0,3.999099135398865e-06,0.0
90,17,80,tail,1,5.312662124633789,5.286262035369873,0.026400089263916016,0.026400089263916016,0.0,0.0
90,20,0,non_tail,1,0.011422003619372845,0.011428839527070522,-6.835907697677612e-06,0.0,6.835907697677612e-06,0.0
90,20,1,non_tail,1,0.01487438753247261,0.013939053751528263,0.0009353337809443474,0.0009353337809443474,0.0,0.0
90,20,3,non_tail,3,0.19864383339881897,0.1939296821753184,0.004714151223500579,0.004714151223500579,0.0,0.0
90,20,5,non_tail,1,0.00652006920427084,0.006450071930885315,6.999727338552475e-05,6.999727338552475e-05,0.0,0.0
90,20,9,non_tail,1,4.336966514587402,4.300191879272461,0.036774635314941406,0.036774635314941406,0.0,0.0
90,20,11,non_tail,2,0.5292999744415283,0.5122957229614258,0.01700425148010254,0.01700425148010254,0.0,0.0
90,20,15,non_tail,1,0.09310109168291092,0.09083233773708344,0.002268753945827484,0.002268753945827484,0.0,0.0
90,20,16,non_tail,2,1.491332730744034,1.4915324682369828,-0.00019973749294877052,0.0,0.00019973749294877052,0.0
90,20,21,non_tail,1,0.2048681527376175,0.2053125947713852,-0.0004444420337677002,0.0,0.0004444420337677002,0.0
90,20,32,non_tail,1,0.6350692510604858,0.6613893508911133,-0.02632009983062744,0.0,0.02632009983062744,0.0
90,20,33,non_tail,1,0.025455353781580925,0.025186633691191673,0.0002687200903892517,0.0002687200903892517,0.0,0.0
90,20,34,non_tail,1,0.33774805068969727,0.33025839924812317,0.007489651441574097,0.007489651441574097,0.0,0.0
90,20,81,tail,1,0.49936825037002563,0.4951138198375702,0.004254430532455444,0.004254430532455444,0.0,0.0
90,20,82,tail,1,2.2472105026245117,2.2611336708068848,-0.013923168182373047,0.0,0.013923168182373047,0.0
90,20,87,tail,1,0.03182581067085266,0.0309621449559927,0.0008636657148599625,0.0008636657148599625,0.0,0.0
90,21,0,non_tail,1,0.030232831835746765,0.03010212816298008,0.00013070367276668549,0.00013070367276668549,0.0,0.0
90,21,7,non_tail,1,0.21204185485839844,0.20975138247013092,0.002290472388267517,0.002290472388267517,0.0,0.0
90,21,10,non_tail,1,0.23223628103733063,0.2326018512248993,-0.00036557018756866455,0.0,0.00036557018756866455,0.0
90,21,14,non_tail,4,0.6255653263069689,0.6145741492509842,0.010991177055984735,0.010991177055984735,0.0,0.0
90,21,17,non_tail,3,0.018335665265719097,0.017782151699066162,0.0005535135666529349,0.0005535135666529349,0.0,0.0
90,21,19,non_tail,1,1.9668643474578857,1.9614648818969727,0.005399465560913086,0.005399465560913086,0.0,0.0
90,21,23,non_tail,2,0.08763917535543442,0.08890701085329056,-0.0012678354978561401,0.0,0.0012678354978561401,0.0
90,21,26,non_tail,1,0.09732821583747864,0.09757596999406815,-0.00024775415658950806,0.0,0.00024775415658950806,0.0
90,21,29,non_tail,1,0.4904210865497589,0.5110408663749695,-0.02061977982521057,0.0,0.02061977982521057,0.0
90,21,33,non_tail,1,5.669855117797852,5.662040710449219,0.007814407348632812,0.007814407348632812,0.0,0.0
90,21,82,tail,1,3.0774331092834473,3.0754542350769043,0.0019788742065429688,0.0019788742065429688,0.0,0.0
90,24,2,non_tail,1,0.3314126431941986,0.33875060081481934,-0.0073379576206207275,0.0,0.0073379576206207275,0.0
90,24,6,non_tail,3,0.25329019625981647,0.2508031576871872,0.0024870385726292743,0.0024870385726292743,0.0,0.0
90,24,7,non_tail,2,0.20177100598812103,0.19506700336933136,0.006704002618789673,0.006704002618789673,0.0,0.0
90,24,14,non_tail,2,1.007065013051033,1.0073813516646624,-0.0003163386136293411,0.0,0.0003163386136293411,0.0
90,24,15,non_tail,1,0.00974729098379612,0.009622973389923573,0.00012431759387254715,0.00012431759387254715,0.0,0.0
90,24,17,non_tail,1,0.002086130902171135,0.001991552533581853,9.457836858928204e-05,9.457836858928204e-05,0.0,0.0
90,24,18,non_tail,1,0.09485699236392975,0.09115428477525711,0.003702707588672638,0.003702707588672638,0.0,0.0
90,24,23,non_tail,1,0.07365883886814117,0.07488789409399033,-0.0012290552258491516,0.0,0.0012290552258491516,0.0
90,24,25,non_tail,1,0.5735988616943359,0.5664507746696472,0.007148087024688721,0.007148087024688721,0.0,0.0
90,24,30,non_tail,1,1.2495970726013184,1.2622774839401245,-0.012680411338806152,0.0,0.012680411338806152,0.0
90,24,42,non_tail,1,0.00145948666613549,0.0014175852993503213,4.190136678516865e-05,4.190136678516865e-05,0.0,0.0
90,24,43,non_tail,1,1.7424594163894653,1.7192230224609375,0.023236393928527832,0.023236393928527832,0.0,0.0
90,24,98,tail,1,1.086393117904663,1.0881028175354004,-0.0017096996307373047,0.0,0.0017096996307373047,0.0
90,25,3,non_tail,1,0.009934387169778347,0.009595935232937336,0.00033845193684101105,0.00033845193684101105,0.0,0.0
90,25,5,non_tail,2,0.022928300313651562,0.022593320347368717,0.00033497996628284454,0.00033497996628284454,0.0,0.0
90,25,6,non_tail,1,0.0019356340635567904,0.001918857917189598,1.677614636719227e-05,1.677614636719227e-05,0.0,0.0
90,25,14,non_tail,1,0.009379488416016102,0.009167364798486233,0.00021212361752986908,0.00021212361752986908,0.0,0.0
90,25,15,non_tail,5,0.20679057836532594,0.20454838052392005,0.0022421978414058907,0.0022421978414058907,0.0,0.0
90,25,16,non_tail,1,0.0021975908894091845,0.002188907703384757,8.683186024427414e-06,8.683186024427414e-06,0.0,0.0
90,25,21,non_tail,3,0.09195075028886397,0.0866276038189729,0.005323146469891071,0.005323146469891071,0.0,0.0
90,25,41,non_tail,1,2.3401994705200195,2.304382801055908,0.03581666946411133,0.03581666946411133,0.0,0.0
90,25,45,non_tail,1,5.048573017120361,5.060805797576904,-0.012232780456542969,0.0,0.012232780456542969,0.0
90,25,80,tail,1,1.0718854665756226,1.0515706539154053,0.020314812660217285,0.020314812660217285,0.0,0.0
90,25,89,tail,1,1.9471771717071533,1.930253267288208,0.016923904418945312,0.016923904418945312,0.0,0.0
90,25,99,tail,1,0.5287337899208069,0.5282063484191895,0.0005274415016174316,0.0005274415016174316,0.0,0.0
90,26,0,non_tail,6,0.04775319163066646,0.04762322797129551,0.00012996365937094356,0.00012996365937094356,0.0,0.0
90,26,1,non_tail,1,0.03303871676325798,0.03166539967060089,0.0013733170926570892,0.0013733170926570892,0.0,0.0
90,26,8,non_tail,1,0.0027756281197071075,0.002798333764076233,-2.2705644369125366e-05,0.0,2.2705644369125366e-05,0.0
90,26,13,non_tail,2,0.0030159318121150136,0.002955967909656465,5.9963902458548546e-05,5.9963902458548546e-05,0.0,0.0
90,26,15,non_tail,1,1.146341323852539,1.147470235824585,-0.0011289119720458984,0.0,0.0011289119720458984,0.0
90,26,16,non_tail,1,0.002090056659653783,0.002074948512017727,1.5108147636055946e-05,1.5108147636055946e-05,0.0,0.0
90,26,20,non_tail,1,0.0007939761853776872,0.0007934997556731105,4.7642970457673073e-07,4.7642970457673073e-07,0.0,0.0
90,26,29,non_tail,1,1.3242520093917847,1.343914270401001,-0.01966226100921631,0.0,0.01966226100921631,0.0
90,26,37,non_tail,1,1.3253192901611328,1.3480379581451416,-0.02271866798400879,0.0,0.02271866798400879,0.0
90,26,58,non_tail,1,0.0026780238840729,0.0026793316937983036,-1.3078097254037857e-06,0.0,1.3078097254037857e-06,0.0
90,26,80,tail,1,0.1104464903473854,0.11051341146230698,-6.692111492156982e-05,0.0,6.692111492156982e-05,0.0
90,26,88,tail,1,5.755160331726074,5.679596424102783,0.07556390762329102,0.07556390762329102,0.0,0.0
90,26,91,tail,1,1.4012210369110107,1.3923487663269043,0.008872270584106445,0.008872270584106445,0.0,0.0
90,27,0,non_tail,1,0.0013423488708212972,0.001347229932434857,-4.881061613559723e-06,0.0,4.881061613559723e-06,0.0
90,27,2,non_tail,1,0.942550778388977,0.956562876701355,-0.01401209831237793,0.0,0.01401209831237793,0.0
90,27,6,non_tail,1,0.0807982087135315,0.0811549499630928,-0.0003567412495613098,0.0,0.0003567412495613098,0.0
90,27,7,non_tail,1,4.428165912628174,4.430863380432129,-0.002697467803955078,0.0,0.002697467803955078,0.0
90,27,81,tail,5,2.845852279663086,2.8416332244873046,0.00421905517578125,0.00421905517578125,0.0,0.0
90,27,82,tail,4,0.48778427578508854,0.4844793379306793,0.003304937854409218,0.003304937854409218,0.0,0.0
90,27,83,tail,6,1.7888909975687664,1.7858937581380208,0.0029972394307455907,0.0029972394307455907,0.0,0.0
90,27,84,tail,1,0.7317686676979065,0.7159719467163086,0.0157967209815979,0.0157967209815979,0.0,0.0
90,27,86,tail,6,1.9948811531066895,1.9799092610677083,0.014971892038981194,0.014971892038981194,0.0,0.0
90,27,87,tail,2,0.021964989602565765,0.021653763949871063,0.00031122565269470215,0.00031122565269470215,0.0,0.0
90,27,88,tail,5,0.9049068450927734,0.8758039474487305,0.029102897644042947,0.029102897644042947,0.0,0.0
90,27,93,tail,4,5.878032445907593,5.878951907157898,-0.0009194612503051758,0.0,0.0009194612503051758,0.0
90,27,94,tail,5,2.0850845336914063,2.071939468383789,0.013145065307617276,0.013145065307617276,0.0,0.0
90,27,95,tail,1,4.968685150146484,4.979671001434326,-0.010985851287841797,0.0,0.010985851287841797,0.0
90,27,98,tail,3,3.449716488520304,3.448293368021647,0.0014231204986572266,0.0014231204986572266,0.0,0.0
90,28,3,non_tail,1,0.03774230554699898,0.03695175051689148,0.0007905550301074982,0.0007905550301074982,0.0,0.0
90,28,5,non_tail,1,0.004797139670699835,0.004690003115683794,0.0001071365550160408,0.0001071365550160408,0.0,0.0
90,28,82,tail,4,0.6185427308082581,0.6114615201950073,0.007081210613250732,0.007081210613250732,0.0,0.0
90,28,83,tail,2,3.541194438934326,3.5440895557403564,-0.0028951168060302734,0.0,0.0028951168060302734,0.0
90,28,84,tail,6,4.499877452850342,4.4916839599609375,0.008193492889404297,0.008193492889404297,0.0,0.0
90,28,85,tail,2,4.26587438583374,4.236982822418213,0.028891563415527344,0.028891563415527344,0.0,0.0
90,28,86,tail,1,0.005876525770872831,0.005609959363937378,0.0002665664069354534,0.0002665664069354534,0.0,0.0
90,28,87,tail,1,4.459046363830566,4.441160202026367,0.01788616180419922,0.01788616180419922,0.0,0.0
90,28,89,tail,4,3.7210922241210938,3.6830224990844727,0.038069725036621094,0.038069725036621094,0.0,0.0
90,28,90,tail,1,0.038404908031225204,0.037825070321559906,0.0005798377096652985,0.0005798377096652985,0.0,0.0
90,28,91,tail,3,3.161736488342285,3.131755828857422,0.02998065948486328,0.02998065948486328,0.0,0.0
90,28,92,tail,3,2.495690186818441,2.499390443166097,-0.00370025634765625,0.0,0.00370025634765625,0.0
90,28,93,tail,1,6.993654251098633,6.959847450256348,0.033806800842285156,0.033806800842285156,0.0,0.0
90,28,96,tail,3,2.446239789326986,2.4332898457845054,0.012949943542480469,0.012949943542480469,0.0,0.0
90,28,97,tail,1,4.563333511352539,4.518673419952393,0.044660091400146484,0.044660091400146484,0.0,0.0
90,28,98,tail,1,3.0711302757263184,3.067190170288086,0.003940105438232422,0.003940105438232422,0.0,0.0
90,28,99,tail,4,3.3528947830200195,3.3592019081115723,-0.006307125091552734,0.0,0.006307125091552734,0.0
90,29,1,non_tail,1,0.06831224262714386,0.06746917217969894,0.0008430704474449158,0.0008430704474449158,0.0,0.0
90,29,4,non_tail,1,1.2989728450775146,1.3166438341140747,-0.01767098903656006,0.0,0.01767098903656006,0.0
90,29,8,non_tail,1,2.063901901245117,2.0551986694335938,0.008703231811523438,0.008703231811523438,0.0,0.0
90,29,9,non_tail,1,0.015675539150834084,0.015580477192997932,9.506195783615112e-05,9.506195783615112e-05,0.0,0.0
90,29,10,non_tail,1,0.2792733609676361,0.2764798402786255,0.00279352068901062,0.00279352068901062,0.0,0.0
90,29,80,tail,8,3.515023946762085,3.4940953254699707,0.020928621292114258,0.020928621292114258,0.0,0.0
90,29,81,tail,4,2.680501937866211,2.6749372482299805,0.005564689636230469,0.005564689636230469,0.0,0.0
90,29,84,tail,1,9.217878341674805,9.189827919006348,0.02805042266845703,0.02805042266845703,0.0,0.0
90,29,85,tail,5,0.06376479417085648,0.06213306784629822,0.0016317263245582622,0.0016317263245582622,0.0,0.0
90,29,87,tail,3,4.245033264160156,4.222377777099609,0.022655487060546875,0.022655487060546875,0.0,0.0
90,29,88,tail,1,1.456499457359314,1.4238619804382324,0.03263747692108154,0.03263747692108154,0.0,0.0
90,29,89,tail,1,1.886641263961792,1.855964183807373,0.030677080154418945,0.030677080154418945,0.0,0.0
90,29,90,tail,4,0.27106813713908195,0.2657892592251301,0.005278877913951874,0.005278877913951874,0.0,0.0
90,29,91,tail,2,1.6971800327301025,1.6836950778961182,0.013484954833984375,0.013484954833984375,0.0,0.0
90,29,92,tail,2,2.568922996520996,2.556779623031616,0.012143373489379883,0.012143373489379883,0.0,0.0
90,29,95,tail,4,1.4786665439605713,1.4736624956130981,0.0050040483474731445,0.0050040483474731445,0.0,0.0
90,29,96,tail,1,0.06362027674913406,0.06256251782178879,0.0010577589273452759,0.0010577589273452759,0.0,0.0
90,29,97,tail,3,4.2665707270304365,4.263152122497559,0.0034186045328779002,0.0034186045328779002,0.0,0.0
100,0,0,non_tail,1,0.0026116808876395226,0.0025316590908914804,8.00217967480421e-05,8.00217967480421e-05,0.0,0.0
100,0,2,non_tail,5,0.24030907452106476,0.2470091164112091,-0.006700041890144337,0.0,0.006700041890144337,0.0
100,0,4,non_tail,1,1.0068519115447998,1.0169627666473389,-0.010110855102539062,0.0,0.010110855102539062,0.0
100,0,5,non_tail,1,0.10323292016983032,0.0946340560913086,0.008598864078521729,0.008598864078521729,0.0,0.0
100,0,8,non_tail,1,0.0001787979417713359,0.00017629499780014157,2.502943971194327e-06,2.502943971194327e-06,0.0,0.0
100,0,15,non_tail,1,0.0006549597019329667,0.0006306566647253931,2.4303037207573652e-05,2.4303037207573652e-05,0.0,0.0
100,0,37,non_tail,1,0.006393099669367075,0.006199415773153305,0.0001936838962137699,0.0001936838962137699,0.0,0.0
100,0,55,non_tail,1,0.5287480354309082,0.536027193069458,-0.007279157638549805,0.0,0.007279157638549805,0.0
100,0,60,non_tail,1,0.9059730768203735,0.8614694476127625,0.044503629207611084,0.044503629207611084,0.0,0.0
100,0,66,non_tail,1,0.016198454424738884,0.015101977623999119,0.0010964768007397652,0.0010964768007397652,0.0,0.0
100,0,69,non_tail,1,1.2251825332641602,1.2606394290924072,-0.03545689582824707,0.0,0.03545689582824707,0.0
100,0,74,non_tail,1,4.4274749755859375,4.468692779541016,-0.041217803955078125,0.0,0.041217803955078125,0.0
100,0,81,tail,1,6.057140350341797,6.059737205505371,-0.0025968551635742188,0.0,0.0025968551635742188,0.0
100,0,83,tail,1,0.8745112419128418,0.88134765625,-0.006836414337158203,0.0,0.006836414337158203,0.0
100,1,0,non_tail,3,0.0024179905109728375,0.0023809518412842103,3.7038669688627124e-05,3.7038669688627124e-05,0.0,0.0
100,1,1,non_tail,1,0.027570633217692375,0.025616180151700974,0.0019544530659914017,0.0019544530659914017,0.0,0.0
100,1,7,non_tail,6,0.6808943748474121,0.6784951686859131,0.0023992061614990234,0.0023992061614990234,0.0,0.0
100,1,24,non_tail,1,0.8945083618164062,0.8926814198493958,0.001826941967010498,0.001826941967010498,0.0,0.0
100,1,28,non_tail,1,0.004574429709464312,0.004548441618680954,2.598809078335762e-05,2.598809078335762e-05,0.0,0.0
100,1,30,non_tail,1,0.15616390109062195,0.14792400598526,0.008239895105361938,0.008239895105361938,0.0,0.0
100,1,46,non_tail,1,0.9941878914833069,0.9814823865890503,0.012705504894256592,0.012705504894256592,0.0,0.0
100,1,53,non_tail,2,0.34971099346876144,0.35273610800504684,-0.0030251145362854004,0.0,0.0030251145362854004,0.0
100,1,86,tail,1,3.3330373764038086,3.2782697677612305,0.054767608642578125,0.054767608642578125,0.0,0.0
100,2,0,non_tail,1,0.0006229128921404481,0.0005983707960695028,2.4542096070945263e-05,2.4542096070945263e-05,0.0,0.0
100,2,3,non_tail,2,0.9148402810096741,0.9196826815605164,-0.004842400550842285,0.0,0.004842400550842285,0.0
100,2,5,non_tail,4,0.11317645190865733,0.11035533290123567,0.0028211190074216574,0.0028211190074216574,0.0,0.0
100,2,6,non_tail,2,0.00955473817884922,0.009093627333641052,0.00046111084520816803,0.00046111084520816803,0.0,0.0
100,2,10,non_tail,2,1.5525259375572205,1.53805810213089,0.014467835426330566,0.014467835426330566,0.0,0.0
100,2,16,non_tail,1,2.361358642578125,2.369175910949707,-0.007817268371582031,0.0,0.007817268371582031,0.0
100,2,22,non_tail,2,1.1418622732162476,1.1396831274032593,0.0021791458129882812,0.0021791458129882812,0.0,0.0
100,2,42,non_tail,1,3.5818324089050293,3.6400468349456787,-0.058214426040649414,0.0,0.058214426040649414,0.0
100,2,77,non_tail,1,5.905638694763184,5.921165466308594,-0.015526771545410156,0.0,0.015526771545410156,0.0
100,2,82,tail,1,0.017957838252186775,0.018671350553631783,-0.0007135123014450073,0.0,0.0007135123014450073,0.0
100,2,91,tail,1,0.5156330466270447,0.49585944414138794,0.01977360248565674,0.01977360248565674,0.0,0.0
100,2,95,tail,1,4.718000888824463,4.751537799835205,-0.03353691101074219,0.0,0.03353691101074219,0.0
100,3,2,non_tail,1,2.344327688217163,2.350429058074951,-0.006101369857788086,0.0,0.006101369857788086,0.0
100,3,3,non_tail,1,0.047106146812438965,0.04458136111497879,0.0025247856974601746,0.0025247856974601746,0.0,0.0
100,3,6,non_tail,4,0.152076126774773,0.15021346136927605,0.001862665405496955,0.001862665405496955,0.0,0.0
100,3,12,non_tail,3,0.5386910488208135,0.5469029148419698,-0.008211866021156311,0.0,0.008211866021156311,0.0
100,3,14,non_tail,1,0.00292932684533298,0.002922789426520467,6.5374188125133514e-06,6.5374188125133514e-06,0.0,0.0
100,3,20,non_tail,1,0.00029595286468975246,0.00030083899036981165,-4.8861256800591946e-06,0.0,4.8861256800591946e-06,0.0
100,3,31,non_tail,1,0.007263680454343557,0.007195865735411644,6.781471893191338e-05,6.781471893191338e-05,0.0,0.0
100,3,36,non_tail,1,0.07987018674612045,0.07751447707414627,0.002355709671974182,0.002355709671974182,0.0,0.0
100,3,45,non_tail,1,0.2682585120201111,0.2613832950592041,0.006875216960906982,0.006875216960906982,0.0,0.0
100,3,77,non_tail,1,4.159331321716309,4.260342597961426,-0.10101127624511719,0.0,0.10101127624511719,0.0
100,3,79,non_tail,1,8.24400520324707,8.240657806396484,0.0033473968505859375,0.0033473968505859375,0.0,0.0
100,3,90,tail,1,0.0918484479188919,0.08984439074993134,0.0020040571689605713,0.0020040571689605713,0.0,0.0
100,3,94,tail,1,0.002683730563148856,0.0026008610147982836,8.286954835057259e-05,8.286954835057259e-05,0.0,0.0
100,4,1,non_tail,2,0.01813661539927125,0.01701946323737502,0.0011171521618962288,0.0011171521618962288,0.0,0.0
100,4,2,non_tail,1,0.8828084468841553,0.905466616153717,-0.022658169269561768,0.0,0.022658169269561768,0.0
100,4,3,non_tail,1,3.7363181114196777,3.717008590698242,0.019309520721435547,0.019309520721435547,0.0,0.0
100,4,4,non_tail,2,0.376625120639801,0.3767770230770111,-0.000151902437210083,0.0,0.000151902437210083,0.0
100,4,5,non_tail,1,0.001811888418160379,0.001763218897394836,4.8669520765542984e-05,4.8669520765542984e-05,0.0,0.0
100,4,9,non_tail,1,0.010900239460170269,0.011043616570532322,-0.00014337711036205292,0.0,0.00014337711036205292,0.0
100,4,11,non_tail,2,0.2211712747812271,0.209849264472723,0.011322010308504105,0.011322010308504105,0.0,0.0
100,4,17,non_tail,1,0.013505754061043262,0.01318227406591177,0.0003234799951314926,0.0003234799951314926,0.0,0.0
100,4,20,non_tail,2,0.0005902660923311487,0.000597056292463094,-6.790200131945312e-06,0.0,6.790200131945312e-06,0.0
100,4,24,non_tail,1,0.11682721227407455,0.11629462242126465,0.000532589852809906,0.000532589852809906,0.0,0.0
100,4,46,non_tail,1,0.559776246547699,0.5518669486045837,0.007909297943115234,0.007909297943115234,0.0,0.0
100,4,65,non_tail,1,5.09293270111084,5.076282024383545,0.016650676727294922,0.016650676727294922,0.0,0.0
100,4,92,tail,1,5.683335304260254,5.675113677978516,0.008221626281738281,0.008221626281738281,0.0,0.0
100,4,97,tail,1,4.670298099517822,4.5564165115356445,0.11388158798217773,0.11388158798217773,0.0,0.0
100,6,1,non_tail,1,0.036899592727422714,0.036220356822013855,0.0006792359054088593,0.0006792359054088593,0.0,0.0
100,6,2,non_tail,2,0.3562789261341095,0.3653450608253479,-0.009066134691238403,0.0,0.009066134691238403,0.0
100,6,7,non_tail,3,0.6158771825333437,0.6128935838739077,0.002983598659435982,0.002983598659435982,0.0,0.0
100,6,12,non_tail,3,0.03855818680798014,0.03809118705491225,0.00046699975306789543,0.00046699975306789543,0.0,0.0
100,6,18,non_tail,1,0.06230492889881134,0.06389396637678146,-0.0015890374779701233,0.0,0.0015890374779701233,0.0
100,6,23,non_tail,2,0.25792405661195517,0.26157495053485036,-0.003650893922895193,0.0,0.003650893922895193,0.0
100,6,32,non_tail,1,1.3562737703323364,1.457919716835022,-0.10164594650268555,0.0,0.10164594650268555,0.0
100,6,38,non_tail,1,1.0617542266845703,1.0461807250976562,0.015573501586914062,0.015573501586914062,0.0,0.0
100,6,54,non_tail,1,0.14273855090141296,0.13955944776535034,0.003179103136062622,0.003179103136062622,0.0,0.0
100,6,70,non_tail,1,0.010287709534168243,0.010402978397905827,-0.00011526886373758316,0.0,0.00011526886373758316,0.0
100,6,84,tail,1,3.3773200511932373,3.370962619781494,0.006357431411743164,0.006357431411743164,0.0,0.0
100,8,4,non_tail,1,0.10008643567562103,0.09884359687566757,0.0012428387999534607,0.0012428387999534607,0.0,0.0
100,8,5,non_tail,1,0.0008836655179038644,0.0008360228384844959,4.7642679419368505e-05,4.7642679419368505e-05,0.0,0.0
100,8,6,non_tail,2,0.01098829647526145,0.010714954463765025,0.0002733420114964247,0.0002733420114964247,0.0,0.0
100,8,7,non_tail,1,0.0030801494140177965,0.0030197754967957735,6.037391722202301e-05,6.037391722202301e-05,0.0,0.0
100,8,15,non_tail,1,0.015076731331646442,0.01331403199583292,0.0017626993358135223,0.0017626993358135223,0.0,0.0
100,8,17,non_tail,1,0.05319477990269661,0.05332125723361969,-0.00012647733092308044,0.0,0.00012647733092308044,0.0
100,8,21,non_tail,1,0.0011326810345053673,0.0011150578502565622,1.7623184248805046e-05,1.7623184248805046e-05,0.0,0.0
100,8,26,non_tail,3,2.630857467651367,2.6583008766174316,-0.027443408966064453,0.0,0.027443408966064453,0.0
100,8,38,non_tail,1,0.00025781645672395825,0.0002540027489885688,3.813707735389471e-06,3.813707735389471e-06,0.0,0.0
100,8,46,non_tail,1,0.23413005471229553,0.22961992025375366,0.00451013445854187,0.00451013445854187,0.0,0.0
100,8,57,non_tail,1,0.1590588241815567,0.16117598116397858,-0.002117156982421875,0.0,0.002117156982421875,0.0
100,8,58,non_tail,1,1.0692505836486816,1.1045424938201904,-0.03529191017150879,0.0,0.03529191017150879,0.0
100,8,62,non_tail,1,3.107757568359375,3.108513832092285,-0.0007562637329101562,0.0,0.0007562637329101562,0.0
100,8,83,tail,1,1.779329538345337,1.8029894828796387,-0.023659944534301758,0.0,0.023659944534301758,0.0
100,9,1,non_tail,1,0.051814932376146317,0.05076431855559349,0.001050613820552826,0.001050613820552826,0.0,0.0
100,9,2,non_tail,1,0.037255000323057175,0.038493119180202484,-0.0012381188571453094,0.0,0.0012381188571453094,0.0
100,9,4,non_tail,2,1.3961478173732758,1.4190171658992767,-0.022869348526000977,0.0,0.022869348526000977,0.0
100,9,6,non_tail,1,0.003379469271749258,0.003248178865760565,0.00013129040598869324,0.00013129040598869324,0.0,0.0
100,9,7,non_tail,1,0.1294284164905548,0.12879854440689087,0.0006298720836639404,0.0006298720836639404,0.0,0.0
100,9,13,non_tail,1,0.004245317075401545,0.0042291730642318726,1.6144011169672012e-05,1.6144011169672012e-05,0.0,0.0
100,9,14,non_tail,4,0.28505943925119936,0.2862931750714779,-0.0012337358202785254,0.0,0.0012337358202785254,0.0
100,9,17,non_tail,1,0.0019359909929335117,0.001929566147737205,6.4248451963067055e-06,6.4248451963067055e-06,0.0,0.0
100,9,35,non_tail,1,0.04911908134818077,0.04804495349526405,0.0010741278529167175,0.0010741278529167175,0.0,0.0
100,9,52,non_tail,1,1.3875213861465454,1.3794889450073242,0.008032441139221191,0.008032441139221191,0.0,0.0
100,9,67,non_tail,1,0.5405634045600891,0.5505843162536621,-0.010020911693572998,0.0,0.010020911693572998,0.0
100,9,79,non_tail,1,3.380903720855713,3.364354372024536,0.016549348831176758,0.016549348831176758,0.0,0.0
100,9,86,tail,1,0.3587588667869568,0.3297843039035797,0.028974562883377075,0.028974562883377075,0.0,0.0
100,9,89,tail,1,5.930908679962158,5.839159965515137,0.09174871444702148,0.09174871444702148,0.0,0.0
100,12,0,non_tail,1,0.00020811776630580425,0.000205018965061754,3.0988012440502644e-06,3.0988012440502644e-06,0.0,0.0
100,12,1,non_tail,2,0.693048320710659,0.683544859290123,0.009503461420536041,0.009503461420536041,0.0,0.0
100,12,3,non_tail,1,0.016165142878890038,0.015684107318520546,0.0004810355603694916,0.0004810355603694916,0.0,0.0
100,12,10,non_tail,1,0.0012510338565334678,0.0012350797187536955,1.595413777977228e-05,1.595413777977228e-05,0.0,0.0
100,12,12,non_tail,1,0.016479333862662315,0.016750873997807503,-0.0002715401351451874,0.0,0.0002715401351451874,0.0
100,12,13,non_tail,2,0.088529447093606,0.08513952326029539,0.003389923833310604,0.003389923833310604,0.0,0.0
100,12,17,non_tail,1,0.00374984135851264,0.0035329563543200493,0.0002168850041925907,0.0002168850041925907,0.0,0.0
100,12,26,non_tail,1,0.046816449612379074,0.047543320804834366,-0.0007268711924552917,0.0,0.0007268711924552917,0.0
100,12,27,non_tail,2,1.2387982904911041,1.2578166723251343,-0.01901838183403015,0.0,0.01901838183403015,0.0
100,12,28,non_tail,1,0.02184099517762661,0.021637331694364548,0.00020366348326206207,0.00020366348326206207,0.0,0.0
100,12,38,non_tail,1,0.18406352400779724,0.17534013092517853,0.008723393082618713,0.008723393082618713,0.0,0.0
100,12,41,non_tail,1,0.025588292628526688,0.02572818472981453,-0.0001398921012878418,0.0,0.0001398921012878418,0.0
100,12,59,non_tail,1,1.2543305158615112,1.2625818252563477,-0.008251309394836426,0.0,0.008251309394836426,0.0
100,12,85,tail,1,0.7841128706932068,0.7271978259086609,0.0569150447845459,0.0569150447845459,0.0,0.0
100,12,90,tail,1,3.2274160385131836,3.2189600467681885,0.008455991744995117,0.008455991744995117,0.0,0.0
100,13,4,non_tail,3,0.24683555463949838,0.24661616484324136,0.00021938979625701904,0.00021938979625701904,0.0,0.0
100,13,6,non_tail,1,0.004208399448543787,0.003962523303925991,0.00024587614461779594,0.00024587614461779594,0.0,0.0
100,13,8,non_tail,2,0.0014977254904806614,0.0014258974697440863,7.182802073657513e-05,7.182802073657513e-05,0.0,0.0
100,13,11,non_tail,1,0.01987938955426216,0.019731080159544945,0.0001483093947172165,0.0001483093947172165,0.0,0.0
100,13,25,non_tail,2,0.023320559412240982,0.023334107361733913,-1.3547949492931366e-05,0.0,1.3547949492931366e-05,0.0
100,13,26,non_tail,3,0.5317412043611208,0.5412623137235641,-0.009521109362443325,0.0,0.009521109362443325,0.0
100,13,28,non_tail,1,1.6664326190948486,1.6644219160079956,0.0020107030868530273,0.0020107030868530273,0.0,0.0
100,13,40,non_tail,1,0.1038917824625969,0.1028185710310936,0.001073211431503296,0.001073211431503296,0.0,0.0
100,13,58,non_tail,1,0.06469614058732986,0.06372061371803284,0.0009755268692970276,0.0009755268692970276,0.0,0.0
100,13,68,non_tail,1,0.10007166117429733,0.09930277615785599,0.0007688850164413452,0.0007688850164413452,0.0,0.0
100,13,87,tail,1,0.04175364226102829,0.04106969013810158,0.000683952122926712,0.000683952122926712,0.0,0.0
100,14,1,non_tail,1,0.010471283458173275,0.009971684776246548,0.0004995986819267273,0.0004995986819267273,0.0,0.0
100,14,4,non_tail,1,0.2912355959415436,0.29018405079841614,0.0010515451431274414,0.0010515451431274414,0.0,0.0
100,14,11,non_tail,1,0.012939183972775936,0.012426452711224556,0.0005127312615513802,0.0005127312615513802,0.0,0.0
100,14,14,non_tail,2,0.2899153158068657,0.28555280389264226,0.0043625119142234325,0.0043625119142234325,0.0,0.0
100,14,17,non_tail,1,1.3142247200012207,1.3152321577072144,-0.0010074377059936523,0.0,0.0010074377059936523,0.0
100,14,21,non_tail,2,0.0038473305758088827,0.003836866468191147,1.0464107617735863e-05,1.0464107617735863e-05,0.0,0.0
100,14,28,non_tail,2,0.38683782517910004,0.389965258538723,-0.0031274333596229553,0.0,0.0031274333596229553,0.0
100,14,32,non_tail,1,0.0020772088319063187,0.002130026463419199,-5.2817631512880325e-05,0.0,5.2817631512880325e-05,0.0
100,14,43,non_tail,1,0.17654724419116974,0.17527490854263306,0.0012723356485366821,0.0012723356485366821,0.0,0.0
100,14,46,non_tail,1,0.3809684216976166,0.381772518157959,-0.0008040964603424072,0.0,0.0008040964603424072,0.0
100,14,55,non_tail,1,2.322103261947632,2.32558536529541,-0.0034821033477783203,0.0,0.0034821033477783203,0.0
100,14,56,non_tail,1,0.3650432527065277,0.3613249659538269,0.0037182867527008057,0.0037182867527008057,0.0,0.0
100,14,75,non_tail,1,3.210623025894165,3.191530227661133,0.019092798233032227,0.019092798233032227,0.0,100.0
100,14,85,tail,1,4.153439998626709,4.1676716804504395,-0.014231681823730469,0.0,0.014231681823730469,0.0
100,14,96,tail,1,1.794184923171997,1.754446029663086,0.03973889350891113,0.03973889350891113,0.0,0.0
100,15,0,non_tail,5,0.10657040774822235,0.10107125043869018,0.005499157309532168,0.005499157309532168,0.0,0.0
100,15,2,non_tail,1,0.026087934151291847,0.0274761151522398,-0.0013881810009479523,0.0,0.0013881810009479523,0.0
100,15,3,non_tail,3,0.02660662184158961,0.025627773255109787,0.000978848586479824,0.000978848586479824,0.0,0.0
100,15,9,non_tail,1,0.09649162739515305,0.0960228219628334,0.0004688054323196411,0.0004688054323196411,0.0,0.0
100,15,13,non_tail,1,0.5684577226638794,0.5503475666046143,0.018110156059265137,0.018110156059265137,0.0,0.0
100,15,16,non_tail,1,4.112303733825684,4.100930690765381,0.011373043060302734,0.011373043060302734,0.0,0.0
100,15,19,non_tail,1,0.002484808210283518,0.0024588846135884523,2.59235966950655e-05,2.59235966950655e-05,0.0,0.0
100,15,53,non_tail,1,0.02372635342180729,0.023987669497728348,-0.00026131607592105865,0.0,0.00026131607592105865,0.0
100,15,57,non_tail,1,0.5105421543121338,0.5121275186538696,-0.0015853643417358398,0.0,0.0015853643417358398,0.0
100,15,66,non_tail,1,2.9018473625183105,2.8858699798583984,0.01597738265991211,0.01597738265991211,0.0,0.0
100,15,84,tail,1,4.751524448394775,4.716853141784668,0.03467130661010742,0.03467130661010742,0.0,0.0
100,15,88,tail,1,0.1484920084476471,0.14721781015396118,0.001274198293685913,0.001274198293685913,0.0,0.0
100,16,0,non_tail,1,0.015750527381896973,0.014907389879226685,0.0008431375026702881,0.0008431375026702881,0.0,0.0
100,16,1,non_tail,1,0.0060850828886032104,0.005805416963994503,0.00027966592460870743,0.00027966592460870743,0.0,0.0
100,16,2,non_tail,1,0.055782500654459,0.05828111246228218,-0.002498611807823181,0.0,0.002498611807823181,0.0
100,16,4,non_tail,2,0.610761471092701,0.6163708008825779,-0.005609329789876938,0.0,0.005609329789876938,0.0
100,16,10,non_tail,3,0.7828556696573893,0.7516992886861166,0.031156380971272712,0.031156380971272712,0.0,0.0
100,16,11,non_tail,2,0.284496508538723,0.2761049475520849,0.00839156098663807,0.00839156098663807,0.0,0.0
100,16,29,non_tail,1,0.0008204193436540663,0.0008102948195300996,1.0124524123966694e-05,1.0124524123966694e-05,0.0,0.0
100,16,30,non_tail,1,5.08182430267334,5.031150817871094,0.050673484802246094,0.050673484802246094,0.0,0.0
100,16,36,non_tail,1,0.17742902040481567,0.17128412425518036,0.006144896149635315,0.006144896149635315,0.0,0.0
100,16,41,non_tail,1,0.09434901922941208,0.09482500702142715,-0.0004759877920150757,0.0,0.0004759877920150757,0.0
100,16,59,non_tail,1,5.674567222595215,5.65788459777832,0.01668262481689453,0.01668262481689453,0.0,0.0
100,16,74,non_tail,1,0.9364801645278931,0.9583624601364136,-0.021882295608520508,0.0,0.021882295608520508,0.0
100,16,93,tail,1,2.2470500469207764,2.153182029724121,0.09386801719665527,0.09386801719665527,0.0,0.0
100,17,1,non_tail,1,0.0028600285295397043,0.002796194050461054,6.383447907865047e-05,6.383447907865047e-05,0.0,0.0
100,17,3,non_tail,1,3.2155916690826416,3.1715142726898193,0.044077396392822266,0.044077396392822266,0.0,0.0
100,17,4,non_tail,2,1.4527243077754974,1.5171708166599274,-0.06444650888442993,0.0,0.06444650888442993,0.0
100,17,5,non_tail,1,0.96990567445755,0.9325524568557739,0.03735321760177612,0.03735321760177612,0.0,0.0
100,17,6,non_tail,1,0.0010257464600726962,0.001013480476103723,1.226598396897316e-05,1.226598396897316e-05,0.0,0.0
100,17,13,non_tail,2,0.3301452398300171,0.3217170238494873,0.008428215980529785,0.008428215980529785,0.0,0.0
100,17,18,non_tail,2,0.6779853105545044,0.6932861804962158,-0.015300869941711426,0.0,0.015300869941711426,0.0
100,17,23,non_tail,1,0.016119278967380524,0.015750879421830177,0.0003683995455503464,0.0003683995455503464,0.0,0.0
100,17,26,non_tail,1,1.3388543128967285,1.3687742948532104,-0.029919981956481934,0.0,0.029919981956481934,0.0
100,17,30,non_tail,1,0.0655885562300682,0.06522632390260696,0.0003622323274612427,0.0003622323274612427,0.0,0.0
100,17,31,non_tail,1,1.8296923637390137,1.8551318645477295,-0.02543950080871582,0.0,0.02543950080871582,0.0
100,17,33,non_tail,1,4.7424516677856445,4.679812431335449,0.06263923645019531,0.06263923645019531,0.0,0.0
100,17,40,non_tail,1,0.013055088929831982,0.013381785713136196,-0.0003266967833042145,0.0,0.0003266967833042145,0.0
100,17,80,tail,1,5.335240364074707,5.303122520446777,0.03211784362792969,0.03211784362792969,0.0,0.0
100,20,0,non_tail,1,0.010995747521519661,0.010753894224762917,0.00024185329675674438,0.00024185329675674438,0.0,0.0
100,20,1,non_tail,1,0.014286850579082966,0.012793724425137043,0.0014931261539459229,0.0014931261539459229,0.0,0.0
100,20,3,non_tail,3,0.19495879610379538,0.18942934274673462,0.00552945335706076,0.00552945335706076,0.0,0.0
100,20,5,non_tail,1,0.006506804842501879,0.006112808361649513,0.0003939964808523655,0.0003939964808523655,0.0,0.0
100,20,9,non_tail,1,4.360168933868408,4.308317184448242,0.051851749420166016,0.051851749420166016,0.0,0.0
100,20,11,non_tail,2,0.5156562328338623,0.4962232708930969,0.01943296194076538,0.01943296194076538,0.0,0.0
100,20,15,non_tail,1,0.08624465763568878,0.08290593326091766,0.003338724374771118,0.003338724374771118,0.0,0.0
100,20,16,non_tail,2,1.47482577431947,1.473857413046062,0.0009683612734079361,0.0009683612734079361,0.0,0.0
100,20,21,non_tail,1,0.19207221269607544,0.1953207552433014,-0.003248542547225952,0.0,0.003248542547225952,0.0
100,20,32,non_tail,1,0.5803936123847961,0.6244513988494873,-0.04405778646469116,0.0,0.04405778646469116,0.0
100,20,33,non_tail,1,0.02393762208521366,0.023693174123764038,0.0002444479614496231,0.0002444479614496231,0.0,0.0
100,20,34,non_tail,1,0.35531988739967346,0.3348398506641388,0.020480036735534668,0.020480036735534668,0.0,0.0
100,20,81,tail,1,0.5052995085716248,0.5104635953903198,-0.005164086818695068,0.0,0.005164086818695068,0.0
100,20,82,tail,1,2.2554337978363037,2.3053364753723145,-0.04990267753601074,0.0,0.04990267753601074,0.0
100,20,87,tail,1,0.029225626960396767,0.02835681661963463,0.0008688103407621384,0.0008688103407621384,0.0,0.0
100,21,0,non_tail,1,0.029672306030988693,0.02909247577190399,0.0005798302590847015,0.0005798302590847015,0.0,0.0
100,21,7,non_tail,1,0.20191192626953125,0.19956481456756592,0.002347111701965332,0.002347111701965332,0.0,0.0
100,21,10,non_tail,1,0.2356221079826355,0.2382868081331253,-0.002664700150489807,0.0,0.002664700150489807,0.0
100,21,14,non_tail,4,0.6178306140936911,0.6133822966367006,0.00444831745699048,0.00444831745699048,0.0,0.0
100,21,17,non_tail,3,0.017658593753973644,0.016992975026369095,0.0006656187276045493,0.0006656187276045493,0.0,0.0
100,21,19,non_tail,1,2.051860809326172,2.0475711822509766,0.0042896270751953125,0.0042896270751953125,0.0,0.0
100,21,23,non_tail,2,0.08681377023458481,0.08932259678840637,-0.0025088265538215637,0.0,0.0025088265538215637,0.0
100,21,26,non_tail,1,0.09508660435676575,0.09858309477567673,-0.0034964904189109802,0.0,0.0034964904189109802,0.0
100,21,29,non_tail,1,0.4871120750904083,0.5020623207092285,-0.01495024561882019,0.0,0.01495024561882019,0.0
100,21,33,non_tail,1,5.6472625732421875,5.640429496765137,0.006833076477050781,0.006833076477050781,0.0,0.0
100,21,82,tail,1,3.0983402729034424,3.104938268661499,-0.006597995758056641,0.0,0.006597995758056641,0.0
100,24,2,non_tail,1,0.32999688386917114,0.3431139290332794,-0.013117045164108276,0.0,0.013117045164108276,0.0
100,24,6,non_tail,3,0.24573725213607153,0.23147142430146536,0.01426582783460617,0.01426582783460617,0.0,0.0
100,24,7,non_tail,2,0.19983933120965958,0.1906573548913002,0.009181976318359375,0.009181976318359375,0.0,0.0
100,24,14,non_tail,2,0.9877657983452082,0.9812747351825237,0.006491063162684441,0.006491063162684441,0.0,0.0
100,24,15,non_tail,1,0.009587552398443222,0.00941786915063858,0.00016968324780464172,0.00016968324780464172,0.0,0.0
100,24,17,non_tail,1,0.0019691854249686003,0.0018670998979359865,0.00010208552703261375,0.00010208552703261375,0.0,0.0
100,24,18,non_tail,1,0.08873450011014938,0.08555928617715836,0.003175213932991028,0.003175213932991028,0.0,0.0
100,24,23,non_tail,1,0.0707109197974205,0.07330571860074997,-0.0025947988033294678,0.0,0.0025947988033294678,0.0
100,24,25,non_tail,1,0.5682907104492188,0.5626123547554016,0.005678355693817139,0.005678355693817139,0.0,0.0
100,24,30,non_tail,1,1.1838130950927734,1.183398962020874,0.00041413307189941406,0.00041413307189941406,0.0,0.0
100,24,42,non_tail,1,0.0012654400197789073,0.0012535341084003448,1.190591137856245e-05,1.190591137856245e-05,0.0,0.0
100,24,43,non_tail,1,1.7917556762695312,1.7479634284973145,0.0437922477722168,0.0437922477722168,0.0,0.0
100,24,98,tail,1,1.0764384269714355,1.0701855421066284,0.006252884864807129,0.006252884864807129,0.0,0.0
100,25,3,non_tail,1,0.009234455414116383,0.008948107250034809,0.0002863481640815735,0.0002863481640815735,0.0,0.0
100,25,5,non_tail,2,0.023597676306962967,0.021745234727859497,0.0018524415791034698,0.0018524415791034698,0.0,0.0
100,25,6,non_tail,1,0.0018356868531554937,0.00180272595025599,3.296090289950371e-05,3.296090289950371e-05,0.0,0.0
100,25,14,non_tail,1,0.009538315236568451,0.00920114666223526,0.0003371685743331909,0.0003371685743331909,0.0,0.0
100,25,15,non_tail,5,0.20060052573680878,0.19520487859845162,0.0053956471383571625,0.0053956471383571625,0.0,0.0
100,25,16,non_tail,1,0.002073521027341485,0.002094101160764694,-2.058013342320919e-05,0.0,2.058013342320919e-05,0.0
100,25,21,non_tail,3,0.09051304093251626,0.08220788308729728,0.008305157845218986,0.008305157845218986,0.0,0.0
100,25,41,non_tail,1,2.3099913597106934,2.245615243911743,0.0643761157989502,0.0643761157989502,0.0,0.0
100,25,45,non_tail,1,5.059145927429199,5.091485023498535,-0.03233909606933594,0.0,0.03233909606933594,0.0
100,25,80,tail,1,1.0795575380325317,1.0693342685699463,0.01022326946258545,0.01022326946258545,0.0,0.0
100,25,89,tail,1,1.953242540359497,1.9537615776062012,-0.0005190372467041016,0.0,0.0005190372467041016,0.0
100,25,99,tail,1,0.5593912601470947,0.5649963617324829,-0.005605101585388184,0.0,0.005605101585388184,0.0
100,26,0,non_tail,6,0.04776959423907101,0.04726512318787476,0.000504471051196255,0.000504471051196255,0.0,0.0
100,26,1,non_tail,1,0.031882159411907196,0.02998124249279499,0.0019009169191122055,0.0019009169191122055,0.0,0.0
100,26,8,non_tail,1,0.0027127391658723354,0.002747215796262026,-3.44766303896904e-05,0.0,3.44766303896904e-05,0.0
100,26,13,non_tail,2,0.0028639724478125572,0.0027953197713941336,6.865267641842365e-05,6.865267641842365e-05,0.0,0.0
100,26,15,non_tail,1,1.1267579793930054,1.1114903688430786,0.015267610549926758,0.015267610549926758,0.0,0.0
100,26,16,non_tail,1,0.0019791792146861553,0.001986555755138397,-7.376540452241898e-06,0.0,7.376540452241898e-06,0.0
100,26,20,non_tail,1,0.0007864719373174012,0.0008039817912504077,-1.7509853933006525e-05,0.0,1.7509853933006525e-05,0.0
100,26,29,non_tail,1,1.3273142576217651,1.342373013496399,-0.015058755874633789,0.0,0.015058755874633789,0.0
100,26,37,non_tail,1,1.3470385074615479,1.3623372316360474,-0.015298724174499512,0.0,0.015298724174499512,0.0
100,26,58,non_tail,1,0.002852421021088958,0.0028693003114312887,-1.6879290342330933e-05,0.0,1.6879290342330933e-05,0.0
100,26,80,tail,1,0.11628846824169159,0.11685330420732498,-0.0005648359656333923,0.0,0.0005648359656333923,0.0
100,26,88,tail,1,5.607308387756348,5.550098419189453,0.05720996856689453,0.05720996856689453,0.0,0.0
100,26,91,tail,1,1.3702682256698608,1.3648755550384521,0.005392670631408691,0.005392670631408691,0.0,0.0
100,27,0,non_tail,1,0.0013305629836395383,0.0013005617074668407,3.0001276172697544e-05,3.0001276172697544e-05,0.0,0.0
100,27,2,non_tail,1,0.9350558519363403,0.9612840414047241,-0.02622818946838379,0.0,0.02622818946838379,0.0
100,27,6,non_tail,1,0.07700522989034653,0.0786086767911911,-0.001603446900844574,0.0,0.001603446900844574,0.0
100,27,7,non_tail,1,4.42892599105835,4.438825607299805,-0.009899616241455078,0.0,0.009899616241455078,0.0
100,27,81,tail,5,2.8604251861572267,2.876137924194336,-0.015712738037109375,0.0,0.015712738037109375,0.0
100,27,82,tail,4,0.4992485921829939,0.4937554616481066,0.005493130534887314,0.005493130534887314,0.0,0.0
100,27,83,tail,6,1.7965517044067383,1.7990328470865886,-0.0024811426798503344,0.0,0.0024811426798503344,0.0
100,27,84,tail,1,0.73052978515625,0.7080482244491577,0.022481560707092285,0.022481560707092285,0.0,0.0
100,27,86,tail,6,1.992630958557129,1.9702987670898438,0.022332191467285156,0.022332191467285156,0.0,0.0
100,27,87,tail,2,0.02101588062942028,0.020572055131196976,0.00044382549822330475,0.00044382549822330475,0.0,0.0
100,27,88,tail,5,0.8950920104980469,0.8590260505676269,0.036065959930419944,0.036065959930419944,0.0,0.0
100,27,93,tail,4,5.835030913352966,5.847108364105225,-0.0120774507522583,0.0,0.0120774507522583,0.0
100,27,94,tail,5,2.09200382232666,2.0634918212890625,0.028512001037597656,0.028512001037597656,0.0,0.0
100,27,95,tail,1,4.949620246887207,4.967118740081787,-0.017498493194580078,0.0,0.017498493194580078,0.0
100,27,98,tail,3,3.4601109822591147,3.4542388916015625,0.005872090657552231,0.005872090657552231,0.0,0.0
100,28,3,non_tail,1,0.035244718194007874,0.03435808792710304,0.0008866302669048309,0.0008866302669048309,0.0,0.0
100,28,5,non_tail,1,0.004694274626672268,0.00427617970854044,0.0004180949181318283,0.0004180949181318283,0.0,0.0
100,28,82,tail,4,0.6229493618011475,0.6116216778755188,0.011327683925628662,0.011327683925628662,0.0,0.0
100,28,83,tail,2,3.5774102210998535,3.602916717529297,-0.02550649642944336,0.0,0.02550649642944336,0.0
100,28,84,tail,6,4.484848658243815,4.48549747467041,-0.000648816426594756,0.0,0.000648816426594756,0.0
100,28,85,tail,2,4.232310771942139,4.205562591552734,0.026748180389404297,0.026748180389404297,0.0,0.0
100,28,86,tail,1,0.005951658822596073,0.005672784987837076,0.00027887383475899696,0.00027887383475899696,0.0,0.0
100,28,87,tail,1,4.477603912353516,4.443760871887207,0.033843040466308594,0.033843040466308594,0.0,0.0
100,28,89,tail,4,3.76670503616333,3.7251758575439453,0.041529178619384766,0.041529178619384766,0.0,0.0
100,28,90,tail,1,0.03800239413976669,0.037291981279850006,0.000710412859916687,0.000710412859916687,0.0,0.0
100,28,91,tail,3,3.1479721069335938,3.1067654291788735,0.0412066777547202,0.0412066777547202,0.0,0.0
100,28,92,tail,3,2.536815961201986,2.5345972379048667,0.0022187232971191406,0.0022187232971191406,0.0,0.0
100,28,93,tail,1,6.962685585021973,6.944370269775391,0.01831531524658203,0.01831531524658203,0.0,0.0
100,28,96,tail,3,2.468111515045166,2.4634424845377603,0.004669030507405747,0.004669030507405747,0.0,0.0
100,28,97,tail,1,4.6169586181640625,4.5226240158081055,0.09433460235595703,0.09433460235595703,0.0,0.0
100,28,98,tail,1,3.0454561710357666,3.0355358123779297,0.009920358657836914,0.009920358657836914,0.0,0.0
100,28,99,tail,4,3.4103498458862305,3.450979232788086,-0.04062938690185547,0.0,0.04062938690185547,0.0
100,29,1,non_tail,1,0.06991744041442871,0.06806949526071548,0.0018479451537132263,0.0018479451537132263,0.0,0.0
100,29,4,non_tail,1,1.2494789361953735,1.249901533126831,-0.00042259693145751953,0.0,0.00042259693145751953,0.0
100,29,8,non_tail,1,2.0248067378997803,1.948493480682373,0.07631325721740723,0.07631325721740723,0.0,0.0
100,29,9,non_tail,1,0.015591509640216827,0.01534806564450264,0.00024344399571418762,0.00024344399571418762,0.0,0.0
100,29,10,non_tail,1,0.2814064621925354,0.27664220333099365,0.004764258861541748,0.004764258861541748,0.0,0.0
100,29,80,tail,8,3.5585198402404785,3.5339841842651367,0.024535655975341797,0.024535655975341797,0.0,0.0
100,29,81,tail,4,2.6856045722961426,2.6930012702941895,-0.007396697998046875,0.0,0.007396697998046875,0.0
100,29,84,tail,1,9.211763381958008,9.149677276611328,0.06208610534667969,0.06208610534667969,0.0,0.0
100,29,85,tail,5,0.0614479809999466,0.06105194091796875,0.0003960400819778484,0.0003960400819778484,0.0,0.0
100,29,87,tail,3,4.2676340738932295,4.2484385172526045,0.019195556640625,0.019195556640625,0.0,0.0
100,29,88,tail,1,1.448041319847107,1.4067236185073853,0.04131770133972168,0.04131770133972168,0.0,0.0
100,29,89,tail,1,1.9668645858764648,1.9320875406265259,0.034777045249938965,0.034777045249938965,0.0,0.0
100,29,90,tail,4,0.2716428581625223,0.2620596680790186,0.009583190083503723,0.009583190083503723,0.0,0.0
100,29,91,tail,2,1.71409010887146,1.7119476795196533,0.0021424293518066406,0.0021424293518066406,0.0,0.0
100,29,92,tail,2,2.6272127628326416,2.601513385772705,0.025699377059936523,0.025699377059936523,0.0,0.0
100,29,95,tail,4,1.5070047974586487,1.5181866884231567,-0.011181890964508057,0.0,0.011181890964508057,0.0
100,29,96,tail,1,0.06551431119441986,0.0661267414689064,-0.0006124302744865417,0.0,0.0006124302744865417,0.0
100,29,97,tail,3,4.254117329915364,4.227406819661458,0.02671051025390625,0.02671051025390625,0.0,0.0
